{"type":"FeatureCollection","features":[{"type":"Feature","geometry":{"type":"Polygon","coordinates":[[[138.75283404775314,-34.86901198141777],[138.75261743974306,-34.86951253507539],[138.75232700818492,-34.87018499234347],[138.75227801581786,-34.8707389927103],[138.7525359998366,-34.8711409977588],[138.7531399998112,-34.871493996051015],[138.75357535981504,-34.87153465979668],[138.75457600038214,-34.87131500938011],[138.75478099184932,-34.87156899591241],[138.7548007679411,-34.872118241563555],[138.75481084844193,-34.8726294153152],[138.75442099233499,-34.87351199468276],[138.75457100824553,-34.87396100819393],[138.75559401585122,-34.874188003373604],[138.7557119997091,-34.87448799922174],[138.75570396786384,-34.87479049338651],[138.75586099219106,-34.875651001592416],[138.75541900778103,-34.87662500873711],[138.75587001598853,-34.876633000112804],[138.7561140164488,-34.87696500193323],[138.75614300789357,-34.877219006451924],[138.7559030076178,-34.87742300596693],[138.75567199966315,-34.87860900400227],[138.7559580164493,-34.879372998764836],[138.75544201603623,-34.87974999186861],[138.75309200029562,-34.88323300499911],[138.75174099195328,-34.8837880054121],[138.7485990080379,-34.88383399584217],[138.74814300769367,-34.884003992889916],[138.74732399960294,-34.88491099244828],[138.74709100774385,-34.88483299604587],[138.74722899162475,-34.8844039996448],[138.74701500783635,-34.88429599646304],[138.74646499236553,-34.88464300077385],[138.7464700159785,-34.88444899182747],[138.74672486406132,-34.883803212048576],[138.74597200020776,-34.884175006171574],[138.74549401593617,-34.884299992150886],[138.7450329919791,-34.88478500732219],[138.7454230081654,-34.88516000213235],[138.74545199961017,-34.885339007689026],[138.7453620161442,-34.88560999590453],[138.74565468791354,-34.88572071863621],[138.74605200029964,-34.88570599223772],[138.74656799981335,-34.8859069952116],[138.7469399998812,-34.886240994426316],[138.74719401609104,-34.886303006278695],[138.74753500843394,-34.88606000856248],[138.74784342373505,-34.88607950766311],[138.74788300829425,-34.88673799666117],[138.7483199996683,-34.88692199705247],[138.74863900808384,-34.88697300210231],[138.74907801573795,-34.88734799691247],[138.74902201585337,-34.88774099255272],[138.74916027942345,-34.888082130585815],[138.74811109794882,-34.887464965435754],[138.7463954891606,-34.88698011933701],[138.7443815140956,-34.88630879431537],[138.7433745261136,-34.885301806333246],[138.7421064667401,-34.88470507198144],[138.74136055104861,-34.88470507198144],[138.73986871696775,-34.885227213864766],[138.73792933257266,-34.88485425601908],[138.73576617436947,-34.88410833942828],[138.73475918638735,-34.88235543395609],[138.73270791463858,-34.88105007969739],[138.72972424737623,-34.88037875377643],[138.7039528188676,-34.884966143372765],[138.70111833474346,-34.88604772292405],[138.7009859806186,-34.886055286222415],[138.69198085313394,-34.88656986390805],[138.6919694272474,-34.88657116972365],[138.69067549797592,-34.88671904794569],[138.6884750439882,-34.887875219066075],[138.6744891022903,-34.88865843234072],[138.65666921761033,-34.88943643044689],[138.65654980113243,-34.88944164381678],[138.65647311054568,-34.8894719096009],[138.64539834355878,-34.89384255359096],[138.64493208195006,-34.89405627297856],[138.6426760174843,-34.895090380916315],[138.639243069612,-34.8966639354922],[138.63924180516528,-34.89664788169432],[138.63910498860446,-34.89653799803017],[138.6341045161106,-34.89252187038795],[138.6340422110792,-34.89247183031068],[138.63397003868636,-34.89242578951854],[138.63384466959587,-34.89234581280897],[138.63174680666987,-34.89100751998103],[138.63166759258536,-34.89095698707524],[138.63164783537934,-34.890963788647866],[138.63155124999025,-34.89092111132021],[138.63042260531904,-34.890422409366636],[138.62983607827243,-34.889792663600474],[138.62730854805113,-34.88707889367595],[138.62367001785708,-34.88406317637447],[138.62259650342594,-34.88340255148654],[138.6222741486331,-34.883204179029576],[138.62179156073205,-34.88290720220556],[138.62280336008712,-34.88213471514496],[138.62363932759297,-34.881498703802094],[138.62404793366522,-34.88118076827777],[138.6244413124167,-34.880874680422096],[138.62500428801752,-34.88044666428209],[138.62607614230024,-34.87963478062056],[138.62614627233268,-34.87958166036532],[138.62644425639735,-34.87935464629982],[138.62648086689853,-34.879326281682495],[138.62699024020753,-34.87893164388021],[138.62785119987302,-34.878274635166235],[138.62893417607143,-34.877443614830895],[138.6289761600218,-34.87741762262516],[138.63004214442947,-34.87659259627128],[138.63011913628918,-34.87653959382715],[138.63119312016647,-34.875721579487276],[138.63285206357193,-34.87445055594833],[138.63285903511644,-34.874464569184454],[138.63324108780603,-34.8752325317559],[138.6337300797794,-34.876218544849905],[138.63410108789492,-34.876953531080574],[138.63426611169177,-34.87728653114846],[138.63477910387257,-34.87831354073728],[138.63484211217383,-34.87845253095952],[138.63519711955144,-34.879153532709324],[138.63542512017318,-34.87963253501346],[138.63662412780127,-34.8820195344739],[138.636671136264,-34.882123541068495],[138.63705718374206,-34.88288751784461],[138.6377281598268,-34.884233522359125],[138.63778316775904,-34.8843515152102],[138.63829619231547,-34.88537151278507],[138.63847721595084,-34.88573252133875],[138.63896620792423,-34.88670453018989],[138.6393742078535,-34.88761952112395],[138.63948604844245,-34.88803170110208],[138.63951677288082,-34.88801223797435],[138.63954682012968,-34.88799320292395],[138.63956524813773,-34.88798152972379],[138.63978521601496,-34.88779051731848],[138.63985520035726,-34.88763051083936],[138.63987919966542,-34.88757650924845],[138.63994720010328,-34.88749649656603],[138.64002819214738,-34.8873355098259],[138.6401111995723,-34.887102501779],[138.64032617621217,-34.88684549981991],[138.64050518356748,-34.886714501872746],[138.6406981762799,-34.8864745006976],[138.64108918441843,-34.88617548511053],[138.64119718400286,-34.88607247766265],[138.64124716832225,-34.88602548718643],[138.64154812824358,-34.885832477386884],[138.64174713562193,-34.88574648870946],[138.64186812771197,-34.88572147676467],[138.64218515222308,-34.88572846989291],[138.64267513614868,-34.88583647307473],[138.64280614398842,-34.8858484610376],[138.64332211202588,-34.88578646717167],[138.64342112018858,-34.88575146555763],[138.64362310432284,-34.88556644713378],[138.64377209590555,-34.88533443823371],[138.6440880960888,-34.88499844162476],[138.64416607990074,-34.88493644775883],[138.6443210879479,-34.88487645218646],[138.64504908824495,-34.88469243290939],[138.6452570879443,-34.88466042783642],[138.6456520638917,-34.884632437337075],[138.64604505593468,-34.88466640383143],[138.64663705625526,-34.88460640825912],[138.64704604813664,-34.88446941543111],[138.64739004781256,-34.88430539437843],[138.64749100840334,-34.884208398898465],[138.64758201619713,-34.884092385455176],[138.64768902382946,-34.883779383611625],[138.64770902385249,-34.88348238520388],[138.64779599998542,-34.8831233929302],[138.6477940160811,-34.88301938543623],[138.64779299175325,-34.88283438589815],[138.64785097644142,-34.882349389612614],[138.64787699202964,-34.88226539922874],[138.64792297616452,-34.88211640045148],[138.64806297632538,-34.88179437121323],[138.6481359680006,-34.8815613820521],[138.6481299524354,-34.88138037820187],[138.64807894378828,-34.88123537511245],[138.6480879361094,-34.880911365567044],[138.64809993576353,-34.880856365728675],[138.64815193636286,-34.880614367159296],[138.64835296002116,-34.880077367576405],[138.64836592015115,-34.880056370205295],[138.64858291217172,-34.879685371082985],[138.64870192035744,-34.87933634959279],[138.6488149120786,-34.87922135418211],[138.64894790382277,-34.8791433577797],[138.64899392033317,-34.87908034678054],[138.64900790389174,-34.87897236248449],[138.64891689609794,-34.87870934765823],[138.64891289591344,-34.87847536024964],[138.6488618881657,-34.87833834943524],[138.64853689566132,-34.87785435229648],[138.648387871703,-34.877680359560884],[138.64824889586987,-34.8775603504298],[138.6479908803749,-34.877411350753164],[138.64787488042145,-34.877274358824536],[138.6478368957562,-34.87708436355251],[138.64777388835432,-34.87698335349893],[138.6476778884239,-34.87690038114761],[138.64747289605737,-34.87679737280047],[138.64718688017047,-34.876467370172975],[138.64711388759588,-34.87634837817507],[138.64708387182327,-34.876231365585],[138.64711088026297,-34.87606037028979],[138.64732886423576,-34.875685374580314],[138.6475718403682,-34.87523034910129],[138.64777484793092,-34.87501835731132],[138.64791286418745,-34.87478634931051],[138.64805980801384,-34.87460935913458],[138.6482958081051,-34.87440635876641],[138.64835683160254,-34.874382327082685],[138.64845081615226,-34.87434634520764],[138.6489938241058,-34.874086327821715],[138.6494457918899,-34.87395133328738],[138.64976579225754,-34.873884325701],[138.6501307839086,-34.873738324364126],[138.6504717762515,-34.87365531424132],[138.6511337600151,-34.873442305318065],[138.65183574382456,-34.87338430803936],[138.65209475217114,-34.873373282351054],[138.65258073591235,-34.8733532832274],[138.65300972781677,-34.8732622817289],[138.65342873634722,-34.87314427089137],[138.65352873556276,-34.8730922666947],[138.6541756799637,-34.87266325230718],[138.65465769589605,-34.872230241332545],[138.65474870368973,-34.87210623561424],[138.65506467239675,-34.87179623121108],[138.65524166437137,-34.87172822537724],[138.65542764776774,-34.871702232272185],[138.65587865597524,-34.871641219566584],[138.65608867195476,-34.87155523178848],[138.65625862403635,-34.87134220397951],[138.65623961596555,-34.87123320165091],[138.65605961575875,-34.87103120042951],[138.65574864008772,-34.87079121814014],[138.65545161559965,-34.87047923432914],[138.65522064002062,-34.8701592213709],[138.6551396156009,-34.869914226260505],[138.65521363160383,-34.869618226100215],[138.65531862385546,-34.869403218883406],[138.65540761626858,-34.86932422423354],[138.6556526077817,-34.86918421597875],[138.6558075843526,-34.86913321182823],[138.65621260842522,-34.86909621192058],[138.65663859209747,-34.8691221852406],[138.65701260844514,-34.8690751956637],[138.6572555836783,-34.8689901881466],[138.657367551971,-34.86888418325839],[138.6574015679281,-34.86883018166753],[138.6574615041452,-34.86870513993023],[138.65752956843494,-34.86856318913982],[138.65758956760453,-34.86839217585816],[138.65757855990273,-34.86799616479112],[138.65743356760515,-34.86771316972698],[138.65724255969644,-34.86751118739136],[138.65690857577022,-34.8673151792521],[138.65684355208828,-34.8672871887527],[138.65657257556393,-34.867219182918916],[138.65641055999936,-34.867144183956896],[138.6562205764185,-34.86691419223615],[138.6561065603695,-34.866678187648176],[138.65612057630358,-34.86657018446641],[138.6562255361796,-34.86635619528215],[138.6566465277151,-34.865769189796254],[138.65674751978224,-34.86567219431629],[138.65686953620025,-34.865602190188895],[138.65696854436294,-34.86557717824411],[138.65740348798067,-34.86530617204215],[138.65770051156937,-34.865230173933355],[138.65787651159178,-34.86520717826863],[138.65843849613975,-34.865046154656284],[138.65935247983316,-34.86484713109019],[138.6594734719232,-34.86483212770048],[138.65965846426673,-34.86483512514087],[138.66015145642461,-34.86480911404931],[138.66045942386336,-34.864751116770606],[138.6605564481216,-34.86479810634751],[138.66101344041806,-34.86490610952927],[138.6612834240908,-34.86500208787601],[138.66162944004668,-34.86516209435513],[138.66169644763306,-34.865241089004996],[138.66184143993053,-34.86540908775913],[138.6622154239028,-34.8657230878502],[138.66245843241074,-34.86598909921753],[138.66306044758164,-34.866388070852736],[138.66389043189793,-34.86681908353381],[138.66409142407997,-34.86687906022041],[138.66447644812968,-34.86699205823686],[138.66453744015075,-34.867004065085496],[138.6645844477141,-34.86701205736051],[138.6648144322403,-34.867008060773344],[138.66502342389197,-34.8669580557696],[138.66541740788716,-34.866956038590274],[138.66548339204496,-34.86696704629213],[138.66592639988346,-34.86713804158728],[138.66605641577098,-34.8672030328936],[138.6661193916966,-34.867276033562064],[138.66652841595374,-34.867528021800695],[138.66665539213272,-34.867674024036944],[138.6668644161599,-34.868021028347755],[138.6670124157904,-34.8681860296615],[138.66715340790347,-34.8682430286928],[138.66740441588115,-34.86825701494922],[138.66745939233715,-34.868249022674206],[138.6677353915751,-34.86814601432707],[138.6681793922652,-34.867929009715965],[138.66837843201904,-34.867881297983445],[138.66842140792176,-34.867871012437206],[138.66871836765858,-34.86783099620345],[138.66889337572877,-34.86783399364384],[138.66920636767975,-34.86796698988462],[138.66938038379772,-34.86801497860836],[138.67016438397923,-34.86812895778513],[138.67061238395445,-34.86813796719338],[138.67086636778868,-34.86806196908458],[138.67127932837832,-34.86776295349745],[138.67165635205902,-34.86759895133048],[138.67191334412564,-34.86738694065474],[138.67264931241596,-34.866896931548126],[138.67274032020964,-34.86678093609129],[138.67269529565147,-34.866419927537606],[138.6726432959514,-34.86633793544735],[138.67243030411532,-34.86611693424908],[138.67231728001855,-34.86587192025286],[138.672331263577,-34.86576393595686],[138.67247926410687,-34.86555893729508],[138.67291327962425,-34.86528791220735],[138.67324227231313,-34.86525790542794],[138.67387625568472,-34.86527988306011],[138.6742552317936,-34.86540388877842],[138.67470924823328,-34.86561088573376],[138.67491225579602,-34.86577688619428],[138.67517023981475,-34.865935874640854],[138.6752872317204,-34.86604587611623],[138.6753182403446,-34.86612686905971],[138.67532524786202,-34.866262880727334],[138.6752632638886,-34.866892898088736],[138.6753042882624,-34.86701089183913],[138.67530528021462,-34.86734389190707],[138.6754002881928,-34.86748989324394],[138.6755272643718,-34.86760988438863],[138.67588326370173,-34.86781488305036],[138.6760882884438,-34.86789088115921],[138.6764212804178,-34.86810487034347],[138.67659027202353,-34.86819787013553],[138.67677727974774,-34.86830087758341],[138.67714527963096,-34.86842484642949],[138.6774172795839,-34.86847585058001],[138.6782602564058,-34.868464843777474],[138.6785772476419,-34.868470837758935],[138.67884025617298,-34.86844884124099],[138.67911923216684,-34.86826483995037],[138.67915424007617,-34.86816580930463],[138.67931222398,-34.86798882002796],[138.67942921588565,-34.86772981977532],[138.67950822402543,-34.86764982597862],[138.67965222437067,-34.86758981241985],[138.67987222372426,-34.867530815094995],[138.68014822386147,-34.867427807647175],[138.68089718375813,-34.867243806356555],[138.68184819164082,-34.866892787472125],[138.68196918373087,-34.866867775527396],[138.68253216023106,-34.866670769140626],[138.68262015979258,-34.86668175795671],[138.68352313578418,-34.86646475334567],[138.68362310442285,-34.86640274059397],[138.68371712044882,-34.86636773897993],[138.68387711973332,-34.866308742554395],[138.6840751036832,-34.86627673748143],[138.68434012759485,-34.86618272055608],[138.6848021120279,-34.86607371822748],[138.685254079812,-34.865947733101336],[138.68567008011019,-34.86595570738996],[138.68663407959912,-34.86588368608318],[138.68718105626078,-34.86587569470748],[138.68776006407575,-34.86591367487614],[138.68826105570326,-34.865986676443924],[138.68905705643806,-34.866064653061244],[138.68921004820527,-34.86607665990988],[138.68992102433583,-34.8660996555746],[138.690206015895,-34.86605964024017],[138.69027203242842,-34.8660336291486],[138.69041702382663,-34.86594664222372],[138.69052803164345,-34.865903629448894],[138.69065001568572,-34.865824634799026],[138.69074003242667,-34.865736629841535],[138.6907520320807,-34.865709638488966],[138.69111798420772,-34.865112606461594],[138.69138096036306,-34.86432361864007],[138.6914699518768,-34.863883614537144],[138.6916269438285,-34.863345597821024],[138.6917179516222,-34.863221592102775],[138.6919299200299,-34.86308160273376],[138.69259792025787,-34.86257257476444],[138.6926229124175,-34.862553575686945],[138.6926960003202,-34.86250486480765],[138.6932799040444,-34.86211556987763],[138.69354988771715,-34.861858585905],[138.69387388826942,-34.86163055470627],[138.69428787228753,-34.86127855556083],[138.6945548477281,-34.86111153706776],[138.6948138560747,-34.860873535085545],[138.6952978244351,-34.86036854057562],[138.69570483241216,-34.86030453042969],[138.69639779242425,-34.86013753082233],[138.69664979235415,-34.86011449828544],[138.69671760033702,-34.860100938307596],[138.69697980757212,-34.860048508731666],[138.69725580770944,-34.85997350976959],[138.69768278423317,-34.85995349265954],[138.6983967362205,-34.85969600956315],[138.69848976029425,-34.8596624882332],[138.6988307517379,-34.859588469532184],[138.6990717763415,-34.85955646445922],[138.69989273596104,-34.859536447349114],[138.7000667197034,-34.859566454128526],[138.7003807359822,-34.859662451360975],[138.70059772800278,-34.859747439992304],[138.70078473572698,-34.859778445918494],[138.70084873598046,-34.85978845447357],[138.70092473588795,-34.85984445435804],[138.7009877441891,-34.85995345578732],[138.70098172772464,-34.860169443265136],[138.7008717757119,-34.860636457606404],[138.7008797760809,-34.860744441902455],[138.70094275200643,-34.86085444337783],[138.70097475168348,-34.86088245186363],[138.701353760168,-34.86108645137858],[138.70158377617042,-34.86112842813441],[138.70182271974284,-34.861159434060596],[138.7019867201111,-34.861163429748444],[138.70216272013351,-34.86112143500617],[138.70221872001798,-34.86109542391466],[138.70240774402225,-34.86096342682066],[138.70263472031615,-34.86069741455401],[138.70271174365212,-34.86065340353173],[138.70291372778638,-34.86047741340184],[138.7032447043797,-34.85997841287343],[138.70345868816798,-34.85975739278939],[138.7034856957083,-34.859742389399685],[138.70353670435554,-34.85971339975356],[138.70373571173377,-34.85964539391978],[138.7040256639533,-34.85943440127653],[138.70415865569748,-34.85936539629597],[138.70430166409062,-34.85933139382871],[138.70486067188256,-34.85928838105389],[138.70519968032102,-34.859312375865386],[138.70538467176527,-34.85935137316727],[138.7056116804348,-34.859437361844755],[138.70577267167153,-34.859539352159345],[138.70587865587538,-34.8596673535655],[138.7059706556213,-34.85990335815342],[138.706039680387,-34.86015736267211],[138.70606067236224,-34.86018535317146],[138.70607667220077,-34.86041035005758],[138.70610665559775,-34.86051935238618],[138.70624467185417,-34.860657362347354],[138.70636265571204,-34.86072235275435],[138.70666767966975,-34.860782348326666],[138.70713766357233,-34.86080033027099],[138.7072356797829,-34.86079333714275],[138.70745663961225,-34.86074333213901],[138.7079606403713,-34.860717339933274],[138.70815964774965,-34.86063932464509],[138.70827062409012,-34.86056932141702],[138.70841763176838,-34.860400323516046],[138.70850003215082,-34.86024871580554],[138.70856764767882,-34.860124321580145],[138.70862860822376,-34.859882323910085],[138.70861459228968,-34.85958432545624],[138.70855759955361,-34.85928530986911],[138.70833260806353,-34.85871332665863],[138.7082935999697,-34.85855931416097],[138.70828156794005,-34.85818931418544],[138.7082535684475,-34.85801731974345],[138.7082675843816,-34.85792831653856],[138.70838656019168,-34.85756932426489],[138.70854457557175,-34.8573833066942],[138.70862256028295,-34.8573392947726],[138.7087875840798,-34.85728830860853],[138.7089105600744,-34.85720030455036],[138.70927555172534,-34.85706329373596],[138.70942652811186,-34.857027181459216],[138.7094845442764,-34.85701330671867],[138.7097145279032,-34.85699027418178],[138.70993254425161,-34.857048290346256],[138.71017852771695,-34.857242281306185],[138.710535552274,-34.85777228776084],[138.710716544433,-34.85795628815214],[138.7108345282909,-34.858012288036605],[138.71089955197283,-34.85806728877429],[138.7111205441778,-34.85836926403027],[138.71130252828914,-34.85852625508255],[138.71179155173877,-34.85901326764815],[138.71209353598795,-34.85917125784721],[138.71237052807749,-34.85944725888385],[138.71260652816875,-34.859623249913],[138.7127565440793,-34.859716248805796],[138.71301555242587,-34.85983823824404],[138.71330454416943,-34.86006924709801],[138.71382153563547,-34.86034023531357],[138.71419654393537,-34.860645226895656],[138.71438953574852,-34.86076521714102],[138.71474252774556,-34.861078218984574],[138.71489955207278,-34.86133422179688],[138.7154985284344,-34.86181420436202],[138.71558454409148,-34.86187921365473],[138.71584252811022,-34.862028212431994],[138.71620553585683,-34.8623322048673],[138.71639955199782,-34.86246220366775],[138.71693353615387,-34.86291419573348],[138.7171595519718,-34.86304419543325],[138.71730054408488,-34.86308319363445],[138.71782355201537,-34.86316516683894],[138.7182715519906,-34.8632001693523],[138.7183475518981,-34.86319317622406],[138.71856683898852,-34.86313971332709],[138.7185895360783,-34.86313417979852],[138.71872252782248,-34.863074165340436],[138.7188925122797,-34.862887148622974],[138.7192595202107,-34.862669144865094],[138.71928352041823,-34.862570151091575],[138.71928352041823,-34.8621831503321],[138.71927552004922,-34.86206515658165],[138.7192255042537,-34.861893144153214],[138.7191944956295,-34.86182016147126],[138.7190164802264,-34.86155614839748],[138.71882048018108,-34.8611191597214],[138.71854848022826,-34.86069014443456],[138.71848646387923,-34.860166150847135],[138.71824547165124,-34.85976514494541],[138.71821846411092,-34.85956615825154],[138.71822745643203,-34.85922414877541],[138.71830944042836,-34.85902716127441],[138.71836643226516,-34.858947148591994],[138.71849945638485,-34.858895145294696],[138.71865344010428,-34.858862159061346],[138.71883945587626,-34.85885714624027],[138.71921043161615,-34.85889113072108],[138.71980041565678,-34.858902138422934],[138.71997440029838,-34.85892313579404],[138.7202564160009,-34.859018132980395],[138.72055740829785,-34.8592131230871],[138.72072041581464,-34.859262110957616],[138.72087241562951,-34.859283108328725],[138.7216344004073,-34.85928810316341],[138.72184640029116,-34.859265089512235],[138.72206739159697,-34.8592060930867],[138.72269436835052,-34.85919908107269],[138.7229643843989,-34.85919608453162],[138.72317139214613,-34.85922607332458],[138.7236493764176,-34.859353075583954],[138.72432038397858,-34.859591059579714],[138.72497334394473,-34.859711068710794],[138.72525734355168,-34.859734046389065],[138.7259743361468,-34.85986504433629],[138.72624736042735,-34.85991503135358],[138.72655235200955,-34.859957026095856],[138.72688035184683,-34.85996302007726],[138.72734131195205,-34.8599000090781],[138.72785830431735,-34.859782997387356],[138.72878627156922,-34.859448979286924],[138.72892028764124,-34.859369984637055],[138.7291212798233,-34.85921199443794],[138.7294742718202,-34.85909196642109],[138.72961929559403,-34.8589959700879],[138.7297222715656,-34.858834964462005],[138.7298572481136,-34.858702967368004],[138.72989225602282,-34.858630964947054],[138.72993526430105,-34.858454974817164],[138.72994124839,-34.85843395856028],[138.7300212475826,-34.858290971750876],[138.730055264439,-34.85823697016002],[138.73005824029565,-34.85820596423383],[138.73010223962672,-34.857724964535464],[138.73018323167082,-34.85716694869569],[138.73019123203983,-34.85687894081042],[138.73026121638213,-34.85673595490033],[138.73030022357648,-34.85651994853674],[138.73035820826476,-34.856385953149186],[138.7305512000779,-34.85612795204332],[138.73065120019282,-34.85608495815427],[138.7310141755638,-34.85598294895391],[138.7312241924426,-34.855905933711824],[138.73125718407186,-34.85589792255104],[138.73129017570113,-34.85589792255104],[138.73133017574708,-34.855898921697815],[138.73132217627744,-34.85591692252791],[138.73121718402592,-34.85615893908374],[138.73122617634704,-34.85623993292654],[138.73146319986688,-34.85637093087371],[138.73186118404647,-34.85699993110188],[138.73197321619102,-34.85729992695002],[138.73218121589048,-34.85770892512676],[138.73223123168611,-34.85786293762442],[138.7323092163973,-34.85821693506347],[138.73231222373022,-34.858513934370535],[138.73234521625875,-34.858772933723856],[138.73234822359166,-34.85879393109502],[138.73241020756507,-34.85892992477619],[138.73254822382148,-34.85908593556741],[138.7326342080023,-34.85914193455261],[138.73288422402777,-34.85918293104737],[138.73312323235132,-34.859258910270455],[138.73333020772293,-34.85926290685762],[138.7336832320956,-34.85917991562059],[138.73389123179493,-34.859156919955865],[138.73416620760452,-34.85908989438309],[138.73445219201517,-34.859040887626804],[138.73460720006233,-34.85897989380703],[138.73469417619538,-34.85898189120127],[138.73502419231272,-34.85892489306934],[138.7360512001029,-34.858961874091165],[138.73629120037867,-34.85900285170021],[138.7368971518821,-34.85923086491243],[138.737318144317,-34.8594188618909],[138.73784716781256,-34.860077831126944],[138.73795318439204,-34.86018783260232],[138.7383081602934,-34.86041984060313],[138.73868316769415,-34.86070583220834],[138.7388021444035,-34.860744830409544],[138.73882115157494,-34.86074684668955],[138.73895516764696,-34.860764810647424],[138.7391301442408,-34.860750824391005],[138.7393391682681,-34.860699820240484],[138.73941715208002,-34.86065682635143],[138.73955116815193,-34.8605418111556],[138.73959715228682,-34.86045282683642],[138.73963116824393,-34.86003881493929],[138.73968112018758,-34.85979581722313],[138.73974012830433,-34.85962582107476],[138.7398541119777,-34.85947480511811],[138.73992412779637,-34.85930480896974],[138.74001513559006,-34.859197804934695],[138.74013612768022,-34.859146800784174],[138.74032412825602,-34.85910480514258],[138.74042211209087,-34.859115794857985],[138.74072313586407,-34.8592837927128],[138.74090511997542,-34.85943079409583],[138.7410001279536,-34.85954978609374],[138.74113612793008,-34.85977778042019],[138.74128911969717,-34.86021378793595],[138.74144511969655,-34.86090178458966],[138.74146313581514,-34.8610277877022],[138.74145315244107,-34.861379787746955],[138.74160016011933,-34.86162578200418],[138.74187516830443,-34.86195578463173],[138.7420691520698,-34.86204878442379],[138.7420801597716,-34.862067784400665],[138.7424171519301,-34.86213678938128],[138.74281212787741,-34.86209877144108],[138.7434951359918,-34.86190476159544],[138.74364012828937,-34.86182576694557],[138.7438051197106,-34.86179274473932],[138.7439051198255,-34.861722740611924],[138.74422607976987,-34.86159374005899],[138.74445708772453,-34.86151674280342],[138.7447320959095,-34.86145874552466],[138.74532207995014,-34.86130872871479],[138.74582806371427,-34.86122272205091],[138.7463460480318,-34.86115771365752],[138.74689507244966,-34.86121171524843],[138.7470790719417,-34.86125469025171],[138.7472400640778,-34.861297684140766],[138.7475310721013,-34.86139569765328],[138.74772505586668,-34.861481685431386],[138.74788707233063,-34.861600696315065],[138.74799507191506,-34.86170768146428],[138.74804905641884,-34.861826692347904],[138.74805907216853,-34.86203169011037],[138.7480160638903,-34.8622256810703],[138.74794105593503,-34.86235568077001],[138.74781107242313,-34.86246368395183],[138.74752009587576,-34.862646686095616],[138.74700310440983,-34.86276571496575],[138.74657209622535,-34.86288370781682],[138.74630208017697,-34.86289471551868],[138.74607609583518,-34.86292771973842],[138.74581711986423,-34.86292771973842],[138.7455591358455,-34.86294873509598],[138.74536511970462,-34.86300271870044],[138.74514911963627,-34.863056720291354],[138.7449981117735,-34.86315375264354],[138.7449341124194,-34.86330474971436],[138.74491212759267,-34.86347774330318],[138.7449981117735,-34.86360674385611],[138.7451271357088,-34.863714746138555],[138.7453111361001,-34.86384472785187],[138.74559113642192,-34.86390871911203],[138.7460871359126,-34.8640387188118],[138.74642111983883,-34.86410272805841],[138.74670112016065,-34.86418971588262],[138.74719711965145,-34.86441571191551],[138.74782211160118,-34.86460968398967],[138.74814611215345,-34.86471768717149],[138.748469119854,-34.86480469208283],[138.74897910380264,-34.864971673703735],[138.74946409559163,-34.86521566966735],[138.75010310437483,-34.8654706742322],[138.7503311040972,-34.865546653455226],[138.7506340802986,-34.86564264978841],[138.75105910439424,-34.865695652232546],[138.7515920956987,-34.86582263650541],[138.75162409627512,-34.86584163558297],[138.75190409569757,-34.86599063525955],[138.75196809595093,-34.86605462651977],[138.75191708820307,-34.86633364388251],[138.75164409629804,-34.86673463089846],[138.75162009609062,-34.86679664275084],[138.75180608038636,-34.867187640097484],[138.75198012798057,-34.86764163045683],[138.75218812768003,-34.868024636427776],[138.75276713639425,-34.86886462839982],[138.75284399965096,-34.8689890037395],[138.75283404775314,-34.86901198141777]]]},"properties":{"School_Name":"Charles Campbell College","ENTITY_CODE":1028,"zoneType":"secondary"}},{"type":"Feature","geometry":{"type":"Polygon","coordinates":[[[138.64493208195006,-34.89405627297856],[138.64513890443698,-34.89697876385884],[138.64546029875385,-34.901520204393876],[138.6454649419536,-34.90151994269115],[138.64546494555088,-34.90151998585861],[138.64579247594213,-34.905777878246454],[138.64587221073396,-34.9071533130749],[138.64595624158733,-34.90860285473792],[138.64612000903128,-34.91196007339863],[138.64640660138366,-34.91453940007324],[138.6470554532466,-34.914498846944184],[138.6472507167473,-34.91639290281017],[138.64737781613337,-34.91866113959986],[138.64756357739725,-34.92071428463646],[138.64973654630467,-34.92058491895881],[138.65023863960164,-34.92646657866965],[138.65024020532132,-34.92648491584612],[138.65104121887725,-34.9264485058938],[138.6511105026476,-34.92711165338005],[138.6512960867451,-34.92888795741328],[138.65136890575047,-34.93027152571028],[138.6513756965312,-34.93056351219627],[138.65140531570285,-34.931837142869824],[138.65169659442233,-34.93467710026795],[138.6516601835707,-34.93551452287687],[138.6517037656164,-34.93567141860103],[138.65176295359754,-34.935884496772076],[138.65183832577816,-34.936155835723184],[138.65184223243318,-34.93616989842201],[138.65195146229019,-34.93689809207325],[138.65206069124793,-34.93868216804759],[138.65231555911578,-34.93868216804759],[138.65254120171517,-34.93871779558975],[138.65205001629533,-34.93874255122773],[138.6513830403951,-34.938781586301104],[138.65043603179754,-34.93882359992915],[138.65004303975456,-34.93884759384133],[138.6493320636239,-34.9388795989143],[138.6489660800206,-34.93889861687762],[138.64794607974784,-34.93894962192746],[138.6477850561355,-34.93895761330316],[138.64659609573334,-34.939017627761245],[138.645271136254,-34.93908465333402],[138.64390111984085,-34.93915367630109],[138.64375414363883,-34.939161668576105],[138.6424451516225,-34.9392276950021],[138.64061219209907,-34.939319713633836],[138.64020220826535,-34.939340729890716],[138.63885923176815,-34.939408735724555],[138.63876223988552,-34.93941374944495],[138.63711126357407,-34.93949675866844],[138.63651225573608,-34.93952676634717],[138.63535529591024,-34.9395857807591],[138.63406630391682,-34.93965079005187],[138.63405529621502,-34.93965079005187],[138.63359632001425,-34.93967480284982],[138.63296131231482,-34.93970682680856],[138.63196831958237,-34.93975681382585],[138.6309293436144,-34.9398088351096],[138.62966937634076,-34.93987184610876],[138.62865839986534,-34.93992286914505],[138.62753142433587,-34.939979886162746],[138.62653740817495,-34.94002989206581],[138.62575446379753,-34.9401129012893],[138.62470943988876,-34.94016891916027],[138.62447699211953,-34.94010699993805],[138.62447684193273,-34.94010452950039],[138.6244716159723,-34.940018532729084],[138.62444777674352,-34.9397526427702],[138.6243884475689,-34.939090906320246],[138.62430940795286,-34.938070908745374],[138.62423142414093,-34.93705690515202],[138.62416639955973,-34.936220908867824],[138.6241013758779,-34.93538491168431],[138.62402435164256,-34.93439090721455],[138.6239533438718,-34.93346390943185],[138.6238713283991,-34.93240789221039],[138.62377830432536,-34.93121590019359],[138.6236872956323,-34.93002588758458],[138.62360425583176,-34.92896589266178],[138.62356851227707,-34.92813888779938],[138.62356117201057,-34.92801544865398],[138.6235543668406,-34.92790101711819],[138.62355424003624,-34.92789888662429],[138.62330796788842,-34.92784788247377],[138.62299200008079,-34.927780006142314],[138.62146540810215,-34.92668872830211],[138.62084163203576,-34.92624676277785],[138.6206190920975,-34.92608676259397],[138.62004566367648,-34.92567448369044],[138.61996059770354,-34.925614456641824],[138.61988165521427,-34.92555875173497],[138.61960000013994,-34.92536000246213],[138.61946567200323,-34.92527242288395],[138.61936729606396,-34.92520828413495],[138.61916060757608,-34.92507301171008],[138.61895167977627,-34.92489642982633],[138.61832320025553,-34.924451578377614],[138.61659001601652,-34.92321200413062],[138.6157180162735,-34.922589997930004],[138.6155672638182,-34.92193896431172],[138.61543923183513,-34.92135697254622],[138.6153122241799,-34.92077496279427],[138.61523187515093,-34.920318601821975],[138.61520799994935,-34.92018299934591],[138.61509001609147,-34.9195949956125],[138.61759913629112,-34.91828893268803],[138.61894508774571,-34.917604913735715],[138.62047705587145,-34.9168248795645],[138.62111007966655,-34.916502868312705],[138.62266300829128,-34.91571184532535],[138.62433299177417,-34.91562582067502],[138.6271079362823,-34.91548479528706],[138.62718294423757,-34.915478782419825],[138.6286688958529,-34.915403764572034],[138.63016691187352,-34.915327748476784],[138.6306958724166,-34.915296742550595],[138.6315618880708,-34.9152507332347],[138.63163686365044,-34.91524871605537],[138.6326988478736,-34.91518872138232],[138.63342883207497,-34.91515370088257],[138.63395484823775,-34.915132702612084],[138.63437881562993,-34.91510968896091],[138.6349367999934,-34.91508267872263],[138.6358968001972,-34.91503467111312],[138.63613481566927,-34.91502066687025],[138.6373097916137,-34.91496065331148],[138.6374417923049,-34.914945649921776],[138.6383217600412,-34.91490864911481],[138.6389597435973,-34.914870632073985],[138.63942176040598,-34.91485163209711],[138.64050771156167,-34.91479661337297],[138.6403226877419,-34.91223260575009],[138.64015161600435,-34.90986860195437],[138.64012361561242,-34.90947458918089],[138.64007561609685,-34.90880758989829],[138.640061631639,-34.908613598938416],[138.6399745916541,-34.90741059921976],[138.6399715843212,-34.90737060277104],[138.63996057572,-34.90737160191787],[138.63884563222018,-34.90742562149518],[138.63772060821952,-34.9074816213797],[138.636894655564,-34.907528629842375],[138.63657664000004,-34.907525632401985],[138.6356416643314,-34.90758264941968],[138.63540966442451,-34.90758864340114],[138.6348726720363,-34.90761964932733],[138.63486169581063,-34.90762064847411],[138.63471068794797,-34.90762666134128],[138.63370368018082,-34.907676666345026],[138.63383968015717,-34.90792066320802],[138.6338526717634,-34.90808666366854],[138.63283555291855,-34.908135541821764],[138.632811711891,-34.908136687558056],[138.63246070379853,-34.9083586879031],[138.63201244481854,-34.90856803928352],[138.63200675211,-34.90857069767952],[138.6319117441318,-34.90841370662724],[138.62984176018915,-34.90722073434938],[138.63049270387523,-34.90645070873319],[138.6307477120373,-34.906141702577486],[138.628484703906,-34.90479371865513],[138.62745971239588,-34.90418675271644],[138.6264317117542,-34.903575734432536],[138.62539670359502,-34.90296475392023],[138.61891100793673,-34.899090002401636],[138.61888099216412,-34.89918599873482],[138.61840399984476,-34.89890100627639],[138.61839491219553,-34.89872562678619],[138.61838998391067,-34.89865599228017],[138.61839900770815,-34.8985439934105],[138.61832700798504,-34.898540996869485],[138.61835017272233,-34.898195482735275],[138.6183536638905,-34.898143412888146],[138.61834941099653,-34.89808340382598],[138.61834457624127,-34.89801518934945],[138.6183448271521,-34.89757573293366],[138.61834483164876,-34.89756815524612],[138.6183385094148,-34.89753184242056],[138.6182910081236,-34.89725900160158],[138.61823699214358,-34.897019001325816],[138.6181903362151,-34.89688839188574],[138.61815199991497,-34.8967940044397],[138.6181458728338,-34.89678143551481],[138.61805401608,-34.89659300236514],[138.61791500787137,-34.89609799752452],[138.61791059220013,-34.89590041737034],[138.61792099196032,-34.89579800167638],[138.61797599989256,-34.89573299238367],[138.61806099212117,-34.8956729968113],[138.618163999569,-34.895622991807556],[138.61834700800807,-34.89557300479032],[138.61852300803048,-34.89556799106987],[138.61864755244267,-34.89555959230131],[138.61869033049447,-34.895556717168745],[138.61872268810168,-34.89555454170869],[138.6188149873219,-34.89555080322697],[138.61913100818958,-34.895538002276965],[138.61941699170086,-34.895473992130974],[138.6197740162579,-34.89542800170085],[138.61978201572754,-34.89546200416811],[138.61992399979283,-34.895473992130974],[138.61999152269073,-34.89548680747015],[138.62041401609406,-34.89556699192309],[138.62062460763957,-34.89574973506217],[138.6207836167706,-34.895863524482024],[138.6208289920644,-34.895895996303125],[138.62103401590718,-34.89604499508039],[138.62111187201538,-34.896080848352426],[138.62122899162478,-34.89613899312002],[138.62133296044783,-34.89620243039781],[138.62147600031722,-34.89628899194338],[138.62159955187792,-34.89633703642505],[138.62161174128892,-34.89634297015192],[138.62166537595635,-34.89636907837024],[138.62173599971663,-34.89639299853803],[138.62186601560416,-34.896412996762365],[138.62195401606505,-34.89640600363413],[138.6221520000148,-34.89637399856116],[138.6222470079931,-34.89633000642459],[138.622284991759,-34.89631300474133],[138.6223969924273,-34.8962249997839],[138.62262585639826,-34.895977895763224],[138.62266844829037,-34.89590726211043],[138.62268149295664,-34.895887830458946],[138.62268454435628,-34.89588328618464],[138.62270300833723,-34.89585300241407],[138.62274201643095,-34.89565499688058],[138.62268201636198,-34.895447000778404],[138.62250400005962,-34.89518200744362],[138.62240540828304,-34.89507167321909],[138.62234399987574,-34.895006996675534],[138.622238015672,-34.89492400633776],[138.62211900838554,-34.89485899704505],[138.6220294080308,-34.89484336412988],[138.62187359598977,-34.89481872900109],[138.6218689923602,-34.89481800144955],[138.6215209916005,-34.89472100507027],[138.62144601602085,-34.894683006915216],[138.62142799990238,-34.894529992665014],[138.62129163929774,-34.894280009015176],[138.62128636837122,-34.89427034579978],[138.6212529918322,-34.894166005556656],[138.62127801636746,-34.89399600940828],[138.62129401620598,-34.893887007079684],[138.6213414716317,-34.89382764013345],[138.6215209916005,-34.89360299488226],[138.62172479955996,-34.89347071989778],[138.62202596362738,-34.893299263250356],[138.62204400043038,-34.89328899479125],[138.6223310082695,-34.893194995852355],[138.62285699205665,-34.89316900364656],[138.62294499161817,-34.893143991701834],[138.62306719959167,-34.893148820161855],[138.6232940158062,-34.89319599499913],[138.6236729919151,-34.893338999794935],[138.6238910082635,-34.893378997142975],[138.6241729915904,-34.89345599439861],[138.62438899165875,-34.89354200016311],[138.62477122781002,-34.89360306233141],[138.6247895676845,-34.89360599232265],[138.62487622635683,-34.893608927709806],[138.6252620157295,-34.89362199485913],[138.62560899216135,-34.89374599967812],[138.62594899165276,-34.89383100719516],[138.6259350080942,-34.89378899356717],[138.62582454166932,-34.89358760568342],[138.62562400004765,-34.89322200609064],[138.62572499211478,-34.893189001870894],[138.62372271992763,-34.88958903190826],[138.6233156157232,-34.88885447015764],[138.6226600962865,-34.88767472510841],[138.62209222387708,-34.88665593082652],[138.6215696323327,-34.88571030358759],[138.62122166394875,-34.88508065584756],[138.62053299190416,-34.88386000693373],[138.62168739225945,-34.88298673285141],[138.62179156073205,-34.88290720220556],[138.6222741486331,-34.883204179029576],[138.62259650342594,-34.88340255148654],[138.62367001785708,-34.88406317637447],[138.62730854805113,-34.88707889367595],[138.62983607827243,-34.889792663600474],[138.63042260531904,-34.890422409366636],[138.63155124999025,-34.89092111132021],[138.63164783537934,-34.890963788647866],[138.63166759258536,-34.89095698707524],[138.63174680666987,-34.89100751998103],[138.63384466959587,-34.89234581280897],[138.63397003868636,-34.89242578951854],[138.6340422110792,-34.89247183031068],[138.6341045161106,-34.89252187038795],[138.63910498860446,-34.89653799803017],[138.63924180516528,-34.89664788169432],[138.639243069612,-34.8966639354922],[138.6426760174843,-34.895090380916315],[138.64493208195006,-34.89405627297856]]]},"properties":{"School_Name":"Marryatville High School","ENTITY_CODE":817,"zoneType":"secondary"}},{"type":"Feature","geometry":{"type":"Polygon","coordinates":[[[138.74916027942345,-34.888082130585815],[138.74916601619873,-34.88809628501548],[138.74929599971074,-34.888469004540866],[138.74914300794353,-34.888748003017895],[138.74907401555345,-34.889214998473335],[138.74892099231,-34.889441993653065],[138.74890000033486,-34.88980000566568],[138.74916601619873,-34.88983400813294],[138.74955990396643,-34.890172725191064],[138.74985001626533,-34.89048700317261],[138.7502969919127,-34.89066800702284],[138.7510070075674,-34.89129299267745],[138.75145001630528,-34.891803000907714],[138.7512430076588,-34.89273299523148],[138.75144601612078,-34.89309100724415],[138.75157200034755,-34.893661991307795],[138.75131392010144,-34.89389128065801],[138.75151299223091,-34.89414400903877],[138.75218201588734,-34.8938619951349],[138.75319999988017,-34.893712996357635],[138.7539503995913,-34.894316521490225],[138.75408400017648,-34.894574374207934],[138.75439167983222,-34.895058427104686],[138.7545430078536,-34.89577400686488],[138.75442201576345,-34.896383008868725],[138.75402099187534,-34.896754007091715],[138.75403199957714,-34.89696400058813],[138.7543820157175,-34.89730699122464],[138.7555680002631,-34.897454990855124],[138.7568710081905,-34.89831899652444],[138.7580489923672,-34.89853700028232],[138.75935299224682,-34.89931000445313],[138.76063401624697,-34.90091900490813],[138.76289199986593,-34.90114899662882],[138.7641449919978,-34.901028007236675],[138.76472300786054,-34.90082199144172],[138.76553401558238,-34.90171800128468],[138.76647200038258,-34.90328300870385],[138.7670886718048,-34.90387251160706],[138.76709168003708,-34.90419550311992],[138.7660946880195,-34.90512651547624],[138.7656717440558,-34.906426547547085],[138.7650827519675,-34.9066425350249],[138.76435276776613,-34.90723655162549],[138.76386278384052,-34.90741257862754],[138.76219584006606,-34.90829260571911],[138.7616608639578,-34.9096096205875],[138.76050889626856,-34.91024962761816],[138.75937388799457,-34.91010264512096],[138.75836591975144,-34.91042667265276],[138.75738294366795,-34.91067468408937],[138.75650729807342,-34.91268539641385],[138.75632960822486,-34.912664726395974],[138.75488080040873,-34.91249618804858],[138.75366769950483,-34.91219569847266],[138.75271189913485,-34.91185609738096],[138.75116150390033,-34.910998100981544],[138.75104179514278,-34.91083780851801],[138.75067579804966,-34.91037929816605],[138.74968060647484,-34.90973760130919],[138.74870809670142,-34.90849379755065],[138.7472475994972,-34.906380796336634],[138.747233697777,-34.90636069558957],[138.7466122131832,-34.905726197805734],[138.74561550445208,-34.90469510799278],[138.74132890030853,-34.9049661034029],[138.7390988802092,-34.906137576487936],[138.7388605005118,-34.90626280258624],[138.73722369841505,-34.906722801316164],[138.73466490146404,-34.90482139798911],[138.73049640168767,-34.903871804739936],[138.72951620001265,-34.90306989905656],[138.7294417973012,-34.90314570021383],[138.72891230166147,-34.904200702100695],[138.72878048623056,-34.90545881047569],[138.72907834708815,-34.907128609597635],[138.72950909626786,-34.907689097673654],[138.73006511471328,-34.908412401710905],[138.73032700178976,-34.909749196268365],[138.72884890215516,-34.91055630452979],[138.72702570297383,-34.91107070145165],[138.72581510578254,-34.91265560277378],[138.72521348631335,-34.913739299329166],[138.72484861966814,-34.91372341820113],[138.7248174950314,-34.91366808291565],[138.72472367685623,-34.91357891513479],[138.7245972537603,-34.91349390851701],[138.7244234579763,-34.91340840547349],[138.72419400764738,-34.91336534053801],[138.72400912951775,-34.913359730567095],[138.72367362573732,-34.913360166738244],[138.72338523474082,-34.91335771158907],[138.72315900488422,-34.91342220736891],[138.72296678738735,-34.91348031796224],[138.7227043984892,-34.91349569726856],[138.72249619644242,-34.91347290395129],[138.72229559816344,-34.91345520349478],[138.7221468026329,-34.91341569717662],[138.72200009622748,-34.913416404943064],[138.7218381022467,-34.913435297001286],[138.72162886867739,-34.913433128735846],[138.72140716331,-34.91347084630246],[138.72122253249393,-34.913500187583566],[138.72105612374116,-34.913570069403136],[138.7208969572289,-34.91364972325607],[138.72071186595986,-34.913793121055676],[138.720597788757,-34.913928716337125],[138.72052240218716,-34.91406630091899],[138.72043619587384,-34.91417190201162],[138.72028289204195,-34.91422980036498],[138.7200205966733,-34.91425219618185],[138.7197930052431,-34.91423599939179],[138.71964529609363,-34.91420910246808],[138.71942641909402,-34.91416037360233],[138.71923880792474,-34.914067932289186],[138.71908940894912,-34.91393059322223],[138.71909732837912,-34.913793848607156],[138.71913479503485,-34.913710163992846],[138.71923399565242,-34.9135818370321],[138.71934108782102,-34.913489684401384],[138.71942220577023,-34.91332500234694],[138.71940129833126,-34.91321300347727],[138.71930310045775,-34.91312329880117],[138.7191872030271,-34.91303030350565],[138.71908890173154,-34.91296749935054],[138.71899990841905,-34.91288580313727],[138.7188982427598,-34.91281308125866],[138.71874258540208,-34.912723922471],[138.7186701926753,-34.912683012311106],[138.71642784377002,-34.91493010693887],[138.71636410521933,-34.91499188856477],[138.71610500334327,-34.91496496735931],[138.7154491205805,-34.91457740092625],[138.71512118009844,-34.91380226716086],[138.7145249232866,-34.91335507477686],[138.71404791837676,-34.912788631390185],[138.71357091256766,-34.912371250632646],[138.71315353270938,-34.912192373679034],[138.71255727589767,-34.91174518219435],[138.71166289202893,-34.91132780233619],[138.71100700926615,-34.911148926281896],[138.7102616889258,-34.91126817728451],[138.7097548705908,-34.911029674379904],[138.70933749073265,-34.91064210704758],[138.70900955025058,-34.91019491466352],[138.7087114222944,-34.909807348230515],[138.7081151645832,-34.90956884622523],[138.70769778562442,-34.90941978179745],[138.7073102191913,-34.909211092318],[138.70695246528408,-34.90882352498562],[138.70650527200075,-34.90864464803201],[138.70623695657036,-34.90858502208107],[138.70596864203924,-34.90819745564801],[138.70575995166053,-34.90769063821233],[138.70593882861408,-34.90727325835417],[138.70555126218107,-34.907154007351494],[138.7051636948487,-34.90679625344427],[138.70492519284346,-34.906408686111945],[138.7044183736091,-34.906647189016496],[138.70415005907807,-34.90694531697278],[138.7037624917457,-34.90748194783356],[138.70337492621195,-34.90792914021762],[138.7033451127868,-34.90837633260162],[138.7035538031655,-34.90879371156052],[138.70388174364757,-34.90936015584646],[138.70417987160386,-34.90971790975368],[138.7044183736091,-34.91013528871258],[138.70480594094147,-34.91070173299852],[138.7051636948487,-34.911148926281896],[138.70531275927647,-34.91174518219435],[138.7050146313203,-34.911834620671186],[138.70417987160386,-34.9115066792898],[138.70364324074308,-34.91111911285674],[138.70301717230473,-34.91091042337729],[138.70239110206774,-34.910731546423676],[138.70161596920173,-34.91046323009397],[138.70098989896474,-34.91022472808868],[138.7006619575833,-34.90995641175897],[138.7002147660986,-34.909807348230515],[138.6993501938564,-34.90930052989552],[138.69875393704467,-34.909211092318],[138.69803842923022,-34.908734085609524],[138.69735273394156,-34.908435957653296],[138.69672666460394,-34.90810801717123],[138.69636891069672,-34.90828689412484],[138.69621984716832,-34.90867446055785],[138.69639872412188,-34.90885333841078],[138.69672666460394,-34.909151466367064],[138.69714404536148,-34.90950922027423],[138.69774030127394,-34.90977753480536],[138.69762105027132,-34.91004585113507],[138.69714404536148,-34.91022472808868],[138.69642853664766,-34.91040360504229],[138.69592171921204,-34.91070173299852],[138.69595153083856,-34.91094023590313],[138.69621984716832,-34.91111911285674],[138.69669685207816,-34.911447054238124],[138.6972632963641,-34.91180480814535],[138.69782973975077,-34.91228181305519],[138.69809805518116,-34.91272900543919],[138.69774030127394,-34.91260975443657],[138.69714404536148,-34.912371250632646],[138.69660741360133,-34.91222218710419],[138.69577265478426,-34.911894245722806],[138.69466957963743,-34.911447054238124],[138.69422238815275,-34.91085079742629],[138.6938050082946,-34.910284354039675],[138.6934174409622,-34.90977753480536],[138.69305968705498,-34.90968809722784],[138.69243361771737,-34.90933034332062],[138.69195661280753,-34.90909184041607],[138.69175712878848,-34.90895469560269],[138.69150696707288,-34.90624840084297],[138.68964279028262,-34.90503668579436],[138.688431075234,-34.9042677132843],[138.68754559105628,-34.90377836607871],[138.68439979311597,-34.90380166931152],[138.68441928502205,-34.90448387972725],[138.68173573411696,-34.90459416179107],[138.68100989758875,-34.90509473883111],[138.67547227172804,-34.905382570449206],[138.67558128844576,-34.9068337470797],[138.6688777581021,-34.907185683272644],[138.6650710322025,-34.90721922168967],[138.66421577693666,-34.90770554357596],[138.66377976402498,-34.90772231413342],[138.66243818687292,-34.90775585255051],[138.6579109951963,-34.908056552567814],[138.6578935942141,-34.90805770819662],[138.65785638296575,-34.90735068728435],[138.65784328523944,-34.90710183408231],[138.65784252980893,-34.90710188084711],[138.65783715905775,-34.90710221359626],[138.6568607965886,-34.89448274318403],[138.65647311054568,-34.8894719096009],[138.65654980113243,-34.88944164381678],[138.65666921761033,-34.88943643044689],[138.6744891022903,-34.88865843234072],[138.6884750439882,-34.887875219066075],[138.69067549797592,-34.88671904794569],[138.6919694272474,-34.88657116972365],[138.69198085313394,-34.88656986390805],[138.7009859806186,-34.886055286222415],[138.70111833474346,-34.88604772292405],[138.7039528188676,-34.884966143372765],[138.72972424737623,-34.88037875377643],[138.73270791463858,-34.88105007969739],[138.73475918638735,-34.88235543395609],[138.73576617436947,-34.88410833942828],[138.73792933257266,-34.88485425601908],[138.73986871696775,-34.885227213864766],[138.74136055104861,-34.88470507198144],[138.7421064667401,-34.88470507198144],[138.7433745261136,-34.885301806333246],[138.7443815140956,-34.88630879431537],[138.7463954891606,-34.88698011933701],[138.74811109794882,-34.887464965435754],[138.74916027942345,-34.888082130585815]]]},"properties":{"School_Name":"Morialta Secondary College","ENTITY_CODE":1920,"zoneType":"secondary"}},{"type":"Feature","geometry":{"type":"Polygon","coordinates":[[[138.6568607965886,-34.89448274318403],[138.65783715905775,-34.90710221359626],[138.65784252980893,-34.90710188084711],[138.65784328523944,-34.90710183408231],[138.65785638296575,-34.90735068728435],[138.6578935942141,-34.90805770819662],[138.6579109951963,-34.908056552567814],[138.66243818687292,-34.90775585255051],[138.66377976402498,-34.90772231413342],[138.66421577693666,-34.90770554357596],[138.6650710322025,-34.90721922168967],[138.6688777581021,-34.907185683272644],[138.67558128844576,-34.9068337470797],[138.67547227172804,-34.905382570449206],[138.68100989758875,-34.90509473883111],[138.68173573411696,-34.90459416179107],[138.68441928502205,-34.90448387972725],[138.68439979311597,-34.90380166931152],[138.68754559105628,-34.90377836607871],[138.688431075234,-34.9042677132843],[138.68964279028262,-34.90503668579436],[138.69150696707288,-34.90624840084297],[138.69175712878848,-34.90895469560269],[138.69195661280753,-34.90909184041607],[138.69243361771737,-34.90933034332062],[138.69305968705498,-34.90968809722784],[138.6934174409622,-34.90977753480536],[138.6938050082946,-34.910284354039675],[138.69422238815275,-34.91085079742629],[138.69466957963743,-34.911447054238124],[138.69577265478426,-34.911894245722806],[138.69660741360133,-34.91222218710419],[138.69714404536148,-34.912371250632646],[138.69774030127394,-34.91260975443657],[138.69809805518116,-34.91272900543919],[138.69782973975077,-34.91228181305519],[138.6972632963641,-34.91180480814535],[138.69669685207816,-34.911447054238124],[138.69621984716832,-34.91111911285674],[138.69595153083856,-34.91094023590313],[138.69592171921204,-34.91070173299852],[138.69642853664766,-34.91040360504229],[138.69714404536148,-34.91022472808868],[138.69762105027132,-34.91004585113507],[138.69774030127394,-34.90977753480536],[138.69714404536148,-34.90950922027423],[138.69672666460394,-34.909151466367064],[138.69639872412188,-34.90885333841078],[138.69621984716832,-34.90867446055785],[138.69636891069672,-34.90828689412484],[138.69672666460394,-34.90810801717123],[138.69735273394156,-34.908435957653296],[138.69803842923022,-34.908734085609524],[138.69875393704467,-34.909211092318],[138.6993501938564,-34.90930052989552],[138.7002147660986,-34.909807348230515],[138.7006619575833,-34.90995641175897],[138.70098989896474,-34.91022472808868],[138.70161596920173,-34.91046323009397],[138.70239110206774,-34.910731546423676],[138.70301717230473,-34.91091042337729],[138.70364324074308,-34.91111911285674],[138.70417987160386,-34.9115066792898],[138.7050146313203,-34.911834620671186],[138.70531275927647,-34.91174518219435],[138.7051636948487,-34.911148926281896],[138.70480594094147,-34.91070173299852],[138.7044183736091,-34.91013528871258],[138.70417987160386,-34.90971790975368],[138.70388174364757,-34.90936015584646],[138.7035538031655,-34.90879371156052],[138.7033451127868,-34.90837633260162],[138.70337492621195,-34.90792914021762],[138.7037624917457,-34.90748194783356],[138.70415005907807,-34.90694531697278],[138.7044183736091,-34.906647189016496],[138.70492519284346,-34.906408686111945],[138.7051636948487,-34.90679625344427],[138.70555126218107,-34.907154007351494],[138.70593882861408,-34.90727325835417],[138.70575995166053,-34.90769063821233],[138.70596864203924,-34.90819745564801],[138.70623695657036,-34.90858502208107],[138.70650527200075,-34.90864464803201],[138.70695246528408,-34.90882352498562],[138.7073102191913,-34.909211092318],[138.70769778562442,-34.90941978179745],[138.7081151645832,-34.90956884622523],[138.7087114222944,-34.909807348230515],[138.70900955025058,-34.91019491466352],[138.70933749073265,-34.91064210704758],[138.7097548705908,-34.911029674379904],[138.7102616889258,-34.91126817728451],[138.71100700926615,-34.911148926281896],[138.71166289202893,-34.91132780233619],[138.71255727589767,-34.91174518219435],[138.71315353270938,-34.912192373679034],[138.71357091256766,-34.912371250632646],[138.71404791837676,-34.912788631390185],[138.7145249232866,-34.91335507477686],[138.71512118009844,-34.91380226716086],[138.7154491205805,-34.91457740092625],[138.71610500334327,-34.91496496735931],[138.71636410521933,-34.91499188856477],[138.71642784377002,-34.91493010693887],[138.7186701926753,-34.912683012311106],[138.71874258540208,-34.912723922471],[138.7188982427598,-34.91281308125866],[138.71899990841905,-34.91288580313727],[138.71908890173154,-34.91296749935054],[138.7191872030271,-34.91303030350565],[138.71930310045775,-34.91312329880117],[138.71940129833126,-34.91321300347727],[138.71942220577023,-34.91332500234694],[138.71934108782102,-34.913489684401384],[138.71923399565242,-34.9135818370321],[138.71913479503485,-34.913710163992846],[138.71909732837912,-34.913793848607156],[138.71908940894912,-34.91393059322223],[138.71923880792474,-34.914067932289186],[138.71942641909402,-34.91416037360233],[138.71964529609363,-34.91420910246808],[138.7197930052431,-34.91423599939179],[138.7200205966733,-34.91425219618185],[138.72028289204195,-34.91422980036498],[138.72043619587384,-34.91417190201162],[138.72052240218716,-34.91406630091899],[138.720597788757,-34.913928716337125],[138.72071186595986,-34.913793121055676],[138.7208969572289,-34.91364972325607],[138.72105612374116,-34.913570069403136],[138.72122253249393,-34.913500187583566],[138.72140716331,-34.91347084630246],[138.72162886867739,-34.913433128735846],[138.7218381022467,-34.913435297001286],[138.72200009622748,-34.913416404943064],[138.7221468026329,-34.91341569717662],[138.72229559816344,-34.91345520349478],[138.72249619644242,-34.91347290395129],[138.7227043984892,-34.91349569726856],[138.72296678738735,-34.91348031796224],[138.72315900488422,-34.91342220736891],[138.72338523474082,-34.91335771158907],[138.72367362573732,-34.913360166738244],[138.72400912951775,-34.913359730567095],[138.72419400764738,-34.91336534053801],[138.7244234579763,-34.91340840547349],[138.7245972537603,-34.91349390851701],[138.72472367685623,-34.91357891513479],[138.7248174950314,-34.91366808291565],[138.72484861966814,-34.91372341820113],[138.72521348631335,-34.913739299329166],[138.72581510578254,-34.91265560277378],[138.72702570297383,-34.91107070145165],[138.72884890215516,-34.91055630452979],[138.73032700178976,-34.909749196268365],[138.73006511471328,-34.908412401710905],[138.72950909626786,-34.907689097673654],[138.72907834708815,-34.907128609597635],[138.72878048623056,-34.90545881047569],[138.72891230166147,-34.904200702100695],[138.7294417973012,-34.90314570021383],[138.72951620001265,-34.90306989905656],[138.73049640168767,-34.903871804739936],[138.73466490146404,-34.90482139798911],[138.73722369841505,-34.906722801316164],[138.7388605005118,-34.90626280258624],[138.7390988802092,-34.906137576487936],[138.74132890030853,-34.9049661034029],[138.74561550445208,-34.90469510799278],[138.7466122131832,-34.905726197805734],[138.747233697777,-34.90636069558957],[138.7472475994972,-34.906380796336634],[138.74870809670142,-34.90849379755065],[138.74968060647484,-34.90973760130919],[138.75067579804966,-34.91037929816605],[138.75104179514278,-34.91083780851801],[138.75116150390033,-34.910998100981544],[138.75271189913485,-34.91185609738096],[138.75366769950483,-34.91219569847266],[138.75488080040873,-34.91249618804858],[138.75632960822486,-34.912664726395974],[138.75650729807342,-34.91268539641385],[138.75588340329648,-34.913697648127936],[138.75532304022624,-34.9145127495637],[138.75544905592926,-34.91490774259819],[138.75627107225228,-34.91574372089593],[138.7560880961887,-34.91604072020306],[138.75608607990875,-34.91674272109964],[138.75625510389,-34.917509731289044],[138.75654812819357,-34.91801972063354],[138.75637612835567,-34.91828773029448],[138.75616310414398,-34.91847374786511],[138.75591113569044,-34.91847274871833],[138.7549801602063,-34.91884876066172],[138.75517414397166,-34.919366761167055],[138.75447219163834,-34.919394769652854],[138.7544825949958,-34.91939979866174],[138.7547182047814,-34.91999990457191],[138.75464620595767,-34.92022880091838],[138.7547060036792,-34.920446611322006],[138.75463330068635,-34.92070250261838],[138.75435390291034,-34.92090491303128],[138.75400919816605,-34.92189150349003],[138.7533575997735,-34.9220825995323],[138.75334650303876,-34.92248860476525],[138.75301350297082,-34.92264490513821],[138.75252689689887,-34.92240570346041],[138.7523003990442,-34.92243690004284],[138.75205879617658,-34.92289800044233],[138.75128899808885,-34.923377995598],[138.75069599952087,-34.92353900302254],[138.75030073938763,-34.92370800542005],[138.74981099468175,-34.92459390238662],[138.74967402163884,-34.92476950940528],[138.74956699512074,-34.924906798110214],[138.74921770203537,-34.92515600024916],[138.74877170125308,-34.925222705663316],[138.74745438691048,-34.92603590323432],[138.74712430244472,-34.92675715411934],[138.7466996731515,-34.927563664331615],[138.74643809813983,-34.928096543220875],[138.74640653643257,-34.928415725205525],[138.74646208665604,-34.928731887266736],[138.74672156534803,-34.92898904211057],[138.7467469343236,-34.92918953337022],[138.7465626461493,-34.92945587838602],[138.74650700779227,-34.929548097566624],[138.74745849501357,-34.92946609828175],[138.7485881019594,-34.92973419877421],[138.74918448467633,-34.9298757979297],[138.74929270369535,-34.92989490762386],[138.75007719940334,-34.929694796777426],[138.75098389678942,-34.928961298924776],[138.75103920239735,-34.928949396397456],[138.7517187984838,-34.93018620343048],[138.75278660401864,-34.930646101436366],[138.75295909488636,-34.93185070194829],[138.75338889707996,-34.93257579563641],[138.7532443004842,-34.93371169873586],[138.75413669864975,-34.93353649641216],[138.7552343904548,-34.93311530162981],[138.75562889695607,-34.933117502270875],[138.75628090633882,-34.9350157624674],[138.7559199526438,-34.93573739736297],[138.7533345186731,-34.935599681480085],[138.7530585581061,-34.940290345622884],[138.75305259470156,-34.94038990327135],[138.75367159626717,-34.940093895017185],[138.75451010345853,-34.94013050012245],[138.75503439472163,-34.9394250961912],[138.75535459923537,-34.93940139815595],[138.75561380273484,-34.939471404081985],[138.75562476906794,-34.93950663951978],[138.7556325544989,-34.939531657759744],[138.7556788111283,-34.939680301304804],[138.75566490221354,-34.93989669617554],[138.75548999846467,-34.940073599117284],[138.75520149685167,-34.940223388398636],[138.75458610336602,-34.94054289773652],[138.75455774594332,-34.94066378550525],[138.75451580336176,-34.94084259680835],[138.75419992098966,-34.94104925651794],[138.75394611522108,-34.94121530104525],[138.75394637692386,-34.941285951785176],[138.7539466961831,-34.941372200366686],[138.75385756797243,-34.94142850242338],[138.75365889514194,-34.94155400371426],[138.75366969599975,-34.94169040298965],[138.7536766963225,-34.94177879825287],[138.75365449925584,-34.94207980224104],[138.75341319406368,-34.94222459039247],[138.75330020414117,-34.94247970467461],[138.7531230008259,-34.94261098860619],[138.75289690047168,-34.94277850172642],[138.75284899628423,-34.942845896021254],[138.75265400527815,-34.943047795619236],[138.75262819563477,-34.94337040132291],[138.7528473990883,-34.943675610540936],[138.75281650467798,-34.94410088914469],[138.75253659698637,-34.94438789338653],[138.7523702844611,-34.94442492656907],[138.7523246006998,-34.94443509880074],[138.7522999736649,-34.94454873893312],[138.75228570232332,-34.944614598085195],[138.75238411513487,-34.944799321531434],[138.75238639491624,-34.944803603203695],[138.75253340439315,-34.944870396751355],[138.7527928003475,-34.94464429729646],[138.7527850544867,-34.944784774997345],[138.75272706889916,-34.94583375502373],[138.75262640688322,-34.94765535610975],[138.75249668327535,-34.95000171970355],[138.74916292612818,-34.949885877131464],[138.74626579523033,-34.94978509640504],[138.74619492325712,-34.95089105747627],[138.74596210496725,-34.95080445006528],[138.74595178164952,-34.95019267545155],[138.74590666176312,-34.95003641914536],[138.74594973569185,-34.950017599932266],[138.7459386659367,-34.94997350976962],[138.745893972329,-34.949993702247525],[138.74583184176618,-34.94976396233693],[138.7422450198918,-34.949586513506745],[138.74214951638714,-34.95044231106374],[138.74183153409808,-34.953292451485424],[138.74002002700274,-34.953546583707805],[138.7399880543053,-34.953586628719904],[138.73954561393896,-34.953488851729105],[138.73917870763137,-34.95359272072744],[138.73887340128647,-34.95356745517387],[138.73858553369553,-34.953711526565655],[138.73825428370833,-34.953682755454736],[138.7380025877493,-34.95346066337885],[138.7378487650086,-34.95335890778733],[138.73765000494382,-34.95324339706508],[138.7376965016923,-34.95294570977666],[138.73729619546316,-34.95271179701177],[138.73724169564775,-34.95242209750177],[138.7374542980774,-34.95230520452151],[138.73730605832804,-34.95222975320053],[138.73746456743595,-34.95084195179459],[138.73763877690806,-34.94931672049023],[138.73551622579328,-34.94922269637027],[138.7340695331825,-34.949158597191456],[138.73319602167908,-34.949119994691955],[138.73318995844988,-34.94911977435805],[138.73293710416408,-34.949113998911855],[138.73269500576998,-34.949114903629834],[138.73253900217333,-34.94910219710869],[138.73241980333137,-34.94909239719635],[138.73217489905244,-34.94908370075217],[138.73186570583766,-34.94907279557299],[138.73177999505083,-34.94907129730251],[138.73160550229215,-34.94906329603424],[138.73143708535326,-34.94905790279995],[138.73117719387244,-34.94904070056782],[138.7311130731099,-34.949027337541565],[138.73092689635928,-34.94901903500045],[138.73056880430693,-34.949003122396164],[138.73044911623379,-34.94899781639606],[138.72873111345018,-34.948921722059765],[138.72858939108755,-34.94890637422975],[138.72858775701945,-34.9489257483246],[138.72848285200212,-34.950169744538016],[138.72837431552227,-34.95016400146744],[138.72738759735978,-34.95010409852529],[138.7274251989138,-34.94974280218855],[138.72541987532702,-34.94962441723305],[138.72597639739286,-34.95020770042498],[138.72610880098046,-34.95034650358821],[138.72601379839818,-34.950753202198484],[138.72589440620197,-34.951264840000306],[138.72587606992477,-34.95135435491949],[138.72384555632743,-34.95123495552872],[138.72396476326333,-34.94994802747942],[138.72398761683507,-34.94970136502593],[138.724087058471,-34.94862780023277],[138.72412015891825,-34.94827053375809],[138.72357210396945,-34.948232396208084],[138.72363339816286,-34.94737490432834],[138.7229665041009,-34.94721330335125],[138.7229058151513,-34.94719835392084],[138.72241500295013,-34.947518781466556],[138.72240461578042,-34.94754032292752],[138.7223882229382,-34.94765217520768],[138.72238900714706,-34.947689002445486],[138.72238934349343,-34.94769003396783],[138.72256899206536,-34.94799399402757],[138.72256916833248,-34.94799568025638],[138.72256981674366,-34.94799651392793],[138.72258327150087,-34.948126842779516],[138.72258288299372,-34.948126823893745],[138.72263299231884,-34.94860599257248],[138.72244499174303,-34.948855002256494],[138.7216590076572,-34.94942600520591],[138.7220420163261,-34.950424006262836],[138.7217780158428,-34.95081000877485],[138.72203900809382,-34.951966998278294],[138.7220230082553,-34.952290008676925],[138.721354016075,-34.95257000630073],[138.72076099232595,-34.952587007084674],[138.72017900775506,-34.952480003949006],[138.71990399956996,-34.9528809909649],[138.719071999873,-34.953412995713165],[138.71882441561434,-34.95583048309027],[138.71807942442592,-34.95579749775629],[138.7179744321744,-34.95579250292161],[138.71755446406735,-34.95622651214376],[138.71711046427652,-34.95643452623233],[138.7168574723945,-34.95670551444789],[138.71651948828378,-34.95692351820577],[138.71603548844712,-34.95757754926444],[138.71593205112333,-34.95843627591336],[138.715588625215,-34.958855807849204],[138.7151592304142,-34.959338060303196],[138.71444758788596,-34.95991399243678],[138.71386560061705,-34.95988170407736],[138.71357830949148,-34.95998377353226],[138.71186109811129,-34.96020390058948],[138.7108513231301,-34.96005424081051],[138.70973445867844,-34.959656074068505],[138.70870869734858,-34.959072902392506],[138.70839340043517,-34.95855800274961],[138.70721299798151,-34.95819140131209],[138.70647449720036,-34.95815219896474],[138.70524954053394,-34.95781391627918],[138.70348599518263,-34.95732689741834],[138.7031854039833,-34.95681240067171],[138.70273090640626,-34.956305996924186],[138.70225766425983,-34.95558876241142],[138.70199366377665,-34.95533076130556],[138.70181065623683,-34.95522377525697],[138.70137263963568,-34.95496677329788],[138.70135564784493,-34.95495778277541],[138.70123366380255,-34.95488877779479],[138.70119564766105,-34.95488378206085],[138.6996766396652,-34.95461880671252],[138.69908867190475,-34.95431381602975],[138.69825968043995,-34.954120842203054],[138.69731968025906,-34.95361185200534],[138.69694067177466,-34.95352686337401],[138.69674969624157,-34.95352284880039],[138.6963426882645,-34.95361385029889],[138.6959636797801,-34.953507882282906],[138.69577868833585,-34.9533078784558],[138.69564467226382,-34.95299188007118],[138.6956306878061,-34.95261786552203],[138.6954486722185,-34.95230086799063],[138.69404067203948,-34.95150788358194],[138.69364467176422,-34.950985906274525],[138.69351168002004,-34.95081091529147],[138.6932276804132,-34.95072690692115],[138.6927346882553,-34.950441913563395],[138.691678688121,-34.95069693611464],[138.69119471976057,-34.95092395018014],[138.69069270380533,-34.9509929551607],[138.68964972765286,-34.95077596853605],[138.68902873588752,-34.950803977921225],[138.6883547515706,-34.9510069782894],[138.68787375996612,-34.9511549968056],[138.6872937916752,-34.95145800808058],[138.68671478386022,-34.95168302385241],[138.68473884831928,-34.95241105382701],[138.6843078401348,-34.9524810579544],[138.68297683181538,-34.95229909182956],[138.68242083225562,-34.951738098334545],[138.68186284789215,-34.95123610036569],[138.681394847894,-34.95091310885283],[138.681314847802,-34.95062112326616],[138.6812218561039,-34.95028211123042],[138.680294816053,-34.94932112806754],[138.67992380793748,-34.948941138422754],[138.67950182444974,-34.9486981407066],[138.6792358076865,-34.948542148801096],[138.67856284769732,-34.94814915316084],[138.67667183963374,-34.947583182817596],[138.6757138557099,-34.94772221081132],[138.67426988804493,-34.94818522856542],[138.6737659196615,-34.94854324057803],[138.67300489625904,-34.94908423584877],[138.67274092815137,-34.94913725717862],[138.6723899524344,-34.94891525683357],[138.67229894374134,-34.94875626838706],[138.67208195172077,-34.94862626868729],[138.67199395215926,-34.948573266243216],[138.6719929278314,-34.94854425771126],[138.6719819201296,-34.948141254415305],[138.67238390359432,-34.94744226894551],[138.67228086377088,-34.94685126777176],[138.67193987232736,-34.946676257902936],[138.6718298555635,-34.944927267179594],[138.67195385588582,-34.94493923715601],[138.6725228479511,-34.945049237732064],[138.67264684827353,-34.9448942449734],[138.67195385588582,-34.944075250372464],[138.67191785602427,-34.94368223584644],[138.67242480026437,-34.9434562398136],[138.671955808314,-34.94256624193849],[138.67177680005932,-34.94219424366935],[138.67174681576296,-34.94210823790479],[138.6715517761936,-34.941544246070066],[138.67173878391782,-34.94115125132913],[138.67220076835088,-34.941094234311436],[138.67225977556825,-34.94089423048433],[138.6713007358403,-34.9390782519597],[138.669770751619,-34.93799326397789],[138.6694227517587,-34.93785225657632],[138.66906275224426,-34.93781327726089],[138.6672447682315,-34.93791730274131],[138.66562182378823,-34.938010339405594],[138.66476780778817,-34.93805934616188],[138.66441481579113,-34.93807936327198],[138.66256083191695,-34.938189400720205],[138.66135987186067,-34.93826140314121],[138.66016287961327,-34.938332424401835],[138.66016055126852,-34.938332541313684],[138.65863491167192,-34.93840943964386],[138.65773193568032,-34.93845446869875],[138.6576629441896,-34.93845846528592],[138.65622995185083,-34.9385314848401],[138.65595692757017,-34.93854450882196],[138.6549399679053,-34.93859653010571],[138.65346278378047,-34.938671159446415],[138.65343900840355,-34.93867254710034],[138.65254120171517,-34.93871779558975],[138.65231555911578,-34.93868216804759],[138.65206069124793,-34.93868216804759],[138.65195146229019,-34.93689809207325],[138.65184223243318,-34.93616989842201],[138.65183832577816,-34.936155835723184],[138.65176295359754,-34.935884496772076],[138.6517037656164,-34.93567141860103],[138.6516601835707,-34.93551452287687],[138.65169659442233,-34.93467710026795],[138.65140531570285,-34.931837142869824],[138.6513756965312,-34.93056351219627],[138.65136890575047,-34.93027152571028],[138.6512960867451,-34.92888795741328],[138.6511105026476,-34.92711165338005],[138.65104121887725,-34.9264485058938],[138.65024020532132,-34.92648491584612],[138.65023863960164,-34.92646657866965],[138.64973654630467,-34.92058491895881],[138.64756357739725,-34.92071428463646],[138.64737781613337,-34.91866113959986],[138.6472507167473,-34.91639290281017],[138.6470554532466,-34.914498846944184],[138.64640660138366,-34.91453940007324],[138.64612000903128,-34.91196007339863],[138.64595624158733,-34.90860285473792],[138.64587221073396,-34.9071533130749],[138.64579247594213,-34.905777878246454],[138.64546494555088,-34.90151998585861],[138.6454649419536,-34.90151994269115],[138.64546029875385,-34.901520204393876],[138.64513890443698,-34.89697876385884],[138.64493208195006,-34.89405627297856],[138.64539834355878,-34.89384255359096],[138.65647311054568,-34.8894719096009],[138.6568607965886,-34.89448274318403]]]},"properties":{"School_Name":"Norwood International High School","ENTITY_CODE":787,"zoneType":"secondary"}},{"type":"Feature","geometry":{"type":"Polygon","coordinates":[[[138.5865283204257,-34.954590446591794],[138.5867300158776,-34.954790006153814],[138.5867441604147,-34.95478933975619],[138.58990099213713,-34.95464200562401],[138.5899284484392,-34.95495998431579],[138.5944554881304,-34.95473176785674],[138.59444617565055,-34.95450736272454],[138.59729216030507,-34.954347319373255],[138.59727334378988,-34.95389989676278],[138.59831897564027,-34.95385120476925],[138.5983605441039,-34.954620546001365],[138.60005375977323,-34.95453777689687],[138.59999212833407,-34.95399028762165],[138.6009080959319,-34.953944260319304],[138.60135708785936,-34.95392126465458],[138.6014820801339,-34.95391527067318],[138.60229507176018,-34.95387523645297],[138.6036730561667,-34.953807230619134],[138.60418803225195,-34.95382922713708],[138.60771299156136,-34.95363316413915],[138.60772400016253,-34.95363316413915],[138.60773199963216,-34.95372516478449],[138.60781199972405,-34.95475019406615],[138.60782099204516,-34.954867187770446],[138.60787104021642,-34.955511191388325],[138.6078890239594,-34.95574018486161],[138.60792201558866,-34.95616918126268],[138.6079930242587,-34.95680017888509],[138.60801507203803,-34.95705518255062],[138.60807305582694,-34.95773318953502],[138.6101630397925,-34.95762514948103],[138.6124119996142,-34.95750913603774],[138.61481097624562,-34.95738609259405],[138.61617692772313,-34.95731407218665],[138.61689689617492,-34.95727807142583],[138.6177408964253,-34.957240053485634],[138.61884086441444,-34.957191046729406],[138.61983088039085,-34.95714603656029],[138.62099084844897,-34.95709401437722],[138.62228883186413,-34.95703300167162],[138.62354979198938,-34.95697398636031],[138.62586975958186,-34.95687393858134],[138.62786972770584,-34.95677192938098],[138.62825673565987,-34.956751931156646],[138.6288087035589,-34.9567229046383],[138.6297727039472,-34.95667191847423],[138.63008771217824,-34.95665789534553],[138.6313636801898,-34.956593885199595],[138.63259865620307,-34.95653087420044],[138.63275065601806,-34.95652286393897],[138.63329763178035,-34.95649485455385],[138.63390364803502,-34.95646484777444],[138.63416563223825,-34.95644986327051],[138.63485062425696,-34.95641684016499],[138.63601759983248,-34.95635882489978],[138.63601862416022,-34.95636781542231],[138.63618063972478,-34.95836381753611],[138.63626464000117,-34.95934583494227],[138.6364866556347,-34.95931081444252],[138.63648764758693,-34.95931982385076],[138.63658067166068,-34.96048582276245],[138.63669171185313,-34.961890823702504],[138.63672569633388,-34.96231081069533],[138.63677571212952,-34.96296384260722],[138.63685875192994,-34.96402683407109],[138.63685875192994,-34.96403584347934],[138.63866470391304,-34.963938792241436],[138.63907369579454,-34.96391779487027],[138.63992771179448,-34.96387178555443],[138.64042668804132,-34.96384477531609],[138.64093968022212,-34.96381678481674],[138.64423760028512,-34.963637723502075],[138.64547260777465,-34.96421472043295],[138.64686262421083,-34.964862700852905],[138.64721462425553,-34.965025704772415],[138.64733760025013,-34.96508168577111],[138.64802662392958,-34.96572868593006],[138.64867961627135,-34.96655169510461],[138.64917164795327,-34.967650669342845],[138.65012764797268,-34.96865766182157],[138.65053868761038,-34.9704126636135],[138.6514027202594,-34.97259464642576],[138.65155769593093,-34.97277165458814],[138.6516077441022,-34.972780331247236],[138.6520912960765,-34.972841233336226],[138.6527920640026,-34.97286359947549],[138.65439663979316,-34.9727046101296],[138.6559176002171,-34.972227569246854],[138.6575489281406,-34.971227810914684],[138.65835254433455,-34.97073554450975],[138.65906854407808,-34.970444521197635],[138.66044752043683,-34.96955949927144],[138.66145747168503,-34.96914948396147],[138.66192447973106,-34.968960469849776],[138.66510643221613,-34.96776540664814],[138.66591238394938,-34.967093412530915],[138.66632137583088,-34.966983393069086],[138.6684703679132,-34.96688735986373],[138.67087731163872,-34.96779731909095],[138.67113532803307,-34.96795932386368],[138.6711563200082,-34.96805831673788],[138.6710460163606,-34.96809799932316],[138.67057001599346,-34.968068991690586],[138.66870099185735,-34.96750300246157],[138.66822499238958,-34.967473994828936],[138.66783900786402,-34.96762399275303],[138.66756201577448,-34.968149004373004],[138.66742899165467,-34.96946200466772],[138.6671430081434,-34.969455991800544],[138.6667679998434,-34.969213993231165],[138.666199007778,-34.96910399265511],[138.66590601585006,-34.96933400326162],[138.66559401585118,-34.97025099248924],[138.66472499196482,-34.970627005332005],[138.66437900838457,-34.97103300606835],[138.6643766719459,-34.971377217084864],[138.66441481579113,-34.971470660242744],[138.66498899244812,-34.97224299891525],[138.66496400028848,-34.97331834796336],[138.66494099203317,-34.97393099402012],[138.66500889624365,-34.97425457728684],[138.66514000031088,-34.97448399613944],[138.6655190078959,-34.97457000280332],[138.66590499242147,-34.97444000310361],[138.6661160003532,-34.9738749941356],[138.6663830081693,-34.973546008641335],[138.66677600021228,-34.973161005276154],[138.66720793559784,-34.972843693881316],[138.66798700839377,-34.97249700343394],[138.66851299218092,-34.97246799580131],[138.66886899241013,-34.97253300419476],[138.66924201590632,-34.97281500011212],[138.66965727965976,-34.973566729021286],[138.6705000001749,-34.973900006080385],[138.67082601610787,-34.974162003773415],[138.6711790081048,-34.97539700766572],[138.67121199973406,-34.975701000101026],[138.67149299200798,-34.97586400312122],[138.67183001564274,-34.97579100245275],[138.672315008331,-34.97548599288422],[138.67281401605408,-34.974709992172336],[138.6732089920015,-34.974246992404744],[138.67358940792485,-34.974093275784014],[138.67387340843106,-34.974041272486716],[138.67425340796842,-34.974087281802554],[138.6753380164364,-34.97448599443305],[138.67533788783328,-34.97448608616389],[138.67515593609767,-34.97461449496291],[138.6749784324088,-34.97473925880968],[138.67416643183537,-34.975312278039155],[138.67195747205972,-34.97686831292225],[138.67004054373615,-34.978219349143615],[138.66996259229984,-34.9789933524612],[138.66921459197988,-34.979518382067624],[138.66878246413944,-34.97982178274901],[138.66741600004843,-34.98078100773728],[138.66699865616306,-34.980366404086226],[138.6651710080356,-34.98166199620414],[138.66517113573934,-34.98166212570652],[138.66517068787698,-34.9816624395699],[138.66721270380333,-34.9836574056647],[138.66940371221165,-34.98579837399569],[138.67080268769394,-34.984757360164],[138.67156966370908,-34.985209334243336],[138.67375164831992,-34.98527630405812],[138.673537632156,-34.98547231129811],[138.67290659226546,-34.98605432194938],[138.67289500809818,-34.98606499600271],[138.67289497572267,-34.986065051760704],[138.67289468793956,-34.98606531076541],[138.6726256638434,-34.98644633642925],[138.67253321623502,-34.987112410309464],[138.67244672033996,-34.987733344518176],[138.67170470410883,-34.98790935353378],[138.67139875205078,-34.98812635814488],[138.6711857602147,-34.98964435710138],[138.67298374420454,-34.990233341995065],[138.6731727358332,-34.99028031358557],[138.67528972823845,-34.99080930290694],[138.675410336318,-34.99120562783742],[138.676624864446,-34.99520891675803],[138.67728499200882,-34.99776356333774],[138.67735683165256,-34.998042284823555],[138.67739580827003,-34.9981924491222],[138.67756585567975,-34.998850530727395],[138.67760483229722,-34.99900211955213],[138.676080992244,-34.999979992882345],[138.6760812476515,-34.999980085512505],[138.67608089601663,-34.999980307645046],[138.67620489633896,-35.000028296368725],[138.67620767974074,-35.00002857425926],[138.67621401636382,-35.000030997932186],[138.6795825601871,-35.0003610374319],[138.68002086367198,-35.00040421658127],[138.68001852813268,-35.000409673667434],[138.6784020156406,-35.00413000529545],[138.66311500765153,-34.99811199217464],[138.66182560017137,-34.99747555545247],[138.65663001616235,-34.995076993408475],[138.65416700780122,-34.99329499936471],[138.65451599961375,-34.99218400029133],[138.6537840000317,-34.98966800027796],[138.65254000022094,-34.9893170002793],[138.65127299215487,-34.98865599497816],[138.64823500763953,-34.989387004406694],[138.6457169922454,-34.987782998786315],[138.64499913630118,-34.98745338376659],[138.64450201625516,-34.987276005982835],[138.6429830082593,-34.986992992932244],[138.62703001632224,-34.987300000794335],[138.627071392331,-34.98861499938266],[138.62728143978666,-34.99169201177688],[138.62521548840414,-34.99175901846388],[138.62484947242524,-34.99177104329897],[138.62485948817493,-34.991789044129064],[138.62472246387063,-34.99180003294509],[138.62174652807983,-34.99205107779494],[138.62137155215544,-34.99173008457569],[138.62117555211012,-34.99204106923992],[138.62103254371698,-34.99204408466676],[138.62089852764495,-34.99208508116152],[138.62050953578648,-34.99209910429016],[138.62016358368248,-34.99211308964732],[138.61918358435503,-34.99215310588107],[138.61835158375868,-34.99218511005472],[138.61590662389165,-34.992280145012614],[138.6159386235687,-34.9928301496916],[138.61599865601318,-34.99388215233944],[138.6160246716014,-34.994340157272404],[138.61500467222788,-34.99444016817915],[138.61494268825447,-34.99449816545791],[138.61468169600357,-34.994391161422925],[138.61370070382452,-34.99398919324665],[138.6124666882871,-34.99334419138131],[138.61221868764244,-34.9931341978849],[138.6120576964056,-34.99278521326693],[138.61079174414374,-34.993699224839304],[138.60960275226523,-34.99489223398939],[138.6094918083004,-34.995739237975386],[138.60883379234565,-34.99618323776616],[138.60853583975722,-34.99663426755734],[138.60848083182498,-34.99701825378935],[138.60861081623625,-34.99760426012847],[138.60884185566715,-34.997946250718826],[138.60961584009897,-34.998467247765234],[138.6096838720132,-34.9985362347594],[138.6099638723349,-34.99882224435106],[138.61043984032642,-34.999024227586006],[138.61076182369925,-34.99929521580151],[138.61129382395086,-34.999681218313526],[138.6112518723761,-34.99987822470024],[138.61103187212325,-34.99999721669815],[138.6104638720102,-35.00005223542229],[138.61005686403314,-34.999930246883366],[138.60962585584866,-35.00006124483053],[138.6079218878849,-34.99966726892927],[138.60754089639534,-34.999683271465756],[138.60718688007057,-34.99979728661543],[138.60672591996524,-34.99978727806041],[138.60635091166534,-34.99987628216462],[138.60585993578752,-35.00018029258638],[138.60569596779476,-35.00035130676736],[138.6055729603239,-35.000348291340515],[138.60245897590107,-35.00028633434681],[138.60236294359504,-34.99911134401327],[138.6023459518043,-34.99892033160796],[138.60206399995366,-34.99923033601118],[138.6014040000946,-35.00005334518568],[138.6013579835842,-35.000115357937375],[138.60131798443751,-35.000170357775744],[138.60097702357086,-35.0009653584645],[138.60085603238008,-35.00133336014642],[138.60081903966704,-35.001494347785865],[138.60081622388964,-35.00150335719411],[138.6008020478763,-35.001549347624234],[138.60077104015147,-35.00164736113675],[138.6007410558551,-35.001907378522674],[138.60070006385695,-35.002574377805274],[138.600715040267,-35.002808365213866],[138.60076608039037,-35.00328736751794],[138.60090908788413,-35.00404736569334],[138.600943072365,-35.00475136488353],[138.60091312044426,-35.00502137283803],[138.60081411228157,-35.00539736679502],[138.6007601277778,-35.00576636762372],[138.6007501120281,-35.00609037626981],[138.6007561599689,-35.006262370711795],[138.60075315173663,-35.006361364485315],[138.60076214405774,-35.00644237631457],[138.60077113637885,-35.0066233801648],[138.60097216003726,-35.00675737555241],[138.60101315203542,-35.007567379630814],[138.60109516840737,-35.009197377456985],[138.60110313640064,-35.00935268497841],[138.6010271679695,-35.009299367771575],[138.60091280028553,-35.00930519537843],[138.60110726428888,-35.01300338210035],[138.60111526375852,-35.013472394735174],[138.6010682876714,-35.013949398745694],[138.60102828762547,-35.014122392334514],[138.60101827187577,-35.01416538622357],[138.60035830439233,-35.01425039374061],[138.60023731230217,-35.014265397130316],[138.59985430363326,-35.014276404832174],[138.59952230361148,-35.01436041320244],[138.59927030368158,-35.01438240972038],[138.5991263042356,-35.014433413870904],[138.5988803522465,-35.01458141440071],[138.59866732803482,-35.01476641393879],[138.59826732757517,-35.015308427242076],[138.59822134433966,-35.015397430447024],[138.59812438393328,-35.01572943136813],[138.59803135985942,-35.01589043699403],[138.59788736041344,-35.0159324317363],[138.59759238368167,-35.01592641976839],[138.59724438382136,-35.01583845168318],[138.5966233596804,-35.01570945113025],[138.59609136032805,-35.01554544896328],[138.5957673597759,-35.01538546136993],[138.59533241615816,-35.01527745818811],[138.59463440015747,-35.01516446017166],[138.59446940783698,-35.01517946356137],[138.59431539174204,-35.01521648235473],[138.5942264002283,-35.01523747972584],[138.59397139206612,-35.01534947859551],[138.59373743973117,-35.0154714860202],[138.5934054397094,-35.015582485743096],[138.59324044828816,-35.01561449081606],[138.59306544021797,-35.01560248486675],[138.59275043198693,-35.015505507373234],[138.59259744021972,-35.01548451000207],[138.5923784319192,-35.01548950483675],[138.59201443222037,-35.01556350465199],[138.59195942428812,-35.01556250640448],[138.5918514238042,-35.015505507373234],[138.591360480302,-35.01542451442975],[138.59115545555994,-35.015339525798424],[138.59111145622876,-35.01533852665165],[138.59065545588464,-35.015202514084706],[138.59020848023727,-35.015130512563076],[138.58995648030736,-35.01513454512309],[138.58958246395957,-35.01518153559937],[138.58943846361421,-35.015223530341586],[138.58917148817375,-35.0153445386195],[138.58897148794392,-35.01545753663595],[138.5884234878538,-35.01582555720364],[138.5882135042499,-35.015902554459274],[138.5880375042275,-35.0158995579182],[138.58782249611136,-35.01576855907172],[138.5876965118846,-35.01559456633612],[138.5877095043902,-35.01550456398439],[138.58773251174614,-35.015469562370356],[138.58790950372065,-35.015418557320515],[138.58798950381265,-35.01532056269377],[138.58795251199888,-35.015094548674426],[138.58790051229892,-35.01496756440156],[138.58783651204544,-35.01491256366381],[138.58756348776478,-35.01487956034339],[138.5873464957442,-35.014812552757064],[138.58715251197896,-35.01469156336492],[138.58687548841317,-35.01445158107555],[138.58671251237263,-35.01437658211353],[138.58665350425588,-35.014362577870656],[138.58545852828854,-35.0144235905762],[138.58227657580335,-35.01456863053784],[138.58198556777984,-35.01458263478071],[138.5818455999945,-35.01458862876217],[138.58103958440938,-35.01462564755553],[138.58067359990673,-35.01464165009202],[138.58053958383482,-35.014648643220255],[138.58060032044853,-35.014721588130726],[138.58049260774771,-35.01472665760912],[138.5789936321505,-35.01479865913075],[138.57652966421267,-35.014922701721275],[138.57638064025446,-35.012784712844166],[138.5761655997627,-35.01115269783867],[138.5759005443747,-35.007717710304064],[138.57579548827118,-35.00612569264655],[138.5757335042979,-35.00517767860691],[138.57571747208374,-35.00493667918437],[138.5756734718533,-35.004246685136366],[138.57563945589618,-35.00373068292464],[138.57561145640364,-35.00330268567035],[138.5755304319839,-35.002044685214],[138.57544940756418,-35.00080468558775],[138.57537436813266,-34.999720678766266],[138.57532438381338,-34.998848680821936],[138.57530038360585,-34.99854468928595],[138.57528735962399,-34.99836768112357],[138.57518435217617,-34.99701168693974],[138.57511331202977,-34.99607368055587],[138.57502032033153,-34.99483667836995],[138.57499126413563,-34.99445568957839],[138.5748912316451,-34.992805692628565],[138.57474620787127,-34.99103766685482],[138.57474022378233,-34.99095967045241],[138.57464521580414,-34.98968267091851],[138.57464719970858,-34.989593667713564],[138.5745501763496,-34.988568675304066],[138.57446115156097,-34.98763066981951],[138.57443014383614,-34.98730266458625],[138.57439315202237,-34.986398661568956],[138.5742841281101,-34.984907672850795],[138.57422707242154,-34.98412366187745],[138.574156096127,-34.98315766589354],[138.57410608033138,-34.98276067366612],[138.5740580484403,-34.98215267170838],[138.57403904036948,-34.98191966366153],[138.57393302379012,-34.98058566599565],[138.573849024413,-34.979608662309886],[138.5737509758269,-34.978169676889024],[138.57366595212204,-34.97698166257362],[138.57357795166115,-34.97574965522239],[138.57352892781785,-34.975055645701445],[138.5734488962496,-34.97392764584413],[138.57344588801743,-34.97389264333077],[138.57336287969326,-34.972722647831915],[138.57331286389763,-34.97201765039421],[138.5733038715765,-34.97189664121697],[138.57325686401316,-34.97123865224194],[138.57323785594235,-34.970965647746425],[138.57320486431308,-34.970513655680634],[138.57316982402824,-34.97000964143177],[138.57313983973188,-34.969600643255035],[138.57307980818666,-34.968746646140744],[138.57307679995438,-34.96870365225169],[138.57293279960913,-34.96726564709189],[138.57278605273416,-34.9651734795724],[138.5726298872596,-34.962765997152985],[138.57260245164184,-34.96234303700152],[138.5725959072754,-34.96226123376886],[138.57244919277605,-34.9604273605342],[138.57236942291058,-34.959430260598026],[138.57229143550137,-34.95845544945939],[138.5722892726319,-34.958428410442764],[138.5722892636387,-34.95842828993358],[138.5722926729685,-34.958426767381354],[138.57286304189597,-34.95817215042433],[138.57295819646367,-34.958123930574914],[138.57564382660144,-34.95676299461644],[138.57674662565637,-34.95620415409837],[138.57700189192383,-34.95607501325122],[138.57708877902405,-34.95603105618824],[138.57745176608626,-34.95584711155493],[138.57745223463303,-34.9558468741339],[138.57841185262498,-34.955360584623236],[138.57909844363837,-34.955012653111396],[138.5801489201366,-34.95448024097033],[138.58051796952873,-34.9542931963739],[138.58069045410127,-34.95420700984556],[138.5814569921465,-34.95382399128414],[138.5833113600313,-34.95287747641436],[138.5842843203652,-34.952384469867354],[138.58508127977734,-34.95198046652524],[138.58550531192066,-34.95286247212533],[138.58555830357295,-34.95296446333924],[138.58601331196485,-34.95372644092248],[138.5865283204257,-34.954590446591794]]]},"properties":{"School_Name":"Unley High School","ENTITY_CODE":797,"zoneType":"secondary"}},{"type":"Feature","geometry":{"type":"Polygon","coordinates":[[[138.66227875236257,-34.795285540295424],[138.66265072005478,-34.79530524264277],[138.66384464021803,-34.79526581906225],[138.6641146238909,-34.79532988496618],[138.66500255962046,-34.79604426233277],[138.66519903990388,-34.79610176048783],[138.6697099520527,-34.79614068494459],[138.67213692817677,-34.797393652794824],[138.67221593631643,-34.797388712818815],[138.67222294383384,-34.7974546466146],[138.67223494438724,-34.7974986585362],[138.67226396820763,-34.79787365334636],[138.67226896034435,-34.79794066093274],[138.6723159679077,-34.79853365950072],[138.67231795181215,-34.798552658578274],[138.67236195204248,-34.799107658991204],[138.67243699237338,-34.80005767132445],[138.67249398421006,-34.800789679000445],[138.67250499191186,-34.80092767007585],[138.6725270396912,-34.80120666855288],[138.67254102414904,-34.801377664747406],[138.67255103989862,-34.801511678121415],[138.67256102417196,-34.80163666410073],[138.67257103992165,-34.80176166896581],[138.67258102419498,-34.80188767207835],[138.67259103994456,-34.802012676943434],[138.6726000322658,-34.80213666377597],[138.6726110399676,-34.8022656643289],[138.67261603210432,-34.802334669309516],[138.67264003231173,-34.802634665157655],[138.67286710393375,-34.80539166459363],[138.67306713563983,-34.807821695714665],[138.67193516797374,-34.80788470671382],[138.67180214385394,-34.807890700695225],[138.67160015971967,-34.80789971010347],[138.67070019196035,-34.80795073313976],[138.66986201571956,-34.80799761210005],[138.6716431679979,-34.80852671203809],[138.6724151676259,-34.808938706755896],[138.67328915217274,-34.80946168321009],[138.67356723244188,-34.8127946804301],[138.67361824018974,-34.81356870173414],[138.6736782402586,-34.81439870493625],[138.6737942716884,-34.815858705714675],[138.67277228841044,-34.8159127261913],[138.67064035197075,-34.81602276363958],[138.6703143360378,-34.816037767928606],[138.66963935976867,-34.81607077124903],[138.6690533444364,-34.81608879006558],[138.66888537625914,-34.81603077480037],[138.66866739228635,-34.815911782802516],[138.66702838415267,-34.81501880637279],[138.66691843214005,-34.81496756120396],[138.66425139188834,-34.81372386176679],[138.66319641608175,-34.813306853328584],[138.66212140787673,-34.81320588014722],[138.66128444841866,-34.81313689315306],[138.66040745563964,-34.813066907911434],[138.65945443237626,-34.81294092278529],[138.659067488274,-34.8133689209389],[138.65837750411856,-34.814133950821144],[138.65786752016993,-34.81470395462378],[138.65720252817425,-34.815448968295186],[138.65641456018386,-34.816331991927825],[138.65595260812643,-34.81684799324023],[138.65537360031146,-34.81749501228495],[138.6551566082909,-34.81773299628071],[138.65424265607373,-34.81875902470915],[138.6541946556589,-34.8188140254469],[138.65423366375262,-34.819479026435886],[138.65374867196374,-34.819507035821005],[138.65361465589172,-34.81943403425322],[138.6532647036032,-34.819857036672886],[138.6529357118137,-34.8202350657956],[138.6524227196329,-34.82082305154256],[138.65188972832834,-34.82142008356993],[138.65117875219767,-34.822141102429896],[138.65097977629569,-34.82220309629582],[138.65080275194555,-34.82226910383605],[138.6503907842074,-34.82232009000012],[138.64943779242026,-34.82244611199843],[138.6483488321329,-34.82247713681039],[138.64776883236584,-34.82256414172173],[138.64709183981665,-34.82274916014558],[138.64644700792314,-34.82296000529993],[138.64351699241536,-34.82038199343418],[138.64086300762176,-34.81839100414146],[138.64061187194045,-34.81891621990758],[138.64013887980548,-34.81941923411034],[138.63917193593613,-34.82043223855692],[138.63796796764768,-34.821926261587635],[138.637885952175,-34.822020260526585],[138.63746297583577,-34.82244927581337],[138.63569305608974,-34.82440130287779],[138.63553606413814,-34.82451731632102],[138.63450409568748,-34.82570233409541],[138.63387212769658,-34.82644632973427],[138.63237417642722,-34.82811937720743],[138.6317461762451,-34.82882137810407],[138.63073824037758,-34.829942385732465],[138.63047625617435,-34.83022541766883],[138.62832630361606,-34.832627439404746],[138.6269263676578,-34.83422047419549],[138.62656137600675,-34.83463546635363],[138.62633939184957,-34.83493747848178],[138.62554240006182,-34.83444349167377],[138.62460739201754,-34.833862499055044],[138.62455539231757,-34.83377850867117],[138.62421039979017,-34.833586497119086],[138.6230544004403,-34.8329855251618],[138.62260240028058,-34.8327445257392],[138.62188540768545,-34.83236251891509],[138.62223539234958,-34.83193352251402],[138.62223139216508,-34.83155852770386],[138.62223040021286,-34.83144251426057],[138.6222243837484,-34.83084551910537],[138.622512384439,-34.83050650617025],[138.62303433566615,-34.8299335058266],[138.62334732761713,-34.82958750066257],[138.62508428810952,-34.82765846836361],[138.62568723228003,-34.82698845365417],[138.62581724816755,-34.82684345056475],[138.626413216297,-34.8261814470161],[138.62700620767043,-34.8255224211228],[138.6266502083405,-34.82528443712704],[138.6255412156546,-34.82453644580028],[138.62530521556334,-34.82442344778383],[138.62402124808216,-34.824462463971486],[138.62304524803983,-34.824490491343056],[138.622217247628,-34.824490491343056],[138.61981830427135,-34.824491527362056],[138.61979529601615,-34.824645521873265],[138.61736086361304,-34.824716728394264],[138.62942790387478,-34.81137334420441],[138.62958790405855,-34.811212338578514],[138.63153984029145,-34.809031299155095],[138.63337372791523,-34.80697426634924],[138.63907353571517,-34.80058116578812],[138.6396344959353,-34.79995614326134],[138.6408994877213,-34.79854512945411],[138.64291539183193,-34.79629810137624],[138.64495830438227,-34.79402106561963],[138.64613526423113,-34.792708046439145],[138.64698220796254,-34.79176402808736],[138.64917814375644,-34.78927797999472],[138.65073110385742,-34.787521960170295],[138.6513700802651,-34.78790794379654],[138.65165407987195,-34.78808295366531],[138.65371507239274,-34.78933893784165],[138.65397107160777,-34.78947990747173],[138.65405606383638,-34.789506917710014],[138.65467705560172,-34.78960591058427],[138.65457807981454,-34.790039902719286],[138.6550590723184,-34.79010291371844],[138.65516006438554,-34.790135917938244],[138.6567980481915,-34.79115887518191],[138.66091404824476,-34.793667826309104],[138.66040406429624,-34.794243842079595],[138.6612890556455,-34.794790813345344],[138.66166905608213,-34.79505380928583],[138.66227875236257,-34.795285540295424]]]},"properties":{"School_Name":"Para Hills High School","ENTITY_CODE":574,"zoneType":"secondary"}},{"type":"Feature","geometry":{"type":"Polygon","coordinates":[[[138.5480680001382,-35.11186029681522],[138.54824707224464,-35.11450130169368],[138.5507280319731,-35.11444126924914],[138.55197200030761,-35.11438824791924],[138.55209500777846,-35.11435624284627],[138.5535819522454,-35.114293231847114],[138.5539509755571,-35.11427822845741],[138.55440396766903,-35.11425922937991],[138.5551459524238,-35.11422720542117],[138.56071888027213,-35.11399012794203],[138.56100585573574,-35.11397813997911],[138.56115487969396,-35.11397112886448],[138.56257382372303,-35.11390711871849],[138.56428783981198,-35.114474069322796],[138.56763180786174,-35.11523704605281],[138.57160371224154,-35.11459198842948],[138.57394771241707,-35.115239950862986],[138.57490649583815,-35.11521745522134],[138.57569808000244,-35.115194737447155],[138.5764640002135,-35.115084181090026],[138.57846438382433,-35.114818872093224],[138.58038800040595,-35.11449299465596],[138.58290400041938,-35.11281199267927],[138.58445401613994,-35.11272900144223],[138.58649801597073,-35.111946007602114],[138.58689846429274,-35.111841445226446],[138.59426201607926,-35.10989999958525],[138.59414700807804,-35.1123999970622],[138.59325942398334,-35.115805681087295],[138.59072099218008,-35.11874499828298],[138.58851945630795,-35.12027844489427],[138.5879094722444,-35.120902134625794],[138.58725500771254,-35.121868001107316],[138.58684000026585,-35.12270000170366],[138.586771999828,-35.123213007374375],[138.58679020840145,-35.12329475844632],[138.58675801626953,-35.12329699685887],[138.58723299230883,-35.12528199127081],[138.58681299182615,-35.126110995326144],[138.5863520002447,-35.12751899280721],[138.58562399994776,-35.132357001874084],[138.58676700769126,-35.13441499785381],[138.58688479999364,-35.13588474818255],[138.58726899217027,-35.14004700756328],[138.5827559998895,-35.14319400609844],[138.5771440000956,-35.14605199670223],[138.5765550080073,-35.146089995756654],[138.57658601573212,-35.146456999191116],[138.57623999977625,-35.14674900276424],[138.57474601631566,-35.14825000093674],[138.57437420780354,-35.148701492979455],[138.57381983961398,-35.149427710820135],[138.5731337279393,-35.150132097618155],[138.57232201604825,-35.15078400088089],[138.566139007909,-35.1516609936599],[138.56424899179763,-35.152151002766516],[138.5641329918442,-35.15222800002215],[138.56091094398494,-35.15241161280562],[138.55898601619174,-35.15220700265098],[138.55827999982216,-35.15255700440218],[138.5552470083428,-35.15273800825241],[138.55275699244135,-35.153900991737316],[138.54997801627246,-35.15410299385803],[138.54841001590955,-35.15459699865255],[138.5451660155992,-35.156580994817034],[138.54490601619977,-35.15660199218814],[138.54033100757,-35.15824199856934],[138.53536799993333,-35.158725995708096],[138.53269801620058,-35.15985399556541],[138.53192486364162,-35.160011634129546],[138.5313390083886,-35.160290003980435],[138.52655199987498,-35.16432600124392],[138.52315299241673,-35.164141000806524],[138.5221420159413,-35.16432799863816],[138.52092335992518,-35.16576628168849],[138.52006710371393,-35.16659828228484],[138.51808316780398,-35.168313639262976],[138.51434300792357,-35.17104200068775],[138.51350275155085,-35.172036874801904],[138.51328899169368,-35.17222699957631],[138.5121000321908,-35.17304048133309],[138.51103699216355,-35.17368999779512],[138.51009951997696,-35.17409514777279],[138.50990406402138,-35.174154588463466],[138.50974700821791,-35.17421900510294],[138.50955769643065,-35.174259945839765],[138.50955174381795,-35.17426175887306],[138.50954649627386,-35.17426236951269],[138.50931699198566,-35.17431200489506],[138.5088910083134,-35.17435399963733],[138.50181897626476,-35.17471704425617],[138.50171795182212,-35.17288504430928],[138.5017019519836,-35.1726040295523],[138.50168896037724,-35.172358035295076],[138.5015739200005,-35.171824032253255],[138.50215590367213,-35.17129702323899],[138.5040298560931,-35.169739008948056],[138.50463382369207,-35.16922898183202],[138.50627177602166,-35.16784396112985],[138.50728876806227,-35.16690493761274],[138.5075027203743,-35.1667269491893],[138.508672704182,-35.16567293026145],[138.51040764839433,-35.16455088661411],[138.51167664036473,-35.16384786858424],[138.5118706241301,-35.16376387820037],[138.51338659241742,-35.16317685472802],[138.51368755233875,-35.16305384815655],[138.5147435515737,-35.16268682673564],[138.51547951986402,-35.16235282842024],[138.51643548840718,-35.16179481258047],[138.51730447991793,-35.16115178922365],[138.5181604798223,-35.16034877827343],[138.51864243190278,-35.159787784778416],[138.51866742406241,-35.159751783118224],[138.51923840003224,-35.158963757571314],[138.51987436820764,-35.15792875660679],[138.5206473283116,-35.156647742499274],[138.52084332835693,-35.15636275004084],[138.52112931186832,-35.15589573569957],[138.5219212800431,-35.15460673021636],[138.52297225566508,-35.152896700822055],[138.52337919979027,-35.152192701631805],[138.52372419231767,-35.151455699121186],[138.52411619240843,-35.15074169137591],[138.52452015977758,-35.15000368971846],[138.52482310360347,-35.14956468476237],[138.5250041281381,-35.149266668322014],[138.5251191037637,-35.14900766806937],[138.52514710415562,-35.14894467505667],[138.52519612799892,-35.148666675726474],[138.52521110440898,-35.14854566744856],[138.52522009583083,-35.147818672593644],[138.52519907237934,-35.14719666639297],[138.5250900475677,-35.14588666263933],[138.52503903981994,-35.1452796589291],[138.5248259841319,-35.14244466309066],[138.52472895987364,-35.14112966540171],[138.52461593577686,-35.13963665950416],[138.52440086380886,-35.13677567146004],[138.52416483224124,-35.13451767255248],[138.5241358398972,-35.13415566485202],[138.52412182396301,-35.133975659249245],[138.52404579168,-35.132912649798925],[138.52395177565404,-35.13158764265552],[138.5237877438094,-35.12931264206475],[138.5236437119878,-35.12751864117229],[138.52353766393207,-35.12618664180002],[138.52322665588554,-35.126276644151744],[138.51934035167596,-35.12643548510948],[138.51377603213825,-35.12676535823465],[138.50759891995426,-35.127073142211714],[138.50579184022126,-35.127163182334925],[138.50590070405428,-35.12678010261959],[138.50598760374498,-35.12650440285586],[138.50608537623918,-35.1261942077964],[138.50633001611743,-35.1254550037454],[138.50667545560782,-35.12457284975716],[138.5074559358428,-35.12257281418397],[138.50795999955437,-35.12129999559829],[138.50839609610307,-35.120231251171276],[138.50873801564694,-35.11936800363043],[138.50891699242527,-35.11887699537698],[138.50891722894698,-35.11887624444307],[138.50907299242476,-35.11838199143574],[138.50927238381348,-35.117524331382754],[138.5093719999179,-35.11681700200302],[138.50938795029379,-35.11660287432312],[138.50939371674667,-35.11652545528551],[138.50941199996385,-35.116280002420126],[138.50941507924256,-35.115812174192456],[138.50941558376223,-35.11573547371307],[138.50939609635282,-35.11527955970388],[138.50939312319417,-35.11518697539856],[138.5093871040317,-35.114999506322135],[138.50937459176407,-35.11475116213637],[138.5092609921012,-35.112891375836284],[138.5091812797923,-35.11161801226143],[138.50917209591557,-35.11147129776214],[138.5091573299469,-35.111147721689974],[138.50913484779505,-35.11065504069751],[138.5091213435752,-35.11032339141133],[138.5091132802537,-35.10982568590663],[138.5091213435752,-35.109549554468344],[138.5091393596938,-35.109302671680894],[138.509161887711,-35.10908525967693],[138.50919340804944,-35.10884942236288],[138.5092294402865,-35.108602539575486],[138.50929225613277,-35.10824728398495],[138.50941414394765,-35.107718165161145],[138.50951321596222,-35.10733491907121],[138.50963936026835,-35.10697379990091],[138.50977449599623,-35.106605298195916],[138.51008163156212,-35.10588631360247],[138.52734115227247,-35.105040549781506],[138.5279801601563,-35.10500856269499],[138.52818915180796,-35.10499555759884],[138.5290741440566,-35.104969546507334],[138.52913616040553,-35.10496753022727],[138.53097513639352,-35.10486352273335],[138.53179510406085,-35.10483649450856],[138.53479305615463,-35.10469646826738],[138.53765398394432,-35.104536424916034],[138.5400729596994,-35.10440139261016],[138.5440128958785,-35.104210343332625],[138.54478790373878,-35.10417434257181],[138.54751686411203,-35.10404328886665],[138.5478979518291,-35.10933930196717],[138.5480680001382,-35.11186029681522]]]},"properties":{"School_Name":"Wirreanda Secondary School","ENTITY_CODE":638,"zoneType":"secondary"}},{"type":"Feature","geometry":{"type":"Polygon","coordinates":[[[138.53489318397328,-35.0623168341545],[138.53450422359106,-35.06312537683465],[138.53378726427093,-35.06420337168822],[138.53030739157293,-35.06748641876317],[138.52781148781003,-35.069841487794406],[138.52552153599015,-35.071985508424405],[138.52491814395728,-35.0725492403551],[138.52222364830277,-35.07506655337869],[138.52117068787697,-35.075900570255044],[138.51956572807592,-35.077129599051716],[138.51965987180574,-35.07724096929525],[138.51849888031916,-35.07808379233313],[138.51629984006559,-35.079583642970704],[138.51626118360684,-35.07968513416159],[138.51329190369847,-35.081820015880965],[138.51325587595795,-35.08184566544509],[138.51268537572957,-35.082251823562785],[138.511886720196,-35.082809709900175],[138.51081599995848,-35.083553003168504],[138.51046800009817,-35.08384700503524],[138.50967821907466,-35.084326184505755],[138.50951062411605,-35.08442786815152],[138.50936779378867,-35.08450289229461],[138.50924066562425,-35.08456966785582],[138.50913193579026,-35.08462678020169],[138.50848073579743,-35.08492590640543],[138.50839774545966,-35.08495942054077],[138.50816601624877,-35.08505300129491],[138.50798268765095,-35.08510754877432],[138.50766617575346,-35.08520172308101],[138.50733986124567,-35.085271216393494],[138.507284991809,-35.08528290128481],[138.5071231363238,-35.08531666363308],[138.50692005051997,-35.08537210683721],[138.50667500774546,-35.085439003806925],[138.50655452647027,-35.08545771240347],[138.505712160288,-35.08558852059372],[138.50392425589973,-35.0858526083112],[138.50335401557538,-35.08597500424298],[138.50198383998224,-35.08635403251253],[138.50137401599807,-35.08657899252643],[138.50039500772345,-35.08700700866649],[138.49964227157363,-35.08740836620308],[138.49948566902845,-35.08750139657212],[138.49924431797092,-35.08764477098936],[138.49922646373034,-35.087655377593535],[138.49835100789278,-35.08830099099788],[138.49793077718368,-35.08872549798332],[138.49754559935002,-35.08911459506248],[138.49753564835157,-35.08912464768429],[138.49699260802254,-35.08989850261378],[138.4969768932691,-35.089934723708495],[138.49655561574912,-35.09090571722504],[138.49634659172193,-35.09154583577168],[138.49623424031802,-35.092089827583436],[138.49618742431028,-35.092296695036396],[138.49614998373488,-35.09249590296349],[138.49614998373488,-35.09258784785084],[138.49613176796674,-35.09263256304229],[138.49612188801484,-35.09265681595923],[138.49610431975862,-35.09303978415869],[138.49611251168312,-35.093231462961626],[138.49611251168312,-35.09338469844505],[138.49610316772703,-35.09353027530193],[138.49610428828237,-35.093935203147055],[138.49619679974262,-35.094807107561905],[138.4964776643128,-35.095882476395104],[138.49700198435414,-35.09705474717879],[138.49739482890834,-35.09780796446597],[138.49741734433508,-35.09785113462215],[138.49921492812655,-35.100330571798395],[138.4992396801672,-35.100364711861914],[138.49927859473144,-35.10049744100405],[138.49929584013103,-35.10055626026315],[138.49933382209827,-35.100642191384],[138.49945500844194,-35.10091636319953],[138.49949073670825,-35.10102392121695],[138.4996169916309,-35.10140400439127],[138.49987001588863,-35.10201999862397],[138.4997620163041,-35.10202099777081],[138.49522000020295,-35.10224499640941],[138.49503532801805,-35.102280608663136],[138.48996700797113,-35.10255899650042],[138.4892560003642,-35.10147299138538],[138.48923203433094,-35.10144775461015],[138.4892176002121,-35.10142592716477],[138.48899299183313,-35.10119600918841],[138.488616991581,-35.101006994177396],[138.48832799983734,-35.10098799509984],[138.4883282201713,-35.1009837098303],[138.48833299197406,-35.10089099961988],[138.47654899174267,-35.10147600681222],[138.47650668763356,-35.10142324448708],[138.47635468781868,-35.10139223856089],[138.47633270389122,-35.10137423773085],[138.47632400025248,-35.10131999602095],[138.47638700765435,-35.101051006099],[138.47654809601784,-35.10092866592515],[138.47652771198443,-35.10073824527376],[138.4767760004122,-35.10026299853848],[138.47694806410198,-35.100049564235974],[138.47719100785878,-35.09986900375145],[138.47758966383196,-35.09938121417167],[138.47820000042975,-35.09880799169542],[138.47837062430494,-35.09853822475924],[138.47846064014652,-35.098437214705655],[138.4786676164174,-35.09813520257751],[138.47897663966023,-35.09773924726841],[138.47936419170412,-35.09711894168578],[138.47953942370555,-35.09686253237993],[138.48001599963868,-35.096036007755515],[138.48046499156612,-35.09538399387617],[138.48097801612266,-35.09471199975894],[138.4812255041537,-35.09451016491215],[138.48131641572013,-35.09446023275348],[138.48149251196992,-35.094363163529124],[138.48169552043203,-35.094178163091726],[138.48191510429865,-35.09406424057221],[138.48218751973832,-35.09389115435323],[138.48237951959925,-35.09371414619085],[138.4826159999285,-35.09344116058105],[138.48279123192992,-35.09326748260821],[138.48302448009576,-35.09306914432551],[138.4836689603543,-35.092511406376275],[138.4839302403883,-35.09230529705178],[138.4841489923822,-35.092085998270136],[138.48509199989599,-35.09138199907994],[138.48545679999143,-35.091061949249536],[138.48569439997664,-35.09087909549385],[138.48573542435042,-35.09084509212727],[138.48600441607095,-35.09065210031412],[138.48625241581635,-35.09043209826268],[138.48645638385506,-35.09022008848626],[138.4866493756682,-35.09000807870984],[138.48679939157876,-35.089786078364796],[138.4869823676422,-35.08953706868073],[138.487230368287,-35.089299065799196],[138.48751235161376,-35.08904308187266],[138.48806335993618,-35.08859504862255],[138.48835433558418,-35.08841206536448],[138.48866735991078,-35.088247063151414],[138.48891231994764,-35.08810803605695],[138.48914832003902,-35.08793204592712],[138.48937132762478,-35.08781103674988],[138.4895483195993,-35.08775104117757],[138.4897173121043,-35.08761904408357],[138.48993030394047,-35.08744403421474],[138.49011232042733,-35.087231025291544],[138.49030527986486,-35.087019014615805],[138.4907232964431,-35.08661301387946],[138.49093929561207,-35.086383022158714],[138.49118729625673,-35.08616300122151],[138.49167126371788,-35.08574900821014],[138.4919292477366,-35.085565007818786],[138.49217724838138,-35.085353996289825],[138.49243526387636,-35.08516997701281],[138.49269123161514,-35.08504898672129],[138.49292521632572,-35.084909977613336],[138.4931912321897,-35.08483398040386],[138.4934022077457,-35.084756983148225],[138.49356022402515,-35.084606966338356],[138.49367622397858,-35.08439295826838],[138.49374822370157,-35.08416896052904],[138.4937652163917,-35.08398895582559],[138.49375119955823,-35.08391697229041],[138.4937272002502,-35.083789969131715],[138.49373417629124,-35.08355596283735],[138.4937961917409,-35.08333196509807],[138.49384819234024,-35.083080957120444],[138.49394419227076,-35.08280295779025],[138.49413920036386,-35.08252795500107],[138.49417814370645,-35.08244696205759],[138.4942791681492,-35.08224196339586],[138.49438614430517,-35.08196494432667],[138.4945131519604,-35.08175994566494],[138.4947161604225,-35.08157494612681],[138.49519011213408,-35.0811339428771],[138.49539411164903,-35.08091294167889],[138.49556313563028,-35.080763924915175],[138.4956591355607,-35.080521926345796],[138.49573113618305,-35.080297927707136],[138.49585910431426,-35.0793359283104],[138.49589209594353,-35.0789859265592],[138.495914079871,-35.07864291793629],[138.49594505611947,-35.078328917845226],[138.49596604809472,-35.07765292714083],[138.4959880643977,-35.07729291773393],[138.49601001594954,-35.07654492550785],[138.49599903972398,-35.07620191688494],[138.4959850237899,-35.075948910613704],[138.49596003163026,-35.075678903558526],[138.49589203209166,-35.07540691619619],[138.49577702409044,-35.07520593210802],[138.49562601622767,-35.07513992456779],[138.49544201583637,-35.075063926458995],[138.49531401622892,-35.07495292673616],[138.49527302423076,-35.074852933815805],[138.49525401615995,-35.07477192288587],[138.4952600002489,-35.07456392678375],[138.49530198419927,-35.07426792662346],[138.495420992385,-35.07396393508748],[138.49557200024765,-35.07368691601829],[138.49576598401302,-35.07342991405926],[138.49592697614912,-35.0731719129534],[138.49611097564105,-35.072913911847536],[138.49626096007535,-35.07266490216347],[138.4963349760784,-35.07239591224152],[138.49640995165805,-35.07209991208123],[138.4965279364152,-35.071804892182],[138.49656694360965,-35.07161689520353],[138.49662992043454,-35.07133889587328],[138.49663593599973,-35.07128089859452],[138.4966619201116,-35.0710058958054],[138.49672592036495,-35.07071888706696],[138.49681190364652,-35.070431896314915],[138.497090912016,-35.069896895025636],[138.4972199035758,-35.069610885433974],[138.49739289626518,-35.069334864612244],[138.49756688000753,-35.06903187222309],[138.49803488000578,-35.068428864200655],[138.49818687982076,-35.0681338631872],[138.4983168318564,-35.06783087079799],[138.49842284843578,-35.067561843104556],[138.49849782401543,-35.067266860976815],[138.49862684795073,-35.067007860724175],[138.49878883203905,-35.06671385885744],[138.49915980777894,-35.066071853533174],[138.49933180761684,-35.065795851597215],[138.49951580800814,-35.06552083082164],[138.4995758080771,-35.0654288301763],[138.49968876832202,-35.0652538391933],[138.50007878360907,-35.064684834537445],[138.50028476792772,-35.06440983174832],[138.50045676776574,-35.06416981258673],[138.50064972810253,-35.063938821719205],[138.50083372759457,-35.063672810351875],[138.50121273607897,-35.06309481517354],[138.50128972793868,-35.06307781349028],[138.50135574357273,-35.06307981178384],[138.50136073570945,-35.06307681434345],[138.50137475164354,-35.06306982121521],[138.50154070444,-35.06277879790315],[138.5016467201201,-35.06253879762738],[138.50174371200274,-35.061866803510156],[138.5017567036091,-35.061803792511],[138.5018376956532,-35.06166180484837],[138.50198566380743,-35.06149480524101],[138.50214768027126,-35.06121079394296],[138.50229567990175,-35.061033803766975],[138.50237868822592,-35.060828805105245],[138.50253766408196,-35.06065277810319],[138.502519680339,-35.06051678442202],[138.50254467159937,-35.06041877180883],[138.50273164784733,-35.060052786406914],[138.50290963177417,-35.059578778937464],[138.5029756483076,-35.05921978666379],[138.5029726076998,-35.058975771814346],[138.50303660795316,-35.05865278030154],[138.50324959978923,-35.058143771218],[138.50325660820602,-35.05790878376331],[138.50326959981226,-35.05784677191093],[138.50329360001967,-35.05780176174187],[138.5034415681739,-35.05760675274939],[138.50349958433844,-35.05750875812265],[138.50347958431541,-35.05707576603373],[138.50349257592165,-35.05702176444282],[138.5035809918694,-35.056780006891756],[138.50638431988057,-35.05663161785486],[138.5349910401045,-35.05513633667255],[138.53523216003623,-35.0589913480722],[138.53538617613117,-35.0598993467774],[138.53526320013668,-35.06098934847961],[138.535012192159,-35.06195534446351],[138.53494921623337,-35.062200358459734],[138.53489318397328,-35.0623168341545]]]},"properties":{"School_Name":"Hallett Cove School","ENTITY_CODE":640,"zoneType":"secondary"}},{"type":"Feature","geometry":{"type":"Polygon","coordinates":[[[138.47665091191016,-35.15579430026668],[138.47688790395364,-35.15590030515489],[138.47716192018652,-35.15588126920517],[138.47742191958594,-35.15573127128113],[138.47802489613207,-35.15519928541863],[138.47851289615335,-35.15481126572729],[138.4791008639138,-35.15453526469065],[138.48054982371548,-35.154046235845044],[138.48120582428942,-35.15385224488517],[138.4817247996598,-35.153620217099274],[138.4824837762054,-35.15329522819218],[138.4830867842278,-35.1531132063094],[138.48391075207962,-35.1529632083853],[138.48495875184494,-35.15285119062992],[138.48513974400407,-35.152831192405586],[138.4861547197646,-35.15278118740184],[138.4871667196685,-35.152746166902034],[138.4877217281753,-35.1527861633507],[138.48802668828114,-35.152848157216624],[138.48817670419157,-35.15291814245825],[138.4882816964432,-35.153008144809974],[138.4883327356673,-35.15310414114316],[138.48838473626665,-35.153252141672965],[138.4883867201711,-35.15347314287118],[138.48827571235427,-35.153756155921826],[138.48807971230895,-35.15395614086316],[138.48788873587648,-35.15413714471339],[138.48777174397082,-35.1543481742288],[138.48769075192672,-35.15463116839368],[138.48766275243418,-35.154932163388594],[138.48762975990553,-35.155351170120355],[138.48766377586264,-35.155719171802275],[138.48777177634645,-35.156151165643735],[138.48795379193405,-35.15675916760148],[138.48802879988932,-35.15710317537122],[138.48809580837496,-35.157687165430275],[138.48814083203388,-35.158220168426],[138.48815481559234,-35.1585761641586],[138.48811283164196,-35.1588541634888],[138.48796684829153,-35.15926116337192],[138.48791385573986,-35.159498167106676],[138.48791884787659,-35.15997017628257],[138.48792684824548,-35.16023417136989],[138.48798889607076,-35.16044316571947],[138.48812687995166,-35.16075416926947],[138.48831388767587,-35.16096116532549],[138.48853487988083,-35.16108117535589],[138.48880588788154,-35.16113715635464],[138.4891038719462,-35.161119155524545],[138.4894178558494,-35.16103214971389],[138.48962585644813,-35.16091915169744],[138.4897448637346,-35.16079814341953],[138.48980985594017,-35.1606371566794],[138.4898768644258,-35.16036415218383],[138.48994380816032,-35.159924148080904],[138.49003683223407,-35.159511154216375],[138.49025081602235,-35.15903912615471],[138.49049577605933,-35.158680133881035],[138.49090179208406,-35.15827013655752],[138.49143676819233,-35.157886132339115],[138.49219174365408,-35.1573191070911],[138.49268172757968,-35.157086118829284],[138.49310473629464,-35.15693408573941],[138.4936647360388,-35.15679909120507],[138.49414473569107,-35.156727088784066],[138.49420371233157,-35.15671909740837],[138.49458268844035,-35.15665706667022],[138.49488470416588,-35.1565820677082],[138.49515967997536,-35.15649607993009],[138.4955576956312,-35.15640607667905],[138.49582070416227,-35.156356071675305],[138.49612470379213,-35.156379048454255],[138.49667366435824,-35.15649706019116],[138.4972146560316,-35.1566180495833],[138.4976806721254,-35.15672205707722],[138.49796467173223,-35.15682003281819],[138.49811667244649,-35.15689403263343],[138.4982316480722,-35.156992046145945],[138.4983196476337,-35.157151034592516],[138.49839667186893,-35.157352037566454],[138.49841267170746,-35.15748203726616],[138.498398688149,-35.15764703857991],[138.49833968003225,-35.15783004072375],[138.49818169612843,-35.15800403256003],[138.4979127044079,-35.15825705771698],[138.49734771162764,-35.15847004775446],[138.49707571167482,-35.15855205873049],[138.49678972816344,-35.15867204987518],[138.49633171243863,-35.15890507590848],[138.495880768083,-35.159151070165706],[138.4956287681532,-35.15935007484603],[138.49534076836187,-35.15962607588267],[138.49504275192157,-35.15995308196909],[138.4947837759505,-35.160347094742576],[138.4944497920244,-35.16087009008254],[138.49420780784408,-35.16132008385472],[138.4939368322191,-35.16177808878774],[138.49368182405703,-35.16221209890921],[138.49331686388223,-35.1626271090538],[138.4931208638369,-35.16284611195846],[138.49295484808783,-35.16312810787582],[138.49292688007154,-35.16353011292432],[138.49293088025604,-35.16392912053243],[138.49300287997903,-35.16436111437389],[138.49326387222993,-35.16490810362603],[138.49374390425783,-35.16562011307769],[138.49404992016775,-35.166014107864726],[138.49455792021195,-35.166613100414224],[138.49494390383813,-35.16724709547702],[138.49518694382243,-35.16780908811887],[138.4953419518696,-35.16847608740147],[138.4953839358201,-35.16898209994389],[138.49532896026335,-35.1693420913644],[138.49518796815028,-35.169984096688665],[138.495137983831,-35.170494086033216],[138.49517500802028,-35.170962098621885],[138.4952250238158,-35.171720099403046],[138.49535801556,-35.17208708395174],[138.49566399999367,-35.172535098316075],[138.49594803197613,-35.17287409236542],[138.49656703983703,-35.17348509176355],[138.49703904001979,-35.17400107508951],[138.49716403229434,-35.17413906706423],[138.4974020477664,-35.174407076725174],[138.49766105611286,-35.17481107916791],[138.49797404806395,-35.175176066322365],[138.4984080321051,-35.17559007732018],[138.49848505634031,-35.175670071116826],[138.49876943995775,-35.17595645122918],[138.4988810557162,-35.17577208031719],[138.50024297643233,-35.173507051409274],[138.5013629444444,-35.17205803944694],[138.50144294363702,-35.17196903534267],[138.5015739200005,-35.171824032253255],[138.50168896037724,-35.172358035295076],[138.5017019519836,-35.1726040295523],[138.50171795182212,-35.17288504430928],[138.50181897626476,-35.17471704425617],[138.5088910083134,-35.17435399963733],[138.50931699198566,-35.17431200489506],[138.50954649627386,-35.17426236951269],[138.50955174381795,-35.17426175887306],[138.50955769643065,-35.174259945839765],[138.50974700821791,-35.17421900510294],[138.50990406402138,-35.174154588463466],[138.51009951997696,-35.17409514777279],[138.51103699216355,-35.17368999779512],[138.5121000321908,-35.17304048133309],[138.51328899169368,-35.17222699957631],[138.51350275155085,-35.172036874801904],[138.51434300792357,-35.17104200068775],[138.5161830082393,-35.194741018882894],[138.51396998442726,-35.194882432778],[138.51362556836534,-35.19493360330313],[138.51294723222907,-35.195146816372414],[138.51218037222645,-35.19576277912893],[138.51128668803028,-35.196480610791525],[138.5104007676814,-35.197381264733565],[138.5102128957086,-35.197722385679526],[138.51013001958484,-35.198063672100716],[138.51012838371798,-35.198070408022886],[138.51028000042174,-35.20019600244353],[138.4910796797834,-35.20118517935248],[138.49131478415006,-35.204378556824906],[138.49128876766258,-35.20510418201235],[138.49110675207498,-35.205923806138685],[138.49086092778964,-35.20734540136914],[138.49016118419138,-35.21125469225018],[138.49000988764624,-35.2121045084163],[138.49008553591887,-35.213247900170416],[138.4903795090072,-35.2141056501556],[138.4904826882256,-35.21440670360647],[138.4908041922597,-35.21507109395577],[138.49127695956406,-35.215750913074146],[138.4917308483001,-35.21646162840136],[138.49198800044587,-35.21682820555719],[138.4917486872522,-35.21684052447057],[138.47950929641695,-35.21747053823469],[138.4795116247617,-35.217504154892765],[138.47970212275482,-35.22025463064665],[138.47000542561,-35.22090390609037],[138.46795151974686,-35.22104143221628],[138.46800550425064,-35.22096943069465],[138.46802947208255,-35.22091542910374],[138.4681224961563,-35.22074643120277],[138.46811548773962,-35.220601428113355],[138.4680954877166,-35.2205384171142],[138.4679424959495,-35.22019243083599],[138.46763049595074,-35.21960043051541],[138.46751747185385,-35.219354417372415],[138.4675814397317,-35.219058417212125],[138.46770044791742,-35.218772425606915],[138.46775244761739,-35.21852041938183],[138.46789343973057,-35.21822641661578],[138.4680524155866,-35.21768941793226],[138.46850240036554,-35.21700441781957],[138.46857039990414,-35.21692442402292],[138.46890739206253,-35.21632741088126],[138.46901040040973,-35.216221405093734],[138.46908038385266,-35.21608740970618],[138.46910236778012,-35.215727400299215],[138.46929935977766,-35.21503740535195],[138.4693813437741,-35.21487739887283],[138.46953033625607,-35.21468240876612],[138.46963932779283,-35.21433240791424],[138.46959632041387,-35.21396240793871],[138.46967932783878,-35.2137564101302],[138.46968927973649,-35.21345040141483],[138.46974028838372,-35.21320840284545],[138.46987030427124,-35.212931402662036],[138.46990527980483,-35.212842398557825],[138.47007830397058,-35.21258441633768],[138.47013526433102,-35.21250440365526],[138.47038326407642,-35.212329412672204],[138.47047324844175,-35.212232380320074],[138.4705432642603,-35.212107394340705],[138.4707152640982,-35.21187638458741],[138.4707852484405,-35.21176138827741],[138.47086723243694,-35.21157339129894],[138.47085824011572,-35.211231381822756],[138.470857215788,-35.21120339132341],[138.4708722236743,-35.210707388235335],[138.47093721587987,-35.21040239665325],[138.47090319992276,-35.21006839833785],[138.47092118366572,-35.20984338256602],[138.47088918398867,-35.20947338259049],[138.47090220797054,-35.20904138874903],[138.47087718433465,-35.20880638330789],[138.47074716844713,-35.208361384370335],[138.47070217626447,-35.208072396224054],[138.4706951678478,-35.20794639221219],[138.47069017571107,-35.207387396111415],[138.47063113611807,-35.207142382115194],[138.47056412763243,-35.20649238541523],[138.47056911976915,-35.20632938149572],[138.47055011169834,-35.20445438765984],[138.4705970563092,-35.2040043938876],[138.4705970563092,-35.203310385266036],[138.47053008019907,-35.202984396312786],[138.47046304023718,-35.2023253893052],[138.4704500162553,-35.201315382299015],[138.47040601602487,-35.20095439173173],[138.47039100813856,-35.200376395654075],[138.47030095992147,-35.19976138168238],[138.47018198411138,-35.1993353827217],[138.47015497567168,-35.19909737984017],[138.47013897583315,-35.19895639132437],[138.4701409597376,-35.19889338032522],[138.47018598429577,-35.19874338240112],[138.47021398378843,-35.19865138175584],[138.4701919683847,-35.19853838373939],[138.4701259518513,-35.19821239568546],[138.47003795228977,-35.19786838791572],[138.4699829443574,-35.197505381068424],[138.46998092807746,-35.196874383446016],[138.46993491156695,-35.19621539442488],[138.46978291175208,-35.19544538769446],[138.46967087960752,-35.19514439269955],[138.46955788788625,-35.19454739754434],[138.46947788779437,-35.19427439304877],[138.46943187218324,-35.19394738696229],[138.46937884815543,-35.193569394711744],[138.46930985576535,-35.193333390123826],[138.46927283157595,-35.19276438636729],[138.46918384006221,-35.19242041546977],[138.4691598398548,-35.19215839979029],[138.4690398082406,-35.19107441095525],[138.4689588161965,-35.1908294158448],[138.46877382385298,-35.19043740046561],[138.46841177568297,-35.189366398740276],[138.46821577563765,-35.18895640141676],[138.46809577639908,-35.188584403147615],[138.46797273565335,-35.18830240812957],[138.46783174443954,-35.18753339964661],[138.4678117444165,-35.1874603989782],[138.4677077441172,-35.187218400408824],[138.46749471990552,-35.18672441360076],[138.46737871995208,-35.186550402878765],[138.4671887039956,-35.18632140940548],[138.46702271972276,-35.185992423911216],[138.46685071988486,-35.18551142421279],[138.46674272030032,-35.18511243459113],[138.4667126721522,-35.18480542672904],[138.46670969629554,-35.18476942596817],[138.46671168019998,-35.184688433024746],[138.46686867215158,-35.1838804272399],[138.46696764793865,-35.18352241522723],[138.46697164812315,-35.18304441206993],[138.4670236478231,-35.18278441267046],[138.46714764814556,-35.18232640863681],[138.46745260825128,-35.181684403312545],[138.46751961583766,-35.181307410208774],[138.46747760041103,-35.1808914009174],[138.46738159958124,-35.18044740022731],[138.46732259236376,-35.18023041360266],[138.46704560027433,-35.17961140394311],[138.4667445441255,-35.17905542326912],[138.46647056026825,-35.17831941990528],[138.46634556799359,-35.17780543397356],[138.46633456029178,-35.17775742636411],[138.46627251156724,-35.17728743436754],[138.46604652812482,-35.176057424410544],[138.46594649563428,-35.175396419109404],[138.46565548761077,-35.17452542121117],[138.4653834561816,-35.17337442478981],[138.4653834561816,-35.17301443336936],[138.4654060804263,-35.17286140113271],[138.46541145567426,-35.17282541925766],[138.46564243215255,-35.17209143127451],[138.46569843203713,-35.171722430445755],[138.46568940823965,-35.17130841944794],[138.46571139216712,-35.170587418574485],[138.46567193621092,-35.169832452105936],[138.46566336027593,-35.16966743190642],[138.46576236843862,-35.1692994302245],[138.46581737637086,-35.16895841989509],[138.46580134415672,-35.16876842462307],[138.46567232022142,-35.16832442483229],[138.46560332783133,-35.16770942884705],[138.46561932766986,-35.16756542490441],[138.4657103039874,-35.16707141921057],[138.46572230364143,-35.16704542700484],[138.4657792963775,-35.16698343313891],[138.46596729605392,-35.16693242898839],[138.46622028793604,-35.166920422139754],[138.4663842883043,-35.16695041093266],[138.46672131193907,-35.16707541579774],[138.46688531230734,-35.16707841233881],[138.46698531242225,-35.16705340039408],[138.46747027183562,-35.16661241603015],[138.46768928013626,-35.16628441079689],[138.46792726413196,-35.166036381373885],[138.46808422370805,-35.165767391451936],[138.46821724782774,-35.16553738084542],[138.46837724801162,-35.16535138216051],[138.46857824019366,-35.16523938329084],[138.46867824030858,-35.16520438077748],[138.46919820763128,-35.16506239311491],[138.46925120018284,-35.16505538200022],[138.46930521616287,-35.164589385691556],[138.4693112002518,-35.164590384838334],[138.4699721920631,-35.16471437167087],[138.47000921625238,-35.16472036565233],[138.4704492158587,-35.164732371601644],[138.47068521594997,-35.16470937683624],[138.47086118359675,-35.164610364176895],[138.47093516812356,-35.16444336456959],[138.47095417619437,-35.1640593792369],[138.47098115225845,-35.16332635352836],[138.47098614439506,-35.162937353575956],[138.47095212843806,-35.16253734682107],[138.47092115218948,-35.16218334938202],[138.47094409569354,-35.161936355978014],[138.47105510440963,-35.161657357500985],[138.4712221121108,-35.16134135911636],[138.47139411194883,-35.160969360847275],[138.47154707223967,-35.16059634544496],[138.47170707242356,-35.160389349388936],[138.47208908824086,-35.16001435367946],[138.47257705588652,-35.15947533781656],[138.47309603215626,-35.1589743398938],[138.4733780163824,-35.15855533316204],[138.4735839998018,-35.158104340243085],[138.47361798428267,-35.157760332473345],[138.47353398400617,-35.15744133664833],[138.47318998433036,-35.15701533768765],[138.47241996770742,-35.156395328881274],[138.47188499159915,-35.15593835996731],[138.47174099215317,-35.155650352082034],[138.4715339520303,-35.15501236133139],[138.47141193561242,-35.154261353678464],[138.47135094359123,-35.1537103498527],[138.47141190413618,-35.153334355895765],[138.47159491167588,-35.15287735010958],[138.47180092837016,-35.152558354284565],[138.4720828802208,-35.15227634038075],[138.4725028798041,-35.15202533240313],[138.47298387230796,-35.151863327630394],[138.47345686444282,-35.15177534155873],[138.47412086358702,-35.15177532357228],[138.47466985562937,-35.15191231640023],[138.47524985629593,-35.152175293455],[138.47563183973773,-35.152488295298554],[138.47593686369532,-35.15299630523526],[138.4761198721344,-35.15360930292695],[138.47623488013562,-35.15436630366196],[138.47625791986718,-35.15504930548104],[138.47630691223424,-35.15531230142153],[138.47642991970508,-35.155587304210655],[138.47665091191016,-35.15579430026668]]]},"properties":{"School_Name":"Seaford Secondary College","ENTITY_CODE":641,"zoneType":"secondary"}},{"type":"Feature","geometry":{"type":"Polygon","coordinates":[[[138.60171199990896,-34.86993500149907],[138.60178226304106,-34.871047654425695],[138.6017887363612,-34.8711501555552],[138.60207606435893,-34.875192738554006],[138.60212572672094,-34.875852163746345],[138.60219874897314,-34.87682176691095],[138.60241001590953,-34.87962700328353],[138.6029399998812,-34.879593999063786],[138.60294417183616,-34.879582643324284],[138.60295075307488,-34.87956473062775],[138.60295401581527,-34.879555852520525],[138.60291999985816,-34.87913899157115],[138.60325199987994,-34.87912300792044],[138.6110780163375,-34.878737005408425],[138.61109766382617,-34.87910064178112],[138.61113001603746,-34.879445000286466],[138.61104601576108,-34.87944899687369],[138.6110550080822,-34.8795629931376],[138.61081999994315,-34.8795740008394],[138.6103820157175,-34.87959599735734],[138.61044720127734,-34.88057851388726],[138.61044598359535,-34.8806569725412],[138.6107150076915,-34.88461499228799],[138.61997401558847,-34.88414899508001],[138.61997401558847,-34.88429000248158],[138.62053299190416,-34.88386000693373],[138.6215696323327,-34.88571030358759],[138.62209222387708,-34.88665593082652],[138.6226600962865,-34.88767472510841],[138.6233156157232,-34.88885447015764],[138.62372271992763,-34.88958903190826],[138.62572499211478,-34.893189001870894],[138.6256217283601,-34.89322241258424],[138.6259350080942,-34.89378899356717],[138.62594899165276,-34.89383100719516],[138.62560899216135,-34.89374599967812],[138.6252620157295,-34.89362199485913],[138.62487622635683,-34.893608927709806],[138.62477122781002,-34.89360306233141],[138.62438899165875,-34.89354200016311],[138.6241729915904,-34.89345599439861],[138.6238910082635,-34.893378997142975],[138.6236729919151,-34.893338999794935],[138.62352303985642,-34.89328185327486],[138.6232940158062,-34.89319599499913],[138.62305500838204,-34.89314600798184],[138.62294499161817,-34.893143991701834],[138.62285699205665,-34.89316900364656],[138.6223310082695,-34.893194995852355],[138.62204400043038,-34.89328899479125],[138.62202596362738,-34.893299263250356],[138.6219971196714,-34.89330912251796],[138.62172201615817,-34.89346200636646],[138.6215209916005,-34.89360299488226],[138.62133968018213,-34.893816429184824],[138.62131126430347,-34.89384987766965],[138.62129401620598,-34.893887007079684],[138.6212529918322,-34.894166005556656],[138.62128636837122,-34.89427034579978],[138.62129163929774,-34.894280009015176],[138.62129299187814,-34.89428399840773],[138.62142799990238,-34.894529992665014],[138.62144601602085,-34.894683006915216],[138.6215209916005,-34.89472100507027],[138.6218689923602,-34.89481800144955],[138.62187359598977,-34.89481872900109],[138.62188278436304,-34.89482127588116],[138.62211900838554,-34.89485899704505],[138.622238015672,-34.89492400633776],[138.62234399987574,-34.895006996675534],[138.62250400005962,-34.89518200744362],[138.62268201636198,-34.895447000778404],[138.62274201643095,-34.89565499688058],[138.62270300833723,-34.89585300241407],[138.62268149295664,-34.895887830458946],[138.62266844829037,-34.89590726211043],[138.62262585639826,-34.895977895763224],[138.6223969924273,-34.8962249997839],[138.622284991759,-34.89631300474133],[138.6222470079931,-34.89633000642459],[138.6221520000148,-34.89637399856116],[138.62195401606505,-34.89640600363413],[138.62186601560416,-34.896412996762365],[138.62173599971663,-34.89639299853803],[138.62161174128892,-34.89634297015192],[138.62159955187792,-34.89633703642505],[138.62147600031722,-34.89628899194338],[138.62122899162478,-34.89613899312002],[138.62111187201538,-34.896080848352426],[138.62103401590718,-34.89604499508039],[138.6208289920644,-34.895895996303125],[138.6207836167706,-34.895863524482024],[138.62063801563193,-34.8957580043284],[138.62041401609406,-34.89556699192309],[138.61999152269073,-34.89548680747015],[138.6199514560949,-34.895475972438135],[138.61978201572754,-34.89546200416811],[138.6197740162579,-34.89542800170085],[138.61941699170086,-34.895473992130974],[138.61909414407955,-34.895537558911144],[138.6188149873219,-34.89555080322697],[138.61872268810168,-34.89555454170869],[138.61869033049447,-34.895556717168745],[138.61834700800807,-34.89557300479032],[138.618163999569,-34.895622991807556],[138.61806099212117,-34.8956729968113],[138.61797599989256,-34.89573299238367],[138.61792099196032,-34.89579800167638],[138.61790899230618,-34.89591299708712],[138.61791500787137,-34.89609799752452],[138.61805401608,-34.89659300236514],[138.6181458728338,-34.89678143551481],[138.61823699214358,-34.897019001325816],[138.6182910081236,-34.89725900160158],[138.6183385094148,-34.89753184242056],[138.6183448271521,-34.89757573293366],[138.61834457624127,-34.89801518934945],[138.61834941099653,-34.89808340382598],[138.61835017272233,-34.898195482735275],[138.61832700798504,-34.898540996869485],[138.61839900770815,-34.8985439934105],[138.61838998391067,-34.89865599228017],[138.61839491219553,-34.89872562678619],[138.61840399984476,-34.89890100627639],[138.61888099216412,-34.89918599873482],[138.61891100793673,-34.899090002401636],[138.62539670359502,-34.90296475392023],[138.6264317117542,-34.903575734432536],[138.62745971239588,-34.90418675271644],[138.628484703906,-34.90479371865513],[138.6307477120373,-34.906141702577486],[138.63049270387523,-34.90645070873319],[138.62984176018915,-34.90722073434938],[138.6319117441318,-34.90841370662724],[138.63200675211,-34.90857069767952],[138.63201244481854,-34.90856803928352],[138.6320169917908,-34.90857500813007],[138.63247100823048,-34.90836299835365],[138.63283555291855,-34.908135541821764],[138.6338526717634,-34.90808666366854],[138.63383968015717,-34.90792066320802],[138.63370368018082,-34.907676666345026],[138.63471068794797,-34.90762666134128],[138.63486169581063,-34.90762064847411],[138.6348726720363,-34.90761964932733],[138.63537155205552,-34.90760096411316],[138.6356416643314,-34.90758264941968],[138.6365889921883,-34.90754000716555],[138.636894655564,-34.907528629842375],[138.63772060821952,-34.9074816213797],[138.63884563222018,-34.90742562149518],[138.63996057572,-34.90737160191787],[138.6399715843212,-34.90737060277104],[138.6399745916541,-34.90741059921976],[138.640061631639,-34.908613598938416],[138.64007561609685,-34.90880758989829],[138.64012361561242,-34.90947458918089],[138.64015161600435,-34.90986860195437],[138.6403226877419,-34.91223260575009],[138.64050771156167,-34.91479661337297],[138.63942176040598,-34.91485163209711],[138.6389597435973,-34.914870632073985],[138.6383217600412,-34.91490864911481],[138.6374417923049,-34.914945649921776],[138.6373097916137,-34.91496065331148],[138.63613481566927,-34.91502066687025],[138.63590601644955,-34.9150209996194],[138.63494700819797,-34.91507300381602],[138.63438700755444,-34.91509799687503],[138.63394399971583,-34.91511919839223],[138.63346547225376,-34.91514317431802],[138.6326988478736,-34.91518872138232],[138.63163686365044,-34.91524871605537],[138.6315618880708,-34.9152507332347],[138.63066883160138,-34.91529145183898],[138.63003081566967,-34.91531761041932],[138.6286830080145,-34.91538302620563],[138.62718294423757,-34.915478782419825],[138.6271079362823,-34.91548479528706],[138.62433299177417,-34.91562582067502],[138.62266300829128,-34.91571184532535],[138.62111007966655,-34.916502868312705],[138.62047705587145,-34.9168248795645],[138.61894508774571,-34.917604913735715],[138.61759913629112,-34.91828893268803],[138.6152367998385,-34.919517184470465],[138.61509001609147,-34.9195949956125],[138.6151995840936,-34.92015606375128],[138.61523187515093,-34.920318601821975],[138.6153122241799,-34.92077496279427],[138.61543923183513,-34.92135697254622],[138.6155672638182,-34.92193896431172],[138.6157180162735,-34.922589997930004],[138.61659001601652,-34.92321200413062],[138.61832320025553,-34.924451578377614],[138.61889199986592,-34.9248550079522],[138.61916060757608,-34.92507301171008],[138.61936729606396,-34.92520828413495],[138.61946567200323,-34.92527242288395],[138.61988165521427,-34.92555875173497],[138.61996059770354,-34.925614456641824],[138.62042863996987,-34.92595390844605],[138.6206190920975,-34.92608676259397],[138.62084163203576,-34.92624676277785],[138.62146540810215,-34.92668872830211],[138.62300198435412,-34.92778768365463],[138.6235543668406,-34.92790101711819],[138.62356117201057,-34.92801544865398],[138.62355494420535,-34.928263022120746],[138.62360425583176,-34.92896589266178],[138.6236872956323,-34.93002588758458],[138.62377830432536,-34.93121590019359],[138.6238713283991,-34.93240789221039],[138.6239533438718,-34.93346390943185],[138.62402435164256,-34.93439090721455],[138.6241013758779,-34.93538491168431],[138.62416639955973,-34.936220908867824],[138.62423142414093,-34.93705690515202],[138.62430940795286,-34.938070908745374],[138.6243884475689,-34.939090906320246],[138.62444777674352,-34.9397526427702],[138.62446678391495,-34.94000700791702],[138.62447673671204,-34.9401045007221],[138.62447699211953,-34.94010699993805],[138.62451100807664,-34.94024299361922],[138.62392301603438,-34.940197304462004],[138.62388723201025,-34.94019452375824],[138.6227038878742,-34.940241150009],[138.62089920033793,-34.940312257604546],[138.61964441585712,-34.940373326068084],[138.61930925561774,-34.94038960739442],[138.61851390869003,-34.94042824406819],[138.61795888039808,-34.94045520664241],[138.61699132768774,-34.94049105991445],[138.61624338402498,-34.940534048407585],[138.61573923217986,-34.940563024563914],[138.61547982723232,-34.940572337943024],[138.61458547214193,-34.94060444643799],[138.61371465590673,-34.94064105783849],[138.61276182419886,-34.940696021704014],[138.61167983995267,-34.940748357750465],[138.61060851177342,-34.94080067581052],[138.60968070370154,-34.94084864654775],[138.60784572789805,-34.94093513434893],[138.60673974434383,-34.94099015307307],[138.6051967676168,-34.941068167461935],[138.60373388810854,-34.94114956779828],[138.6021255360647,-34.941228063324445],[138.60133065588514,-34.94127603316235],[138.60079509251955,-34.94130751932653],[138.60058895981274,-34.941319637691095],[138.60027500828505,-34.94134000643612],[138.60025667200784,-34.94140468208036],[138.60023299195905,-34.941489005213384],[138.60021148826968,-34.94154857540639],[138.60001545494936,-34.9420012833325],[138.5998749241885,-34.94232581718268],[138.59983664004892,-34.94241422773439],[138.59982019234803,-34.94244653497958],[138.59976710266972,-34.94255081137078],[138.59973561560628,-34.94261265864725],[138.5997335516621,-34.942616141721544],[138.59970019041157,-34.942672444677555],[138.5996425924318,-34.94276964969953],[138.59935548836518,-34.94324935437419],[138.59921193588218,-34.943441236423894],[138.59902099182534,-34.94369699911715],[138.5987552961201,-34.944056714445765],[138.59870419214485,-34.94412590288806],[138.59803161616617,-34.94486725362083],[138.59784284756938,-34.94504387327606],[138.59778438444187,-34.94509837399073],[138.5977675077644,-34.9451131084831],[138.59754396777998,-34.94530827485693],[138.59753596831035,-34.94531328857738],[138.596590719686,-34.946042521844845],[138.59647376015596,-34.94611666914892],[138.5954423043189,-34.94674028603532],[138.59505445459945,-34.94692487907986],[138.59456604808474,-34.94715733134575],[138.59452905627097,-34.94717633132257],[138.5942700479244,-34.94730732926979],[138.5929490877303,-34.94797534568562],[138.59183411185484,-34.94853937439257],[138.59127916809916,-34.94884136763494],[138.58998518396913,-34.94949639784045],[138.5895131837865,-34.94973539896944],[138.5894451842479,-34.949770400583475],[138.5852982717979,-34.9518714641967],[138.58508127977734,-34.95198046652524],[138.5842843203652,-34.952384469867354],[138.5833113600313,-34.95287747641436],[138.5814569921465,-34.95382399128414],[138.58069045410127,-34.95420700984556],[138.5801489201366,-34.95448024097033],[138.57841185262498,-34.955360584623236],[138.57745223463303,-34.9558468741339],[138.57745176608626,-34.95584711155493],[138.57700189192383,-34.95607501325122],[138.57564382660144,-34.95676299461644],[138.5741153964085,-34.95752941844785],[138.57295819646367,-34.958123930574914],[138.5722926729685,-34.958426767381354],[138.5722054252402,-34.95727698864209],[138.57188335373382,-34.952854146201844],[138.5715485298408,-34.94827892533209],[138.57154850106258,-34.94827852693243],[138.571117286034,-34.94240906292788],[138.57106825409676,-34.94175268014203],[138.5707316558413,-34.937246647714574],[138.57073164774738,-34.9372465388966],[138.57069397514692,-34.936737594564306],[138.57061051806102,-34.935610118112436],[138.57055159717856,-34.9348141272701],[138.5704664772462,-34.93367375004351],[138.5704471481174,-34.933445879823466],[138.57041857395814,-34.933109018966036],[138.5701958019947,-34.93018783210272],[138.5698172197889,-34.92533090579661],[138.5694961321409,-34.92147019988977],[138.5683335668407,-34.9192137289304],[138.5669258715318,-34.91657939162559],[138.56606243333465,-34.91496392954167],[138.56606129479303,-34.91496179904772],[138.56506912853752,-34.91306805074987],[138.56449884774372,-34.91197556691884],[138.56447900780006,-34.911928003574474],[138.5644809917045,-34.91175600913249],[138.56450191982776,-34.911658810405754],[138.5645340157323,-34.911338001547506],[138.56477328036272,-34.91028729392343],[138.56483253129636,-34.91000656065421],[138.56491035952558,-34.909637805340424],[138.5649674880592,-34.909367122894366],[138.56509630964706,-34.90866638284723],[138.56536021210422,-34.90723085891699],[138.5658497679525,-34.904567873708345],[138.5658858559476,-34.90437156789352],[138.56607161631212,-34.90342754954173],[138.5662341651746,-34.90258606649371],[138.5662817923709,-34.90233950926091],[138.56636099206617,-34.901787006265295],[138.5663879996066,-34.901256000663864],[138.56647334436946,-34.90086115511815],[138.56689200036556,-34.8994279973042],[138.56806099222104,-34.90030500806961],[138.56825832146444,-34.90012098969186],[138.56835146065146,-34.900034133168674],[138.56835324760436,-34.900032466724895],[138.56840800012912,-34.900076995756706],[138.57009439983676,-34.89835338839811],[138.5720201604022,-34.896392612728846],[138.57215734388637,-34.89625293542457],[138.57240008259782,-34.896050588863545],[138.57247539182595,-34.89598781168809],[138.5725428769523,-34.89593251147619],[138.57257651159682,-34.89590494995343],[138.57291705607736,-34.89555172952868],[138.5733649922007,-34.89509100594512],[138.57184899243714,-34.89418400638675],[138.5721990085774,-34.893817984112616],[138.57233174401483,-34.89368524597728],[138.57265427237678,-34.893357619358596],[138.57289843201704,-34.89310959982811],[138.57290389629782,-34.89310395028701],[138.5734677757173,-34.89252087483845],[138.5735833925596,-34.892397206365956],[138.57471200035855,-34.891190003216025],[138.5765166375329,-34.89228324517558],[138.57666799972844,-34.89239000549429],[138.57684905214205,-34.89248461956947],[138.5795786636245,-34.89413822190136],[138.57962281584037,-34.894164969537655],[138.57988799803275,-34.89431046365695],[138.57992480008954,-34.894330655235535],[138.5801801922621,-34.89447316090758],[138.58056864003083,-34.89472533440659],[138.58076542608364,-34.89484351341736],[138.58087724778682,-34.894910667593194],[138.58092786702753,-34.89494342989531],[138.58122067189652,-34.8951329449294],[138.58319894387625,-34.896331375192744],[138.58389900763314,-34.8967180063309],[138.5842380160716,-34.89696100404706],[138.58432319985582,-34.89644640837503],[138.58432915156914,-34.89602050114519],[138.58431415897132,-34.89590414595955],[138.58429599986061,-34.89576322129557],[138.58428913803334,-34.89562465105678],[138.58427967986336,-34.89543366293316],[138.5842129924357,-34.89491000119557],[138.5841280002071,-34.89446700055157],[138.5839687356687,-34.89391200013864],[138.583839744109,-34.89304855025034],[138.58367045392833,-34.89061260428821],[138.58351379202793,-34.888358374439406],[138.5832393603083,-34.884533758326256],[138.5831120639706,-34.88254526735017],[138.58304291240051,-34.88166435262775],[138.58292582426748,-34.87990907294534],[138.5828129917262,-34.878277003081166],[138.58269971222205,-34.877689368969186],[138.58248950378766,-34.87695454911312],[138.58228464002423,-34.87650361105278],[138.58191427222596,-34.87564961483781],[138.58170998402863,-34.87498559410983],[138.5815271329709,-34.87432990919791],[138.5815258559336,-34.874325328950704],[138.58077878371398,-34.87093022724815],[138.58078226588896,-34.87093004648443],[138.58384510856501,-34.870771386290414],[138.58383662615938,-34.87065715800139],[138.5838198304209,-34.87040118037015],[138.583822346724,-34.87040105356573],[138.58420173742036,-34.870381939374965],[138.5845951143731,-34.870362119216395],[138.58502934392914,-34.87034300772359],[138.58503507620787,-34.87042394490908],[138.58503699626044,-34.870423862171435],[138.58520231233695,-34.87041671885646],[138.58522517040535,-34.87070898143429],[138.59285967983044,-34.870350751785736],[138.59285948827483,-34.87038564278316],[138.59751791981626,-34.87016836028158],[138.59785433640855,-34.87015381914341],[138.59785091179026,-34.87010272236273],[138.59849148809178,-34.87007500975386],[138.59849299175823,-34.870094934233805],[138.5986950811132,-34.87008497963808],[138.60107890506742,-34.869967557856455],[138.6010787045186,-34.869965073928995],[138.6010729479583,-34.869893620993764],[138.60170584045227,-34.86986305123878],[138.60170790079906,-34.86986294691741],[138.60170802130824,-34.86986508100864],[138.60171199990896,-34.86993500149907]]]},"properties":{"School_Name":"Adelaide High School","ENTITY_CODE":768,"zoneType":"secondary"}},{"type":"Feature","geometry":{"type":"Polygon","coordinates":[[[138.52003459232265,-34.81213983638429],[138.5202195837668,-34.812161832902234],[138.52046160032262,-34.812130826076725],[138.52055059183635,-34.81206883311012],[138.52070960006802,-34.811855842173316],[138.52076457562475,-34.81185684132015],[138.52080659195076,-34.81189384122774],[138.52081558427187,-34.81198484272625],[138.52076559995248,-34.81217283970477],[138.52078659192773,-34.81221783188738],[138.52124959978926,-34.812425809103786],[138.52159756817332,-34.81248682180933],[138.5216395521237,-34.81254182254702],[138.52165558433785,-34.812600818972555],[138.52166960027193,-34.81265082487562],[138.52171257617454,-34.81268782478327],[138.52175657640498,-34.81267981362248],[138.5218685437983,-34.81259180956431],[138.52213155232937,-34.812582818142516],[138.5221965436357,-34.812580820748224],[138.5225945601909,-34.81272480580509],[138.5226175684461,-34.812732798080106],[138.52297756796042,-34.81278580052424],[138.52346454365386,-34.81292179420541],[138.52481452766835,-34.81312977142176],[138.52488051182627,-34.813103778316645],[138.52496752033483,-34.812762786873066],[138.52497852803674,-34.812735776634725],[138.52510252835907,-34.8126217794715],[138.52529353626778,-34.812527762546154],[138.5253135362907,-34.81251775399113],[138.52531308842833,-34.8125219349393],[138.52530899201645,-34.812522008683686],[138.52524320031353,-34.81316662294125],[138.52523452815103,-34.81393598215982],[138.52525801574484,-34.8167960088287],[138.52278000039678,-34.821314004937335],[138.52601500838603,-34.82632600584043],[138.52759676837627,-34.828177781879106],[138.53017180798258,-34.83117376445762],[138.5332527998769,-34.83475973017738],[138.53480284797308,-34.83656372073909],[138.5355736955696,-34.83746065688376],[138.53753584000708,-34.83974368572245],[138.53821583988918,-34.84049968821],[138.53893286396055,-34.84129666830654],[138.53903286407547,-34.84140766892875],[138.53928787223754,-34.84163066752126],[138.53987788775441,-34.84235766237617],[138.5414798716988,-34.84418364855651],[138.5432078722456,-34.846153639578745],[138.54431990374064,-34.84742964086519],[138.54435891183437,-34.84747363390102],[138.54449289643014,-34.847467639919614],[138.54666592019612,-34.84995659282248],[138.54670489591433,-34.850578617908866],[138.54894588774255,-34.85047357529521],[138.55121884777168,-34.85036753263546],[138.55231385599973,-34.85031652848494],[138.5526127996411,-34.85030252424207],[138.55510876815515,-34.85018547477978],[138.55545577606324,-34.850169490229746],[138.5561487675517,-34.85013748515678],[138.5561610882637,-34.85013691228863],[138.56461561571814,-34.84974735745453],[138.56706457576956,-34.84966834391889],[138.569061568037,-34.84975129828376],[138.57332393635068,-34.84933401195502],[138.57945039961635,-34.84908916433341],[138.57868745616122,-34.85190018424606],[138.57846902432607,-34.852993607868655],[138.57840620668117,-34.85342507111011],[138.5783619519426,-34.853729038364406],[138.57829769628177,-34.854260321856316],[138.57818259205305,-34.855320648629004],[138.57812940794588,-34.856758783291184],[138.578130564474,-34.85704673901574],[138.57813075243234,-34.85709354063437],[138.5781329728585,-34.85712990112398],[138.5782115843972,-34.858417197895335],[138.5783217918173,-34.85941710371634],[138.57832323163188,-34.859426453068295],[138.5784616318989,-34.860325231923866],[138.57851452822297,-34.86057185570655],[138.57893215989134,-34.86248616160702],[138.57914294748912,-34.863443435066415],[138.57941932803965,-34.86469859456446],[138.57963233966086,-34.865683255977444],[138.57989049634944,-34.866876599675265],[138.58026705867792,-34.86858819658795],[138.58077923157634,-34.87091618613306],[138.58078226588896,-34.87093004648443],[138.58095321621806,-34.871710890944826],[138.5815271329709,-34.87432990919791],[138.5816008324125,-34.8746662286635],[138.5817658876856,-34.875220229929596],[138.58191427222596,-34.87564961483781],[138.58247087972734,-34.87693823181388],[138.58268889607575,-34.877708220557906],[138.58280566405017,-34.878290267182024],[138.58289132807238,-34.87961185240505],[138.5832393603083,-34.884533758326256],[138.583507039918,-34.88837776292337],[138.58362214414672,-34.890048386723606],[138.58367045392833,-34.89061260428821],[138.58371046386685,-34.891079891124036],[138.58374982359555,-34.89170230471757],[138.583839744109,-34.89304855025034],[138.58395820820476,-34.89388726608439],[138.58410960007802,-34.89440400843819],[138.58419955206773,-34.89484199536173],[138.58428387160347,-34.89556582640171],[138.58428913803334,-34.89562465105678],[138.58431415897132,-34.89590414595955],[138.5843230083002,-34.89600300033817],[138.58432319985582,-34.89644640837503],[138.584270175828,-34.89674612633263],[138.5842380160716,-34.89696100404706],[138.58389900763314,-34.8967180063309],[138.58316697567545,-34.89630847215824],[138.58115270383428,-34.89508173663279],[138.58095033568952,-34.894957250676555],[138.58092786702753,-34.89494342989531],[138.58076542608364,-34.89484351341736],[138.58061305574802,-34.89474979146968],[138.5801801922621,-34.89447316090758],[138.57988799803275,-34.89431046365695],[138.5795786636245,-34.89413822190136],[138.57684905214205,-34.89248461956947],[138.5765166375329,-34.89228324517558],[138.57471200035855,-34.891190003216025],[138.5737885755824,-34.89218639448649],[138.5735833925596,-34.892397206365956],[138.57327702411544,-34.89271197987392],[138.57290389629782,-34.89310395028701],[138.57277670428152,-34.89323756436204],[138.57265427237678,-34.893357619358596],[138.57241305621767,-34.89359415184856],[138.5721990085774,-34.893817984112616],[138.57184899243714,-34.89418400638675],[138.5733649922007,-34.89509100594512],[138.5725428769523,-34.89593251147619],[138.57251699176584,-34.89595900730228],[138.5724214720733,-34.89603367261583],[138.57240008259782,-34.896050588863545],[138.57219600034523,-34.89621199468775],[138.5720201604022,-34.896392612728846],[138.57052249601645,-34.897930977732415],[138.5690720964002,-34.89940903509887],[138.56840800012912,-34.900076995756706],[138.56835146065146,-34.900034133168674],[138.56834601615583,-34.900030006179804],[138.56825832146444,-34.90012098969186],[138.56816000038373,-34.9002229979929],[138.56806099222104,-34.90030500806961],[138.56689200036556,-34.8994279973042],[138.56648201563257,-34.900839991372436],[138.5663879996066,-34.901256000663864],[138.56636099206617,-34.901787006265295],[138.55107564782293,-34.89161868485439],[138.5514186564459,-34.891284685639675],[138.54899787485215,-34.88967280285755],[138.54603465637433,-34.8876997370532],[138.54560364818985,-34.88741574374154],[138.5451816323265,-34.8871337487235],[138.54327164766846,-34.8858677568914],[138.54055267156855,-34.88406380320191],[138.5402446717543,-34.88385980368696],[138.53829868813398,-34.882561824768345],[138.53692966367305,-34.88164783208174],[138.53532166416358,-34.88057485094856],[138.53301468817733,-34.87904186658881],[138.53106768022928,-34.87774790314319],[138.52967670421663,-34.87681191393864],[138.52952070421713,-34.87670992362405],[138.5295107199438,-34.87670392964259],[138.52816070355368,-34.87582392143679],[138.52813369601336,-34.876091931097676],[138.52564070425512,-34.87442696763043],[138.52519072037546,-34.87412597263551],[138.52452969618855,-34.87368498827152],[138.52445971184625,-34.873637979808905],[138.5235376963077,-34.873021985576145],[138.52307670382686,-34.87271298031976],[138.52222272020242,-34.872142995402896],[138.52088969560305,-34.87125201636741],[138.52045369618122,-34.87096101194112],[138.51928070414124,-34.870177036940674],[138.5192447042798,-34.870143033574095],[138.5187507201697,-34.86966103472895],[138.51741871989805,-34.86744105376158],[138.5168786878013,-34.86654004818462],[138.51580668782844,-34.864753059306224],[138.51538268806064,-34.864046062675584],[138.51496265610172,-34.86334607805901],[138.51482963198202,-34.863129073447965],[138.5144806401695,-34.86246107591785],[138.5139766403098,-34.86160907619785],[138.5135176317334,-34.86083207633919],[138.51289760044392,-34.85978308911825],[138.51254262364318,-34.859183097421976],[138.51242361635684,-34.85898109620058],[138.51196559973266,-34.858206093736214],[138.5118786235996,-34.85805909325251],[138.51132358361656,-34.85711908947434],[138.51086956807615,-34.85635109902398],[138.51081059233502,-34.856251088117176],[138.51030758442755,-34.85539910728295],[138.5097055683574,-34.85438210714847],[138.50953455957233,-34.85409211985541],[138.5094355523089,-34.85392412110127],[138.5094695358904,-34.85358211162509],[138.50943955159414,-34.8532901071527],[138.50937251163214,-34.85229310524255],[138.50931151961106,-34.851423105591834],[138.50925951991098,-34.85067611341185],[138.50924649592912,-34.8504951086623],[138.5089934716715,-34.85008411309133],[138.50853347204213,-34.84933410458524],[138.50837247990614,-34.849073106938306],[138.50825849623266,-34.848887107354074],[138.50812547211297,-34.848672119023036],[138.50804448006875,-34.848539103896485],[138.50787449561153,-34.84826010541951],[138.50708844767382,-34.84697513249631],[138.50699743988002,-34.846834125094745],[138.5066724482749,-34.84633712285989],[138.50662745609225,-34.84626813676505],[138.50624745565563,-34.84568812440739],[138.50580844800152,-34.84501613029016],[138.5053714557282,-34.84434913190688],[138.50802799999224,-34.84385899239851],[138.5073649919009,-34.841414994806144],[138.50928931175235,-34.84192108019363],[138.51078732777307,-34.84230305014563],[138.51114230367443,-34.84138206433079],[138.50927433624167,-34.84098307470907],[138.5081333124025,-34.84074309331908],[138.50811132757576,-34.84074309331908],[138.5080633280602,-34.840877088706634],[138.50797631955152,-34.84086609989055],[138.50793331217267,-34.840856091335525],[138.50772831980623,-34.84076209239663],[138.50731532774023,-34.84067308919168],[138.50725132838613,-34.84062609871546],[138.507230336411,-34.84059908937644],[138.50807427191023,-34.83763207755828],[138.5082692476277,-34.83694208261096],[138.50834025629786,-34.83679006840691],[138.50842822438312,-34.8367650753479],[138.50848224036315,-34.83677508390298],[138.50921721580198,-34.83707905655319],[138.5113772155861,-34.83795203475853],[138.51139923188907,-34.837953033905364],[138.5118262084128,-34.837204024546054],[138.51180518406204,-34.83717701430771],[138.5117942078365,-34.837159014376994],[138.50920121596346,-34.836132060546106],[138.50905023957694,-34.83607506241418],[138.50853123183094,-34.83587507657347],[138.5087991677475,-34.83350905649769],[138.50893615967607,-34.83223205696379],[138.50901014420288,-34.8315850568049],[138.50903814369542,-34.83138705127135],[138.50904111955208,-34.83130605832787],[138.50907414355697,-34.8313060394421],[138.50910614413328,-34.83130703858893],[138.50912812806075,-34.83130803773571],[138.50921513567005,-34.83131804629073],[138.50946112003476,-34.83133103340043],[138.5095241283359,-34.831235036167925],[138.50948614367064,-34.83105303317092],[138.50950009575286,-34.830955039443495],[138.50971411191676,-34.83074304765347],[138.5097471044454,-34.83072504682343],[138.5098680956362,-34.830710043433726],[138.51072009625545,-34.83107001686773],[138.51104409590835,-34.8312210139386],[138.5111181119114,-34.83129401460707],[138.5110151035642,-34.83146301160866],[138.51103510358723,-34.83151801234635],[138.51109011241886,-34.83151901149313],[138.51114611230332,-34.8314750184573],[138.51121110360964,-34.83148502701232],[138.5114471037009,-34.83165302576646],[138.51164310374634,-34.8316750222844],[138.5117071039997,-34.831721012714524],[138.5117690879731,-34.83182102362127],[138.51192009583576,-34.83190599426615],[138.51210009604267,-34.83208899640999],[138.51220809562722,-34.8321279946112],[138.51226409641095,-34.83211099292794],[138.5122880957191,-34.83202999998446],[138.5123250560565,-34.83150800379127],[138.51224208010797,-34.83137099297693],[138.511996064267,-34.83120399336957],[138.51195008013212,-34.83111600729785],[138.51196607997065,-34.831104001348535],[138.5121020799471,-34.83094499311687],[138.51189907238438,-34.830787003817136],[138.5119000643366,-34.830751002157],[138.51205807971667,-34.830583004302184],[138.51105206390173,-34.82985001546581],[138.5112230717874,-34.829647015097635],[138.5112230717874,-34.829638023675784],[138.51114806383214,-34.82958202469064],[138.51108607985873,-34.82945502243132],[138.51096905557756,-34.829344021809106],[138.51052006365012,-34.829028023424485],[138.5103580795618,-34.82894401505422],[138.51018806362833,-34.82877801459364],[138.50996208018591,-34.82866501657719],[138.50973206418348,-34.828318012266436],[138.50966905588234,-34.828157043512704],[138.50968307181643,-34.828146017824395],[138.50963907158598,-34.82812703673329],[138.5095640636307,-34.82809804708717],[138.50956505558293,-34.828071036848826],[138.50958806383812,-34.82802604466616],[138.50968102406011,-34.82784801937055],[138.50988902375946,-34.82745602287713],[138.51015503962344,-34.82696501462368],[138.5101770235509,-34.82696601377046],[138.51024502398877,-34.82698601199479],[138.51036304022216,-34.82696101893583],[138.51043103976076,-34.826899025069906],[138.5105180158938,-34.82654001391046],[138.51074201633105,-34.82638300487173],[138.51086799965856,-34.82617800621],[138.5109390083286,-34.825990009231475],[138.51138198379158,-34.82544000365323],[138.51146297583568,-34.82527899892659],[138.5114909762276,-34.825099992470655],[138.51161398369845,-34.82479000605389],[138.5116329602929,-34.824741980457986],[138.5118429438968,-34.824295982373656],[138.51177193612602,-34.82409597944587],[138.51177292807824,-34.82406898719398],[138.5124789120722,-34.8227759851236],[138.5125019203274,-34.822722982679466],[138.51278390365428,-34.822817961879366],[138.51300089567485,-34.82249796780695],[138.51309488022457,-34.82227496831507],[138.51310387164642,-34.822239966701034],[138.51312486362167,-34.82215096259682],[138.51316988817985,-34.82196096822406],[138.51339487967005,-34.82140596781113],[138.51357487987684,-34.82112695134771],[138.51372684821558,-34.82089094675973],[138.51402284837582,-34.82012994943756],[138.51417385623859,-34.819844938093354],[138.51466380778857,-34.81918792937938],[138.51503078424332,-34.81860893415495],[138.5151937917601,-34.81828792294925],[138.51537276763918,-34.81778692412718],[138.51543977612482,-34.817715920853004],[138.51565974400205,-34.817684914926815],[138.51571574388652,-34.81764090390453],[138.51578575970507,-34.817506907617656],[138.51617775979582,-34.816811899849256],[138.51621375965738,-34.81674790858909],[138.51635171206192,-34.816499916038254],[138.51630070431406,-34.81635491294884],[138.51613071985685,-34.81618891248826],[138.51590672031898,-34.81603090430275],[138.5158197118103,-34.8160109051791],[138.51558774427906,-34.81608790243473],[138.5155327363468,-34.81608590414112],[138.51552275207337,-34.81606790421034],[138.5155577599827,-34.81599690093617],[138.51572470383212,-34.81589191318119],[138.51579270426998,-34.81582091080634],[138.51576672015813,-34.81520791311465],[138.51580272001956,-34.81473090910413],[138.51579568012664,-34.8142439154243],[138.51584867177883,-34.81358690581101],[138.51583964798147,-34.81244188538466],[138.51585065568327,-34.812053884579086],[138.5158686403256,-34.81181088776219],[138.51598163204676,-34.81097489057868],[138.51604963158525,-34.81089589592881],[138.51614963170016,-34.810834883223265],[138.51656563199833,-34.81080687383809],[138.51671862376554,-34.810827871209256],[138.5169246080843,-34.81086786855724],[138.51745462443148,-34.81104088013245],[138.51771561578312,-34.81109186629652],[138.51808259223787,-34.811252853936026],[138.51823360010064,-34.811327852898046],[138.51830758372807,-34.81140085356651],[138.51845859159084,-34.81147685167531],[138.51922457565365,-34.81181684487143],[138.51956959965742,-34.81197683246478],[138.51989360020957,-34.812100838183085],[138.52003459232265,-34.81213983638429]]]},"properties":{"School_Name":"Woodville High School","ENTITY_CODE":801,"zoneType":"secondary"}},{"type":"Feature","geometry":{"type":"Polygon","coordinates":[[[138.5284923519406,-34.979510242303775],[138.52895699207158,-34.98527600818119],[138.52951475160455,-34.98528407420059],[138.5296670077263,-34.98530000209337],[138.5299316161512,-34.98529386062313],[138.53080080011694,-34.985246222635],[138.53087680002432,-34.986269217650204],[138.53095081602737,-34.98727223242753],[138.53101081609634,-34.98807822193237],[138.53102780788709,-34.98831222822673],[138.53107084764156,-34.988891241437614],[138.53113084771053,-34.989691236061674],[138.53081001636917,-34.98971299246057],[138.53090988788108,-34.99113623434971],[138.53079395177951,-34.99114202508434],[138.53006790391066,-34.99117826686347],[138.5296099196621,-34.99128025717806],[138.5289529280352,-34.991316257938934],[138.52907699220953,-34.99298099927364],[138.52785097614174,-34.993036277002545],[138.52856099179644,-34.99403527720625],[138.52885097639148,-34.99444427538293],[138.52916697567548,-34.994889274320485],[138.52947596834133,-34.995324264703015],[138.52977801644238,-34.99574926541624],[138.5304550080922,-34.996703254551505],[138.5343936636367,-35.00218088214194],[138.53719763196523,-35.00607814818795],[138.53918095993345,-35.008824898050534],[138.53949103987964,-35.00927485584987],[138.5395326703965,-35.00933217054319],[138.53957427213504,-35.00938944476701],[138.53959169560028,-35.009417302166696],[138.53974078430986,-35.00965567556892],[138.53979161579048,-35.00973694820158],[138.5399696635692,-35.01002954442788],[138.54000320018758,-35.01008445253541],[138.54001338231183,-35.010093276683335],[138.54001897609498,-35.010098124029184],[138.54021206413552,-35.01035360883196],[138.54033091224187,-35.01054826618952],[138.54039513642647,-35.01080014381154],[138.5404898880979,-35.01177083875314],[138.5405107199938,-35.01189108890259],[138.54052690239473,-35.012277515894596],[138.54054537626814,-35.01271864864668],[138.54096959996718,-35.01821283455462],[138.53984739174382,-35.01828620574378],[138.53866099171148,-35.01835794826064],[138.53263660779328,-35.0186873042756],[138.53277027223032,-35.02104749674453],[138.52616499192095,-35.02139100539057],[138.52611577562266,-35.02102316918388],[138.52559587215183,-35.02105966996777],[138.52559004454497,-35.02105248708256],[138.52553315163368,-35.020982358848755],[138.52517590404477,-35.02100848055687],[138.52516399971887,-35.02090299367819],[138.52516362919823,-35.020903011664586],[138.52325657633003,-35.02099340342278],[138.52337862422416,-35.02261241243286],[138.52339763229497,-35.022868415245114],[138.5234336321564,-35.02334340207631],[138.52347664043464,-35.02391939986035],[138.52350265602286,-35.02426742220371],[138.52357465574585,-35.02522342761904],[138.5236376964226,-35.026035429991055],[138.52364367961218,-35.026110428953075],[138.52368169575368,-35.02660241836685],[138.52370067234824,-35.02685042890414],[138.52382070396243,-35.02841242089647],[138.5238577281517,-35.02888942490699],[138.5240577922334,-35.03149542727209],[138.51747900775013,-35.03184300535037],[138.5174760004171,-35.031748008164016],[138.51753100834947,-35.03173999790255],[138.51752601621274,-35.03153200180037],[138.51748188827855,-35.03153152066312],[138.51747500756562,-35.03139600811926],[138.5175630080265,-35.031398006412815],[138.51758300804943,-35.03109599428467],[138.51760227242698,-35.03042044784536],[138.51744483171365,-35.02950149719629],[138.51742684797068,-35.029235504714734],[138.5173838082162,-35.028608502780116],[138.51732681637952,-35.02833649743138],[138.51725081557277,-35.027586506911746],[138.51720079977713,-35.02740550306146],[138.5172148157112,-35.02732451011798],[138.5172838081013,-35.02721850522977],[138.5172788159647,-35.02718749930358],[138.51727382382796,-35.02716350449208],[138.51720278368157,-35.027000500572626],[138.51696278430506,-35.026228496447914],[138.51693379196104,-35.026119494119314],[138.51676179212302,-35.025629502999095],[138.51675276832566,-35.02556850828],[138.51660774365246,-35.02455350643913],[138.51647273562833,-35.023956492398156],[138.51634975963373,-35.02330449740458],[138.51636374409156,-35.02320550363106],[138.51642070355274,-35.02313450035689],[138.5164127040831,-35.0230624988352],[138.51637072013273,-35.022986500726404],[138.5163087037837,-35.022871504416344],[138.51615071987987,-35.02230050236625],[138.51596771234017,-35.02180949321348],[138.51585871990403,-35.021428523307634],[138.5155086722874,-35.020589510697334],[138.51546067187257,-35.020473516139816],[138.51538867214958,-35.02031952162855],[138.5153006716887,-35.01997451561135],[138.51515769567118,-35.01961152675051],[138.51500867171285,-35.019094526291326],[138.5145636475943,-35.01825651282775],[138.51441766424387,-35.01762151861817],[138.5143231679799,-35.01737154665949],[138.51422566438293,-35.017113527567176],[138.51413865587438,-35.01673251988984],[138.51409164831102,-35.016452522266036],[138.51410860772614,-35.01626352614079],[138.51396761561307,-35.01547651772705],[138.51379363187073,-35.01509451180226],[138.51372361605206,-35.01484951579249],[138.51359260821232,-35.01450452776169],[138.51347763168746,-35.01429451627888],[138.51338057595285,-35.013895526657166],[138.51337929621764,-35.013892436586616],[138.5131555835634,-35.01335952622111],[138.5130496002589,-35.0128795247702],[138.5129385924422,-35.01256152809202],[138.51267356763105,-35.011555516773626],[138.51264854399517,-35.011293519979915],[138.51259756772367,-35.01117552712884],[138.51247555220505,-35.01047852106683],[138.51233353576413,-35.00983152090794],[138.51226351994558,-35.009518519064386],[138.51217651233628,-35.00877851911332],[138.51209152010767,-35.00839151745453],[138.51208051240576,-35.00834352873085],[138.51199247956936,-35.00800751323612],[138.51191248037674,-35.00780151542756],[138.51190047982334,-35.0077715266346],[138.5117495043362,-35.0070115284592],[138.51173849573502,-35.00695652772151],[138.51171750375988,-35.00690352527744],[138.51151449619715,-35.00640254534113],[138.51141545565883,-35.00604852991569],[138.5113414720314,-35.00526351889624],[138.51136246400654,-35.00454251892205],[138.51120643163154,-35.003178513577495],[138.5112014403942,-35.00289851595369],[138.5111943996019,-35.00249651090519],[138.51118640013237,-35.00204252144516],[138.51112540811118,-35.0015325132149],[138.51107740769623,-35.00095052144934],[138.51109436801073,-35.00074252624654],[138.51108537568962,-35.0006395178994],[138.5110813764045,-35.000621517069305],[138.51105737619707,-35.00051351478686],[138.51096636840327,-34.99951351543632],[138.51089535973313,-34.99935752353082],[138.5108173759212,-34.99901952862831],[138.51065631993333,-34.998554512580654],[138.51065334407667,-34.998541525470955],[138.51060032004875,-34.998220513365936],[138.51046233616796,-34.99770351290675],[138.5104173439853,-34.99738751362281],[138.51037433570707,-34.99725451738203],[138.51026633612253,-34.99692451475448],[138.51020428829736,-34.99644551245041],[138.51010828836684,-34.99600151265963],[138.5100023041631,-34.99517051121006],[138.50997331181895,-34.99503451752889],[138.50997625619937,-34.994583524609936],[138.50990025629187,-34.994185515249285],[138.50989945589527,-34.9941705487318],[138.5098582723415,-34.99340052311561],[138.50975024038132,-34.99265952491709],[138.50967324762235,-34.99230552657872],[138.50962124792227,-34.991836514843214],[138.50955324838378,-34.99153751814191],[138.50953324836075,-34.991454526904874],[138.50946620839886,-34.99118352070286],[138.50937020756908,-34.99071352780703],[138.5093112003517,-34.989792524005736],[138.5093072001672,-34.98976451462062],[138.50924918400267,-34.989295521770885],[138.50930617583936,-34.9885275124347],[138.50949315208732,-34.98776849452037],[138.50956313642962,-34.98760750778024],[138.5096871358527,-34.9871315029165],[138.50993811235412,-34.98643349770771],[138.51018512014718,-34.985879496441555],[138.51024809607281,-34.98552350070895],[138.51026512023918,-34.98543148207722],[138.51028806374325,-34.98501648991902],[138.51032704036072,-34.983358482707786],[138.51035203162098,-34.982899479527305],[138.51032799993732,-34.981380481424026],[138.51027100810063,-34.98051199892956],[138.51027702366582,-34.980511684166856],[138.51028300775465,-34.98055699111222],[138.51298499206382,-34.98041692709944],[138.51298499206382,-34.980417001743206],[138.51310995196275,-34.98041045288005],[138.51388995195975,-34.980371435793074],[138.51535091231483,-34.980298416238895],[138.5167939204032,-34.98022591469419],[138.51682387232393,-34.9802243984372],[138.51772287960728,-34.980179387368764],[138.52017385593876,-34.98005634392507],[138.52154675198108,-34.97998756107705],[138.52291209641623,-34.97991454152282],[138.52292272010754,-34.98008799736317],[138.5242887363362,-34.980013849159775],[138.5242767357828,-34.979850846139584],[138.52660271983973,-34.979734258928886],[138.5270087043882,-34.979691061793005],[138.5279547201343,-34.97959023610048],[138.5284923519406,-34.979510242303775]]]},"properties":{"School_Name":"Brighton Secondary School","ENTITY_CODE":803,"zoneType":"secondary"}},{"type":"Feature","geometry":{"type":"Polygon","coordinates":[[[138.55107564782293,-34.89161868485439],[138.55114367973704,-34.8924916819455],[138.5511846717353,-34.89301369612514],[138.55121509040418,-34.89339853221645],[138.55124268789984,-34.89374768320897],[138.55128581668714,-34.89430128877342],[138.55131171176617,-34.89463368539623],[138.55131419479437,-34.89466351141186],[138.551325696224,-34.894801684150366],[138.55136569626995,-34.895319683756384],[138.55140073565553,-34.895765700726486],[138.5514757436107,-34.89671771045391],[138.55148172769964,-34.89678971287492],[138.5516267838491,-34.89854671296041],[138.55163078403348,-34.89858870770263],[138.55163855147805,-34.89880362588656],[138.5516427836876,-34.898920708623734],[138.55179779173477,-34.90087569625632],[138.5518045618311,-34.900922586008505],[138.55181584022887,-34.901000701121404],[138.55192582371785,-34.902199704252894],[138.55199221796659,-34.903317840346006],[138.55199286367974,-34.90332872214276],[138.55208387237292,-34.904487728825586],[138.55130089561987,-34.9045237295864],[138.54990393641765,-34.904594751746345],[138.5486569283746,-34.90465876189228],[138.5477179516222,-34.90470678748818],[138.54743296006313,-34.904724788318276],[138.5462279683461,-34.90478280358349],[138.54620198423424,-34.904783802730265],[138.54498899214832,-34.90483782320695],[138.54432198387258,-34.90487981794922],[138.54371504041683,-34.904910842761126],[138.54328102400007,-34.90493283927907],[138.54245302358822,-34.904974834021345],[138.54221107178364,-34.90498685885643],[138.54122204775933,-34.9050378450205],[138.54112406392449,-34.90504185959412],[138.54002607983978,-34.90509787746504],[138.53998809607378,-34.905099875758594],[138.5387610880539,-34.90516288675775],[138.53873110375753,-34.905163885904585],[138.53756912031872,-34.90522290031657],[138.53781520001155,-34.9081759078918],[138.5379440000156,-34.90970600542778],[138.5379487358456,-34.909705857938945],[138.5380350078094,-34.91069399792963],[138.53866860806988,-34.910657589775894],[138.53877107232722,-34.91201167919559],[138.53867100836044,-34.91201600763259],[138.5386767999944,-34.91209960950931],[138.53867100836044,-34.91209999801646],[138.53876521594202,-34.91345830525654],[138.5383760001523,-34.91347800760394],[138.53838166408264,-34.913561701211506],[138.5383760001523,-34.913561997088436],[138.53856431998747,-34.916256929813414],[138.53835932762092,-34.91625593066664],[138.5381643204271,-34.91627394948313],[138.53788832028977,-34.916335943349054],[138.53767135974556,-34.91637593979772],[138.5374393598387,-34.916410942311074],[138.5373633599312,-34.916437951650096],[138.53721734420515,-34.91645595248019],[138.53707135995535,-34.916441948237264],[138.53695235176963,-34.916392941481035],[138.53681135965655,-34.91634894844515],[138.53671935991065,-34.91630395626254],[138.53654134360818,-34.916263959813875],[138.5364163522329,-34.9162499735574],[138.53628633634537,-34.916263959813875],[138.536167359636,-34.91631696225795],[138.53607033627702,-34.91637895522456],[138.53589638401093,-34.91650795577749],[138.53578339228977,-34.91663296064257],[138.53571238361963,-34.91671696901284],[138.5356743683775,-34.91682397304788],[138.5356853760793,-34.91692596336247],[138.53572838435753,-34.91701097087957],[138.5357533756179,-34.91703496569107],[138.53583638394207,-34.91710496981847],[138.53596636835323,-34.917197968711264],[138.53609638424075,-34.917286972815475],[138.5361513921731,-34.91731196587449],[138.53622636775276,-34.917340955520615],[138.53637139242585,-34.91733196409882],[138.53652339224084,-34.91732796841097],[138.53661539198686,-34.91736297092433],[138.53668537632916,-34.91742995872556],[138.53673436779695,-34.91749296972472],[138.53676838375395,-34.91756095757211],[138.53676339161734,-34.91765395736422],[138.53671436777393,-34.9177479554038],[138.5366283835931,-34.91784097318231],[138.5364763837781,-34.91793896780905],[138.5363463678906,-34.91802295819292],[138.53623737635394,-34.91810297087534],[138.536032416363,-34.91820096460282],[138.53585340810832,-34.918249971359046],[138.5356634236282,-34.918311983211424],[138.5353334084101,-34.91846397942908],[138.53517840036295,-34.918515982726376],[138.5350303998332,-34.91856498948266],[138.53487942434606,-34.918573980904455],[138.53471142379328,-34.91856898517051],[138.5345214078368,-34.91852397500139],[138.53438639981255,-34.91847100942948],[138.53423740822984,-34.91838200622459],[138.53401545644817,-34.9182659927813],[138.53387043177509,-34.91818100325065],[138.53368044819422,-34.91812300597189],[138.5335074564041,-34.91813599308159],[138.53335043207687,-34.918163003319876],[138.53324243159295,-34.91821600576401],[138.53315043184705,-34.91831000380358],[138.53303644817356,-34.91844300094368],[138.5330184320551,-34.91848401542495],[138.53299244794323,-34.91855401865297],[138.5328734397575,-34.91879401982811],[138.5327924477134,-34.91889702727593],[138.53272147231814,-34.91892801521567],[138.53261846397095,-34.918923020381044],[138.53245647988274,-34.918834016276776],[138.53236448013672,-34.91876702757622],[138.53221347227395,-34.918678024371275],[138.53206748802427,-34.918603025409254],[138.53197548827825,-34.918545028130495],[138.53182947165283,-34.918500017062115],[138.53172748763347,-34.91848902824603],[138.5316564798627,-34.91848201713134],[138.53144547193108,-34.918491045425355],[138.53126147243904,-34.9185130419433],[138.53114246425343,-34.91853903414909],[138.53101747197877,-34.918579030597755],[138.53090947239434,-34.918610037423264],[138.53075248044263,-34.91865904328017],[138.53059548759177,-34.918699040628155],[138.53038950417238,-34.91873504138903],[138.53021152024553,-34.918743051650495],[138.53004351969275,-34.91874806537089],[138.5299115199008,-34.918743051650495],[138.52974950433622,-34.91871206461008],[138.52958649592017,-34.918645057923015],[138.52945152027155,-34.91856005040597],[138.52932249633625,-34.918386057670375],[138.52925152004173,-34.91824806569565],[138.5291984960138,-34.91811906514272],[138.52911151988076,-34.918021052529525],[138.52899849578398,-34.917954063828915],[138.52883049613058,-34.917892051976594],[138.52861350411,-34.91783805038568],[138.52842150424908,-34.91778107024015],[138.52834352043715,-34.91775807457543],[138.52807849562612,-34.917668072223705],[138.52806051188315,-34.91766307738908],[138.5280045119987,-34.91764807399937],[138.52788351990853,-34.91761506977963],[138.5276835196787,-34.91757906901876],[138.52754249608938,-34.917583083592376],[138.52737551986445,-34.917610074944946],[138.52720752021094,-34.91766307738908],[138.5270175357308,-34.91773909438365],[138.52683353623877,-34.91781908818035],[138.52671452805305,-34.917859084629015],[138.52660652756924,-34.91787209062443],[138.52649254389587,-34.9178670957898],[138.52636252800835,-34.91784509927186],[138.5261955517833,-34.91779109768095],[138.52603852835546,-34.91772409009462],[138.52591155217647,-34.917662097128016],[138.52575452784924,-34.91761309037179],[138.52563052842618,-34.91759908612886],[138.52551155171682,-34.917608114422876],[138.52535955190183,-34.91764311603691],[138.52528355199445,-34.91767512110988],[138.52513254413168,-34.91773711407649],[138.52508857627686,-34.91779511225457],[138.52503456029683,-34.91787410690449],[138.52499657563158,-34.91794610932544],[138.52495856038934,-34.918044103052864],[138.5248715842563,-34.91821311983955],[138.5247685759091,-34.91836012032326],[138.524665567562,-34.91848011146794],[138.52454656027555,-34.91857311126006],[138.52440556816248,-34.91863112742453],[138.52428156784015,-34.91867112387325],[138.52412460826417,-34.91870612638655],[138.5240205441129,-34.91871480214638],[138.5239566077114,-34.91872013062948],[138.52378860805788,-34.9187191314827],[138.5233996161994,-34.9187281229045],[138.5232425918722,-34.91874512368844],[138.52308361601615,-34.918790134756875],[138.52305859238015,-34.91879912527935],[138.52287459198885,-34.91888814737007],[138.52269760001434,-34.919002144533295],[138.5225386241582,-34.91911915712336],[138.5222599997992,-34.91935599358419],[138.5218968958252,-34.91925104360075],[138.52158825569347,-34.91916377878533],[138.52122201578345,-34.91905599773605],[138.52099299173324,-34.919052002048204],[138.51961216007317,-34.91936322773074],[138.51945155194767,-34.91944965977393],[138.51885369614126,-34.91958520919002],[138.51875068779407,-34.919426201857675],[138.5185276802083,-34.918741201745036],[138.51850566390533,-34.91874619657966],[138.5176007040094,-34.918949197847155],[138.51664771222215,-34.919161225610026],[138.5157077444169,-34.91937023884543],[138.51545071997487,-34.9194262387299],[138.51452876828807,-34.91963425281847],[138.51415372761255,-34.9188552546662],[138.51374172839814,-34.91799925925835],[138.51357871998198,-34.9176632626494],[138.5131237439657,-34.916718264036604],[138.5129717117751,-34.9163572545836],[138.51292470421174,-34.916122268028175],[138.51292668811618,-34.916050265607225],[138.5129677115907,-34.91558125387172],[138.51309971228193,-34.914892258071234],[138.51351564782897,-34.91271323582714],[138.5137025917013,-34.91171623391699],[138.51376460805034,-34.91138525012917],[138.51385161565963,-34.91092325040762],[138.51397055999337,-34.91028921757328],[138.5141055680176,-34.90956921674592],[138.5141775677406,-34.90918622966075],[138.51440953617123,-34.90794922657551],[138.51470451200373,-34.906374210601314],[138.51457548806843,-34.904634212199085],[138.51451644757606,-34.903836196083546],[138.51446345592376,-34.90306221165173],[138.51440742366378,-34.902233207596396],[138.51438342435563,-34.90188720243242],[138.51424937590798,-34.899921189111524],[138.51416435220312,-34.898674178370584],[138.514155359882,-34.89854218037726],[138.5141173437405,-34.89798118688225],[138.51398332766848,-34.89601619069458],[138.51382425558495,-34.89368519021929],[138.51370822415527,-34.891911169564764],[138.51370422397088,-34.89185816712069],[138.51368921608457,-34.89170816919659],[138.51380022390128,-34.891811158658015],[138.51638713635737,-34.889005134479305],[138.51858905624,-34.886616099853086],[138.5186580477308,-34.88654210003784],[138.5207299517259,-34.88429405392742],[138.52083395202533,-34.88418105591097],[138.52172393641058,-34.88322303331631],[138.52226793631633,-34.882630034748274],[138.52239190426303,-34.88248904623248],[138.52242588784452,-34.88246203599414],[138.5227079044463,-34.88215301185198],[138.52287388781974,-34.88197402428176],[138.52466383996432,-34.880047009162126],[138.525252799677,-34.879400989264184],[138.52554879983734,-34.87911897536037],[138.52588281613907,-34.87880097868219],[138.5261527683357,-34.87856295781421],[138.52646576028667,-34.878316962657664],[138.5271367363714,-34.877852945756786],[138.52774873581552,-34.87748694236848],[138.5279157444162,-34.877399955443536],[138.52870371240647,-34.87701892888043],[138.5289647037581,-34.87691592143261],[138.52915769557126,-34.87683892417698],[138.52936771155066,-34.87676192692135],[138.52952070421713,-34.87670992362405],[138.52967670421663,-34.87681191393864],[138.53106768022928,-34.87774790314319],[138.53301468817733,-34.87904186658881],[138.53532166416358,-34.88057485094856],[138.53692966367305,-34.88164783208174],[138.53829868813398,-34.882561824768345],[138.5402446717543,-34.88385980368696],[138.54055267156855,-34.88406380320191],[138.54327164766846,-34.8858677568914],[138.5451816323265,-34.8871337487235],[138.54560364818985,-34.88741574374154],[138.54603465637433,-34.8876997370532],[138.54710563201934,-34.88840571565123],[138.54826064031636,-34.889160719891265],[138.54899787485215,-34.88967280285755],[138.54911865560155,-34.88975669701392],[138.5514186564459,-34.891284685639675],[138.55107564782293,-34.89161868485439]]]},"properties":{"School_Name":"Findon High School","ENTITY_CODE":805,"zoneType":"secondary"}},{"type":"Feature","geometry":{"type":"Polygon","coordinates":[[[138.5222599997992,-34.91935599358419],[138.52219888007437,-34.91941421389481],[138.52219663986307,-34.91941615643043],[138.5221555516374,-34.919465477050096],[138.52193846428872,-34.91972453216141],[138.5217830083792,-34.919964218573796],[138.5217559999395,-34.920004992936015],[138.52161452758844,-34.920170049108435],[138.5216116803349,-34.92017317605121],[138.52161068838268,-34.92017389730745],[138.52133500840398,-34.92036100665507],[138.52115366371072,-34.92042816173023],[138.5209856640572,-34.920463163344266],[138.52090659206567,-34.920486232753376],[138.52083100764492,-34.92050399256516],[138.52059568024652,-34.92060618702584],[138.52045968027005,-34.920703182505804],[138.52037868822595,-34.92081917706332],[138.5203407035607,-34.92094817761625],[138.5203407035607,-34.921108184095374],[138.52037100801567,-34.92124800708979],[138.5204003843703,-34.921342246147674],[138.52043670439048,-34.92146417982798],[138.5205016956968,-34.92166518280192],[138.52060470404388,-34.92191419248593],[138.52074470420484,-34.9221061851523],[138.52142470408694,-34.92283416026822],[138.5215647042478,-34.923031166654994],[138.5216407041553,-34.92320016455591],[138.52168873604637,-34.923396171795844],[138.52171071997384,-34.92359617562295],[138.52171071997384,-34.923845167320565],[138.5217197437712,-34.92428616967095],[138.52176873613837,-34.92476717026864],[138.5217997762387,-34.925288167315045],[138.52183676805248,-34.925663180111655],[138.521852767891,-34.925953186290485],[138.52188377561583,-34.926188191731626],[138.5218980802323,-34.92631238271025],[138.52191177600776,-34.92643118944778],[138.52191676814437,-34.92668317768647],[138.52192678389406,-34.92700818637866],[138.52189980782998,-34.92730118909856],[138.52186179168837,-34.92753317911286],[138.52177078389468,-34.927731184646404],[138.5216947839872,-34.927993181440115],[138.52159683162859,-34.92827819278432],[138.52146681574106,-34.92851819306014],[138.52137481599505,-34.92865118930092],[138.5213308157646,-34.92871418231363],[138.52115183988553,-34.928936200645126],[138.52091881565093,-34.929168208645876],[138.52067987207852,-34.929376204747996],[138.52039385619162,-34.9296172041706],[138.52008486442503,-34.929839203616325],[138.51982985626296,-34.930030216920954],[138.5193288961117,-34.93037522293815],[138.51898688034032,-34.930633224044016],[138.518710880203,-34.93085923806336],[138.51846191998163,-34.93106823331226],[138.51820691181956,-34.931233234626006],[138.5179909117512,-34.93136624975256],[138.5177609281244,-34.93150024514017],[138.5175528636738,-34.931586824672195],[138.51754995166903,-34.93176425821389],[138.51753295987828,-34.93280625230665],[138.51735398399921,-34.93438326657446],[138.51734902423811,-34.93510125112181],[138.51710700768228,-34.935806286331],[138.5171250561765,-34.93635427472998],[138.51735907236332,-34.93929927114442],[138.5174204160195,-34.940074254723015],[138.51755913644502,-34.94182727800643],[138.5175531523562,-34.94246828418392],[138.5176871684281,-34.94474530105475],[138.51798227196434,-34.94854329633603],[138.51828332811317,-34.9525722995719],[138.51815932779084,-34.953047324174634],[138.51806035200366,-34.95330330900049],[138.51789036844582,-34.95369932006753],[138.51767935961482,-34.95409031741417],[138.51745936026134,-34.954374310725825],[138.5171724162741,-34.95465530749641],[138.51699139173945,-34.95481333456769],[138.5149264637853,-34.9562573516954],[138.51448448027463,-34.95668037300078],[138.5142884802292,-34.956988379110385],[138.51412451223655,-34.95736037737947],[138.51400950423533,-34.95787336416436],[138.51402249584157,-34.95854437712126],[138.51415052782465,-34.95894236759614],[138.5142975364023,-34.95931236757167],[138.51443753566377,-34.95955136959998],[138.5147325438719,-34.959933376424146],[138.51585852834842,-34.96088834582048],[138.51631353584105,-34.961265357809964],[138.51635494422533,-34.961325537743335],[138.51660444763718,-34.9617749217752],[138.51688156832972,-34.96280035755041],[138.51679155158888,-34.96301734417506],[138.51672755223478,-34.96317335496633],[138.51664857557137,-34.96336335023835],[138.51661756784654,-34.963845349083556],[138.5166155839421,-34.96392334458665],[138.51387161568255,-34.96407539656224],[138.51256764817845,-34.964154410097876],[138.51200867186276,-34.96418741431768],[138.51012268831153,-34.964302446600584],[138.5085687362582,-34.96438847215023],[138.50853971243782,-34.964274456101236],[138.50844870374476,-34.96402946099079],[138.5081216958596,-34.96326546622822],[138.50793468813538,-34.962937461894285],[138.50774070437012,-34.96245546214982],[138.50724665640814,-34.9614264551667],[138.50691065620185,-34.96058146836003],[138.50645964799446,-34.959580488748486],[138.50623164827198,-34.95912448210913],[138.50597062364545,-34.95871348563878],[138.50581663992602,-34.958395489859925],[138.50562361573736,-34.95787748935459],[138.50522262422476,-34.957030485368534],[138.50515363183467,-34.95676848857482],[138.50515763201918,-34.95662348548541],[138.5052056000585,-34.956498480620326],[138.5051865919877,-34.9564084782686],[138.50503059198832,-34.95613447462625],[138.50489958414857,-34.955762477256485],[138.50464160012984,-34.955234487081896],[138.50455859180568,-34.955088484845646],[138.50416060762598,-34.95415147850787],[138.50405855975475,-34.953869482590505],[138.50361856014854,-34.95284049449316],[138.5033955516634,-34.95224050279694],[138.50304454357092,-34.951493509717636],[138.50299654405535,-34.95136850485255],[138.50299353582307,-34.95136149373792],[138.50298153616905,-34.95132850840389],[138.5029565440094,-34.951265497404734],[138.50294352002754,-34.95123249318499],[138.5028615360311,-34.951020501394964],[138.50282054403294,-34.95092850074968],[138.50267654368758,-34.95061050407145],[138.50266751989022,-34.95058349473243],[138.50250054366518,-34.950086491598256],[138.50230454361986,-34.949501503291685],[138.50205049593376,-34.94882849204123],[138.5019255036591,-34.948608508875566],[138.50189449593427,-34.94853750560134],[138.501827488348,-34.94842850327274],[138.50174851168458,-34.94813849709391],[138.50174851168458,-34.94812950657143],[138.50171750395975,-34.948074505833745],[138.50163350368337,-34.94796450525769],[138.50136451196272,-34.94731149223156],[138.50135849639753,-34.947294509434016],[138.5013304960056,-34.94720850277014],[138.5013194883038,-34.94717649769717],[138.50101347239388,-34.946416498622455],[138.50094246372373,-34.946208503419655],[138.50051945590826,-34.94529351158627],[138.5004174718889,-34.94504851647582],[138.50017747161314,-34.94460451668505],[138.49997343972257,-34.94408851447332],[138.49985443243622,-34.94366451290688],[138.49984742401944,-34.94364751122362],[138.49962944004665,-34.94310351941186],[138.499562431561,-34.94277851071968],[138.4993504002009,-34.94217951817018],[138.49927241638898,-34.9418805205695],[138.4990593921773,-34.94131651164764],[138.49896739243127,-34.94103451573028],[138.49874937608286,-34.94036352075983],[138.49818838438648,-34.93899152403958],[138.49795033563953,-34.93817452683288],[138.49786035217357,-34.9378935120759],[138.49774435222014,-34.93740452010246],[138.49766035194375,-34.93689752729898],[138.49764134387294,-34.936473525732595],[138.49753129563283,-34.93612052744032],[138.49743632003026,-34.93563151658117],[138.4974383039346,-34.93522551584482],[138.4974512964402,-34.93514452290134],[138.49758531161285,-34.93504852656821],[138.49764032044448,-34.93504051630674],[138.49786031979795,-34.935026511164494],[138.4978372800665,-34.934876513240454],[138.4978142718113,-34.934719522188175],[138.49780428843724,-34.93469251284915],[138.4977222720653,-34.934519519260334],[138.49737228830054,-34.934133516748375],[138.49723827222851,-34.93388752159183],[138.49697628802528,-34.93348551744265],[138.49691827186086,-34.93323151202463],[138.49681727979373,-34.932949534992986],[138.49674928025513,-34.932687538199275],[138.49670224031615,-34.93206451306679],[138.4966722560199,-34.93195551163751],[138.49652025620492,-34.93158253310736],[138.496458239856,-34.931076539450714],[138.49626320028653,-34.92993651385899],[138.49605519968782,-34.92923854642174],[138.49598822357768,-34.928883530950145],[138.49597020835847,-34.9287855363234],[138.49555219178023,-34.92776753704214],[138.49530918417156,-34.926761543710256],[138.49494614404932,-34.92573553416753],[138.49493814368043,-34.92570654452135],[138.49482816019156,-34.925300543785],[138.49470614377356,-34.924991537629296],[138.49452412818607,-34.92415853878549],[138.49444211181412,-34.92394954443586],[138.49414310432087,-34.92300554407058],[138.49408108797195,-34.922526542665764],[138.49401308843335,-34.92224654504196],[138.49388207969423,-34.92184653828707],[138.49377507206202,-34.921429529848865],[138.4937130880886,-34.921293536167695],[138.49366508767378,-34.92107653065733],[138.4936240956755,-34.921003529988866],[138.49359209599845,-34.92097553948952],[138.49334009606866,-34.92097054465489],[138.49326409616117,-34.92094155500871],[138.4932540804116,-34.920905554247895],[138.49322108788294,-34.92055355420314],[138.49323308843634,-34.92052656285057],[138.49335705638316,-34.92040253914581],[138.49338204764342,-34.92031353594086],[138.49337305622169,-34.920258535203175],[138.49335305619866,-34.92017754225975],[138.4932130560378,-34.91974153384467],[138.49320703957324,-34.91967854173129],[138.49316204828995,-34.919253541018065],[138.49292700777528,-34.91801354139176],[138.49279603231116,-34.91764154312267],[138.49263203194278,-34.916889537222346],[138.49257500773047,-34.91672453590854],[138.49243097590886,-34.916308562590075],[138.4923289918895,-34.915729550278456],[138.49209398375046,-34.91516655759051],[138.4919389757032,-34.91452255487195],[138.49176396763312,-34.914149557456085],[138.49173596814046,-34.913986554435894],[138.4917339518605,-34.91368056370703],[138.49168694429716,-34.91343554971081],[138.49158595223003,-34.91314556241775],[138.4915879676107,-34.9130825514186],[138.49133094406784,-34.91253656131323],[138.4912619202015,-34.91229156530346],[138.4911509123848,-34.91200955139965],[138.49108393627466,-34.91166556251568],[138.49094291178596,-34.911275564315815],[138.49084492795112,-34.910903547160956],[138.49080092772067,-34.910550548868684],[138.49061689585312,-34.91011455933938],[138.49049990394747,-34.90964354931032],[138.48999987189666,-34.90811855722558],[138.4898538561706,-34.90756555510626],[138.49036787177988,-34.90754156119402],[138.49106684825654,-34.90750753984105],[138.4920788157848,-34.907457533937986],[138.4928088323618,-34.90743152284648],[138.4932208315762,-34.90740051692029],[138.49407279981995,-34.907360501585856],[138.49416678436967,-34.90735550675117],[138.49523280025358,-34.907302485421326],[138.49533779160583,-34.9072974905867],[138.49634175966457,-34.907247466697186],[138.4966137596174,-34.90723446070177],[138.49789075195667,-34.90717045055578],[138.49798876816715,-34.90716541884893],[138.49890671966944,-34.90712642064773],[138.49902671980738,-34.907120426666324],[138.49947673606255,-34.90709741301515],[138.50129369574756,-34.907010389218044],[138.50135769600092,-34.907007391777654],[138.5017277121642,-34.90699137125472],[138.50405065561336,-34.90688334918718],[138.50523363192667,-34.9068250002735],[138.5056116475596,-34.9068063339451],[138.50677164799322,-34.90675031607418],[138.50939356835852,-34.90662727263049],[138.5095185597338,-34.90662127864903],[138.5108325762625,-34.906559266796705],[138.51208553601873,-34.90649923435217],[138.51470451200373,-34.906374210601314],[138.51440953617123,-34.90794922657551],[138.5141775677406,-34.90918622966075],[138.5141055680176,-34.90956921674592],[138.51397055999337,-34.91028921757328],[138.51385161565963,-34.91092325040762],[138.51376460805034,-34.91138525012917],[138.5137025917013,-34.91171623391699],[138.51351564782897,-34.91271323582714],[138.51309971228193,-34.914892258071234],[138.5129677115907,-34.91558125387172],[138.51292668811618,-34.916050265607225],[138.51292470421174,-34.916122268028175],[138.5129717117751,-34.9163572545836],[138.5131237439657,-34.916718264036604],[138.51357871998198,-34.9176632626494],[138.51374172839814,-34.91799925925835],[138.51415372761255,-34.9188552546662],[138.51452876828807,-34.91963425281847],[138.51545071997487,-34.9194262387299],[138.5157077444169,-34.91937023884543],[138.51664771222215,-34.919161225610026],[138.5176007040094,-34.918949197847155],[138.51850566390533,-34.91874619657966],[138.5185276802083,-34.918741201745036],[138.51875068779407,-34.919426201857675],[138.51885369614126,-34.91958520919002],[138.51945155194767,-34.91944965977393],[138.51961216007317,-34.91936322773074],[138.52099299173324,-34.919052002048204],[138.52122201578345,-34.91905599773605],[138.52158825569347,-34.91916377878533],[138.5218968958252,-34.91925104360075],[138.5222599997992,-34.91935599358419]]]},"properties":{"School_Name":"Henley High School","ENTITY_CODE":809,"zoneType":"secondary"}},{"type":"Feature","geometry":{"type":"Polygon","coordinates":[[[138.49732044778045,-34.8218796973901],[138.49819913578153,-34.82264618956992],[138.49903209595448,-34.82199116026379],[138.4994071042545,-34.82170015493813],[138.4998750718771,-34.82133814723767],[138.5007440319116,-34.82066513508789],[138.50104803244085,-34.820331136772495],[138.50082704023578,-34.820715122105184],[138.50078627216874,-34.82077665371958],[138.50029545637028,-34.82134045939466],[138.5002300801541,-34.821401158236824],[138.50016006433555,-34.82152240663373],[138.49995299183718,-34.821828008855505],[138.4998910402394,-34.82196165260814],[138.49968652811083,-34.82237864216057],[138.4995661115869,-34.82260014338186],[138.49968899225325,-34.8232980002025],[138.50911299157133,-34.822004998132115],[138.50912108816772,-34.82199526656825],[138.50897494383867,-34.82223602587186],[138.50873695984285,-34.82250102010596],[138.5085629761005,-34.82260802414095],[138.50838095961365,-34.822719042749554],[138.50824598396503,-34.822861030412184],[138.50805600038416,-34.82327803885039],[138.50804700806304,-34.82329803707472],[138.50788601592694,-34.823556038180584],[138.50755900804188,-34.8242350434125],[138.50746800024808,-34.82436803965328],[138.5073640323243,-34.824555056370684],[138.50719404786707,-34.82475905588569],[138.50704502390874,-34.82499106478576],[138.50691603234907,-34.8252670658224],[138.50669807985253,-34.825596051316666],[138.50663107226626,-34.825767065497644],[138.5065710721973,-34.82583705073927],[138.50631606403522,-34.826319068470184],[138.50630307242886,-34.826373070061095],[138.50630406438108,-34.826697078707184],[138.5063340801537,-34.82679707162748],[138.5062650877636,-34.826922075593245],[138.50622310381323,-34.82723607658363],[138.50627411156108,-34.827336068604666],[138.50622710399773,-34.82744407178643],[138.50620409574253,-34.82784907427532],[138.50613308797165,-34.82803707125379],[138.50615110409024,-34.828155082091314],[138.50605913582058,-34.828297069753944],[138.5060451198865,-34.82840407378893],[138.5060761276112,-34.828468083934865],[138.50619312041624,-34.82858807507955],[138.50622313618885,-34.82865206633977],[138.5061941438447,-34.828903074317395],[138.50623814407516,-34.82925607260961],[138.506172128441,-34.829642075121626],[138.5062021442136,-34.82974206804198],[138.5063281284405,-34.82989807883325],[138.50635116817193,-34.83022306774035],[138.5065261438665,-34.83022608316713],[138.50653712009205,-34.83023607373576],[138.5065341442354,-34.83030807525745],[138.50655612816286,-34.83031706667924],[138.50655417573466,-34.83109306739112],[138.50653315228317,-34.83109206824429],[138.50641216019312,-34.831089071703275],[138.5063121600782,-34.83116207237168],[138.50627916844894,-34.8311980731325],[138.5061541761744,-34.831380095015334],[138.5061502083655,-34.832067092522266],[138.5061502083655,-34.832101095888845],[138.50613619243143,-34.83228309888585],[138.506218207904,-34.83247409240539],[138.506226208273,-34.8325460948264],[138.5062691841756,-34.832592085256465],[138.50637718376004,-34.832630103196664],[138.50644220834135,-34.83264109201275],[138.50643955174394,-34.83269093064189],[138.50631523216225,-34.83504509315645],[138.50586233627791,-34.83845210817822],[138.505568320022,-34.83841011343594],[138.5055023358642,-34.8384451159493],[138.50517331169908,-34.838456122751836],[138.50489932784183,-34.83849613808627],[138.50460931177042,-34.83866114029934],[138.50440736001167,-34.838846139837415],[138.50414336042786,-34.83927313884425],[138.50402134400986,-34.83966815076451],[138.503890400022,-34.84003515329965],[138.50380838365004,-34.84020415120057],[138.50371840018408,-34.84030114668053],[138.5034393918146,-34.84048514707183],[138.50338339193002,-34.840538150415284],[138.50336438385932,-34.84079914806222],[138.5032643837444,-34.840851151359516],[138.50252841635336,-34.840971161389916],[138.50230940805284,-34.840984166486066],[138.50227542357197,-34.84099317589431],[138.50216441575526,-34.8410721714435],[138.50165942394335,-34.841142193557346],[138.5016144317607,-34.84119619514826],[138.50161241638,-34.84125918726164],[138.5016104639518,-34.84129518892178],[138.5015774399469,-34.841330190535814],[138.5015004480873,-34.841336184517274],[138.50144044801834,-34.8413411793519],[138.50138643203832,-34.841344416911284],[138.50137513565403,-34.84130675060601],[138.50119744040956,-34.84132018198079],[138.5011254397873,-34.84109818163574],[138.50111744031767,-34.84109618424145],[138.5010754563673,-34.84104118350376],[138.50097843210904,-34.8406601947122],[138.50092540808123,-34.840605193974454],[138.5008054079433,-34.84058519575012],[138.50065145570022,-34.84059118973158],[138.50052044786048,-34.84059718371299],[138.50043244829897,-34.84061320423592],[138.50026646402614,-34.84068220921654],[138.50018246374975,-34.840803199508],[138.50019545625537,-34.84087020619501],[138.50003046393488,-34.84089320185973],[138.50001945623296,-34.84089320185973],[138.49963545561184,-34.84094820259742],[138.49960543983923,-34.84083920026882],[138.4994424637987,-34.84086523024615],[138.49948444774918,-34.84106321689393],[138.49945644825652,-34.84107122715534],[138.49944543965535,-34.84107921943041],[138.49946444772615,-34.841170220928916],[138.4994744643751,-34.841215231097976],[138.4994304956209,-34.84122322337299],[138.4994184959669,-34.84125021472556],[138.49945449582833,-34.84141621518614],[138.49932547189303,-34.8414382305898],[138.49930348796568,-34.841446222864874],[138.4992814716627,-34.841446222864874],[138.49918249587552,-34.84146222540136],[138.49911449633703,-34.84117221922247],[138.49909948755135,-34.8411012159483],[138.4990104960376,-34.84111422194377],[138.49899747205575,-34.84107022890788],[138.49848147164266,-34.841150222704584],[138.49850047971347,-34.841231215648065],[138.4984024958785,-34.84123824564847],[138.4984494719656,-34.84148324075892],[138.4983724801059,-34.84149023388716],[138.49832547164328,-34.841246237923485],[138.49799647985378,-34.84125724472602],[138.49788848026924,-34.841219245671596],[138.49771248024683,-34.84125125074456],[138.4977604797624,-34.84148723734609],[138.4975735044137,-34.841519242419054],[138.49768751956344,-34.84208924532237],[138.49756652837266,-34.842105266744625],[138.49744150372248,-34.84153426379521],[138.4971555202112,-34.841591262826455],[138.49726950388458,-34.842153255468304],[138.49718252775153,-34.84216925800479],[138.49701151986585,-34.84130025750085],[138.49693747238655,-34.84086626626515],[138.4968894719716,-34.84064826160795],[138.49687049627641,-34.84054025932545],[138.49685148820572,-34.84044026640515],[138.4967414723411,-34.840457268088414],[138.49626950363472,-34.84052727221581],[138.4966085444488,-34.84232826533713],[138.4965305597376,-34.84239027718951],[138.49626553582584,-34.842456285629055],[138.49623254419657,-34.842456285629055],[138.49622255992324,-34.842446277073975],[138.49621155222144,-34.84243728565218],[138.49613555231394,-34.84206628742919],[138.49595055997042,-34.842017280672906],[138.49592054419782,-34.8419262791744],[138.4958115517618,-34.84193327230264],[138.49563455978716,-34.841993285861406],[138.49556755220078,-34.84205527972733],[138.49553254429156,-34.84211727269394],[138.49570854431397,-34.84316627880071],[138.49578256031702,-34.8432312871941],[138.49600953571155,-34.84332628527977],[138.49605254398978,-34.84336328518742],[138.4960615363109,-34.84343528670905],[138.49597158432118,-34.843866281403734],[138.49578057641259,-34.844754299871],[138.49574259174733,-34.844925295166206],[138.49576358372246,-34.84494729168409],[138.49573862393845,-34.84542030000682],[138.4957455999795,-34.84556530309624],[138.4958388803601,-34.84612039524001],[138.49586560011744,-34.84627929195574],[138.49589561589005,-34.84637930286249],[138.49596960041674,-34.846577290409584],[138.4960586243061,-34.846761290800885],[138.4961556476651,-34.847548299214566],[138.49623164757259,-34.84791929833693],[138.49627263957075,-34.84801929125723],[138.49647164784835,-34.84829329489958],[138.49659865640297,-34.84853927027109],[138.49661363191365,-34.848569277050444],[138.4966576321441,-34.848708286158455],[138.49678163156716,-34.84894527190676],[138.4968626883624,-34.84917228507288],[138.49681766380422,-34.84920728668686],[138.49668566401226,-34.84922327123695],[138.49663967987738,-34.849285301075724],[138.49663868792516,-34.849312293327614],[138.49678966431168,-34.849396282812165],[138.49677567985384,-34.84950428599399],[138.49686166403467,-34.849560285878454],[138.4968736636887,-34.84961227028998],[138.49695468810842,-34.849733278567896],[138.49706268769296,-34.84976228709985],[138.4971826878308,-34.849774275062714],[138.4972146884072,-34.84979227589275],[138.4973396797825,-34.85000228737562],[138.4973476801514,-34.85010228029597],[138.49731267224206,-34.85020027492271],[138.4970876798526,-34.850394283869036],[138.49707468824636,-34.85046628629004],[138.49710467164334,-34.850547279233524],[138.49721267212715,-34.850595286842974],[138.49747567975885,-34.850564280916785],[138.49772767968875,-34.85056927575141],[138.49782467157138,-34.850598283384045],[138.49787766412294,-34.850653284121734],[138.49792268778185,-34.850772276119585],[138.49893763206614,-34.85060925421368],[138.49893263992942,-34.850486265628604],[138.49888464041385,-34.85025925246248],[138.49864364818586,-34.84956026699268],[138.4985616318139,-34.84936925458737],[138.49835862425118,-34.84854326685826],[138.49825990387149,-34.847945679949135],[138.49820860834063,-34.847635268153056],[138.4982375997855,-34.847383261028654],[138.49835462406668,-34.84714226160605],[138.49833958380486,-34.84690725616491],[138.4982185917147,-34.84620225782788],[138.49816758396685,-34.8460932563986],[138.4980925760117,-34.84604626592238],[138.49776156794212,-34.84612925715942],[138.49767459180907,-34.84611826834339],[138.49760956812713,-34.84609025895821],[138.49753756840414,-34.84594425672202],[138.49762956815016,-34.84581126048124],[138.49792956759552,-34.845664259098214],[138.49795356780294,-34.84562126520916],[138.49786454391358,-34.84490526006965],[138.49797654368263,-34.84489626864786],[138.49800755230672,-34.844753263852],[138.49819955216765,-34.84474523470476],[138.498174560008,-34.84387825138015],[138.4981785601925,-34.843861249696886],[138.49818755161425,-34.8438452471604],[138.49820054411987,-34.84383324031177],[138.4982175359106,-34.84382325064246],[138.4982395522136,-34.84381524038099],[138.50135648011758,-34.843226181742864],[138.5018094722294,-34.84314019306544],[138.50185247960826,-34.843267177338305],[138.50206844820036,-34.84325918506329],[138.50223145571715,-34.84322416456348],[138.50221145569424,-34.84316616728472],[138.50215344042897,-34.8430911683227],[138.50223644785387,-34.8430571658555],[138.50397340834616,-34.84234114183016],[138.50401792029083,-34.84232229024144],[138.50661801590877,-34.84130800875755],[138.5067513601872,-34.84125611607686],[138.5073649919009,-34.841414994806144],[138.50802799999224,-34.84385899239851],[138.5053714557282,-34.84434913190688],[138.50580844800152,-34.84501613029016],[138.50624745565563,-34.84568812440739],[138.50662745609225,-34.84626813676505],[138.5066724482749,-34.84633712285989],[138.50699743988002,-34.846834125094745],[138.50708844767382,-34.84697513249631],[138.50787449561153,-34.84826010541951],[138.50804448006875,-34.848539103896485],[138.50812547211297,-34.848672119023036],[138.50825849623266,-34.848887107354074],[138.50837247990614,-34.849073106938306],[138.50853347204213,-34.84933410458524],[138.5089934716715,-34.85008411309133],[138.50924649592912,-34.8504951086623],[138.50925951991098,-34.85067611341185],[138.50931151961106,-34.851423105591834],[138.50937251163214,-34.85229310524255],[138.50943955159414,-34.8532901071527],[138.5094695358904,-34.85358211162509],[138.5094355523089,-34.85392412110127],[138.50953455957233,-34.85409211985541],[138.5097055683574,-34.85438210714847],[138.51030758442755,-34.85539910728295],[138.51081059233502,-34.856251088117176],[138.51086956807615,-34.85635109902398],[138.51132358361656,-34.85711908947434],[138.5118786235996,-34.85805909325251],[138.51196559973266,-34.858206093736214],[138.51242361635684,-34.85898109620058],[138.51254262364318,-34.859183097421976],[138.51289760044392,-34.85978308911825],[138.5135176317334,-34.86083207633919],[138.5139766403098,-34.86160907619785],[138.5144806401695,-34.86246107591785],[138.51482963198202,-34.863129073447965],[138.51496265610172,-34.86334607805901],[138.51538268806064,-34.864046062675584],[138.51580668782844,-34.864753059306224],[138.5168786878013,-34.86654004818462],[138.51741871989805,-34.86744105376158],[138.5187507201697,-34.86966103472895],[138.51847872021688,-34.869486043745894],[138.51818272005653,-34.86929403219381],[138.51635974390717,-34.86811905984666],[138.51460172758777,-34.86698610112762],[138.5144877439143,-34.86691210131238],[138.51370774391728,-34.8664090862103],[138.512485728034,-34.86562111642132],[138.51183772782895,-34.8651571175069],[138.5109987520908,-34.864606131667585],[138.50928972813847,-34.8634831446314],[138.50777772766003,-34.862489177033865],[138.50713673587177,-34.86206817290781],[138.50700774431198,-34.861984163638226],[138.50573878381783,-34.86114918538658],[138.50495276825575,-34.86063617971587],[138.50465878437547,-34.860440209348155],[138.50430576000292,-34.86020820134735],[138.50308777578027,-34.85940822381042],[138.50227280024956,-34.86088322887787],[138.50116201611422,-34.86043099669308],[138.50097999962736,-34.86033500035995],[138.50073801634642,-34.86010500773989],[138.50064000013595,-34.85986700575768],[138.50063740828978,-34.85970960731248],[138.50063740828978,-34.859315076529526],[138.5006820155627,-34.85879500488551],[138.50080099227205,-34.858614999282736],[138.50132300825032,-34.85820200541815],[138.4991377599997,-34.857555282250416],[138.4984588159217,-34.85813627486914],[138.49786783992897,-34.85839729140184],[138.49734883218298,-34.85869029412174],[138.49683484804984,-34.85890532022432],[138.49586985570932,-34.85920833149925],[138.49470188818168,-34.85949535912346],[138.49354588793244,-34.85977137904587],[138.4925499202427,-34.860048398115055],[138.4919479356488,-34.86031540862916],[138.4914349758435,-34.860594407106134],[138.49134896018643,-34.860661413793196],[138.49097395188642,-34.86094942167841],[138.49051600001349,-34.8614004334832],[138.49018700822387,-34.86198142610186],[138.4900030402082,-34.86244444385596],[138.4899720315841,-34.862999444268894],[138.4899950398393,-34.86366844094573],[138.49002006437456,-34.86441345461719],[138.49005305600383,-34.86540644195367],[138.48994607984775,-34.86592544070646],[138.4898711042681,-34.866054441259394],[138.48968809582902,-34.866371457676564],[138.48928313560828,-34.866915468374145],[138.4886801275859,-34.86750349099327],[138.4879991681272,-34.867978478723785],[138.48741814403218,-34.86846950586295],[138.4868861761562,-34.86894049700629],[138.4865501759499,-34.869311514115054],[138.48626419243863,-34.869700514067404],[138.4860282238235,-34.87010651480375],[138.48589622403153,-34.870626531589096],[138.4858372159149,-34.871086533916355],[138.48576924785255,-34.87147653211622],[138.48587129572377,-34.87299253367843],[138.48610828776737,-34.874501541213135],[138.4862703042312,-34.875210535237954],[138.48669894360148,-34.87698670167492],[138.48476745615324,-34.877225425812696],[138.48482937627477,-34.87756858282381],[138.48414438425596,-34.87751957606753],[138.48322393623573,-34.87745375288836],[138.4832365762071,-34.87740531989954],[138.48275440019552,-34.877418584899715],[138.48225635204903,-34.877415513714936],[138.48171414359297,-34.877432995636184],[138.4816903996923,-34.87729161861324],[138.48157337631028,-34.876468609438746],[138.48153638359724,-34.87624261340585],[138.48102636817237,-34.874699639376786],[138.48079833607437,-34.87391063266949],[138.4805733436849,-34.873391633916754],[138.48018934396316,-34.8723556338054],[138.4797723202364,-34.87134662594599],[138.47940332840096,-34.87017663044708],[138.47861628761166,-34.86799664592843],[138.47829024020245,-34.86687164171286],[138.47797625629926,-34.86532365486272],[138.47782121587647,-34.864674656410216],[138.4776082240404,-34.86378364050256],[138.47739219159644,-34.86261664244404],[138.47724320001373,-34.86212665132388],[138.47703017580204,-34.861211640604665],[138.47683014409597,-34.860603675519144],[138.47658716796354,-34.859615664131525],[138.47649414388968,-34.859063661158984],[138.47639814395927,-34.858647670753385],[138.47634713621142,-34.85815066761916],[138.47621011190722,-34.85734667640793],[138.47620812800278,-34.857336667852906],[138.47605011172334,-34.85676466665598],[138.47604310420593,-34.8562966720537],[138.4760040961122,-34.855760671617645],[138.47590607990173,-34.85504066989097],[138.4758290556664,-34.8540016732386],[138.47578105615094,-34.85378466772818],[138.47578806366823,-34.85355967084212],[138.4757420480571,-34.85325166473251],[138.47576204808013,-34.85297266625548],[138.47576307240797,-34.85291866466457],[138.47571801637343,-34.852620666210726],[138.4757130242367,-34.852430671837965],[138.4757550081871,-34.850331643390575],[138.47579600018537,-34.84996164341504],[138.4758310080946,-34.84964764242471],[138.47586096001532,-34.84864764307423],[138.47586697558052,-34.84854565275964],[138.47589996810916,-34.84803064969469],[138.4760259199603,-34.84676164243581],[138.4762408957008,-34.845468622378974],[138.47636588797536,-34.84493863391077],[138.47655785636005,-34.84440163432794],[138.47657987176376,-34.84431562766406],[138.47673187157864,-34.843711621394164],[138.47698182375223,-34.84305860836804],[138.4769888321689,-34.84303161701547],[138.47704284814904,-34.842825619206906],[138.47733481574926,-34.84186661635124],[138.4776167999754,-34.84122359389369],[138.47789177578488,-34.8404495905761],[138.47792777564644,-34.84034660111473],[138.47803177594574,-34.84017758522731],[138.47812678392404,-34.839927594382914],[138.4784247679887,-34.83946457662887],[138.47847276840355,-34.83934858117203],[138.47853475237696,-34.839088582671934],[138.47856473577406,-34.838836575547475],[138.47875273634975,-34.83838957831637],[138.47875475173043,-34.83832656731721],[138.47867372821008,-34.83813557379767],[138.4786897280486,-34.837964577603145],[138.4787047359349,-34.83792857684233],[138.47870774416708,-34.83792056658086],[138.47892569576436,-34.83739257640622],[138.47926569615504,-34.83662454908364],[138.47970368038057,-34.83588554827941],[138.47988668792038,-34.835645547104264],[138.48028064043922,-34.83523653094113],[138.4804056318145,-34.835106531241365],[138.48074864043747,-34.834626530689775],[138.48114560028932,-34.83414852753248],[138.48176358382239,-34.83324150908834],[138.48177558437578,-34.83321449974932],[138.48215558391314,-34.83257349267251],[138.48221356770205,-34.832466507523236],[138.4822145920299,-34.8324485066932],[138.48226057616478,-34.83235049408],[138.48234553601776,-34.8321945021745],[138.48271254394876,-34.83152149092405],[138.48280454369478,-34.831361484444926],[138.48307552021913,-34.83073548075777],[138.48308652792105,-34.83072649023529],[138.48319052822035,-34.830548482926076],[138.48329750437642,-34.83028047326519],[138.4835405119851,-34.82983445719441],[138.48381347241389,-34.82911045977983],[138.48390748843985,-34.828886461141224],[138.48406543996816,-34.82839447262677],[138.48406745624823,-34.82838746061276],[138.48413743969115,-34.82817944742351],[138.48434844762278,-34.82770643910084],[138.48479740807397,-34.82658844689928],[138.48486742389252,-34.82644542321765],[138.4854553916531,-34.82494242765085],[138.4854723843431,-34.824897436367564],[138.48559036820097,-34.824594424193265],[138.48566035164401,-34.824461409066714],[138.4863953279821,-34.823313410085746],[138.48672531172383,-34.822887392239295],[138.48710230392828,-34.822345397821834],[138.48770828780732,-34.821456380207735],[138.4878352639863,-34.821224372206984],[138.4879922559379,-34.820894368680115],[138.48837321595124,-34.82009135772995],[138.48839321597416,-34.82004634756083],[138.4891932159942,-34.82035233739043],[138.4921872002791,-34.821498301205565],[138.49174723214912,-34.8223332992423],[138.49198521614483,-34.82242430074086],[138.49201321563748,-34.82238230509927],[138.4920552319635,-34.82232129239367],[138.49219123193984,-34.82214430311706],[138.4923382396181,-34.82197528722969],[138.49250719974748,-34.82181627989735],[138.49417817608207,-34.820525238349035],[138.49502499210973,-34.81986499207568],[138.49732044778045,-34.8218796973901]]]},"properties":{"School_Name":"Le Fevre High School","ENTITY_CODE":814,"zoneType":"secondary"}},{"type":"Feature","geometry":{"type":"Polygon","coordinates":[[[138.53812966415273,-34.981157131196596],[138.5381456001394,-34.98136013156477],[138.54416748843892,-34.9810650379211],[138.54538047962546,-34.981005042348784],[138.5465324796902,-34.98094802533109],[138.54708342416075,-34.9809080099966],[138.54718943984085,-34.98088199890509],[138.547665440208,-34.980816009351315],[138.54837743976714,-34.98076498631502],[138.54885139237797,-34.98074898377854],[138.54953139226006,-34.98070798818304],[138.5500374083997,-34.980681958205764],[138.55068038409252,-34.98064997201857],[138.55122038381376,-34.980622943793776],[138.5517543679698,-34.980596950688664],[138.55241436782887,-34.98056394736824],[138.55283932807265,-34.98054892509276],[138.55360035237447,-34.98050493205693],[138.55388534393353,-34.980489928667225],[138.5549523202934,-34.98043690733738],[138.5560192957539,-34.980545890780206],[138.55704726402007,-34.98061188033398],[138.55829126383082,-34.98054387450014],[138.56063523163073,-34.98041583622182],[138.56242620810303,-34.98031782270931],[138.56306118432622,-34.98016079478481],[138.56480214410374,-34.98007277184092],[138.5648761601068,-34.980038787360115],[138.56893308819156,-34.97983573123395],[138.56933008041892,-34.979825722678925],[138.57166204766543,-34.97971368693703],[138.573849024413,-34.979608662309886],[138.57393302379012,-34.98058566599565],[138.57403904036948,-34.98191966366153],[138.5740580484403,-34.98215267170838],[138.57410608033138,-34.98276067366612],[138.574156096127,-34.98315766589354],[138.57422707242154,-34.98412366187745],[138.5742841281101,-34.984907672850795],[138.57439315202237,-34.986398661568956],[138.57443014383614,-34.98730266458625],[138.57446115156097,-34.98763066981951],[138.5745501763496,-34.988568675304066],[138.57464719970858,-34.989593667713564],[138.57464521580414,-34.98968267091851],[138.57474022378233,-34.99095967045241],[138.57474620787127,-34.99103766685482],[138.5748912316451,-34.992805692628565],[138.57499126413563,-34.99445568957839],[138.57502032033153,-34.99483667836995],[138.57511331202977,-34.99607368055587],[138.57518435217617,-34.99701168693974],[138.57528735962399,-34.99836768112357],[138.57530038360585,-34.99854468928595],[138.57532438381338,-34.998848680821936],[138.57537436813266,-34.999720678766266],[138.57544940756418,-35.00080468558775],[138.5755304319839,-35.002044685214],[138.57561145640364,-35.00330268567035],[138.57563945589618,-35.00373068292464],[138.5756734718533,-35.004246685136366],[138.57571747208374,-35.00493667918437],[138.5757335042979,-35.00517767860691],[138.57579548827118,-35.00612569264655],[138.5759005443747,-35.007717710304064],[138.5761655997627,-35.01115269783867],[138.57638064025446,-35.012784712844166],[138.57652966421267,-35.014922701721275],[138.5765496642357,-35.01522771128981],[138.57662569561944,-35.01619770386088],[138.57664668759458,-35.01637970685795],[138.57669567996174,-35.016802709277556],[138.57675471955474,-35.01732270717713],[138.5767847362266,-35.01758070828299],[138.5768327357422,-35.01784070678315],[138.57689212786943,-35.01861406258888],[138.5767847362266,-35.01853170087725],[138.57700678423578,-35.02172470782898],[138.57713980835558,-35.02349972763028],[138.57725183960076,-35.02491371909281],[138.57725884801744,-35.025003722343854],[138.57715184038523,-35.024945724165775],[138.57766697565046,-35.0317467311267],[138.57765497599644,-35.03174271655308],[138.5776429763423,-35.03173772171846],[138.5773479681343,-35.03172271832875],[138.57698499186392,-35.031742735438854],[138.57636800028308,-35.03185675058853],[138.57633500775444,-35.03188274369364],[138.57599702364382,-35.03181273956625],[138.57543001638226,-35.03172976721493],[138.5749380161766,-35.03166575706899],[138.57459900773813,-35.03164076311066],[138.5744130558179,-35.031655767399684],[138.57422403181363,-35.03174177316424],[138.57409203202178,-35.03175677655395],[138.57353305570598,-35.03175477915971],[138.57278604823762,-35.03178480482484],[138.5723930876709,-35.03174980231148],[138.57198707164605,-35.031768802288354],[138.57179107160073,-35.031737796362165],[138.57126108762918,-35.031844818383604],[138.57110806438573,-35.031850812365064],[138.5709990719497,-35.03185480805291],[138.57099807999748,-35.03181181416386],[138.57062908816192,-35.031714818683895],[138.57044006415765,-35.031690824771715],[138.5703570882091,-35.031687809344874],[138.57006112042438,-35.0317268444183],[138.56973811182445,-35.03183283042074],[138.5694120958916,-35.03197983180377],[138.56937011194123,-35.03204583934399],[138.56928710361706,-35.03210084008168],[138.56872912015285,-35.03201684969781],[138.56850915227562,-35.032026858252834],[138.56818812758013,-35.032135860581434],[138.56817715225384,-35.03213985626928],[138.56795913590543,-35.03197685324915],[138.56776412781232,-35.03190085514029],[138.56729612781407,-35.031791871697465],[138.56717715200398,-35.03174486323479],[138.5671351356781,-35.03168087107531],[138.56713715195804,-35.031617878961924],[138.56731014374816,-35.0313058582787],[138.56733612786013,-35.03117985426684],[138.56733110424716,-35.030972858210816],[138.56731209617635,-35.03089084723479],[138.56722809589996,-35.03072684506782],[138.56705910429434,-35.0305438797962],[138.56673712002214,-35.030320881203636],[138.56655510443454,-35.03015488074311],[138.56626611179172,-35.03001786992871],[138.56617712027798,-35.02997587428712],[138.56586611223133,-35.029734874864516],[138.5656511041152,-35.02960487516481],[138.56556409560665,-35.02956687611038],[138.5652271043474,-35.02946989951619],[138.56507414405655,-35.02945789266755],[138.5648541438038,-35.029507898570614],[138.56434412837893,-35.02968688614084],[138.56413414387566,-35.029745882566374],[138.56387113624396,-35.029749915126445],[138.5636541442234,-35.029690900714456],[138.56361113594528,-35.02964490938501],[138.56363414420048,-35.02925790772622],[138.56365113599122,-35.02917190106234],[138.56380115190166,-35.028431901111276],[138.5637731200335,-35.02825990666929],[138.56355110440006,-35.02797591335769],[138.56349011237887,-35.027821900859976],[138.5634640958914,-35.02758691430461],[138.56345711985023,-35.02708190090897],[138.5635031039851,-35.026640916545034],[138.56377008032496,-35.02614089888334],[138.56375606439087,-35.02587988235064],[138.56366908825783,-35.02548089272898],[138.56352803229288,-35.02431589206475],[138.56351503978738,-35.0240268850327],[138.56354304017918,-35.02382889838492],[138.56351603173948,-35.02363888422707],[138.56342105613692,-35.02350189229844],[138.56310003234069,-35.02337289174551],[138.56294467175928,-35.023289604631486],[138.5628640322493,-35.023363900323716],[138.56209107214534,-35.02395290320385],[138.55943513582292,-35.0258939423515],[138.55941414384768,-35.025088951094176],[138.55933209599948,-35.023361939801646],[138.55925606371648,-35.022354947322924],[138.5591790403805,-35.02133794718844],[138.55911295999522,-35.020519765574704],[138.55902822407336,-35.019607771181654],[138.55900499188692,-35.01896800426994],[138.55897689616688,-35.01865095187986],[138.558892992118,-35.01752900086268],[138.5588089918416,-35.01712000268594],[138.55880076844073,-35.017120446051706],[138.55879996804413,-35.017116950386935],[138.5552180483743,-35.01731599193943],[138.554713055663,-35.01734200213167],[138.55255907234334,-35.017457017327445],[138.54976710366896,-35.0176140632384],[138.54968710357707,-35.01662505360332],[138.5496140804255,-35.015731059141046],[138.5495250880125,-35.014635064356696],[138.5494660484195,-35.01386505672696],[138.54949904004877,-35.01378806037064],[138.54942204818906,-35.012783066185534],[138.54939903993386,-35.012545063304],[138.54933199997186,-35.01167406540577],[138.5494630078116,-35.01167506365323],[138.54938796838007,-35.01063706614764],[138.5493449915782,-35.01010002969258],[138.54929798401486,-35.009343046944025],[138.55004896019148,-35.009302031563436],[138.5499929603069,-35.00838104664797],[138.5499289276779,-35.00744503855765],[138.54988892763197,-35.007447036851204],[138.54915296024103,-35.00738404473782],[138.54845193600806,-35.007416049810786],[138.54783094424272,-35.007450052278045],[138.54776995222153,-35.006681062680855],[138.5490429120008,-35.00661403710808],[138.5489809280275,-35.00579404336037],[138.54771491191377,-35.005860051799914],[138.54764291219067,-35.00501204866708],[138.54911788758056,-35.00493603167246],[138.54965689624885,-35.00491203776028],[138.54979488012964,-35.00495403250255],[138.5499118720353,-35.005028014331344],[138.54996287978315,-35.00507302450046],[138.55001689576318,-35.0050290125788],[138.55035484839755,-35.00474801670754],[138.5504248642162,-35.004689020282],[138.5503298562379,-35.00460702819174],[138.55016985605403,-35.00446701993695],[138.54997484796093,-35.0042960246418],[138.5497838400522,-35.004131023328],[138.5494568636434,-35.00384403257601],[138.54908585642715,-35.00352104106315],[138.54869584024095,-35.00318604270166],[138.54828585640723,-35.002828030689045],[138.5480817597654,-35.00265100454021],[138.54806886438666,-35.002661031081686],[138.54800684803763,-35.00270903869114],[138.5470788798865,-35.00343105669788],[138.54660691207937,-35.00384506859501],[138.54528623966826,-35.00510079286727],[138.54508393627475,-35.005293100296285],[138.5439229762644,-35.00640511740221],[138.54358400020146,-35.00674111401116],[138.5433250242305,-35.0069611160626],[138.54326902434605,-35.00700410995165],[138.54316700795107,-35.00712010540849],[138.5425750400061,-35.007686278998506],[138.54245705614824,-35.00779912862686],[138.54236604835455,-35.00787912332282],[138.5423210561719,-35.00791412493686],[138.54182608010956,-35.00838415470491],[138.5412050883442,-35.0089731575851],[138.54117206433932,-35.008999149790895],[138.54110406390146,-35.00907015306507],[138.54098006357913,-35.00918514937513],[138.54073209620935,-35.00942315135728],[138.54061910358882,-35.00952016572302],[138.5403191356197,-35.00980771135676],[138.54011209639623,-35.01000616025607],[138.54001338231183,-35.010093276683335],[138.54001011237688,-35.010096162607795],[138.53974078430986,-35.00965567556892],[138.53961996758756,-35.00945807922693],[138.53959169560028,-35.009417302166696],[138.5395326703965,-35.00933217054319],[138.53918095993345,-35.008824898050534],[138.53750121610835,-35.006503166887626],[138.5304550080922,-34.996703254551505],[138.52977801644238,-34.99574926541624],[138.52947596834133,-34.995324264703015],[138.52916697567548,-34.994889274320485],[138.52885097639148,-34.99444427538293],[138.52856099179644,-34.99403527720625],[138.52785097614174,-34.993036277002545],[138.52907699220953,-34.99298099927364],[138.5289529280352,-34.991316257938934],[138.5296099196621,-34.99128025717806],[138.53006790391066,-34.99117826686347],[138.53079395177951,-34.99114202508434],[138.53090988788108,-34.99113623434971],[138.53081001636917,-34.98971299246057],[138.53113084771053,-34.989691236061674],[138.53107084764156,-34.988891241437614],[138.53102780788709,-34.98831222822673],[138.53101081609634,-34.98807822193237],[138.53095081602737,-34.98727223242753],[138.53087680002432,-34.986269217650204],[138.53080080011694,-34.985246222635],[138.5299316161512,-34.98529386062313],[138.5296670077263,-34.98530000209337],[138.52951475160455,-34.98528407420059],[138.52895699207158,-34.98527600818119],[138.5284923519406,-34.979510242303775],[138.52908268761598,-34.97942242260666],[138.52923168009806,-34.97940024172772],[138.52931788821002,-34.97938174177392],[138.5303456640213,-34.97916122171296],[138.53145161609928,-34.978858210438034],[138.53247062441983,-34.978509188947896],[138.53289161595535,-34.97835519533595],[138.5333686082747,-34.97815818894924],[138.53350659215562,-34.97809116337646],[138.53425856028434,-34.97772515908878],[138.53617552008427,-34.976748137416564],[138.5362915200377,-34.97668812295848],[138.53728649577522,-34.976181130155],[138.5377714875642,-34.97593611615878],[138.53778051226095,-34.97606010389063],[138.53773948788717,-34.976188105296785],[138.53812966415273,-34.981157131196596]]]},"properties":{"School_Name":"Hamilton Secondary College","ENTITY_CODE":823,"zoneType":"secondary"}},{"type":"Feature","geometry":{"type":"Polygon","coordinates":[[[138.65009740826883,-34.70657972407497],[138.65239235222532,-34.70759468994294],[138.65367737640986,-34.708142678341915],[138.65653132815828,-34.70934262486219],[138.65673833590552,-34.70945062804401],[138.65713734441294,-34.709624638766],[138.65726633597274,-34.70967862237046],[138.65965334442637,-34.710672589968],[138.66015231977383,-34.71088258346441],[138.66071075199966,-34.71111934618085],[138.66063132837314,-34.71123358436239],[138.6622693121791,-34.71194056120788],[138.66533830441927,-34.71326349631329],[138.66670425589678,-34.71385148206019],[138.66670726412895,-34.713853480353805],[138.66680851160356,-34.71389665860386],[138.66286553571592,-34.720185808328324],[138.65854732759715,-34.727073598068046],[138.65169305559016,-34.73800648800898],[138.64950412821304,-34.74149784504948],[138.64516534360575,-34.74859792335542],[138.6447803519318,-34.74900592238538],[138.64439439978185,-34.74990892535658],[138.6440704316052,-34.750765956783425],[138.64423843215798,-34.75086395141017],[138.64432940757615,-34.750932956390784],[138.64522140824147,-34.75147493192253],[138.64650140791366,-34.752265918037665],[138.64846240031954,-34.75347589199879],[138.64892937598995,-34.75380289808521],[138.6501773759852,-34.75449686983461],[138.65067939194046,-34.754811851086004],[138.65111939244605,-34.75501285316062],[138.65288038372285,-34.75610583341745],[138.6541333758547,-34.75685782133132],[138.6547323836926,-34.75722280758646],[138.65591638433375,-34.75793679734528],[138.65606838414863,-34.75806577901244],[138.65616537603137,-34.75812577458481],[138.65622640042807,-34.75816377363918],[138.65630137600772,-34.75811278747511],[138.65636240040453,-34.758108772901494],[138.65655235160978,-34.75795977412423],[138.65662134399986,-34.75785278807564],[138.65682335961037,-34.75763977915244],[138.6568623677042,-34.75744277276573],[138.65686835179304,-34.757235776709706],[138.65690236775015,-34.7571637742887],[138.65695836763462,-34.75711079073034],[138.65709231985477,-34.75702376693323],[138.6573123201075,-34.756973761030224],[138.6573773123132,-34.756974760177],[138.6574413116673,-34.7570207694929],[138.65754031983,-34.75702276778645],[138.65758531201266,-34.756969765342376],[138.65766233624788,-34.75694375425081],[138.65774931238093,-34.75695476105335],[138.65790131219592,-34.757011760084595],[138.6579693117344,-34.75701977034606],[138.65808633601569,-34.75703375660254],[138.65831833592256,-34.75692073970032],[138.65839433583005,-34.75695773960797],[138.65875331191592,-34.7569827515527],[138.65895129586568,-34.756941737071486],[138.65920329579558,-34.75693774138364],[138.6593463041886,-34.75689574664136],[138.65961929609375,-34.7568827226595],[138.6597512958857,-34.75684871929292],[138.65981830437136,-34.756795716848785],[138.65984828776834,-34.75674572983155],[138.65994527965097,-34.75658272681136],[138.6600762883901,-34.756557732853025],[138.6601303043701,-34.7565767328299],[138.66025830397757,-34.756696723075265],[138.66032329618326,-34.75681873139928],[138.66034127992623,-34.75685173471976],[138.66053129588272,-34.75708971871552],[138.6607612804088,-34.75745470586992],[138.66079328008584,-34.757472705800694],[138.6608912962963,-34.75747470409425],[138.66117929608765,-34.7573267035645],[138.66155827219654,-34.75708270760083],[138.66152825642394,-34.756982714680476],[138.66137225642456,-34.75680970310526],[138.66129126438045,-34.75681369879311],[138.66125027238218,-34.75676970575728],[138.66123027235926,-34.756696705088814],[138.6612432639655,-34.75663471122289],[138.66125526361964,-34.75658970105383],[138.6613002558022,-34.756545708017995],[138.6616292475918,-34.75650670981673],[138.66221424039497,-34.75626569240774],[138.66267123179193,-34.755949693123796],[138.66268022411316,-34.755929694899464],[138.66271824025466,-34.75584268908881],[138.66287123202176,-34.755826668565874],[138.66291321597225,-34.755840672808745],[138.66299024020748,-34.75586566676708],[138.66318521592507,-34.75595966480665],[138.66327222443363,-34.755942663123335],[138.66350819214938,-34.75572166282444],[138.66375119975817,-34.75560966305545],[138.6638942081513,-34.75557667772148],[138.66393920033386,-34.75554065807489],[138.66394620785127,-34.75544364460848],[138.66395718407682,-34.75528865184975],[138.66398019233202,-34.75523564940568],[138.6640471999184,-34.75520064689232],[138.66433219237683,-34.7551606504436],[138.6644041597242,-34.754936651805],[138.66483017577207,-34.754936651805],[138.66500617579447,-34.7549036295988],[138.66503315185855,-34.75484363402643],[138.66507916836895,-34.75463463967685],[138.6649201601374,-34.75445063838623],[138.66489916816215,-34.754405628217114],[138.6649131517206,-34.75429762503535],[138.66497017593292,-34.75422664064689],[138.66507916836895,-34.75421962863294],[138.66543913640703,-34.754262641407706],[138.66576713624443,-34.754241625150826],[138.66581014362328,-34.754251633705906],[138.66586412812705,-34.75427962420525],[138.66594912035566,-34.75438063425884],[138.66598313631278,-34.75447563234451],[138.66604012814946,-34.75463463967685],[138.66610313555134,-34.75474464025291],[138.66614614382956,-34.75476362134401],[138.66617814440588,-34.75476362134401],[138.66619913638112,-34.75475061624792],[138.66621814355256,-34.75479760582482],[138.6662661439674,-34.754772612765805],[138.66638012764088,-34.754707622358865],[138.66649014440475,-34.754650623327564],[138.66661513577992,-34.754598620030265],[138.66676214435756,-34.754567614104076],[138.66695712007504,-34.754537607324664],[138.66712511972855,-34.754519606494625],[138.66733612766018,-34.754516591067784],[138.66748111995776,-34.75452560047603],[138.66758313635273,-34.75455558926899],[138.66766108778904,-34.75457860292016],[138.66772611237025,-34.754588592589414],[138.66780710441435,-34.754591590029804],[138.6678621123467,-34.75458160036055],[138.66788009608968,-34.75457259005293],[138.66790310434487,-34.75454459955358],[138.66793110383742,-34.75450260481131],[138.66796409636606,-34.754465604903714],[138.66801110392942,-34.754431602436455],[138.66808409560463,-34.75438459307446],[138.66812710388285,-34.7543505906072],[138.66815011213805,-34.754322600107855],[138.6681610883636,-34.75429658901635],[138.66815609622688,-34.75427659079196],[138.66813308797168,-34.7542595891087],[138.6680991043902,-34.75424560285222],[138.6679911039064,-34.754216595219646],[138.66786310429893,-34.75419759524277],[138.6677440961132,-34.754186588440234],[138.667574111656,-34.754182591853066],[138.66748009563003,-34.75415460135372],[138.66741308804365,-34.75412759111538],[138.6673191043932,-34.75407359042384],[138.66725308785976,-34.754008599117526],[138.66719011193413,-34.753924590747204],[138.66718508832128,-34.75387560287675],[138.66720310443975,-34.75383259010192],[138.6672311039324,-34.75379359280004],[138.6672930879057,-34.753753595452],[138.6673920960684,-34.753722589525864],[138.6675781118405,-34.75369060333861],[138.6676741117709,-34.75367559994896],[138.6677170876735,-34.75366359310027],[138.66775110363062,-34.75364159658238],[138.66777811207032,-34.75361660262405],[138.66778809634366,-34.75358459755108],[138.66778108792698,-34.75352460287809],[138.66778108792698,-34.7534516013103],[138.6677960958133,-34.753395602325156],[138.6678240962051,-34.75335258955033],[138.66793510402192,-34.75329159483118],[138.6681000639668,-34.75324960008891],[138.66816707155317,-34.753188605369814],[138.6681920637128,-34.75308957472407],[138.66818406424318,-34.75298057329479],[138.66808806431277,-34.75288059926021],[138.66805606373646,-34.75285258987509],[138.66785008031707,-34.75279459259633],[138.66779705628915,-34.75274860126689],[138.6677980797176,-34.75271260050607],[138.6678660801556,-34.75261458789288],[138.66816307226804,-34.75253857089831],[138.66830806366625,-34.75243358314333],[138.66839606412714,-34.752435581436885],[138.66853408038355,-34.75254558291226],[138.6689680644247,-34.752680577446654],[138.66918502406963,-34.75271158337284],[138.6694050243225,-34.7526885508359],[138.66956102432187,-34.75295356305645],[138.66978803209201,-34.753020551757004],[138.66991903993176,-34.753041567114565],[138.67006102399716,-34.75304356540818],[138.6703020477014,-34.753003568060194],[138.67058902406427,-34.75291854255664],[138.67067603167357,-34.752920540850255],[138.67087404799895,-34.75287954435544],[138.670961024132,-34.75289854433231],[138.67104303960468,-34.752992542371885],[138.67106604785988,-34.75301853457768],[138.67110803181026,-34.75310953607618],[138.67114403167182,-34.75320453416185],[138.671155040273,-34.753237538381654],[138.6711600324096,-34.75326354857384],[138.67115404832077,-34.753285545091785],[138.67113504024996,-34.75331053905012],[138.67109603215624,-34.75333153642123],[138.67099203185683,-34.753390532846765],[138.6709000321108,-34.75343254647481],[138.67082902434004,-34.753469546382405],[138.67077103965187,-34.753506546290055],[138.6707160317195,-34.753553536766276],[138.67067903990585,-34.75360354177002],[138.6706470402288,-34.75365955964094],[138.67059903981385,-34.75374756459837],[138.67058704015983,-34.753803563583574],[138.67057107179755,-34.753895564228856],[138.67057408002984,-34.75396255292941],[138.67059907218948,-34.75402256738755],[138.67065907225845,-34.754089555188784],[138.6707380803981,-34.75416255675657],[138.67093008025904,-34.754255537662914],[138.67120307216408,-34.75436354084468],[138.67140704020278,-34.75445154490285],[138.67158204827297,-34.75454254640135],[138.67169302371417,-34.754568538607145],[138.67175702396753,-34.754565542066075],[138.6718580484103,-34.7545365344335],[138.67210003169123,-34.75445851914532],[138.6721650238968,-34.75442351753128],[138.672260031875,-34.75434452288141],[138.6723370237347,-34.75424952479568],[138.6723670404067,-34.754057513243595],[138.67231702371168,-34.7537555191019],[138.6723449917281,-34.75358852039386],[138.67243100828443,-34.75330352793543],[138.6724710083305,-34.75325052459198],[138.6725100164242,-34.7532265306798],[138.6725550077075,-34.753213524684384],[138.67260601635462,-34.7532085298497],[138.672648000305,-34.75321852041833],[138.67272201630806,-34.75325552032598],[138.67282099209513,-34.75332952014122],[138.67295481571227,-34.75346249839555],[138.673162336073,-34.753580916625936],[138.67368099218413,-34.75370050037776],[138.67411299232083,-34.75377250279871],[138.67867379166216,-34.75427740467842],[138.67813798368104,-34.75526245549787],[138.67724499196288,-34.75682646377027],[138.67651504013702,-34.7581064607445],[138.6760960639822,-34.758680478221436],[138.67463814423502,-34.76034150085951],[138.67296819222838,-34.762261541736734],[138.66948832042976,-34.76626161198374],[138.6656409919383,-34.76392800347452],[138.66022000005307,-34.769988991598666],[138.66173699176886,-34.77090799800567],[138.659589631956,-34.77334977607126],[138.65902764830741,-34.77297777780217],[138.65840867192276,-34.77366179675448],[138.6571427196609,-34.77508082082318],[138.6567297275949,-34.77553784459582],[138.6561667843697,-34.77616684482399],[138.65567977630064,-34.77670985727406],[138.65516380826318,-34.77728785245239],[138.65500281612708,-34.77743886840898],[138.65484579179997,-34.77757388092982],[138.65404083201884,-34.777943880905354],[138.65351283195173,-34.77805390036718],[138.65337084788644,-34.77807589688507],[138.65313084761056,-34.7781658992368],[138.65289686379924,-34.77830788689943],[138.65272387200912,-34.778466913117484],[138.65224486430907,-34.779003912700375],[138.65201590411073,-34.779262912053696],[138.6516528963641,-34.77966693428152],[138.6505519678991,-34.78089394679819],[138.64972496033874,-34.78038995143504],[138.64841996760754,-34.77958396193026],[138.64777897581916,-34.779186988588606],[138.64643295961343,-34.77839300593246],[138.64498796762064,-34.77749399774973],[138.6442069756714,-34.77702402373967],[138.64213696025263,-34.775763045628025],[138.6390199675975,-34.77389308439831],[138.63886195221744,-34.77379810519835],[138.6388799683359,-34.7737740924004],[138.63870796759863,-34.773667088365414],[138.63868595219503,-34.773654101255715],[138.63747596834128,-34.77291609869894],[138.63652099175044,-34.772351108616704],[138.6354499837298,-34.771687125660264],[138.63456099219604,-34.771138138114566],[138.6339049916221,-34.770748157901096],[138.6318750077255,-34.76951616943563],[138.6314319998869,-34.76924416318752],[138.63047299163532,-34.768668184289254],[138.6296739835675,-34.76817020179334],[138.62683299194907,-34.76644124706587],[138.6260230076557,-34.76594424483102],[138.6247870396902,-34.76681326332141],[138.62351702429135,-34.76553728182006],[138.62315001636023,-34.76516927923882],[138.62246201610924,-34.7644472981043],[138.62207603158367,-34.76404229651473],[138.62155503993324,-34.76349530726259],[138.62136003184003,-34.763291307747636],[138.62086403234923,-34.76277031070123],[138.62034102441885,-34.76245730885768],[138.62031535956623,-34.76244189807511],[138.6204110402374,-34.76236532709811],[138.62038799960658,-34.76204431499309],[138.62033900813879,-34.761872320551106],[138.62031100774686,-34.76167331587078],[138.62036000011403,-34.76150331972241],[138.6204270077003,-34.76144132585648],[138.62049398381032,-34.761406324242444],[138.6207910082985,-34.76132229698635],[138.62098700834383,-34.7613353020825],[138.6210390080438,-34.7614443044111],[138.62105199965015,-34.761742302864945],[138.6211049922017,-34.761797302703314],[138.6211699844073,-34.76182529320266],[138.62125699201658,-34.761827291496274],[138.62143500831905,-34.76174130371817],[138.62156899201545,-34.7616443082382],[138.62160396844843,-34.76154629472569],[138.62158796771064,-34.761347290944684],[138.62215795172813,-34.76089827743351],[138.62231996819207,-34.76095527556549],[138.62273897582315,-34.76119827328165],[138.6227909764225,-34.7612982841884],[138.62280595193317,-34.761551289560316],[138.62290095991148,-34.76165228162745],[138.62306396832753,-34.76167327899856],[138.62315295984126,-34.761630285109504],[138.62322096027913,-34.76153227159699],[138.62319497616727,-34.761288275633376],[138.62314396841953,-34.761179273304776],[138.62317894395312,-34.76108928983882],[138.62332191997075,-34.761056266733306],[138.62369392003848,-34.76106325986149],[138.62383593558002,-34.76103025564174],[138.62388694422714,-34.76078825707236],[138.62396694431914,-34.760681253936696],[138.62404492813096,-34.76061926007077],[138.62453891224106,-34.760548238810145],[138.6246359041237,-34.76056823703448],[138.6246978880971,-34.760695239293796],[138.6246989439012,-34.76102923850851],[138.62473894394714,-34.76117424159793],[138.62482492812796,-34.761239250890696],[138.6249979199181,-34.76129624902262],[138.62509593612856,-34.76130723783871],[138.62519494429137,-34.761264243949654],[138.62521792017094,-34.76121925176699],[138.62521993555163,-34.76114725024536],[138.6251679043753,-34.76106523926933],[138.62492188763508,-34.7608712483094],[138.62490188761205,-34.760817246718545],[138.62492691214732,-34.76072724436676],[138.62500489595925,-34.760674241922686],[138.62511388839528,-34.7606582393862],[138.62521091175427,-34.760705247848875],[138.62537091193815,-34.760835247548584],[138.62545689611898,-34.76088123887803],[138.62553289602636,-34.76090123710236],[138.6256448957954,-34.76082224155317],[138.62575990379662,-34.760599242960666],[138.62581491172887,-34.76060022322167],[138.62599491193566,-34.76079323392054],[138.62609289577063,-34.760804222736624],[138.6263559043016,-34.76079121764053],[138.6264858878135,-34.76081123475063],[138.6267658881353,-34.76096123267473],[138.6268378878583,-34.761107234910924],[138.6267869115868,-34.76136723341102],[138.62683590395386,-34.76156621920563],[138.62688889560616,-34.761631228498345],[138.62699689608996,-34.76166922755277],[138.62706188829554,-34.76167022669955],[138.62708489565148,-34.761661217291305],[138.6271328960663,-34.76150022965186],[138.62717788824898,-34.761447227207725],[138.62723289618123,-34.7614482263545],[138.62738291209178,-34.7615321978526],[138.6276559039968,-34.761528202164754],[138.627821855894,-34.76145120490912],[138.62786886435663,-34.76134320172736],[138.62782787235847,-34.761252200228796],[138.62779587178215,-34.761225208876226],[138.62766585589463,-34.76118621067502],[138.62757088029196,-34.761085200621494],[138.62757487957708,-34.76092321473453],[138.6276108803379,-34.760833212382806],[138.62780185587098,-34.760639203436426],[138.6278298562629,-34.760619204312775],[138.62826985586923,-34.76031421363001],[138.62833884825932,-34.76020818985603],[138.62840284761342,-34.75988418120994],[138.62850483163277,-34.75974219354737],[138.62851699226542,-34.759267002570084],[138.63051590368605,-34.7570452634281],[138.63067699204964,-34.75685199372447],[138.63116969642442,-34.755982142461846],[138.63183868770534,-34.75523313310259],[138.63234566432106,-34.754667125887124],[138.63312864017462,-34.75379011422234],[138.63359961602953,-34.75326310520808],[138.63463756766964,-34.75210407963954],[138.63492358355666,-34.751785084713845],[138.63557056033312,-34.75108006839042],[138.6359255362346,-34.750667055640065],[138.6359755196546,-34.7506110557556],[138.63662451181187,-34.74988204462062],[138.63754847977862,-34.74885004109649],[138.63777644802474,-34.74859901423309],[138.63787545618743,-34.748489013657036],[138.63605011212303,-34.745945800158495],[138.62982051190716,-34.73901288783446],[138.62937584032284,-34.73851812401216],[138.6244106878031,-34.73298875122987],[138.62123260779867,-34.72945312416232],[138.62405017567517,-34.72528616582383],[138.62613206394371,-34.72193910860295],[138.62732499215474,-34.72002210113902],[138.62773500836397,-34.719374101833296],[138.6282299844263,-34.71856807545629],[138.62861894390915,-34.71792808641203],[138.62872995172597,-34.717746083414966],[138.6288209280434,-34.71760607516018],[138.6292299199249,-34.716982051780235],[138.62972192013058,-34.716182056256855],[138.63012086388687,-34.715542049226144],[138.63021987204957,-34.7153830418938],[138.6308148482267,-34.714442038968855],[138.63123180810157,-34.71378503025488],[138.63223676811242,-34.71218500233596],[138.63282275196855,-34.71123598914954],[138.6329777600157,-34.710983982025084],[138.63322272005257,-34.71058699069704],[138.63384867157902,-34.70956495795639],[138.63420067162372,-34.708986962778056],[138.63517363195763,-34.707420956212104],[138.63561561636766,-34.706722951003314],[138.6361216001318,-34.705913927185975],[138.63707151983488,-34.70437491287191],[138.63758252811124,-34.70354589083013],[138.63764150385236,-34.70343289281374],[138.63769049621953,-34.70336388783312],[138.63865782409937,-34.70197579594617],[138.63870906567092,-34.70190236989839],[138.63873244804415,-34.70186886565557],[138.64135307968093,-34.70302400705225],[138.64269344005027,-34.70361482116704],[138.6430039210942,-34.70372432261934],[138.64470088154053,-34.70432281424644],[138.64508643169358,-34.704458791739796],[138.6499862268829,-34.7065326661496],[138.65009740826883,-34.70657972407497]]]},"properties":{"School_Name":"Salisbury High School","ENTITY_CODE":892,"zoneType":"secondary"}},{"type":"Feature","geometry":{"type":"Polygon","coordinates":[[[138.55035484839755,-35.00474801670754],[138.55001689576318,-35.0050290125788],[138.54996287978315,-35.00507302450046],[138.5499118720353,-35.005028014331344],[138.54979488012964,-35.00495403250255],[138.54965689624885,-35.00491203776028],[138.54911788758056,-35.00493603167246],[138.54764291219067,-35.00501204866708],[138.54771491191377,-35.005860051799914],[138.5489809280275,-35.00579404336037],[138.5490429120008,-35.00661403710808],[138.54776995222153,-35.006681062680855],[138.54783094424272,-35.007450052278045],[138.54845193600806,-35.007416049810786],[138.54915296024103,-35.00738404473782],[138.54988892763197,-35.007447036851204],[138.5499289276779,-35.00744503855765],[138.5499929603069,-35.00838104664797],[138.55004896019148,-35.009302031563436],[138.54929798401486,-35.009343046944025],[138.5493449915782,-35.01010002969258],[138.54938796838007,-35.01063706614764],[138.5494630078116,-35.01167506365323],[138.54933199997186,-35.01167406540577],[138.54939903993386,-35.012545063304],[138.54942204818906,-35.012783066185534],[138.54949904004877,-35.01378806037064],[138.5494660484195,-35.01386505672696],[138.5495250880125,-35.014635064356696],[138.5496140804255,-35.015731059141046],[138.54968710357707,-35.01662505360332],[138.54976710366896,-35.0176140632384],[138.55255907234334,-35.017457017327445],[138.554713055663,-35.01734200213167],[138.5552180483743,-35.01731599193943],[138.55879996804413,-35.017116950386935],[138.55880076844073,-35.017120446051706],[138.5588089918416,-35.01712000268594],[138.558892992118,-35.01752900086268],[138.55897689616688,-35.01865095187986],[138.55900499188692,-35.01896800426994],[138.55902822407336,-35.019607771181654],[138.55911295999522,-35.020519765574704],[138.5591790403805,-35.02133794718844],[138.55925606371648,-35.022354947322924],[138.55933209599948,-35.023361939801646],[138.55941414384768,-35.025088951094176],[138.55943513582292,-35.0258939423515],[138.55932713623838,-35.02598494385006],[138.55856617578843,-35.026625968913265],[138.5575592003969,-35.02831697944498],[138.55707824026865,-35.02915898859641],[138.55663625585862,-35.02990400226787],[138.55598531217254,-35.03098701084184],[138.55590931226504,-35.03167802292239],[138.55601731184947,-35.032174026010466],[138.55656633626745,-35.032913008828245],[138.55729532761734,-35.033385998265146],[138.55811433570807,-35.03390198159116],[138.5585853439385,-35.03434797967549],[138.55905033570446,-35.03537097379137],[138.55974233613995,-35.03615496677827],[138.55998534374874,-35.03624996486394],[138.56040732813574,-35.03644295667709],[138.56051036795918,-35.03733696912576],[138.5592224002936,-35.03902997795109],[138.5592054399791,-35.039657979032484],[138.5592484158817,-35.03994299037669],[138.5596134399084,-35.04079598834414],[138.5601804156937,-35.04181298847857],[138.5605964483675,-35.04245497581644],[138.5608784640699,-35.04341296063956],[138.56096048044185,-35.044418990843724],[138.56087948839775,-35.045180987312676],[138.56070953631615,-35.046086987724266],[138.56019654413524,-35.04743399138556],[138.55976758370707,-35.04853699818386],[138.55976659175485,-35.04854099477103],[138.5596205760288,-35.04891700671442],[138.5593326077137,-35.04961499393676],[138.55925763213406,-35.049979998178344],[138.5592626242708,-35.05028800518727],[138.5595546880984,-35.05370802620439],[138.5596687041475,-35.054949024078155],[138.55974371210266,-35.056089012797656],[138.5599449596922,-35.05943925181998],[138.55930099204716,-35.060487998921985],[138.55872521639571,-35.06121107093412],[138.5584853078508,-35.061441647214224],[138.558293504042,-35.061625989347874],[138.5581955220058,-35.06170067354719],[138.5578383643491,-35.06197291002172],[138.5577932804356,-35.06200727401642],[138.55720594579782,-35.06239829564481],[138.556285728004,-35.0630109363056],[138.55565660816603,-35.063498466880674],[138.55534000004104,-35.06383400123815],[138.55510409617716,-35.06423238022012],[138.5548816641575,-35.0648019208719],[138.55480954932136,-35.065521472038256],[138.55480902411728,-35.06552671418649],[138.55480883346092,-35.065539625753104],[138.55478160019072,-35.067386056221494],[138.55478115592564,-35.067390313612066],[138.55476311282746,-35.06756337644862],[138.5547507840215,-35.067681631002415],[138.55465215357412,-35.06818801766286],[138.5543599998142,-35.06968799330622],[138.554118015634,-35.07049999477891],[138.55369552043203,-35.07131510520787],[138.55359998904828,-35.07145931059864],[138.55336700798114,-35.071810997679336],[138.55295586312263,-35.072315778150596],[138.55274985632093,-35.07256870168419],[138.55218796800034,-35.0732662626279],[138.55173420067285,-35.07383027244907],[138.55123520014445,-35.07445050338799],[138.55116798661334,-35.0745288190497],[138.54962300799548,-35.07632899378797],[138.5494928320286,-35.07649181244716],[138.54735164875967,-35.079353123347914],[138.54729529634096,-35.07942842807944],[138.5466606402764,-35.08054460724776],[138.54641299216587,-35.0810399996962],[138.54585536033665,-35.08023330782083],[138.5455326305265,-35.07975358246182],[138.54538934424295,-35.07954059332366],[138.54505833617338,-35.0789695544014],[138.54427900796986,-35.07907999924254],[138.5440609277697,-35.080290601829745],[138.54377900829468,-35.08117499423054],[138.54305801641442,-35.081818997848416],[138.54209900816272,-35.08246499975991],[138.5416700162583,-35.082968995123],[138.54096499184095,-35.08318200404619],[138.53977715199403,-35.08337309019589],[138.53915199996493,-35.08360500646586],[138.53857299214997,-35.0839960038125],[138.5382609921511,-35.08461299719204],[138.5382609921511,-35.0852639939381],[138.53808700840875,-35.08620199942271],[138.5371413757739,-35.08688267019903],[138.53669199983597,-35.087205994461044],[138.53608099234395,-35.087420002531076],[138.5349470083978,-35.08748699123163],[138.5329400003808,-35.0879829943197],[138.53264934399215,-35.08797111787277],[138.53180601643453,-35.08797700033824],[138.53093299236377,-35.087901002229444],[138.53006099172148,-35.088185994687876],[138.5295380161666,-35.08876099332514],[138.52895507201902,-35.08885404887519],[138.52827478435393,-35.08896264381093],[138.52772838415763,-35.08917672562535],[138.52718201633706,-35.089327999687384],[138.52639699182782,-35.089324003999536],[138.5260489919675,-35.090189008815685],[138.52570000015498,-35.09083700812141],[138.52482700756036,-35.09104999815884],[138.52430399962998,-35.09104700161777],[138.52421699202068,-35.0906129914963],[138.52465299234177,-35.090181996801675],[138.52456499188088,-35.089531999202336],[138.5241289915598,-35.089384998718685],[138.52360499167708,-35.089887994935],[138.52247199968315,-35.09074900316392],[138.5215990079879,-35.090961994100724],[138.52142399991772,-35.09031099735461],[138.52142399991772,-35.089733002176274],[138.52107500810519,-35.08944199685061],[138.5204639997139,-35.08922299394595],[138.51993891165148,-35.089222198945265],[138.51933001576765,-35.08878400787563],[138.51854499215767,-35.08877999330201],[138.51767199956316,-35.089065003746896],[138.51741100821152,-35.089641001530936],[138.51697500789032,-35.08971200480511],[138.51671299221084,-35.08927699553686],[138.51653801561702,-35.088553997269116],[138.51618899232824,-35.08797400379717],[138.51522899212432,-35.087607999509544],[138.51419993567856,-35.08760061787416],[138.51295999990418,-35.0877419948971],[138.5124369919737,-35.08824499111341],[138.5124369919737,-35.08882300517752],[138.51208899211338,-35.08961600757266],[138.51174000030085,-35.09004700226728],[138.5114780160976,-35.09069600071979],[138.51051900784603,-35.09090799250981],[138.50957062238638,-35.091189555853305],[138.5095590076421,-35.091193003854016],[138.5086870078992,-35.09147699716567],[138.508251007578,-35.092197997139806],[138.50737900783497,-35.09277099838283],[138.5071169921555,-35.092480992204],[138.50694201556166,-35.091901997878836],[138.50635476186278,-35.09189911735035],[138.50633100806965,-35.0918990004385],[138.50537199981795,-35.09239999926052],[138.50458700768434,-35.09239700182013],[138.50423699244334,-35.09131099670509],[138.50284099191833,-35.09173799481255],[138.50179401558137,-35.09195000458902],[138.50092201583846,-35.09136799483707],[138.50022300788555,-35.09028100856165],[138.49933513600774,-35.08967591141413],[138.49932425331167,-35.089667786039456],[138.49839100793872,-35.08897100570732],[138.4981733756009,-35.0884870643265],[138.49835100789278,-35.08830099099788],[138.49924431797092,-35.08764477098936],[138.4993079998644,-35.087597990954464],[138.49948566902845,-35.08750139657212],[138.50039500772345,-35.08700700866649],[138.50137401599807,-35.08657899252643],[138.50208099194424,-35.086330999975644],[138.50335401557538,-35.08597500424298],[138.50392425589973,-35.0858526083112],[138.50547228771597,-35.08562498450539],[138.50599654390544,-35.08555207556776],[138.50655452647027,-35.08545771240347],[138.50658595237985,-35.085452398309485],[138.50692005051997,-35.08537210683721],[138.50733986124567,-35.085271216393494],[138.50769961614446,-35.08518475826992],[138.50798268765095,-35.08510754877432],[138.5082136002775,-35.08504456565413],[138.50839774545966,-35.08495942054077],[138.5090348162039,-35.084664853000504],[138.50924066562425,-35.08456966785582],[138.50929299177824,-35.084545472495506],[138.50936779378867,-35.08450289229461],[138.50967821907466,-35.084326184505755],[138.5097658876856,-35.08427627932679],[138.51046800009817,-35.08384700503524],[138.51081599995848,-35.083553003168504],[138.5127950399592,-35.08217051675592],[138.51325587595795,-35.08184566544509],[138.51358659174787,-35.08161253778832],[138.51626118360684,-35.07968513416159],[138.51629984006559,-35.079583642970704],[138.51853468772572,-35.078054229818804],[138.51965987180574,-35.07724096929525],[138.51956572807592,-35.077129599051716],[138.52117068787697,-35.075900570255044],[138.52222364830277,-35.07506655337869],[138.52491814395728,-35.0725492403551],[138.52552153599015,-35.071985508424405],[138.52781148781003,-35.069841487794406],[138.53030739157293,-35.06748641876317],[138.53378726427093,-35.06420337168822],[138.53450422359106,-35.06312537683465],[138.53489318397328,-35.0623168341545],[138.53494921623337,-35.062200358459734],[138.535012192159,-35.06195534446351],[138.53526320013668,-35.06098934847961],[138.53538617613117,-35.0598993467774],[138.53523216003623,-35.0589913480722],[138.5349910401045,-35.05513633667255],[138.50638431988057,-35.05663161785486],[138.5035809918694,-35.056780006891756],[138.50375987242023,-35.05625764017793],[138.50403859210735,-35.055289942676666],[138.50429651227432,-35.054748743259836],[138.5046073602415,-35.054316435554995],[138.5047624959925,-35.05366743710249],[138.50485119972313,-35.052783932332545],[138.50486588835008,-35.05263748673059],[138.50499244814307,-35.05204972311617],[138.50516444798097,-35.05178273058851],[138.50539945612002,-35.051230727615916],[138.5053944639834,-35.051230727615916],[138.50548243206867,-35.05105871518754],[138.50552342406684,-35.05078972526559],[138.50569443195252,-35.05056772492054],[138.5058014081086,-35.05030872466784],[138.50610339235777,-35.04973770373198],[138.5062763841479,-35.04947071210364],[138.50638137639942,-35.04923870320357],[138.50647337614544,-35.04912270864605],[138.50646537577654,-35.049005696055985],[138.5065373763989,-35.04881769907752],[138.50654137568404,-35.048691695065656],[138.50662134429967,-35.04853770145371],[138.506690368166,-35.0483556984567],[138.50686736014063,-35.04794470288567],[138.50722431994643,-35.04739368017414],[138.50761833631725,-35.04670768181404],[138.5077933120118,-35.04634167752636],[138.50793228784482,-35.046100678103755],[138.50795628805236,-35.04602869456858],[138.50821827225548,-35.04463766099923],[138.50845427234685,-35.04406466065552],[138.50855724831843,-35.04391366358465],[138.50884022359753,-35.043631667667285],[138.50887321612606,-35.04362367629159],[138.50908723228997,-35.04344764839021],[138.50941023999064,-35.0432556557239],[138.5094662398751,-35.043211643802294],[138.509638239713,-35.04299865376481],[138.5100102083045,-35.0426276546425],[138.51056220767975,-35.04213462920973],[138.51097817560242,-35.041791639472535],[138.511081151574,-35.041658624345985],[138.5111661761781,-35.041398625845886],[138.51123315228824,-35.04133663197996],[138.51137817606207,-35.04126760811357],[138.5114571518261,-35.0412066142938],[138.51154915157213,-35.04106360859862],[138.51178412823504,-35.04093161150462],[138.51210614398337,-35.04075060765439],[138.51257113574934,-35.04060658482598],[138.51301212820727,-35.04050759105246],[138.51312313602398,-35.040465596310185],[138.51339308822048,-35.04022759432797],[138.51343708755167,-35.04022859257543],[138.51365609585218,-35.040250589093375],[138.51377811227007,-35.04018158411276],[138.51413308817155,-35.0397105740837],[138.51447807979957,-35.0391585711111],[138.51453507163626,-35.039078577314456],[138.51470406414126,-35.03891956998211],[138.5148050562084,-35.03885058388727],[138.51512102401614,-35.03856855109774],[138.51532502443035,-35.03833756023016],[138.51571702362185,-35.03769655315335],[138.515812992076,-35.03741056244746],[138.51614400014557,-35.03662353514801],[138.51623996770036,-35.035985544397306],[138.51631296027494,-35.03578853711127],[138.51639497574763,-35.03556553851877],[138.51658096004337,-35.035226544469424],[138.51690195236324,-35.034746543917834],[138.51700793566772,-35.0344605154404],[138.51705795236262,-35.03432552090601],[138.51716195176277,-35.03414751359685],[138.51722195183163,-35.03397751744842],[138.51733190384437,-35.03358352266139],[138.5173719038903,-35.033349516367025],[138.51751590423567,-35.03289852344807],[138.51760588770162,-35.03212851581833],[138.51756288032277,-35.03211852614902],[138.51753587188307,-35.03192851289049],[138.51749187165262,-35.03192751374371],[138.51747900775013,-35.03184300535037],[138.5240577922334,-35.03149542727209],[138.5238577281517,-35.02888942490699],[138.52382070396243,-35.02841242089647],[138.52370067234824,-35.02685042890414],[138.52368169575368,-35.02660241836685],[138.52364367961218,-35.026110428953075],[138.5236376964226,-35.026035429991055],[138.52357465574585,-35.02522342761904],[138.52350265602286,-35.02426742220371],[138.52347664043464,-35.02391939986035],[138.5234336321564,-35.02334340207631],[138.52339763229497,-35.022868415245114],[138.52337862422416,-35.02261241243286],[138.52325657633003,-35.02099340342278],[138.52516313636966,-35.0208987758578],[138.52516362919823,-35.020903011664586],[138.52517590404477,-35.02100848055687],[138.52553315163368,-35.020982358848755],[138.52558099196926,-35.02105299160223],[138.52559004454497,-35.02105248708256],[138.52611577562266,-35.02102316918388],[138.52616499192095,-35.02139100539057],[138.53277027223032,-35.02104749674453],[138.53263660779328,-35.0186873042756],[138.53828774428405,-35.018382090560976],[138.53984739174382,-35.01828620574378],[138.54096959996718,-35.01821283455462],[138.54054537626814,-35.01268836487611],[138.54052690239473,-35.012277515894596],[138.5405107199938,-35.0119176171043],[138.5404898880979,-35.01177083875314],[138.54046329604432,-35.01154643362099],[138.54043276765822,-35.01130358429293],[138.54039513642647,-35.01080014381154],[138.54033091224187,-35.01054826618952],[138.54021206413552,-35.01035360883196],[138.54001897609498,-35.010098124029184],[138.54001011237688,-35.010096162607795],[138.54001338231183,-35.010093276683335],[138.54011209639623,-35.01000616025607],[138.5403191356197,-35.00980771135676],[138.54061910358882,-35.00952016572302],[138.54073209620935,-35.00942315135728],[138.54098006357913,-35.00918514937513],[138.54110406390146,-35.00907015306507],[138.54117206433932,-35.008999149790895],[138.5412050883442,-35.0089731575851],[138.54182608010956,-35.00838415470491],[138.5423210561719,-35.00791412493686],[138.54236604835455,-35.00787912332282],[138.54245705614824,-35.00779912862686],[138.5425750400061,-35.007686278998506],[138.54316700795107,-35.00712010540849],[138.54326902434605,-35.00700410995165],[138.5433250242305,-35.0069611160626],[138.54358400020146,-35.00674111401116],[138.5439229762644,-35.00640511740221],[138.54508393627475,-35.005293100296285],[138.54528623966826,-35.00510079286727],[138.54660691207937,-35.00384506859501],[138.5470788798865,-35.00343105669788],[138.54800684803763,-35.00270903869114],[138.54806886438666,-35.002661031081686],[138.5480817597654,-35.00265100454021],[138.54828585640723,-35.002828030689045],[138.54869584024095,-35.00318604270166],[138.54908585642715,-35.00352104106315],[138.5494568636434,-35.00384403257601],[138.5497838400522,-35.004131023328],[138.54997484796093,-35.0042960246418],[138.55016985605403,-35.00446701993695],[138.5503298562379,-35.00460702819174],[138.5504248642162,-35.004689020282],[138.55035484839755,-35.00474801670754]]]},"properties":{"School_Name":"Seaview High School","ENTITY_CODE":893,"zoneType":"secondary"}},{"type":"Feature","geometry":{"type":"Polygon","coordinates":[[[138.6784020156406,-35.00413000529545],[138.67821596839224,-35.00460926660435],[138.67746998435234,-35.00634928389229],[138.67718601622175,-35.00701030717988],[138.6770540164298,-35.0073162979088],[138.6787430403591,-35.00757725868351],[138.67979599988553,-35.007739244570416],[138.68047199958323,-35.007586249205985],[138.68127795221574,-35.007404228222526],[138.68143395221523,-35.00741022220393],[138.6772471683222,-35.013345299845696],[138.67637619200775,-35.014514314184225],[138.67625817577425,-35.01467332241583],[138.67557523241112,-35.01560333562537],[138.67427932822852,-35.01907034621945],[138.6717004799932,-35.02580040566414],[138.67162848027021,-35.026001426624475],[138.67156947215346,-35.02595843273542],[138.67102947243222,-35.025878420053004],[138.66930249621328,-35.0249484626014],[138.66753849580505,-35.02403648619486],[138.66744249587452,-35.023994491452584],[138.66480454419445,-35.023699527311294],[138.66269456020586,-35.02355556024088],[138.66127158361678,-35.02373256840326],[138.6611785604423,-35.023769587196625],[138.66068361585621,-35.023963596143005],[138.6598585922003,-35.02389461004816],[138.65981459196996,-35.023858609287345],[138.65909859222631,-35.023409613762624],[138.65855360036846,-35.02330562515442],[138.65818259225284,-35.023240634747424],[138.65760864042647,-35.0233446422414],[138.65749363242526,-35.02336865503935],[138.65604464024807,-35.02290966984532],[138.65515462438645,-35.022733679715486],[138.65480262434176,-35.02268469184503],[138.6534276481675,-35.021365715555305],[138.65278262381912,-35.02102971894635],[138.65217964817225,-35.02067272406691],[138.65180463987235,-35.020450742607636],[138.65117763164244,-35.01994073437737],[138.6508046396225,-35.019684749551516],[138.6501906238982,-35.01926176601762],[138.64495273578018,-35.019506816886064],[138.64025180767487,-35.01972689268189],[138.63865887990346,-35.023041907957634],[138.6385458881823,-35.023276913398774],[138.63749395208424,-35.02556993280609],[138.6362710081006,-35.02817994974487],[138.63536009559198,-35.03012696398815],[138.63199414361486,-35.03026902539517],[138.63212518383023,-35.03211502958493],[138.63199619227055,-35.03205801256718],[138.6313941762004,-35.03200201268271],[138.63100316806185,-35.03189502753344],[138.63060118369776,-35.03175204072403],[138.6301742080733,-35.031743031315784],[138.62977820779815,-35.03179903120031],[138.62957820756833,-35.031903037794905],[138.62928720044397,-35.032087057071976],[138.62904022412715,-35.03232505995351],[138.62873225578903,-35.032725066708394],[138.62806627184102,-35.0337850796177],[138.62787328002787,-35.034006080815914],[138.62776128025894,-35.034094085773404],[138.62770528037447,-35.034120077979196],[138.62749628782353,-35.03416107357464],[138.62703631967042,-35.03416107357464],[138.62691529610413,-35.03415010364432],[138.62665529580534,-35.034064096980444],[138.62624230373945,-35.03400108598129],[138.62602931190327,-35.03400108598129],[138.6259163201821,-35.03402909536641],[138.62574531229643,-35.034083096058],[138.62553929560204,-35.03420110779484],[138.62538729578716,-35.034347110031035],[138.62513734361357,-35.0346851049336],[138.62491235212337,-35.03489911300363],[138.62486332828007,-35.03495910857595],[138.62452435221712,-35.035365109312295],[138.6243853763841,-35.03560510958812],[138.62425935978172,-35.03581012713562],[138.6240103680841,-35.036067129094704],[138.62388636776177,-35.03617313398291],[138.6236863684312,-35.03627714057751],[138.6235743677629,-35.03636512664923],[138.62345740823287,-35.03660612607183],[138.62344441572725,-35.036687137901026],[138.6234744000236,-35.03677813939959],[138.62349539199886,-35.03688512544812],[138.6235313918603,-35.03707613785343],[138.6236564156112,-35.037331122633134],[138.62375241644088,-35.03742312327847],[138.62441040002,-35.03777012758928],[138.6250334080654,-35.03822411794863],[138.62524540794925,-35.038453111421916],[138.62542841638833,-35.03857411969983],[138.62563439980772,-35.038668117739405],[138.62590940799282,-35.03899812126622],[138.62607440031343,-35.039353117852045],[138.6261113921271,-35.039615114645756],[138.62607843197407,-35.039966114644415],[138.62580944025353,-35.04056510809323],[138.625696447633,-35.040697105187235],[138.62539248037876,-35.04096211830705],[138.6252104638919,-35.04117510834453],[138.62505945602913,-35.04147813850523],[138.6249004801731,-35.04168313716701],[138.62443948769226,-35.04206112941756],[138.6242384964096,-35.04218413508971],[138.62410150358164,-35.04237912519642],[138.6240205124368,-35.04254013082232],[138.62400950383562,-35.04292713248111],[138.62397251202185,-35.04307115530952],[138.6238805437522,-35.04321314207283],[138.6238125442136,-35.043266145416226],[138.62371452800312,-35.04326414712267],[138.62356352014035,-35.0431801567388],[138.62329052823532,-35.04312915258828],[138.62262752014396,-35.04295414271945],[138.62247353642465,-35.04295116416483],[138.62233151998373,-35.04294816672444],[138.62187254378296,-35.04300017092112],[138.6215875522238,-35.04328516337955],[138.62135356841247,-35.043795170710496],[138.62124457597645,-35.044126191370594],[138.6211526077068,-35.04427718844147],[138.6210625918652,-35.04436619164636],[138.62049759998433,-35.04458018172994],[138.6200455998246,-35.04467018408167],[138.62005558409794,-35.04468818491176],[138.62000159959416,-35.044679212375684],[138.61980259221593,-35.044729199392975],[138.619336639974,-35.04492720492652],[138.61900163172004,-35.045128207001085],[138.61893961627038,-35.045397196923034],[138.61889161585543,-35.04551321036632],[138.61887763229697,-35.04563020407062],[138.61878764793164,-35.045718227913824],[138.61856665572668,-35.04576823291757],[138.6182586559123,-35.045789230288676],[138.61781564807382,-35.04597021615251],[138.6173016963163,-35.04628423512929],[138.61698668808526,-35.04657523955564],[138.6167767035821,-35.04663423688049],[138.61665369611126,-35.04672224093861],[138.61654268829454,-35.04676523482766],[138.6161127044378,-35.046838254381896],[138.61593673589175,-35.04688826028496],[138.61583571234826,-35.04695926265981],[138.61567072002777,-35.04698225832453],[138.61531571175078,-35.047128260560726],[138.6150837118439,-35.04717826556447],[138.6147537281022,-35.04722627317392],[138.61461071970905,-35.047241276563625],[138.61415775997273,-35.047340289222916],[138.61413574366975,-35.047367280575486],[138.6141117443616,-35.04738727879982],[138.61400976034224,-35.047476282904086],[138.61394476813655,-35.047534280182845],[138.61381174401686,-35.04758628348014],[138.61357776020554,-35.047582287792295],[138.61340176018314,-35.047535297316074],[138.61325974374222,-35.04744529496435],[138.61322175997634,-35.04739429081383],[138.6131553603317,-35.04726830568774],[138.61308976018438,-35.04714629826299],[138.61296476790983,-35.04692929275262],[138.61282575970108,-35.046782292268915],[138.61271776011665,-35.046735301792694],[138.61244374388377,-35.04672928982484],[138.61238876832704,-35.04674629060878],[138.61230976018737,-35.04680830336048],[138.61226374367686,-35.0469062970879],[138.6122607678202,-35.0469872909307],[138.6123107521396,-35.04715930335914],[138.6122067842158,-35.047347300337606],[138.61207177619156,-35.04746129750083],[138.61187177596173,-35.04754732215116],[138.61164777642375,-35.04773232258856],[138.61152579238149,-35.047784325885914],[138.6114147836654,-35.047800310435946],[138.61113177601067,-35.047740314863574],[138.6109568003161,-35.04773731742324],[138.61086879985533,-35.047753319959725],[138.61074681581294,-35.04780532325702],[138.61067881627446,-35.04787532738442],[138.61064380836513,-35.04794732980537],[138.61065881625143,-35.04819134465481],[138.61068982397626,-35.04824532735995],[138.61092780797208,-35.04853631379979],[138.6111008321377,-35.04869030831105],[138.61143180783176,-35.04901231866353],[138.61146982397327,-35.04920331308239],[138.6113988162025,-35.04938231863906],[138.61131980806272,-35.049452322766456],[138.61073686391524,-35.04954032772389],[138.6106258560984,-35.049583339599394],[138.610457856445,-35.04969733676262],[138.6102358399121,-35.049791335701514],[138.60991184025931,-35.050001329197926],[138.60968288006097,-35.05033934208694],[138.60951488040746,-35.050462348658414],[138.6093848959962,-35.050414359934734],[138.60914988785714,-35.05021235871334],[138.6088478721316,-35.050043360812424],[138.6086138883204,-35.04978635885334],[138.60832089639234,-35.04928536093064],[138.60802988836872,-35.04912637158475],[138.60778889614073,-35.049121376750065],[138.6077118719054,-35.04914736895586],[138.6073838720681,-35.04947437504234],[138.60704787186182,-35.049710379630255],[138.60681491237835,-35.049832368169234],[138.60657091191808,-35.0499083851638],[138.60645091178026,-35.04988838693947],[138.60633190359454,-35.04983138790817],[138.6061399037336,-35.049656396925116],[138.60597292840794,-35.04936539159951],[138.60579792033786,-35.04898238562856],[138.60557590380495,-35.048699391463686],[138.60548489601126,-35.04853638844355],[138.60536988800993,-35.04835738198756],[138.605337888333,-35.04833838291],[138.6049459197185,-35.04824941567796],[138.60434892816056,-35.04804841360334],[138.604089919814,-35.04791741475685],[138.60376691211331,-35.047685406756045],[138.6036479039277,-35.0476284077248],[138.60351692756421,-35.04762642831696],[138.6033949120456,-35.047668423059235],[138.60313391979457,-35.0479704360867],[138.6031199038605,-35.048087429790996],[138.6030729277735,-35.048176433895264],[138.603123904045,-35.04833042750715],[138.60303193577533,-35.04853642531572],[138.60296793642124,-35.04866542586865],[138.60286595240188,-35.04878042127939],[138.6024309440329,-35.049051446367116],[138.60238595185024,-35.04908644888047],[138.6017839681557,-35.04905644120174],[138.60135897643568,-35.048958446575],[138.6008519683437,-35.04882746661423],[138.60032796756173,-35.04874545653752],[138.6001969920976,-35.04873346857465],[138.5999879680703,-35.04874747281758],[138.5999219839125,-35.04877346592269],[138.59972502429048,-35.049130459902756],[138.59947702364582,-35.04935048083996],[138.59930000019494,-35.04941948582058],[138.59911302394698,-35.04943349006345],[138.5990370240395,-35.04940448243087],[138.59899500771348,-35.04935949024821],[138.59897401573835,-35.04933148086309],[138.59884399985083,-35.04890548190241],[138.598678015578,-35.04857747666915],[138.59865302431763,-35.04853648017439],[138.59847500801527,-35.04828848762355],[138.59840300829228,-35.04814248628668],[138.5981799683309,-35.0478674834975],[138.59771097638054,-35.04741650856499],[138.59754998424444,-35.047296499433855],[138.5974869759433,-35.04720549793535],[138.5971359678507,-35.04648549620862],[138.5969679681972,-35.04623051142892],[138.5967499842244,-35.04582049521963],[138.59663299231886,-35.045682504144224],[138.59656796773754,-35.045645504236575],[138.5962179839728,-35.04562052916407],[138.5961409921132,-35.04562752229225],[138.59568796762562,-35.045781515904196],[138.59522700841978,-35.04577252538172],[138.59504300802848,-35.04572351862544],[138.5949910083284,-35.04560552577436],[138.59497299220993,-35.04548751403752],[138.5949959680895,-35.04470352105062],[138.59496899202543,-35.044504516370296],[138.5949379843006,-35.044432514848666],[138.59481897611488,-35.044375515817364],[138.5945779838869,-35.04436152956089],[138.5944909762776,-35.044342530483334],[138.59432899218928,-35.04427554178278],[138.59416796767766,-35.044164542059946],[138.5939859835663,-35.043998541599365],[138.593603967749,-35.04357653832653],[138.59333497602836,-35.04341753009487],[138.59305596765887,-35.043204558943216],[138.5925179842177,-35.04284255034338],[138.59213699182874,-35.042384564296185],[138.59195497624125,-35.0422365646657],[138.59177996817107,-35.042224557817065],[138.59125897562126,-35.042439583919645],[138.59109398420003,-35.042435569346026],[138.59091996808218,-35.04239657114482],[138.59076198417824,-35.04217656909333],[138.59050297583178,-35.041684579679554],[138.59039699162793,-35.04116857836715],[138.59033497617827,-35.04105957603855],[138.59024899199744,-35.04098557622331],[138.59017299208995,-35.04095756683819],[138.5900179840428,-35.04100757274125],[138.58991699197566,-35.041105585354444],[138.58977996767146,-35.04130059434692],[138.58964499202284,-35.041388598405035],[138.58950201600533,-35.041412593216535],[138.58935001619034,-35.041364585607084],[138.5891500159605,-35.04119458855939],[138.58898700844372,-35.04106359061217],[138.5887260161927,-35.04096459683865],[138.58810502442736,-35.04085261685475],[138.5878230078256,-35.0407396188383],[138.58744502366892,-35.04053362102974],[138.58731999991812,-35.040323608647554],[138.58742000003303,-35.03989261485225],[138.5874359683953,-35.03973961948782],[138.58741596837228,-35.039658607658566],[138.5873319680959,-35.039566607912604],[138.58716796772762,-35.0395276097114],[138.58702796756677,-35.039461620157624],[138.58687699207962,-35.0393586306962],[138.5867699844473,-35.03925763862907],[138.58664998430936,-35.0388676404292],[138.58664099198825,-35.03845263028461],[138.58658499210378,-35.038127640478194],[138.58653196807597,-35.038062631185426],[138.58623996810013,-35.03792262382996],[138.58596796814732,-35.03783563690507],[138.58594697617207,-35.037817636074976],[138.58591398364354,-35.0378166369282],[138.5857409918533,-35.037749630241194],[138.58499596828938,-35.03773464483794],[138.5847019844091,-35.03765764758231],[138.5846169921805,-35.03759265717537],[138.58455299192713,-35.037518657360124],[138.58448499238852,-35.03721065125052],[138.58440297601658,-35.037010647423415],[138.5843079680384,-35.0369096562556],[138.58420998420343,-35.03688064772365],[138.58402297557996,-35.03688664170511],[138.58394598372024,-35.03690264424159],[138.58345999997903,-35.037055676478246],[138.58337100756603,-35.03707166012896],[138.58237100821555,-35.03717766591649],[138.58181904031653,-35.03730268876802],[138.58133603243198,-35.03770769035759],[138.58114604795185,-35.037811678965795],[138.58106905609213,-35.03782768150228],[138.58092703965121,-35.03782570209444],[138.58077503983634,-35.037776714223924],[138.5806890556555,-35.037703712656196],[138.5805940476772,-35.03758370352506],[138.58048403181272,-35.03722171381099],[138.58043203211264,-35.03715770366506],[138.58019404811694,-35.03704470564861],[138.57998604841748,-35.03700470919995],[138.57947103995662,-35.03701170232813],[138.5788200638949,-35.03678272774067],[138.57867907178183,-35.03675272006194],[138.57849206405763,-35.03676672520419],[138.5783260797848,-35.03680871994641],[138.57828207955436,-35.03682871817074],[138.57803807999346,-35.03693773938511],[138.57742809592992,-35.03752074828384],[138.5770800960696,-35.03780274330194],[138.57699209560883,-35.03784573719099],[138.57681711991427,-35.03783374922813],[138.57668809597897,-35.03774076832178],[138.57655711961547,-35.037701752134126],[138.57558214390087,-35.03770075298729],[138.57524313636168,-35.03768478732303],[138.57491513562502,-35.03763278402573],[138.57479513638646,-35.03763977715397],[138.5744751360188,-35.03769577613912],[138.57430915174598,-35.03774678118896],[138.57399718412285,-35.037911782502704],[138.57375017632967,-35.03811480175665],[138.57345116793715,-35.038234792901335],[138.57331718424075,-35.03830379788195],[138.5727231676401,-35.03837380110997],[138.57242819180772,-35.038358816606035],[138.57166620792918,-35.038153817944306],[138.57123321584027,-35.038000822579875],[138.57110419190496,-35.03790784167353],[138.5710742076086,-35.03779082908346],[138.57109820781614,-35.037718827561775],[138.57164015996545,-35.03720682193722],[138.5717561599189,-35.03698382244539],[138.57174918387784,-35.036839818502756],[138.57167817610696,-35.03666682491399],[138.5716031681518,-35.036583815690506],[138.57140816005858,-35.03653480893422],[138.5709491838578,-35.036471816820836],[138.57073318378946,-35.03635983593762],[138.5706481600846,-35.03625882588409],[138.57069817588012,-35.03606982975879],[138.57081318388134,-35.03590083275719],[138.57087916803926,-35.03586681140416],[138.57184313605194,-35.035524819914485],[138.57212214442154,-35.03535981860068],[138.57224812774894,-35.03517280188328],[138.57224115170789,-35.03502879794064],[138.5722311359582,-35.03500078855552],[138.57212412832598,-35.034908806795954],[138.5714011516419,-35.034524820564],[138.5711411522425,-35.03442081396935],[138.57092313589408,-35.034370808066285],[138.5705341440356,-35.03419183938183],[138.57026614426718,-35.03398783986688],[138.57019414364493,-35.03384283677747],[138.57011913568965,-35.03339983613347],[138.57012511977848,-35.032849830555165],[138.57004809644252,-35.032487841740476],[138.56998409618916,-35.03243184185595],[138.5698861123543,-35.03238483339328],[138.5697551036152,-35.032382835099725],[138.56955609623697,-35.03243284100279],[138.56924515204219,-35.03257984238576],[138.56899212778455,-35.03261983883448],[138.5687951357869,-35.032615861133024],[138.56874012785465,-35.03259686205547],[138.56847212808634,-35.03241985389309],[138.5681951359968,-35.03215286226475],[138.56817715225384,-35.03213985626928],[138.56818812758013,-35.032135860581434],[138.56850915227562,-35.032026858252834],[138.56872912015285,-35.03201684969781],[138.56928710361706,-35.03210084008168],[138.56937011194123,-35.03204583934399],[138.5694120958916,-35.03197983180377],[138.56973811182445,-35.03183283042074],[138.57006112042438,-35.0317268444183],[138.5703570882091,-35.031687809344874],[138.57044006415765,-35.031690824771715],[138.57062908816192,-35.031714818683895],[138.57099807999748,-35.03181181416386],[138.5709990719497,-35.03185480805291],[138.57110806438573,-35.031850812365064],[138.57126108762918,-35.031844818383604],[138.57179107160073,-35.031737796362165],[138.57198707164605,-35.031768802288354],[138.5723930876709,-35.03174980231148],[138.57278604823762,-35.03178480482484],[138.57353305570598,-35.03175477915971],[138.57409203202178,-35.03175677655395],[138.57422403181363,-35.03174177316424],[138.5744130558179,-35.031655767399684],[138.57459900773813,-35.03164076311066],[138.5749380161766,-35.03166575706899],[138.57543001638226,-35.03172976721493],[138.57599702364382,-35.03181273956625],[138.57633500775444,-35.03188274369364],[138.57636800028308,-35.03185675058853],[138.57698499186392,-35.031742735438854],[138.5773479681343,-35.03172271832875],[138.5776429763423,-35.03173772171846],[138.57765497599644,-35.03174271655308],[138.57766697565046,-35.0317467311267],[138.57715184038523,-35.024945724165775],[138.57725884801744,-35.025003722343854],[138.57725183960076,-35.02491371909281],[138.57713980835558,-35.02349972763028],[138.57700678423578,-35.02172470782898],[138.5767847362266,-35.01853170087725],[138.57689212786943,-35.01861406258888],[138.5768327357422,-35.01784070678315],[138.5767847362266,-35.01758070828299],[138.57675471955474,-35.01732270717713],[138.57669567996174,-35.016802709277556],[138.57664668759458,-35.01637970685795],[138.57662569561944,-35.01619770386088],[138.5765496642357,-35.01522771128981],[138.57652966421267,-35.014922701721275],[138.5789936321505,-35.01479865913075],[138.58049260774771,-35.01472665760912],[138.58060032044853,-35.014721588130726],[138.58053958383482,-35.014648643220255],[138.58067359990673,-35.01464165009202],[138.58103958440938,-35.01462564755553],[138.5818455999945,-35.01458862876217],[138.58198556777984,-35.01458263478071],[138.58227657580335,-35.01456863053784],[138.58545852828854,-35.0144235905762],[138.58665350425588,-35.014362577870656],[138.58671251237263,-35.01437658211353],[138.58687548841317,-35.01445158107555],[138.58715251197896,-35.01469156336492],[138.5873464957442,-35.014812552757064],[138.58756348776478,-35.01487956034339],[138.58783651204544,-35.01491256366381],[138.58790051229892,-35.01496756440156],[138.58795251199888,-35.015094548674426],[138.58798950381265,-35.01532056269377],[138.58790950372065,-35.015418557320515],[138.58773251174614,-35.015469562370356],[138.5877095043902,-35.01550456398439],[138.5876965118846,-35.01559456633612],[138.58782249611136,-35.01576855907172],[138.5880375042275,-35.0158995579182],[138.5882135042499,-35.015902554459274],[138.5884234878538,-35.01582555720364],[138.58897148794392,-35.01545753663595],[138.58917148817375,-35.0153445386195],[138.58943846361421,-35.015223530341586],[138.58958246395957,-35.01518153559937],[138.58995648030736,-35.01513454512309],[138.59020848023727,-35.015130512563076],[138.59065545588464,-35.015202514084706],[138.59111145622876,-35.01533852665165],[138.59115545555994,-35.015339525798424],[138.591360480302,-35.01542451442975],[138.5918514238042,-35.015505507373234],[138.59195942428812,-35.01556250640448],[138.59201443222037,-35.01556350465199],[138.5923784319192,-35.01548950483675],[138.59259744021972,-35.01548451000207],[138.59275043198693,-35.015505507373234],[138.59306544021797,-35.01560248486675],[138.59324044828816,-35.01561449081606],[138.5934054397094,-35.015582485743096],[138.59373743973117,-35.0154714860202],[138.59397139206612,-35.01534947859551],[138.5942264002283,-35.01523747972584],[138.59431539174204,-35.01521648235473],[138.59446940783698,-35.01517946356137],[138.59463440015747,-35.01516446017166],[138.59533241615816,-35.01527745818811],[138.5957673597759,-35.01538546136993],[138.59609136032805,-35.01554544896328],[138.5966233596804,-35.01570945113025],[138.59724438382136,-35.01583845168318],[138.59759238368167,-35.01592641976839],[138.59788736041344,-35.0159324317363],[138.59803135985942,-35.01589043699403],[138.59812438393328,-35.01572943136813],[138.59822134433966,-35.015397430447024],[138.59826732757517,-35.015308427242076],[138.59866732803482,-35.01476641393879],[138.5988803522465,-35.01458141440071],[138.5991263042356,-35.014433413870904],[138.59927030368158,-35.01438240972038],[138.59952230361148,-35.01436041320244],[138.59985430363326,-35.014276404832174],[138.60023731230217,-35.014265397130316],[138.60035830439233,-35.01425039374061],[138.60101827187577,-35.01416538622357],[138.60102828762547,-35.014122392334514],[138.6010682876714,-35.013949398745694],[138.60111526375852,-35.013472394735174],[138.60110726428888,-35.01300338210035],[138.60091280028553,-35.00930519537843],[138.6010271679695,-35.009299367771575],[138.60110313640064,-35.00935268497841],[138.60109516840737,-35.009197377456985],[138.60101315203542,-35.007567379630814],[138.60097216003726,-35.00675737555241],[138.60077113637885,-35.0066233801648],[138.60076214405774,-35.00644237631457],[138.60075315173663,-35.006361364485315],[138.6007561599689,-35.006262370711795],[138.6007501120281,-35.00609037626981],[138.6007601277778,-35.00576636762372],[138.60081411228157,-35.00539736679502],[138.60091312044426,-35.00502137283803],[138.600943072365,-35.00475136488353],[138.60090908788413,-35.00404736569334],[138.60076608039037,-35.00328736751794],[138.600715040267,-35.002808365213866],[138.60070006385695,-35.002574377805274],[138.6007410558551,-35.001907378522674],[138.60077104015147,-35.00164736113675],[138.6008020478763,-35.001549347624234],[138.60081622388964,-35.00150335719411],[138.60081903966704,-35.001494347785865],[138.60085603238008,-35.00133336014642],[138.60097702357086,-35.0009653584645],[138.60131798443751,-35.000170357775744],[138.6013579835842,-35.000115357937375],[138.6014040000946,-35.00005334518568],[138.60206399995366,-34.99923033601118],[138.6023459518043,-34.99892033160796],[138.60236294359504,-34.99911134401327],[138.60245897590107,-35.00028633434681],[138.6055729603239,-35.000348291340515],[138.60569596779476,-35.00035130676736],[138.60585993578752,-35.00018029258638],[138.60635091166534,-34.99987628216462],[138.60672591996524,-34.99978727806041],[138.60718688007057,-34.99979728661543],[138.60754089639534,-34.999683271465756],[138.6079218878849,-34.99966726892927],[138.60962585584866,-35.00006124483053],[138.61005686403314,-34.999930246883366],[138.6104638720102,-35.00005223542229],[138.61103187212325,-34.99999721669815],[138.6112518723761,-34.99987822470024],[138.61129382395086,-34.999681218313526],[138.61076182369925,-34.99929521580151],[138.61043984032642,-34.999024227586006],[138.6099638723349,-34.99882224435106],[138.6096838720132,-34.9985362347594],[138.60961584009897,-34.998467247765234],[138.60884185566715,-34.997946250718826],[138.60861081623625,-34.99760426012847],[138.60848083182498,-34.99701825378935],[138.60853583975722,-34.99663426755734],[138.60883379234565,-34.99618323776616],[138.6094918083004,-34.995739237975386],[138.60960275226523,-34.99489223398939],[138.61079174414374,-34.993699224839304],[138.6120576964056,-34.99278521326693],[138.61221868764244,-34.9931341978849],[138.6124666882871,-34.99334419138131],[138.61370070382452,-34.99398919324665],[138.61468169600357,-34.994391161422925],[138.61494268825447,-34.99449816545791],[138.61500467222788,-34.99444016817915],[138.6160246716014,-34.994340157272404],[138.61599865601318,-34.99388215233944],[138.6159386235687,-34.9928301496916],[138.61590662389165,-34.992280145012614],[138.61835158375868,-34.99218511005472],[138.61918358435503,-34.99215310588107],[138.62016358368248,-34.99211308964732],[138.62050953578648,-34.99209910429016],[138.62089852764495,-34.99208508116152],[138.62103254371698,-34.99204408466676],[138.62117555211012,-34.99204106923992],[138.62137155215544,-34.99173008457569],[138.62174652807983,-34.99205107779494],[138.62472246387063,-34.99180003294509],[138.62485948817493,-34.991789044129064],[138.62484947242524,-34.99177104329897],[138.62521548840414,-34.99175901846388],[138.62728143978666,-34.99169201177688],[138.627071392331,-34.98861499938266],[138.62703001632224,-34.987300000794335],[138.6429830082593,-34.986992992932244],[138.64450201625516,-34.987276005982835],[138.64499913630118,-34.98745338376659],[138.6457169922454,-34.987782998786315],[138.64823500763953,-34.989387004406694],[138.65127299215487,-34.98865599497816],[138.65254000022094,-34.9893170002793],[138.6537840000317,-34.98966800027796],[138.65451599961375,-34.99218400029133],[138.65416700780122,-34.99329499936471],[138.65663001616235,-34.995076993408475],[138.66182560017137,-34.99747555545247],[138.66311500765153,-34.99811199217464],[138.6784020156406,-35.00413000529545]]]},"properties":{"School_Name":"Blackwood High School","ENTITY_CODE":905,"zoneType":"secondary"}},{"type":"Feature","geometry":{"type":"Polygon","coordinates":[[[138.67869398414007,-34.855464782073966],[138.6788049919569,-34.85678459113592],[138.67947299218486,-34.85675077302972],[138.67963798360609,-34.85670777914066],[138.68085699215658,-34.856638755274275],[138.68235296042087,-34.85655472891756],[138.6828019523483,-34.85652973495928],[138.68308896018743,-34.8565767254355],[138.68329494360682,-34.85662771070025],[138.68376793574168,-34.85678170521146],[138.6840629115742,-34.85680270258263],[138.68432092796854,-34.85676070784035],[138.68484191961898,-34.85659968332868],[138.68539788770238,-34.85657968510435],[138.68640688027335,-34.85652566462767],[138.68670790404656,-34.85651665521942],[138.6869768957672,-34.85657265510389],[138.6872188799474,-34.85668165743249],[138.68759788843192,-34.85683365275082],[138.68921385593478,-34.85698860863732],[138.6895938563714,-34.85707361615442],[138.69060086413867,-34.857572598696436],[138.69023286425534,-34.85778360932608],[138.6894988483932,-34.85807861033953],[138.6888648955985,-34.85822463056223],[138.68836188769103,-34.858313634666445],[138.68754691216031,-34.85944265255631],[138.68700294373093,-34.86023067810328],[138.68639999956042,-34.86110369318084],[138.68566201588942,-34.86217469580555],[138.6853060156601,-34.86269071600367],[138.68499606431703,-34.86313170036766],[138.68453504035983,-34.8637887279674],[138.68399507211495,-34.8645597338446],[138.68352511968862,-34.86525574075978],[138.68359212817427,-34.86560574251098],[138.68371712044882,-34.86636773897993],[138.68362310442285,-34.86640274059397],[138.68352313578418,-34.86646475334567],[138.68262015979258,-34.86668175795671],[138.68253216023106,-34.866670769140626],[138.68196918373087,-34.866867775527396],[138.68184819164082,-34.866892787472125],[138.68089718375813,-34.867243806356555],[138.68014822386147,-34.867427807647175],[138.67987222372426,-34.867530815094995],[138.67965222437067,-34.86758981241985],[138.67950822402543,-34.86764982597862],[138.67942921588565,-34.86772981977532],[138.67931222398,-34.86798882002796],[138.67915424007617,-34.86816580930463],[138.67911923216684,-34.86826483995037],[138.67884025617298,-34.86844884124099],[138.6785772476419,-34.868470837758935],[138.6782602564058,-34.868464843777474],[138.6774172795839,-34.86847585058001],[138.67714527963096,-34.86842484642949],[138.67677727974774,-34.86830087758341],[138.67659027202353,-34.86819787013553],[138.6764212804178,-34.86810487034347],[138.6760882884438,-34.86789088115921],[138.67588326370173,-34.86781488305036],[138.6755272643718,-34.86760988438863],[138.6754002881928,-34.86748989324394],[138.67530528021462,-34.86734389190707],[138.6753042882624,-34.86701089183913],[138.6752632638886,-34.866892898088736],[138.67532524786202,-34.866262880727334],[138.6753182403446,-34.86612686905971],[138.6752872317204,-34.86604587611623],[138.67517023981475,-34.865935874640854],[138.67491225579602,-34.86577688619428],[138.67470924823328,-34.86561088573376],[138.6742552317936,-34.86540388877842],[138.67387625568472,-34.86527988306011],[138.67324227231313,-34.86525790542794],[138.67291327962425,-34.86528791220735],[138.67247926410687,-34.86555893729508],[138.672331263577,-34.86576393595686],[138.67231728001855,-34.86587192025286],[138.67243030411532,-34.86611693424908],[138.6726432959514,-34.86633793544735],[138.67269529565147,-34.866419927537606],[138.67274032020964,-34.86678093609129],[138.67264931241596,-34.866896931548126],[138.67191334412564,-34.86738694065474],[138.67165635205902,-34.86759895133048],[138.67127932837832,-34.86776295349745],[138.67086636778868,-34.86806196908458],[138.67061238395445,-34.86813796719338],[138.67016438397923,-34.86812895778513],[138.66938038379772,-34.86801497860836],[138.66920636767975,-34.86796698988462],[138.66889337572877,-34.86783399364384],[138.66871836765858,-34.86783099620345],[138.66842140792176,-34.867871012437206],[138.66837843201904,-34.867881297983445],[138.6681793922652,-34.867929009715965],[138.6677353915751,-34.86814601432707],[138.66745939233715,-34.868249022674206],[138.66740441588115,-34.86825701494922],[138.66715340790347,-34.8682430286928],[138.6670124157904,-34.8681860296615],[138.6668644161599,-34.868021028347755],[138.66665539213272,-34.867674024036944],[138.66652841595374,-34.867528021800695],[138.6661193916966,-34.867276033562064],[138.66605641577098,-34.8672030328936],[138.66592639988346,-34.86713804158728],[138.66548339204496,-34.86696704629213],[138.66541740788716,-34.866956038590274],[138.66502342389197,-34.8669580557696],[138.6648144322403,-34.867008060773344],[138.6645844477141,-34.86701205736051],[138.66453744015075,-34.867004065085496],[138.66447644812968,-34.86699205823686],[138.66409142407997,-34.86687906022041],[138.66389043189793,-34.86681908353381],[138.66306044758164,-34.866388070852736],[138.66245843241074,-34.86598909921753],[138.6622154239028,-34.8657230878502],[138.66184143993053,-34.86540908775913],[138.66169644763306,-34.865241089004996],[138.66162944004668,-34.86516209435513],[138.6612834240908,-34.86500208787601],[138.66101344041806,-34.86490610952927],[138.6605564481216,-34.86479810634751],[138.66045942386336,-34.864751116770606],[138.66015145642461,-34.86480911404931],[138.65965846426673,-34.86483512514087],[138.6594734719232,-34.86483212770048],[138.65935247983316,-34.86484713109019],[138.65843849613975,-34.865046154656284],[138.65787651159178,-34.86520717826863],[138.65770051156937,-34.865230173933355],[138.65740348798067,-34.86530617204215],[138.65696854436294,-34.86557717824411],[138.65686953620025,-34.865602190188895],[138.65674751978224,-34.86567219431629],[138.6566465277151,-34.865769189796254],[138.6562255361796,-34.86635619528215],[138.65612057630358,-34.86657018446641],[138.6561065603695,-34.866678187648176],[138.6562205764185,-34.86691419223615],[138.65641055999936,-34.867144183956896],[138.65657257556393,-34.867219182918916],[138.65684355208828,-34.8672871887527],[138.65690857577022,-34.8673151792521],[138.65724255969644,-34.86751118739136],[138.65743356760515,-34.86771316972698],[138.65757855990273,-34.86799616479112],[138.65758956760453,-34.86839217585816],[138.65752956843494,-34.86856318913982],[138.6574615041452,-34.86870513993023],[138.6574015679281,-34.86883018166753],[138.657367551971,-34.86888418325839],[138.6572555836783,-34.8689901881466],[138.65701260844514,-34.8690751956637],[138.65663859209747,-34.8691221852406],[138.65621260842522,-34.86909621192058],[138.6558075843526,-34.86913321182823],[138.6556526077817,-34.86918421597875],[138.65540761626858,-34.86932422423354],[138.65531862385546,-34.869403218883406],[138.65521363160383,-34.869618226100215],[138.6551396156009,-34.869914226260505],[138.65522064002062,-34.8701592213709],[138.65545161559965,-34.87047923432914],[138.65574864008772,-34.87079121814014],[138.65605961575875,-34.87103120042951],[138.65623961596555,-34.87123320165091],[138.65625862403635,-34.87134220397951],[138.65608867195476,-34.87155523178848],[138.65587865597524,-34.871641219566584],[138.65542764776774,-34.871702232272185],[138.65524166437137,-34.87172822537724],[138.65506467239675,-34.87179623121108],[138.65474870368973,-34.87210623561424],[138.65465769589605,-34.872230241332545],[138.6541756799637,-34.87266325230718],[138.65352873556276,-34.8730922666947],[138.65342873634722,-34.87314427089137],[138.65300972781677,-34.8732622817289],[138.65258073591235,-34.8733532832274],[138.65209475217114,-34.873373282351054],[138.65183574382456,-34.87338430803936],[138.6511337600151,-34.873442305318065],[138.6504717762515,-34.87365531424132],[138.6501307839086,-34.873738324364126],[138.64976579225754,-34.873884325701],[138.6494457918899,-34.87395133328738],[138.6489938241058,-34.874086327821715],[138.64845081615226,-34.87434634520764],[138.64835683160254,-34.874382327082685],[138.6482958081051,-34.87440635876641],[138.64805980801384,-34.87460935913458],[138.64791286418745,-34.87478634931051],[138.64777484793092,-34.87501835731132],[138.6475718403682,-34.87523034910129],[138.64732886423576,-34.875685374580314],[138.64711088026297,-34.87606037028979],[138.64708387182327,-34.876231365585],[138.64711388759588,-34.87634837817507],[138.64718688017047,-34.876467370172975],[138.64747289605737,-34.87679737280047],[138.6476778884239,-34.87690038114761],[138.64777388835432,-34.87698335349893],[138.6478368957562,-34.87708436355251],[138.64787488042145,-34.877274358824536],[138.6479908803749,-34.877411350753164],[138.64824889586987,-34.8775603504298],[138.648387871703,-34.877680359560884],[138.64853689566132,-34.87785435229648],[138.6488618881657,-34.87833834943524],[138.64891289591344,-34.87847536024964],[138.64891689609794,-34.87870934765823],[138.64900790389174,-34.87897236248449],[138.64899392033317,-34.87908034678054],[138.64894790382277,-34.8791433577797],[138.6488149120786,-34.87922135418211],[138.64870192035744,-34.87933634959279],[138.64858291217172,-34.879685371082985],[138.64836592015115,-34.880056370205295],[138.64835296002116,-34.880077367576405],[138.64815193636286,-34.880614367159296],[138.64809993576353,-34.880856365728675],[138.6480879361094,-34.880911365567044],[138.64807894378828,-34.88123537511245],[138.6481299524354,-34.88138037820187],[138.6481359680006,-34.8815613820521],[138.64806297632538,-34.88179437121323],[138.64792297616452,-34.88211640045148],[138.64787699202964,-34.88226539922874],[138.64785097644142,-34.882349389612614],[138.64779299175325,-34.88283438589815],[138.6477940160811,-34.88301938543623],[138.64779599998542,-34.8831233929302],[138.64770902385249,-34.88348238520388],[138.64768902382946,-34.883779383611625],[138.64758201619713,-34.884092385455176],[138.64749100840334,-34.884208398898465],[138.64739004781256,-34.88430539437843],[138.64704604813664,-34.88446941543111],[138.64663705625526,-34.88460640825912],[138.64604505593468,-34.88466640383143],[138.6456520638917,-34.884632437337075],[138.6452570879443,-34.88466042783642],[138.64504908824495,-34.88469243290939],[138.6443210879479,-34.88487645218646],[138.64416607990074,-34.88493644775883],[138.6440880960888,-34.88499844162476],[138.64377209590555,-34.88533443823371],[138.64362310432284,-34.88556644713378],[138.64342112018858,-34.88575146555763],[138.64332211202588,-34.88578646717167],[138.64280614398842,-34.8858484610376],[138.64267513614868,-34.88583647307473],[138.64218515222308,-34.88572846989291],[138.64186812771197,-34.88572147676467],[138.64174713562193,-34.88574648870946],[138.64154812824358,-34.885832477386884],[138.64124716832225,-34.88602548718643],[138.64119718400286,-34.88607247766265],[138.64108918441843,-34.88617548511053],[138.6406981762799,-34.8864745006976],[138.64050518356748,-34.886714501872746],[138.64032617621217,-34.88684549981991],[138.6401111995723,-34.887102501779],[138.64002819214738,-34.8873355098259],[138.63994720010328,-34.88749649656603],[138.63987919966542,-34.88757650924845],[138.63985520035726,-34.88763051083936],[138.63978521601496,-34.88779051731848],[138.63956524813773,-34.88798152972379],[138.63954682012968,-34.88799320292395],[138.63951677288082,-34.88801223797435],[138.63948604844245,-34.88803170110208],[138.6393742078535,-34.88761952112395],[138.63896620792423,-34.88670453018989],[138.63847721595084,-34.88573252133875],[138.63829619231547,-34.88537151278507],[138.63778316775904,-34.8843515152102],[138.6377281598268,-34.884233522359125],[138.63705718374206,-34.88288751784461],[138.636671136264,-34.882123541068495],[138.63662412780127,-34.8820195344739],[138.63542512017318,-34.87963253501346],[138.63519711955144,-34.879153532709324],[138.63484211217383,-34.87845253095952],[138.63477910387257,-34.87831354073728],[138.63426611169177,-34.87728653114846],[138.63410108789492,-34.876953531080574],[138.6337300797794,-34.876218544849905],[138.63324108780603,-34.8752325317559],[138.63285903511644,-34.874464569184454],[138.63285206357193,-34.87445055594833],[138.6328810882917,-34.87442855943044],[138.63408601615674,-34.873510515297994],[138.63494300801347,-34.87285752025832],[138.63606697621003,-34.872001506864024],[138.63702496013389,-34.87127247774259],[138.63717190396028,-34.871159479726145],[138.63815692780008,-34.87041146861435],[138.63904787176193,-34.869734442790275],[138.63995884812243,-34.86904143331543],[138.64027686368638,-34.86879943474605],[138.64088780822578,-34.868334418698396],[138.64192879957454,-34.867544412844325],[138.64201078357087,-34.86748138385872],[138.642777759586,-34.86689839294644],[138.64355772810677,-34.86630537549263],[138.6440127355993,-34.86595937032865],[138.64456275646614,-34.86554349233825],[138.64496367963022,-34.86524034886298],[138.6449740371222,-34.865229995867594],[138.64500569595612,-34.86519835412071],[138.6462146563814,-34.86428434344765],[138.64612064035532,-34.86301433614267],[138.64602761628157,-34.86177731507098],[138.64601961591256,-34.86168331703141],[138.64600100444284,-34.86145583981511],[138.6459526083263,-34.86086432243047],[138.6459255998866,-34.86054430857291],[138.64587555171545,-34.85982332658523],[138.64587055957873,-34.859767308714254],[138.64582156811093,-34.85908031120738],[138.6450865602966,-34.85913131625722],[138.644688576117,-34.85863533115554],[138.64360659187082,-34.858687334452895],[138.6432395839397,-34.858705353269386],[138.64180662397655,-34.85878336765825],[138.63956566362458,-34.85890539396871],[138.63796870419242,-34.85899141861904],[138.63619871969524,-34.859086453576936],[138.6361136959904,-34.85782244115268],[138.63611270403817,-34.857809454043036],[138.63565219179532,-34.85135741281431],[138.6354515197719,-34.84854441349387],[138.63532950425326,-34.846843412393525],[138.64945523207336,-34.84610320919569],[138.65154220780676,-34.845984180325615],[138.65322217556297,-34.84588814622094],[138.65516115166588,-34.84577712761228],[138.65649014370524,-34.84570810464527],[138.65715612765325,-34.84567410127869],[138.65936508832817,-34.84556206553685],[138.65967308814254,-34.84554606300037],[138.66050707174406,-34.84550404937232],[138.66302902437008,-34.845376011094004],[138.66663600005143,-34.84516992065528],[138.66945692779507,-34.84500784213816],[138.6711448959203,-34.844910846658195],[138.6726178559294,-34.84484084343012],[138.67267686404614,-34.84483784598973],[138.67370086360404,-34.84478282726565],[138.67557983963798,-34.84467880178522],[138.67766105611292,-34.844574368911935],[138.67876976011644,-34.844518739548164],[138.68095372773246,-34.844395714090865],[138.6817097284213,-34.844352683329646],[138.68258470402088,-34.84430467572014],[138.68281971216004,-34.844291670624045],[138.68497366400345,-34.844163632345726],[138.685043679822,-34.84494762533262],[138.6851506883537,-34.84623764884839],[138.6852827196219,-34.847801657120726],[138.68423376027988,-34.84785467755131],[138.68289276768712,-34.84792869625227],[138.68124780784012,-34.84801670120976],[138.6804998398958,-34.84806073111781],[138.68025584033478,-34.84807471737429],[138.68026281637594,-34.84815972489133],[138.68023481598402,-34.84816072313885],[138.67931283192172,-34.848209748780846],[138.6788418236913,-34.8482347418398],[138.67837385606867,-34.84825975378459],[138.6783198715649,-34.848262769211374],[138.6782099843034,-34.848268763192834],[138.67824886379412,-34.848527763445475],[138.67837878435353,-34.85009177171787],[138.6787328960064,-34.854354782147425],[138.6787459523639,-34.854511773199704],[138.67861999961337,-34.85459178588218],[138.6786289919345,-34.85469978906394],[138.67863897620782,-34.85481178793361],[138.67864998390974,-34.854940788486545],[138.67869398414007,-34.855464782073966]]]},"properties":{"School_Name":"Avenues College","ENTITY_CODE":906,"zoneType":"secondary"}},{"type":"Feature","geometry":{"type":"Polygon","coordinates":[[[138.57061051806102,-34.935610118112436],[138.57069397514692,-34.936737594564306],[138.57073164774738,-34.9372465388966],[138.5707316558413,-34.937246647714574],[138.57077367756324,-34.93781434565551],[138.57087495201745,-34.939182524753676],[138.57098855347897,-34.94071723401311],[138.57106825409676,-34.94175268014203],[138.5710995846781,-34.94215970970282],[138.571117286034,-34.94240906292788],[138.57119923585617,-34.94356348126962],[138.5713050078199,-34.94513801790515],[138.57135151715886,-34.94580764051017],[138.571383240744,-34.946264375600435],[138.57151999794962,-34.94789413420688],[138.57154850106258,-34.94827852693243],[138.5715485298408,-34.94827892533209],[138.57164084704755,-34.94952392608826],[138.57188335373382,-34.952854146201844],[138.5722054252402,-34.95727698864209],[138.5722892636387,-34.95842828993358],[138.5722892726319,-34.958428410442764],[138.57229124214712,-34.95845546025123],[138.57229143550137,-34.95845544945939],[138.57230563219923,-34.958454633774295],[138.57235735850531,-34.95921687665748],[138.57236942291058,-34.959430260598026],[138.5723725084846,-34.95948484225164],[138.57239959786318,-34.95983406069331],[138.5724399801211,-34.96034207602594],[138.57244919277605,-34.9604273605342],[138.57247345108897,-34.96065191675251],[138.57250808308163,-34.96098710666962],[138.57252066819433,-34.96114358151101],[138.5725959072754,-34.96226123376886],[138.5726298872596,-34.962765997152985],[138.57293279960913,-34.96726564709189],[138.57307679995438,-34.96870365225169],[138.57307980818666,-34.968746646140744],[138.57313983973188,-34.969600643255035],[138.57316982402824,-34.97000964143177],[138.57320486431308,-34.970513655680634],[138.57323785594235,-34.970965647746425],[138.57325686401316,-34.97123865224194],[138.5733038715765,-34.97189664121697],[138.57331286389763,-34.97201765039421],[138.57336287969326,-34.972722647831915],[138.57344588801743,-34.97389264333077],[138.5734488962496,-34.97392764584413],[138.57352892781785,-34.975055645701445],[138.57357795166115,-34.97574965522239],[138.57366595212204,-34.97698166257362],[138.5737509758269,-34.978169676889024],[138.573849024413,-34.979608662309886],[138.57166204766543,-34.97971368693703],[138.56933008041892,-34.979825722678925],[138.56893308819156,-34.97983573123395],[138.5648761601068,-34.980038787360115],[138.56480214410374,-34.98007277184092],[138.56306118432622,-34.98016079478481],[138.56242620810303,-34.98031782270931],[138.56063523163073,-34.98041583622182],[138.55829126383082,-34.98054387450014],[138.55704726402007,-34.98061188033398],[138.5560192957539,-34.980545890780206],[138.5549523202934,-34.98043690733738],[138.55388534393353,-34.980489928667225],[138.55360035237447,-34.98050493205693],[138.55283932807265,-34.98054892509276],[138.55241436782887,-34.98056394736824],[138.5517543679698,-34.980596950688664],[138.55122038381376,-34.980622943793776],[138.55068038409252,-34.98064997201857],[138.5500374083997,-34.980681958205764],[138.54953139226006,-34.98070798818304],[138.54885139237797,-34.98074898377854],[138.54837743976714,-34.98076498631502],[138.547665440208,-34.980816009351315],[138.54718943984085,-34.98088199890509],[138.54708342416075,-34.9809080099966],[138.5465324796902,-34.98094802533109],[138.54538047962546,-34.981005042348784],[138.54416748843892,-34.9810650379211],[138.5381456001394,-34.98136013156477],[138.53812966415273,-34.981157131196596],[138.53773948788717,-34.976188105296785],[138.53778051226095,-34.97606010389063],[138.5377714875642,-34.97593611615878],[138.53728649577522,-34.976181130155],[138.5362915200377,-34.97668812295848],[138.53617552008427,-34.976748137416564],[138.53425856028434,-34.97772515908878],[138.53350659215562,-34.97809116337646],[138.5333686082747,-34.97815818894924],[138.53289161595535,-34.97835519533595],[138.53247062441983,-34.978509188947896],[138.53145161609928,-34.978858210438034],[138.5303456640213,-34.97916122171296],[138.52931788821002,-34.97938174177392],[138.52923168009806,-34.97940024172772],[138.52908268761598,-34.97942242260666],[138.5284923519406,-34.979510242303775],[138.5279547201343,-34.97959023610048],[138.5270087043882,-34.979691061793005],[138.52660271983973,-34.979734258928886],[138.5242767357828,-34.979850846139584],[138.5242887363362,-34.980013849159775],[138.52292272010754,-34.98008799736317],[138.52291209641623,-34.97991454152282],[138.52154675198108,-34.97998756107705],[138.52017385593876,-34.98005634392507],[138.51772287960728,-34.980179387368764],[138.51682387232393,-34.9802243984372],[138.5167939204032,-34.98022591469419],[138.51535091231483,-34.980298416238895],[138.51388995195975,-34.980371435793074],[138.51310995196275,-34.98041045288005],[138.51298499206382,-34.980417001743206],[138.51298499206382,-34.98041692709944],[138.51028300775465,-34.98055699111222],[138.51027702366582,-34.980511684166856],[138.5102700161484,-34.98045847847595],[138.50970915215566,-34.979690451153374],[138.50957667212583,-34.97892185006327],[138.50949926388,-34.97822597265048],[138.50938908793614,-34.977460960754684],[138.50917881564988,-34.97609566038636],[138.50918095963368,-34.97603490668553],[138.50916944021753,-34.975977408530525],[138.50913561581604,-34.97591963338431],[138.50915071992983,-34.97581100067708],[138.50913020819257,-34.975699852566095],[138.50910358376348,-34.975607963436744],[138.5090855676449,-34.97551067207979],[138.50906396772803,-34.97541238157612],[138.50906380764866,-34.97531390581207],[138.50909743959528,-34.97526290166155],[138.50914281578844,-34.97519323028331],[138.50919791994806,-34.975152474806805],[138.5107718720243,-34.974831462701786],[138.5108608644374,-34.97406645080599],[138.5108718397637,-34.9736794491472],[138.51084985583623,-34.97332745000176],[138.51076284822693,-34.97295645087945],[138.51073180812648,-34.97218045016757],[138.5107105922201,-34.9719848862934],[138.51067980842652,-34.971701447863495],[138.510536832409,-34.971013451209785],[138.5105098239693,-34.97081444742878],[138.51050678426077,-34.97055344888253],[138.51046080012588,-34.970254452181166],[138.5103467840769,-34.96969343980038],[138.51029878366205,-34.969512453936545],[138.51020880019598,-34.96917643844182],[138.5098947524409,-34.96833145073583],[138.5097477438634,-34.967779447763235],[138.50961276821477,-34.967523444950984],[138.509220768124,-34.96637146826862],[138.50911273616396,-34.965981470068755],[138.50898771241305,-34.96575345775585],[138.50871571156085,-34.964963470787495],[138.5085687362582,-34.96438847215023],[138.51012268831153,-34.964302446600584],[138.51200867186276,-34.96418741431768],[138.51256764817845,-34.964154410097876],[138.51387161568255,-34.96407539656224],[138.5166155839421,-34.96392334458665],[138.51661756784654,-34.963845349083556],[138.51664857557137,-34.96336335023835],[138.51672755223478,-34.96317335496633],[138.51679155158888,-34.96301734417506],[138.51688156832972,-34.96280035755041],[138.51660444763718,-34.9617749217752],[138.51635494422533,-34.961325537743335],[138.51632300840015,-34.96126800271611],[138.51803001607243,-34.96097899568406],[138.51920678436568,-34.96095574191389],[138.5203609922661,-34.96089800274058],[138.52076847958176,-34.9607843023536],[138.52731929604874,-34.9582642131229],[138.5304502398867,-34.95706117743134],[138.53601110422915,-34.95493709926768],[138.53622512039306,-34.954918081304356],[138.53849804804656,-34.95479006191181],[138.54221100793177,-34.954585007492085],[138.54240697560147,-34.954557997253744],[138.5425349761083,-34.95450099912176],[138.54268998415546,-34.954419007031504],[138.54282000004298,-34.954328005533],[138.5429159999735,-34.95422299979157],[138.54301097557618,-34.95407300186747],[138.54305897599102,-34.953968994373554],[138.5431000003648,-34.95377100772578],[138.54310697640585,-34.95363399691138],[138.5430969597569,-34.953079995645226],[138.54309094419182,-34.952999002701745],[138.54284489597524,-34.94947497419065],[138.54284089579073,-34.9492389884885],[138.54288489602118,-34.94908799141763],[138.5429658880654,-34.94894498662177],[138.54315887987843,-34.94877097589978],[138.54344486428909,-34.94854497986688],[138.54359884800851,-34.948430982703655],[138.54374387178234,-34.948342977746165],[138.5438738561936,-34.94826296506375],[138.54402886424077,-34.94812095941472],[138.54407484837566,-34.948082960360296],[138.54429484772913,-34.947970961490626],[138.5443598399347,-34.947878960845344],[138.54445382358517,-34.94776496368206],[138.54446784041852,-34.947702970715454],[138.54446784041852,-34.94731596905666],[138.54443081622924,-34.947119961816725],[138.54440784034966,-34.946874965806956],[138.54438883227886,-34.94676296693734],[138.54438883227886,-34.94662897154973],[138.54440883230188,-34.946425971181554],[138.54440879992626,-34.94615296668604],[138.54439478399217,-34.94609596765474],[138.5443678079281,-34.94601096013764],[138.54436879988032,-34.94598796537224],[138.54433680020327,-34.94556396380585],[138.54426476810465,-34.944308941904126],[138.544219775922,-34.94364094437407],[138.54422576001093,-34.94343594571228],[138.54422976019532,-34.94328095205424],[138.54429875168614,-34.943164938611005],[138.544400768081,-34.943049943200265],[138.5445237440756,-34.94298994762795],[138.54464473616565,-34.94295594426137],[138.5454457281379,-34.9429089357987],[138.54614671999525,-34.942895930702605],[138.5465736956196,-34.942868920464264],[138.54670668826316,-34.942843908519535],[138.54696268837745,-34.94269590888905],[138.54700870398858,-34.94262490561488],[138.54702169559482,-34.9425439126714],[138.5469757123593,-34.94189391507206],[138.54691567991472,-34.94098190179329],[138.54690665611736,-34.94090990027166],[138.54685267161358,-34.94012490813793],[138.54681264009128,-34.9396549152421],[138.5468136320435,-34.939591904242945],[138.54688463981438,-34.93941291667272],[138.54696463990626,-34.93933390313708],[138.5472986238325,-34.93912389165422],[138.54740064022747,-34.93899988593597],[138.54743961594556,-34.93882089836575],[138.54740060785184,-34.938269894539985],[138.54739360033443,-34.93814289228061],[138.54734659187181,-34.937520885180675],[138.5472785599576,-34.93635588451639],[138.54727900782007,-34.936355865630674],[138.55276099172647,-34.936063991559934],[138.55276448019663,-34.93613480957379],[138.56178300757983,-34.93566600108505],[138.5618145027372,-34.93606522363115],[138.5618606091798,-34.93606034660769],[138.5618747267373,-34.93605885283375],[138.56190545567233,-34.93605734557002],[138.56219741337998,-34.93604302476575],[138.56281695094162,-34.93601963070137],[138.56281699860563,-34.93601962890273],[138.56338200127846,-34.935996905732566],[138.5633921141548,-34.93599779786001],[138.5639067709808,-34.93582349395905],[138.56404615510598,-34.93577611677432],[138.56468248750684,-34.93576247765617],[138.56523570096692,-34.935744088318984],[138.565473683164,-34.93588441493375],[138.56726279084523,-34.93576321959688],[138.56806725869706,-34.93570542196761],[138.5692480784361,-34.93566408732772],[138.56989349578828,-34.93563403828023],[138.5706048721172,-34.935610306070714],[138.57061051806102,-34.935610118112436]]]},"properties":{"School_Name":"Plympton International College","ENTITY_CODE":907,"zoneType":"secondary"}},{"type":"Feature","geometry":{"type":"Polygon","coordinates":[[[138.50912108816772,-34.82199526656825],[138.50911299157133,-34.822004998132115],[138.49968899225325,-34.8232980002025],[138.4995661115869,-34.82260014338186],[138.49968652811083,-34.82237864216057],[138.4998910402394,-34.82196165260814],[138.49995299183718,-34.821828008855505],[138.50016006433555,-34.82152240663373],[138.5002300801541,-34.821401158236824],[138.50029545637028,-34.82134045939466],[138.50078627216874,-34.82077665371958],[138.50082704023578,-34.820715122105184],[138.50104803244085,-34.820331136772495],[138.5007440319116,-34.82066513508789],[138.4998750718771,-34.82133814723767],[138.4994071042545,-34.82170015493813],[138.49903209595448,-34.82199116026379],[138.49819913578153,-34.82264618956992],[138.49732044778045,-34.8218796973901],[138.49502499210973,-34.81986499207568],[138.49417817608207,-34.820525238349035],[138.49250719974748,-34.82181627989735],[138.4923382396181,-34.82197528722969],[138.49219123193984,-34.82214430311706],[138.4920552319635,-34.82232129239367],[138.49201321563748,-34.82238230509927],[138.49198521614483,-34.82242430074086],[138.49174723214912,-34.8223332992423],[138.4921872002791,-34.821498301205565],[138.4891932159942,-34.82035233739043],[138.48839321597416,-34.82004634756083],[138.48850223988654,-34.81979635671644],[138.488892192221,-34.818839333268556],[138.48897519964578,-34.81862432605175],[138.48904819222037,-34.81836532669843],[138.48906720029117,-34.81831134309397],[138.4892632003365,-34.817756343580356],[138.48931216032804,-34.81759533795446],[138.48971014360825,-34.81601630740664],[138.48989513595188,-34.8150103140747],[138.48990614365368,-34.81494832110809],[138.48993609557442,-34.81467831315359],[138.49012009596572,-34.8133033010065],[138.49019907172988,-34.812511297758135],[138.49020307191427,-34.81236929120979],[138.49024604781687,-34.81096129372867],[138.490186047748,-34.81006829841317],[138.4901889921283,-34.80960829608597],[138.4901140156494,-34.80883129622731],[138.4900889920134,-34.80821829853562],[138.49002297637935,-34.80750429079035],[138.48998496023773,-34.80660230495238],[138.48980294375087,-34.8053722958947],[138.48975395228308,-34.80485729282975],[138.48967190443489,-34.80323327009927],[138.48957187194435,-34.80183428112713],[138.4894783676326,-34.80101327024619],[138.48946886359727,-34.80093027900915],[138.48938483184463,-34.80045127670502],[138.4892198404234,-34.799771272326325],[138.4891548482177,-34.799373281851445],[138.48902684771087,-34.798919273505646],[138.4888968003471,-34.7985332898794],[138.48859279981787,-34.797743302911044],[138.48853481602896,-34.797480306071236],[138.4883838081663,-34.79705328907801],[138.4883118084433,-34.79691629714932],[138.48828019187738,-34.79685661633971],[138.4881047997967,-34.79652529980268],[138.48803379202593,-34.796343296805674],[138.48758681637855,-34.796306314884475],[138.48707382419764,-34.79628731580692],[138.48671481573626,-34.79624334075754],[138.4847588478426,-34.796230372533614],[138.48461785572954,-34.79620036575426],[138.48379888001432,-34.79618338205739],[138.48352588810928,-34.796186398383554],[138.48335987236032,-34.79622839312577],[138.4831448642442,-34.79613339593942],[138.48234086403966,-34.79596441692428],[138.48223286355585,-34.79594340066734],[138.4818868799756,-34.79582842324311],[138.4817998723663,-34.79579042418868],[138.48178886376513,-34.79579042418868],[138.48174588786253,-34.79577142421181],[138.48168089565684,-34.795751425987476],[138.48167187185948,-34.79570643380481],[138.48168287956128,-34.79569842354334],[138.48168387241287,-34.79565343136073],[138.4816958720669,-34.79563543142996],[138.48205686443282,-34.79513441372217],[138.48236883205607,-34.79470240189431],[138.4824038399653,-34.79462240809761],[138.48302585605848,-34.79392238660881],[138.4832887998383,-34.793567390022986],[138.48336982425803,-34.79339839212207],[138.48355081641716,-34.79321239343716],[138.48401779208746,-34.79257336666751],[138.4841227843391,-34.792368368005725],[138.48425779236334,-34.79222638034315],[138.48446374430637,-34.79193337762325],[138.4846097600324,-34.79178336081338],[138.4846477437984,-34.791731357516085],[138.4852597117664,-34.79089536123189],[138.48539571174274,-34.79074434527524],[138.48545372790727,-34.79061934130954],[138.48543571178868,-34.79050232871947],[138.48540470406385,-34.790456337390026],[138.48538131179816,-34.79043604328871],[138.4851917122278,-34.79027135583834],[138.48472572761034,-34.789766361328475],[138.48424172777356,-34.78915236538933],[138.4839147198885,-34.78878436280803],[138.48366470386304,-34.78838337579214],[138.48351769618478,-34.788190365093214],[138.48317868774632,-34.787823399430295],[138.48249468767972,-34.78697939198531],[138.48210067220828,-34.786628409973105],[138.48156169591562,-34.7860314148179],[138.48114668756966,-34.785644413159105],[138.48082969633344,-34.78531343027055],[138.48066969614968,-34.78518343057084],[138.48030969573597,-34.78478841865058],[138.48004268791976,-34.78458443712202],[138.4798836796881,-34.78442844521652],[138.47974467237884,-34.78432643691548],[138.4793296964084,-34.78397545490327],[138.479211680175,-34.78390043705548],[138.47883468797056,-34.78370346754093],[138.47874969574195,-34.783647467656465],[138.47856867210658,-34.78347245778764],[138.478465696135,-34.7832814642681],[138.47833769562817,-34.783161473123414],[138.47829468824932,-34.783142455160146],[138.478098688204,-34.78313845857298],[138.47805567992577,-34.783119459495424],[138.47798768038717,-34.782935458204804],[138.47841068820276,-34.78257646593113],[138.4786356482167,-34.78234747335716],[138.47883766382722,-34.782189464272335],[138.47893964784657,-34.782046440590705],[138.4791546559627,-34.781835448846834],[138.47978761590582,-34.78112743508302],[138.47999260827237,-34.780860424568914],[138.48025657637993,-34.780451426392176],[138.48061158375765,-34.7800254274315],[138.48065222412094,-34.779976660794205],[138.4807215681459,-34.779893410552404],[138.48094956786838,-34.779582407901785],[138.48096156842166,-34.77953741571912],[138.48085356793786,-34.779490407256446],[138.48131452804307,-34.77883241738209],[138.48486236790404,-34.77375932912969],[138.48705625594152,-34.77130728350431],[138.4872372795769,-34.771103283989305],[138.4873152642881,-34.77106027121448],[138.4875822721042,-34.770894270753956],[138.4876102401206,-34.77061527227693],[138.48761324835277,-34.77058828092436],[138.48801622376982,-34.77033725406096],[138.48946819180367,-34.76953324486334],[138.49045916825605,-34.76896122478064],[138.49093715162826,-34.768683206564674],[138.49161814436195,-34.76821018025555],[138.4922971199162,-34.767800182932035],[138.4930560640862,-34.767248161073724],[138.49337907178676,-34.76704715899916],[138.4943170556876,-34.76639015028519],[138.4948850243245,-34.766023128864276],[138.4952330241848,-34.765724131263596],[138.4960129918062,-34.765199119643626],[138.49637996826095,-34.76500009697685],[138.4964259838721,-34.76493708597769],[138.4964159681225,-34.76488310327255],[138.49628899194352,-34.764736101889525],[138.4962689919205,-34.76470010112871],[138.4962929921279,-34.764637090129554],[138.49631494367975,-34.76461109792376],[138.4965349439326,-34.764561092020756],[138.49689894363144,-34.76446010085294],[138.49741593599674,-34.76432706684062],[138.49850790361688,-34.76399806335991],[138.49980687988364,-34.76365503585117],[138.50014889565512,-34.76355402579759],[138.50059884805842,-34.763473014867714],[138.5007968643838,-34.76342302785042],[138.50108585612747,-34.763408005574945],[138.5012888636902,-34.76339699787309],[138.50133286392065,-34.76338900559807],[138.501354847848,-34.763386009057],[138.502058815562,-34.763304997227806],[138.50346281555653,-34.763107990841036],[138.50460079968718,-34.763059965245134],[138.50482979226115,-34.76305497041051],[138.50529680030718,-34.76315494444509],[138.50560079993704,-34.763214939118086],[138.50697174355116,-34.763387932706905],[138.50699375985425,-34.763387932706905],[138.50704575955422,-34.76345192486639],[138.50705574382755,-34.76349793418228],[138.50704975973872,-34.76368693030753],[138.50710176033806,-34.76379593173681],[138.50721974419594,-34.76385293076811],[138.50741574424126,-34.76389292721677],[138.50743676769275,-34.76390191863857],[138.5077077442171,-34.76398890556351],[138.50808675180224,-34.764077908768456],[138.50993775981988,-34.76465588596034],[138.5110107202686,-34.764948870693786],[138.5112247364325,-34.76507087811848],[138.51127673613257,-34.76515287020874],[138.5115727362928,-34.76549186425808],[138.5116257279451,-34.76554786324323],[138.51170172785248,-34.76556684433433],[138.51201673608352,-34.765609857109155],[138.51219071982587,-34.765666855241136],[138.51225971221606,-34.76590785466374],[138.51236172771166,-34.76584284627029],[138.5124057279421,-34.76582584458703],[138.51248371175393,-34.765827860867034],[138.51265871982412,-34.76590485812267],[138.5128107196391,-34.76599885616224],[138.51329072019064,-34.7662548409881],[138.51340972837636,-34.76633883137191],[138.51356073623901,-34.766486831002396],[138.51368073637695,-34.76656282911125],[138.51373471998136,-34.766626839257185],[138.5137637123255,-34.766753841516504],[138.51373471998136,-34.766987829824416],[138.5136517440328,-34.76719282758688],[138.5136507520806,-34.7672388378021],[138.51369974444776,-34.76741984165233],[138.51369475231104,-34.76758182753929],[138.51370476806062,-34.76760883777757],[138.51377875168805,-34.76771883835369],[138.513990751572,-34.767903838791085],[138.51426675170933,-34.76818883124952],[138.5143077437075,-34.76827084132623],[138.5143357440994,-34.768424835837436],[138.51442976012538,-34.768570837174366],[138.51449276842663,-34.76866183867287],[138.51468374395972,-34.76884582107772],[138.51496675161434,-34.76924882527305],[138.51499574395848,-34.769384818954165],[138.51501779173782,-34.769735819852144],[138.51502678405893,-34.769799811112364],[138.51506880038494,-34.76987281178077],[138.51529078364285,-34.77009381297904],[138.51533279996886,-34.770166813647506],[138.51531779208256,-34.77028380825112],[138.5152847995539,-34.77031880986516],[138.51517577564164,-34.77031681157155],[138.5151637759875,-34.77032582187911],[138.5152208001998,-34.770623819433695],[138.51523078357388,-34.770641820263734],[138.51531680013034,-34.770688809840635],[138.51533779210547,-34.77073481915653],[138.515353791944,-34.77092381528183],[138.51535279999177,-34.77096982459767],[138.51540879987624,-34.77128582388161],[138.51557683190538,-34.77147881569476],[138.5157388159936,-34.7715718145875],[138.5157478083148,-34.771607816247695],[138.5157818242718,-34.77194281370981],[138.51572083225062,-34.77214881151838],[138.515581824042,-34.772424812555016],[138.5155288323898,-34.77273981269218],[138.51546182390416,-34.77277381515938],[138.51547081622527,-34.77282881589707],[138.51551385597975,-34.77288381663476],[138.51551984006858,-34.7730278205774],[138.51548086435048,-34.77324380805527],[138.51544886377405,-34.77357680812315],[138.5153748477711,-34.77387280828344],[138.51519087975532,-34.77415681958149],[138.5150108804478,-34.77433382774393],[138.51497388773475,-34.77447783168657],[138.5148158723547,-34.77465483984895],[138.5148378877584,-34.77499782958614],[138.51490588819627,-34.77530483744823],[138.51478892776686,-34.77553682746259],[138.51476390413097,-34.77563583922256],[138.5147109115794,-34.77595883073542],[138.51448592008921,-34.776531831079126],[138.51448195228033,-34.77666682561346],[138.51454793643813,-34.7770288342133],[138.51454393625374,-34.77714582791759],[138.5143339517506,-34.77759284313515],[138.51402198412734,-34.778153856415315],[138.51396899157578,-34.77847784617563],[138.5137269759192,-34.778886844352314],[138.51367702397556,-34.77910285071596],[138.51363302374511,-34.779128861807465],[138.5136110083414,-34.77912786266069],[138.513549024368,-34.778991850093746],[138.51351702379168,-34.77899085184629],[138.51342102386127,-34.77926885117648],[138.51318303986545,-34.78026385479302],[138.5131700482592,-34.780353857144746],[138.51322905637596,-34.78055386097185],[138.5133220480741,-34.78073584508314],[138.51334003181705,-34.78085285767321],[138.5133120323245,-34.78105985462855],[138.51318303986545,-34.78136386505031],[138.51296108808378,-34.78222487327923],[138.51251811172153,-34.78314487883307],[138.51245711970034,-34.783340867187235],[138.5124000963874,-34.78379987126698],[138.5122911363269,-34.784130873041306],[138.5121881279798,-34.78467889831245],[138.51214816030938,-34.785281887449116],[138.51214918373785,-34.78558889531121],[138.51203417573663,-34.7857758931429],[138.5120111683808,-34.785837886109505],[138.51197017638265,-34.786089893233964],[138.51184415978025,-34.78628588248745],[138.5118421758758,-34.786348893486604],[138.51193920013407,-34.78675589336973],[138.51194419227068,-34.78697289888015],[138.5118412162991,-34.78710589512093],[138.51183519983465,-34.78732188259875],[138.5116991998583,-34.78749089848611],[138.51172121616128,-34.78782489770083],[138.51158524766106,-34.7879838861474],[138.51152822434813,-34.78809089018239],[138.51140924763877,-34.78876488259323],[138.5110692796236,-34.78954190133766],[138.51100927955463,-34.789702906064235],[138.510929280362,-34.78982791092932],[138.5108932796012,-34.7899529157944],[138.51081328040868,-34.790050910421144],[138.5108012798553,-34.79008691118196],[138.5107872962967,-34.790176913533685],[138.51075430376818,-34.79054591436244],[138.51058428783472,-34.790775906083184],[138.510579295698,-34.79093891000264],[138.51060931236998,-34.79110091477537],[138.51061628841103,-34.79113791468296],[138.5106893115625,-34.79124691611224],[138.5107442880185,-34.79125790582765],[138.51041833593752,-34.792656930772694],[138.51041737636092,-34.793026930748226],[138.51015139197318,-34.794246932150145],[138.51006639974457,-34.79453392290219],[138.50983241593326,-34.79541293106189],[138.50969744028475,-34.7958879187924],[138.50967344007722,-34.795985932304916],[138.50964841644134,-34.79609393458736],[138.50964742358974,-34.79611193541746],[138.50974543980033,-34.79613193364179],[138.50975542407366,-34.79615892589368],[138.5097194242121,-34.79625791876788],[138.50970841561093,-34.796265929928666],[138.50968643168358,-34.796265929928666],[138.50961043177608,-34.79625492222681],[138.50948041588856,-34.79622593258068],[138.5094664323301,-34.796323945193876],[138.50943747236147,-34.796909951532996],[138.50943545608152,-34.796981953054626],[138.50944646378332,-34.79699094447648],[138.50955545621935,-34.796984931609245],[138.50958246375978,-34.79683191825836],[138.50965846366728,-34.79683293629091],[138.50968044759463,-34.796824925130124],[138.5096794556424,-34.796851935368466],[138.50966646403617,-34.79695092914204],[138.50965145614987,-34.79705893232381],[138.50954246371384,-34.79706494429172],[138.50942147162368,-34.79707193741996],[138.50939350360738,-34.798026944587775],[138.50955644817157,-34.798047941958885],[138.50958947217646,-34.798057950513964],[138.5096104641517,-34.798057950513964],[138.5096394879721,-34.79818795021367],[138.5097384961348,-34.79853893222588],[138.51022751958442,-34.80024692555514],[138.51017151969995,-34.80032592110433],[138.51005651169874,-34.80048694471668],[138.51004553637244,-34.80048694471668],[138.5100365116757,-34.80050094985893],[138.51019353600293,-34.801003946075184],[138.5102885116056,-34.80113194748134],[138.51028652770117,-34.801176939664],[138.51026451229745,-34.80119493959472],[138.51018851238996,-34.80119294220049],[138.5101015362569,-34.801145951724266],[138.5096115199558,-34.800720951910364],[138.50958051223097,-34.80067594084193],[138.50949151981786,-34.80038595354887],[138.5094735360749,-34.800240950459454],[138.50944051207,-34.800239951312676],[138.50941651186258,-34.80030294432538],[138.5095245123464,-34.800719952763586],[138.50959753639722,-34.800829953339644],[138.5103105279086,-34.801483946626774],[138.51040451155905,-34.80160292063823],[138.51042252767752,-34.80176594254419],[138.51048153579427,-34.80198294715524],[138.51056355216622,-34.802146931335756],[138.51065555191224,-34.802347934309694],[138.51078556779976,-34.8027559333396],[138.51091254397875,-34.803271934652],[138.51097356837556,-34.803777928308705],[138.51106556812158,-34.80399693121336],[138.5112345597272,-34.804188924779],[138.51138057635262,-34.80440892683049],[138.51140659194073,-34.80463392371655],[138.51145657626,-34.80477992505348],[138.5114705921941,-34.80506493639763],[138.5114775997115,-34.80520392661987],[138.51151859170966,-34.80526791877941],[138.51162659219358,-34.805323936650325],[138.51165859187063,-34.80535192714967],[138.51167958384576,-34.80536093655792],[138.51173059159362,-34.805506919908396],[138.5117295996414,-34.80551592931664],[138.51177859200845,-34.80571493399697],[138.51187657584342,-34.806086932266055],[138.51190259233078,-34.80630291974393],[138.51191257570486,-34.8063579195823],[138.51190761594376,-34.80652893376322],[138.51191161612826,-34.806754929796114],[138.51195961564383,-34.80695393447644],[138.51208163206172,-34.80727193115467],[138.5121236160121,-34.80767793189102],[138.51212060777993,-34.80780493415034],[138.51208163206172,-34.80800192255066],[138.5119386560442,-34.80837795337982],[138.51192566443797,-34.80844893776822],[138.51188063987968,-34.808862949665354],[138.51194569593713,-34.80996394018365],[138.5119486717938,-34.810234946385606],[138.51192467158637,-34.81065794880527],[138.5119216957297,-34.81076595198704],[138.51192767981865,-34.81129793784953],[138.51182972835932,-34.812025949837675],[138.5119357116638,-34.81213694956051],[138.51185772785198,-34.812188953757186],[138.51174470375508,-34.81231294058972],[138.51163871955134,-34.812535939182226],[138.51162371166504,-34.812679943124806],[138.5117587520648,-34.813268946904316],[138.51176176029708,-34.813547963367796],[138.5116687362232,-34.81374496975451],[138.51162675227283,-34.81404996133659],[138.51181875213376,-34.81455897042008],[138.51182377574673,-34.81475795621469],[138.5117987835871,-34.81486496024968],[138.511806783956,-34.81496497115643],[138.51176377567776,-34.815305962600064],[138.51178678393296,-34.815639961814725],[138.51165881580175,-34.81625096121286],[138.511641824011,-34.81644896674635],[138.51153980761615,-34.81691496305507],[138.51160880000623,-34.81709496865784],[138.51158681607876,-34.81709496865784],[138.51167180830737,-34.817260969118365],[138.51153583980727,-34.81808096286608],[138.51145184043014,-34.81832298032123],[138.51122284785617,-34.81861698218796],[138.51087110411822,-34.81914700662901],[138.51058188844343,-34.81948198610473],[138.51045523242306,-34.81976154036278],[138.51013289561672,-34.820486999175614],[138.50978889594091,-34.82099900480017],[138.5096655997877,-34.82124113287193],[138.50956793611147,-34.82143599347626],[138.50940793592758,-34.82165002043206],[138.50912108816772,-34.82199526656825]]]},"properties":{"School_Name":"Ocean View P-12 College","ENTITY_CODE":908,"zoneType":"secondary"}},{"type":"Feature","geometry":{"type":"Polygon","coordinates":[[[138.59374758408376,-35.12280970730211],[138.59545395233806,-35.14274071900894],[138.59545695967097,-35.142735724174315],[138.5956670080261,-35.14505571694775],[138.59568201591242,-35.14521772082111],[138.60046003210482,-35.14853667692603],[138.601361024192,-35.149162642841645],[138.60242601574805,-35.14990262390694],[138.6026030400983,-35.15002563047841],[138.60283200029664,-35.14998463488297],[138.60285568034544,-35.149966042298956],[138.6029219837626,-35.150013623629775],[138.60303900804388,-35.15009763289942],[138.60403299182917,-35.15081162175892],[138.6059110082865,-35.15215958679545],[138.60758800018607,-35.15336356677517],[138.60889699220252,-35.15430255342005],[138.610015040162,-35.1551055454845],[138.61043801560197,-35.155408538772974],[138.61148902359957,-35.156163523227974],[138.61208304020022,-35.15658952308797],[138.6123150401071,-35.156755523548554],[138.61345503961843,-35.15757450016304],[138.61356943967792,-35.157660802703845],[138.61269401621598,-35.15770351870236],[138.610471104358,-35.15982054797985],[138.6084481918307,-35.16171457776551],[138.60283132760378,-35.164257643775215],[138.60142633565692,-35.16567768497714],[138.6013613443506,-35.16574269426991],[138.60100838382994,-35.16609968824997],[138.59992041639418,-35.16646571142343],[138.5989624000947,-35.16708272278936],[138.59848944033547,-35.16712973125203],[138.5975694401776,-35.16705874686363],[138.59736345585884,-35.167680735077795],[138.59655849607782,-35.16890476993916],[138.59616851226713,-35.16954875467127],[138.59552556805056,-35.171505776570314],[138.59574761605973,-35.1740677867989],[138.59582563224717,-35.17496577694902],[138.59761769599993,-35.17910176623349],[138.59855273641972,-35.1812587362017],[138.59736377601746,-35.18243476255418],[138.59652979241605,-35.18303878770985],[138.59537286406646,-35.18558079881478],[138.59404294392675,-35.188502818450274],[138.5945069437405,-35.18976881028232],[138.5940869441572,-35.1897788188374],[138.59277999989718,-35.19025182716007],[138.59194102415904,-35.190502853124144],[138.5913800315633,-35.1905378556375],[138.58688022424303,-35.196170920251745],[138.58841417627332,-35.19609090756927],[138.59321811182645,-35.19583684729264],[138.59338816013553,-35.19803684892139],[138.59342713585374,-35.1985398451377],[138.59402931200316,-35.20632784635296],[138.59469148822166,-35.21501786937915],[138.5963898875833,-35.2351888633753],[138.6003428801199,-35.2376008379083],[138.60254851240404,-35.23854565126078],[138.60636332770548,-35.239811884111134],[138.60731980796288,-35.24005473343914],[138.6095558076545,-35.24109472923834],[138.6104888317942,-35.24212569764279],[138.6106678400488,-35.24250370787979],[138.6132148163108,-35.243512660880526],[138.6154677763169,-35.243675645914266],[138.61631395202733,-35.24357358185529],[138.61868576013978,-35.244395591883006],[138.62241475223914,-35.246363566625234],[138.62120079967724,-35.246707574394975],[138.61945580823897,-35.247940598879495],[138.61925484843255,-35.24854258886933],[138.61772604771897,-35.2531254827548],[138.61513027244416,-35.257455389254744],[138.61352425593975,-35.25744641671872],[138.61327129643325,-35.257788408208455],[138.61194636843027,-35.25893339176258],[138.61168742393556,-35.260504356290994],[138.61168643198334,-35.26051334681347],[138.61156745617325,-35.26116334441275],[138.61053248038968,-35.26166733977584],[138.60729065643875,-35.26440730065633],[138.60564268835947,-35.26499732156907],[138.60508272009156,-35.26552329456433],[138.6050317123437,-35.265594297838504],[138.6018138877008,-35.268640267434364],[138.60136390382115,-35.26887926856335],[138.60006092826927,-35.269569263510675],[138.5990430719803,-35.271852200618525],[138.5976731203183,-35.27302519265845],[138.59738713590764,-35.27327318520929],[138.59270435162455,-35.27727014739935],[138.59263036799712,-35.27733415754528],[138.59216137604676,-35.27773314716694],[138.58984553634252,-35.281835059340494],[138.58899859171174,-35.28237905205157],[138.58762963200195,-35.282857073195316],[138.58600169632132,-35.28452804863048],[138.58220902412722,-35.2910979352215],[138.582166015849,-35.29112492657407],[138.57971507189313,-35.291807947278926],[138.5775051516415,-35.293112955298625],[138.5767391999542,-35.293561950823346],[138.5702934395906,-35.29852292869015],[138.57026544009807,-35.29854490722164],[138.56864150370245,-35.29979391625619],[138.56707152033448,-35.299630949208904],[138.56598252767162,-35.29958096219161],[138.5648115842872,-35.299791991707025],[138.56478556779973,-35.29982497794032],[138.56432857640277,-35.30039296456363],[138.56378470420077,-35.30295190270812],[138.5598217921421,-35.30466992437749],[138.55689289629015,-35.30634293407911],[138.55685087996426,-35.30663491966578],[138.55663295984334,-35.30817189971333],[138.55322006415474,-35.30962490826289],[138.55195708774943,-35.3101679207129],[138.55011711980933,-35.31043095352567],[138.54931715216492,-35.31073894164882],[138.5479902402575,-35.313056917242875],[138.5473915202026,-35.3141096789185],[138.54724313566226,-35.31422498909194],[138.54687577609627,-35.31423651480327],[138.54511657626904,-35.314075101784454],[138.5435622716816,-35.3145305346564],[138.54187372799026,-35.315222323751186],[138.54012137560107,-35.31461100959035],[138.53668841603758,-35.314274069592614],[138.53352441581922,-35.31359715438515],[138.53132950435315,-35.315203158299084],[138.5311135042848,-35.31535515361742],[138.5308205438331,-35.3156651589199],[138.53017955204473,-35.316544130207376],[138.52909359998966,-35.317521133893194],[138.52754364812097,-35.31841812489648],[138.52680268769393,-35.31912813605459],[138.52335782380464,-35.3212741549782],[138.52224281555357,-35.32178314517597],[138.521160863683,-35.32212015981747],[138.51889388774282,-35.3225001872338],[138.5164619203814,-35.32282221647205],[138.5156649600699,-35.32300523660234],[138.51464899235714,-35.3232482343185],[138.51354499180798,-35.323502257722964],[138.51271001625435,-35.32380428873688],[138.51243062747153,-35.32443257040677],[138.5123828276055,-35.3243875827207],[138.51138455225532,-35.32344802950291],[138.5105283877749,-35.32264222795641],[138.50981321360894,-35.32189454599643],[138.50816659811005,-35.320173084420276],[138.50677284589017,-35.318886686071664],[138.50540248413745,-35.31740369682308],[138.5053881579372,-35.31738819341035],[138.50404154278306,-35.3163829905825],[138.50051360941563,-35.31103418817719],[138.49910707782942,-35.31166159750467],[138.4989235486829,-35.30660155391854],[138.49884379140792,-35.305750809652125],[138.49867050014348,-35.30390237639352],[138.4979962397348,-35.2961075295388],[138.4976055148827,-35.29070177216903],[138.49707596348503,-35.28229513900942],[138.49510399665223,-35.248787431095025],[138.4945013258756,-35.244689271792424],[138.49427026665956,-35.24302382448985],[138.49426963173823,-35.24301924783998],[138.49419893333413,-35.242037612645674],[138.494193504127,-35.241962231471746],[138.4941814792919,-35.24180879543951],[138.4938684162944,-35.237814217352195],[138.49346732765514,-35.23253021020099],[138.49291318429607,-35.22535320928313],[138.4929014112712,-35.22516022466459],[138.49285516813154,-35.22440219780316],[138.49283505119672,-35.22415262784148],[138.492721119684,-35.22273919575724],[138.49263712030688,-35.222070199080406],[138.49263633250087,-35.22201274229417],[138.49262908756236,-35.221484211627],[138.49243314777164,-35.21890184794188],[138.4924250556719,-35.218795199139095],[138.49229004764766,-35.217743197390575],[138.49199061657373,-35.21683612948374],[138.49198800044587,-35.21682820555719],[138.4917308483001,-35.21646162840136],[138.49127695956406,-35.215750913074146],[138.4908041922597,-35.21507109395577],[138.4903795090072,-35.2141056501556],[138.49036921626634,-35.21408225069524],[138.49008553591887,-35.213247900170416],[138.49000988764624,-35.2121045084163],[138.490199007878,-35.2109765634176],[138.49086092778964,-35.20734540136914],[138.49110675207498,-35.205923806138685],[138.49128876766258,-35.20510418201235],[138.49131478415006,-35.204378556824906],[138.4910796797834,-35.20118517935248],[138.51028000042174,-35.20019600244353],[138.51013001958484,-35.198063672100716],[138.51012940804583,-35.19805497925387],[138.5102128957086,-35.197722385679526],[138.5104007676814,-35.197381264733565],[138.51068252797631,-35.19708276715596],[138.51128668803028,-35.196480610791525],[138.512051392358,-35.195864912435695],[138.51218037222645,-35.19576277912893],[138.51265487971898,-35.19538703878078],[138.51294723222907,-35.195146816372414],[138.51362556836534,-35.19493360330313],[138.51396998442726,-35.194882432778],[138.5161830082393,-35.194741018882894],[138.51434300792357,-35.17104200068775],[138.51808316780398,-35.168313639262976],[138.52006710371393,-35.16659828228484],[138.52092335992518,-35.16576628168849],[138.5221420159413,-35.16432799863816],[138.52315299241673,-35.164141000806524],[138.52655199987498,-35.16432600124392],[138.5313390083886,-35.160290003980435],[138.53192486364162,-35.160011634129546],[138.53269801620058,-35.15985399556541],[138.53536799993333,-35.158725995708096],[138.54033100757,-35.15824199856934],[138.54490601619977,-35.15660199218814],[138.5451660155992,-35.156580994817034],[138.54841001590955,-35.15459699865255],[138.54997801627246,-35.15410299385803],[138.55275699244135,-35.153900991737316],[138.5552470083428,-35.15273800825241],[138.55827999982216,-35.15255700440218],[138.55898601619174,-35.15220700265098],[138.56091094398494,-35.15241161280562],[138.5641329918442,-35.15222800002215],[138.56424899179763,-35.152151002766516],[138.566139007909,-35.1516609936599],[138.57232201604825,-35.15078400088089],[138.5731337279393,-35.150132097618155],[138.57381983961398,-35.149427710820135],[138.57437420780354,-35.148701492979455],[138.57474601631566,-35.14825000093674],[138.57623999977625,-35.14674900276424],[138.57658601573212,-35.146456999191116],[138.5765550080073,-35.146089995756654],[138.5771440000956,-35.14605199670223],[138.5827559998895,-35.14319400609844],[138.58726899217027,-35.14004700756328],[138.58688479999364,-35.13588474818255],[138.58676700769126,-35.13441499785381],[138.58562399994776,-35.132357001874084],[138.5863520002447,-35.12751899280721],[138.58681299182615,-35.126110995326144],[138.58723299230883,-35.12528199127081],[138.58675801626953,-35.12329699685887],[138.58679020840145,-35.12329475844632],[138.59374758408376,-35.12280970730211]]]},"properties":{"School_Name":"Willunga High School","ENTITY_CODE":909,"zoneType":"secondary"}},{"type":"Feature","geometry":{"type":"Polygon","coordinates":[[[138.6742747021159,-34.69561205375322],[138.67433888043502,-34.69564006313834],[138.6743715842813,-34.69559422019705],[138.6745593924021,-34.69533103989551],[138.67471427184626,-34.69511392376853],[138.67553776035936,-34.69551529929157],[138.67563174400982,-34.69538529959186],[138.67563162619865,-34.6953834604783],[138.6756249918999,-34.6952799979735],[138.67708800001128,-34.693260001947465],[138.67719001640614,-34.69316500386179],[138.67733100761996,-34.69310199286264],[138.67785929636955,-34.69298457377903],[138.67836700773125,-34.69284199436248],[138.67855001617033,-34.69282700895923],[138.6787293760599,-34.69287055773003],[138.68136361623795,-34.69401720682856],[138.68167160885776,-34.6935377242865],[138.68187545638727,-34.69322037422086],[138.68196659188482,-34.69326018630852],[138.68283855475556,-34.69363556872645],[138.68329059178745,-34.693830171225386],[138.68336659709087,-34.693863119687194],[138.68349360024956,-34.69391817618282],[138.68371937414986,-34.69401557186109],[138.68379958378387,-34.69405017327682],[138.68391965766614,-34.6941021666816],[138.6840235842211,-34.694147168756786],[138.6840507545387,-34.69415884825219],[138.68424457642618,-34.69424216684246],[138.68443362201413,-34.69432438646123],[138.68446755163632,-34.69433914343665],[138.6847565757554,-34.69446414830173],[138.68502457642307,-34.694579143712474],[138.68594457568167,-34.694977134187354],[138.6859473303051,-34.694978242152104],[138.68620192927563,-34.69508065784606],[138.68629235161075,-34.69511703182553],[138.68349795206893,-34.69958674243418],[138.68450969566595,-34.70005116672792],[138.68456140758292,-34.70007332962041],[138.68714569581732,-34.701174134878386],[138.6877426558989,-34.701440128259264],[138.68848166389773,-34.70178911197792],[138.68928886389006,-34.70213783669175],[138.68962966377808,-34.701633101186644],[138.6900196161124,-34.70105710430187],[138.6900916158355,-34.700938093418245],[138.6902096320689,-34.700744102458316],[138.69060758387297,-34.700127072206556],[138.69095158444816,-34.69954607958783],[138.69185356758817,-34.69993006581984],[138.6926535676081,-34.70027505385059],[138.69303055981254,-34.70044003627862],[138.69323756755978,-34.700531037777125],[138.6935445763212,-34.700722050182435],[138.6948295681301,-34.701892027694896],[138.69520156819783,-34.702260029376816],[138.69603455984713,-34.703029999235014],[138.6966455682384,-34.70358599879478],[138.69709772757813,-34.70404159804127],[138.69735452808902,-34.704328347775004],[138.6973811201426,-34.704377594650225],[138.69745401559044,-34.70446400870702],[138.69764800025507,-34.70487161922978],[138.6977947516266,-34.70524890821048],[138.6977947516266,-34.70541490867106],[138.6978130879038,-34.706184563766556],[138.6975706558611,-34.707584995251295],[138.69946063959685,-34.707777969077995],[138.7003206082096,-34.70787794311252],[138.7012915837397,-34.70793594039128],[138.70479753587767,-34.708003891366445],[138.70651750367995,-34.707957863164836],[138.70736550411482,-34.70798620529911],[138.7074455042067,-34.707988850205254],[138.708139456171,-34.708011845869976],[138.7083444800138,-34.70801883899816],[138.708979456237,-34.708031826107856],[138.70905846437665,-34.70803981838287],[138.70906447994184,-34.708040243762184],[138.70914246375378,-34.70804581236433],[138.7096364802394,-34.708059816607204],[138.71010543981424,-34.708064792556115],[138.7105634240628,-34.70807679940475],[138.71194073577635,-34.708102662108104],[138.71285139197823,-34.70811975642158],[138.71372639995343,-34.70813673921907],[138.71373331214272,-34.70813686872145],[138.7173473277171,-34.708208685882084],[138.7194723195919,-34.70825167977114],[138.71971971229493,-34.708286700270946],[138.71986431968264,-34.70830666162311],[138.72344723220408,-34.7105989786599],[138.72422700826985,-34.71081398587671],[138.72481740779722,-34.71091092559868],[138.72561443196048,-34.710939082472635],[138.72813516780377,-34.7101425835134],[138.72914387169237,-34.71001820817372],[138.7299582078051,-34.71009065396049],[138.73050361604908,-34.71025175221655],[138.73109363156595,-34.71051384164042],[138.7312750670908,-34.71061690844351],[138.73323023998364,-34.71172757117046],[138.7392166716122,-34.71548048073953],[138.7442127680049,-34.71692688466794],[138.7458597756082,-34.71540237372051],[138.74695488006375,-34.714622969074696],[138.74760467171825,-34.7143771780643],[138.7484129598903,-34.7142092350681],[138.7492589440451,-34.71424523582891],[138.75071692764413,-34.71437421839539],[138.75134991996288,-34.714487197526125],[138.75192892777784,-34.714565193928536],[138.75219887997434,-34.71460217495036],[138.7529759041147,-34.71488417086772],[138.7535079043663,-34.71507716268087],[138.7540759035802,-34.71550615908194],[138.755761887801,-34.7169641435803],[138.75651888044206,-34.717539124231166],[138.75668089600663,-34.717618118881035],[138.75823990404842,-34.71794610522852],[138.76125183970066,-34.718367035610186],[138.76250083164814,-34.718542027492504],[138.7629828161041,-34.71861303076673],[138.7652728002996,-34.71881998995053],[138.76948268777585,-34.71877793945032],[138.77132966413274,-34.718505897229306],[138.7728886397989,-34.71827486859024],[138.77875353614684,-34.717205791414074],[138.77956851167755,-34.717189769991876],[138.7804504956939,-34.71742875313441],[138.78176649612692,-34.717982735514795],[138.78171952003993,-34.718033721678864],[138.77896659183477,-34.721039786556844],[138.7778696320779,-34.72223681028055],[138.77776166396973,-34.72235480313162],[138.77705571235128,-34.72374481956774],[138.7769527040042,-34.72442682223999],[138.77694070435007,-34.724502820348846],[138.77652575985599,-34.727380846948506],[138.7761568318724,-34.729792858353676],[138.77602892759296,-34.733316849093285],[138.77579395182943,-34.7346258716866],[138.77575094355132,-34.73484187805019],[138.7751159682274,-34.734751875698464],[138.7751159682274,-34.73475165356592],[138.77511574429627,-34.73475185681269],[138.77474796834417,-34.73470690240157],[138.7743279678615,-34.734645888796706],[138.773956959746,-34.73459790007297],[138.77340899203148,-34.73452591653779],[138.77285097619165,-34.73444792013538],[138.77236198421826,-34.73438291174193],[138.77189097598784,-34.734321935908554],[138.77138499222372,-34.73424793519399],[138.77120700829687,-34.73443593217252],[138.77076601583906,-34.73488594483047],[138.7706260156781,-34.73495994464571],[138.76984303982454,-34.735354975451685],[138.76940207974224,-34.7359149706993],[138.76926108762916,-34.736221959675674],[138.76909007974348,-34.736583986261905],[138.768921119614,-34.736961977613134],[138.76872611242027,-34.737390992899975],[138.7685121277326,-34.73784997809395],[138.7682641279872,-34.737952986441144],[138.76826390405597,-34.737952468431615],[138.76826400028347,-34.73795346667907],[138.76813814376044,-34.73800600687167],[138.7677321601111,-34.7385220090834],[138.76767516827442,-34.738925678777036],[138.76767507834222,-34.73892580917868],[138.76766713642928,-34.738982011410656],[138.76751116790615,-34.73916701184805],[138.76737318402525,-34.73933700799648],[138.76725417583964,-34.73955900834153],[138.76716019218918,-34.73974003017821],[138.7670531836576,-34.73994702713355],[138.76693222394306,-34.740277029761046],[138.76639020794175,-34.74023002129837],[138.76632022359945,-34.74074702265693],[138.76617424024903,-34.74181804326804],[138.76652924762675,-34.74185202774885],[138.76665225599686,-34.74275303332581],[138.7659642881215,-34.74346604192425],[138.76489231782625,-34.743151066068776],[138.76489228814864,-34.74315106067286],[138.76459929622058,-34.74306505400898],[138.76423830385465,-34.74295908599299],[138.76395731158073,-34.74310708562348],[138.7637123200676,-34.74322507937387],[138.76359129560183,-34.743197088874524],[138.76331235198347,-34.743418071186966],[138.76314732818673,-34.74347808474579],[138.76300534412144,-34.74344809685215],[138.76265132779656,-34.74321610683779],[138.76250035230953,-34.7431500983983],[138.7623803521716,-34.743139090696445],[138.76232435228712,-34.74314510356362],[138.76117836778747,-34.744468112413415],[138.7587924484128,-34.744633150599384],[138.75563247985508,-34.7448562058492],[138.75615955182195,-34.74870220784055],[138.7517936319706,-34.74908328926233],[138.75128656002676,-34.74532327504909],[138.7502985603304,-34.74541129799297],[138.7500845441665,-34.743496288822655],[138.75005215957958,-34.74349249638158],[138.74971632035192,-34.74347431119048],[138.7495318082464,-34.743468242565314],[138.74918489566642,-34.743447023061606],[138.748726559783,-34.74340432594886],[138.7486571204298,-34.7433803311373],[138.74821795179707,-34.743222636815176],[138.7481415678791,-34.74319531271345],[138.7479745601779,-34.74323432890111],[138.74782256036292,-34.743239323735736],[138.74763955192384,-34.743246316863974],[138.74755196784906,-34.743225634255566],[138.74725337584266,-34.74315960782957],[138.74686943997278,-34.74307313891421],[138.7466572161577,-34.74302518616338],[138.74656896028932,-34.74300605758344],[138.74645993637705,-34.74295629269869],[138.74636182393908,-34.74290735968685],[138.74629807999247,-34.74288116423429],[138.74626652817778,-34.74286283065504],[138.7462269759942,-34.742843923308385],[138.7461414081995,-34.74280440709765],[138.74600204835588,-34.74274132235411],[138.7457555837533,-34.74262436552203],[138.74565510429966,-34.742552030351874],[138.74539631988432,-34.74235339619224],[138.74510623996105,-34.742131377860744],[138.74476495983504,-34.74187668805865],[138.74468992040352,-34.741815600709344],[138.74452038380878,-34.74168504612794],[138.74436396832255,-34.74159158408429],[138.74422745573258,-34.74150511516888],[138.74413158440518,-34.741443381207034],[138.74378860815784,-34.741466376871756],[138.74360512038004,-34.7415799297699],[138.74332063963584,-34.74176139587166],[138.74317459243355,-34.74179958018641],[138.74293497616827,-34.74186325668393],[138.74278128023195,-34.741903605666835],[138.74252566412815,-34.741970704984],[138.7422943683905,-34.74203210619669],[138.74182966440753,-34.74215540864515],[138.7415536642702,-34.74210340534785],[138.74150467190316,-34.74186140677847],[138.7414306559001,-34.741790404403616],[138.741256896089,-34.74181608184665],[138.7411214402024,-34.741837985734435],[138.740991648246,-34.74185842822385],[138.74076716757077,-34.741895280642666],[138.74062409622513,-34.74191642640193],[138.7401996476957,-34.74198842792356],[138.73996691214336,-34.74203319797368],[138.7396638720901,-34.74209067724291],[138.73954310393117,-34.742115818690024],[138.7390866881002,-34.742236457346564],[138.7390307520676,-34.742051346292556],[138.7389327043809,-34.74177538212814],[138.7388367035511,-34.741575470931195],[138.738064703923,-34.741409470470614],[138.73775967996528,-34.7410974677739],[138.73731769555525,-34.74076348744495],[138.73723167989817,-34.74033449104388],[138.73744867191874,-34.73993546455],[138.7378256641232,-34.73924946618985],[138.73811561634272,-34.73863646849816],[138.73818761606572,-34.73809045950708],[138.7379566395873,-34.73748846951719],[138.7375646080203,-34.73689247350882],[138.73727158371673,-34.73627947581713],[138.73684358376443,-34.7358394717142],[138.73635859197555,-34.73567748582724],[138.73567763161748,-34.73577747874759],[138.73495263955272,-34.735967510891896],[138.73390265588296,-34.735989525396235],[138.73290966404977,-34.735989544282006],[138.7320986878043,-34.736050538101836],[138.73135967980545,-34.736290557263374],[138.73081871960824,-34.736814569736566],[138.73064271958594,-34.73712257674549],[138.72995276780603,-34.73821757328233],[138.72934480002255,-34.73943959006499],[138.7286498237304,-34.74062460783932],[138.7281718403582,-34.741235607237456],[138.72691187218527,-34.74227765708815],[138.72543395241507,-34.7433556708275],[138.72408697573337,-34.74432568138502],[138.72282601560823,-34.74551173427909],[138.7223050563333,-34.746265720486576],[138.72208806431274,-34.747127727862335],[138.72217507192215,-34.747989735238036],[138.72248009587975,-34.74888772538816],[138.72278611178967,-34.74985671881245],[138.7227861441653,-34.750754726949026],[138.72252617624213,-34.75168773759896],[138.72238617608127,-34.75191874735225],[138.72204815959492,-34.75247874170054],[138.72068924801044,-34.75434378273934],[138.7204382724084,-34.754839785827414],[138.72011728008852,-34.755391788799955],[138.7200062722717,-34.7554617749409],[138.71946729597903,-34.75561480627823],[138.71931430421182,-34.75562080025969],[138.71908531163785,-34.755579804664194],[138.71898828827898,-34.7555428047566],[138.71891331179995,-34.75548680487208],[138.7189042880026,-34.755432803281224],[138.7188623040522,-34.75538679396533],[138.7181632960993,-34.7553738257414],[138.71782329570863,-34.755429824726605],[138.7175693442499,-34.75551581340403],[138.71719334399768,-34.75567084303492],[138.71695132834122,-34.75574784029055],[138.71662233565235,-34.755777847069965],[138.71629337623835,-34.755842856362676],[138.71554735982284,-34.755955854379124],[138.71506537626612,-34.75599187312639],[138.714542399812,-34.75597287404884],[138.71358038422738,-34.75597289293461],[138.7133624002546,-34.755959886939195],[138.71305740777325,-34.755926901605164],[138.71254739234837,-34.755817918162336],[138.7120384318282,-34.75562790490386],[138.71184441568732,-34.75557090587256],[138.71170441642573,-34.755504916318785],[138.71107443233927,-34.75496092360771],[138.7108494399498,-34.75481292397723],[138.710455423579,-34.754417930942736],[138.71011740799202,-34.753995926770585],[138.70989440040637,-34.75378495301311],[138.70973638412693,-34.75356595010845],[138.7095323837126,-34.75342594185366],[138.70938140822545,-34.75338794279929],[138.7092934401402,-34.75341295474402],[138.70907043165516,-34.75355294411304],[138.70893542363092,-34.75368594125314],[138.70853545644627,-34.7543269663164],[138.70835945642386,-34.75477496179502],[138.7082214716437,-34.75503396204766],[138.70792550385897,-34.7554519876191],[138.70777948813293,-34.75561097696499],[138.70761449581244,-34.75565299059298],[138.7075824961354,-34.75564398118473],[138.70728249579065,-34.75543099024793],[138.70717548815833,-34.755319990525095],[138.70680649632277,-34.75483599338634],[138.70660847999739,-34.75449799848383],[138.70632249558673,-34.754185995787054],[138.70593244792417,-34.75368299957074],[138.70549945583525,-34.75314300344678],[138.70537244818001,-34.75299600206381],[138.70501046386187,-34.75264701834516],[138.70484745634508,-34.752635030382294],[138.70470345599972,-34.752695025055345],[138.70422649605598,-34.75296603215662],[138.70340748796525,-34.75333804841216],[138.70326351999552,-34.753425035337045],[138.7027615364159,-34.753804063606594],[138.70239155172874,-34.754130051660525],[138.70212054372814,-34.754441055210464],[138.7020415679641,-34.75453805069043],[138.70197254409766,-34.75468105638561],[138.70193254405172,-34.75493306261069],[138.70186655989392,-34.75512507416278],[138.70184956810317,-34.75517508006584],[138.70164259183218,-34.75552308352343],[138.70145158392347,-34.7557440847217],[138.70135158380856,-34.755847074183066],[138.70134259238682,-34.755857082738146],[138.70107257633845,-34.756113085550396],[138.70083269926977,-34.75621603724028],[138.7007445720045,-34.756210669187],[138.70069207318068,-34.7562074711978],[138.70053502906842,-34.75616035841375],[138.7004000678089,-34.75605532479335],[138.70031118781117,-34.75595444064487],[138.70024110993938,-34.755821188996606],[138.70020309379777,-34.75567066496916],[138.70005138086663,-34.75539233199049],[138.70005051392013,-34.75539074198912],[138.70005728671447,-34.75534139798708],[138.70006460899458,-34.75528804750536],[138.7000274822825,-34.75521997242373],[138.6998333258474,-34.75508388970968],[138.69973053333752,-34.75501964484067],[138.6995976000493,-34.75494009261115],[138.69928563242604,-34.754796107554284],[138.69926660097292,-34.75478730139281],[138.69926654341634,-34.75478727441316],[138.699231616446,-34.75477111359595],[138.69900361582427,-34.75470310776217],[138.6985726076398,-34.7545151107837],[138.69830163201482,-34.75443811442739],[138.69790963192406,-34.75437613944723],[138.6975826240389,-34.754370126580056],[138.6972696320879,-34.75432313610378],[138.69723363222636,-34.75431814126915],[138.69664860794694,-34.75417215791873],[138.69637766379822,-34.75407716073232],[138.69570364800506,-34.75398316179343],[138.69550463972746,-34.75405116762727],[138.69491663959127,-34.75439217885594],[138.69476969576488,-34.754560176710754],[138.69437868762634,-34.75485919229783],[138.69422467243078,-34.7549191878702],[138.69376467190216,-34.75495618777779],[138.69358067241012,-34.75488918109079],[138.6933867201211,-34.754786209615816],[138.69319472026018,-34.75463820998539],[138.69306470437266,-34.75460920235275],[138.69297571195955,-34.75455520076184],[138.69278470405095,-34.75444120359862],[138.6924267199173,-34.75436220894875],[138.69194572831282,-34.7543622269352],[138.6917807036166,-34.754422222507515],[138.69160070430917,-34.75460822119243],[138.691260736294,-34.755035220199204],[138.69113974420395,-34.755086243235496],[138.69098575958515,-34.75512823797777],[138.69081075241434,-34.7551252414367],[138.69034374436842,-34.7550442475939],[138.6898877440242,-34.7549452547197],[138.68969075202665,-34.75492325820176],[138.68943078410348,-34.754846260946124],[138.6890297916916,-34.75475825688801],[138.6878187844094,-34.754699278448925],[138.68749276757728,-34.75463830261555],[138.68692479983974,-34.75465530429881],[138.68657580802721,-34.75462130093223],[138.68632480004953,-34.75462531550585],[138.68550281610214,-34.754718315297964],[138.68496383980937,-34.754851330424515],[138.68411484832166,-34.75512433492008],[138.68385286411842,-34.75516335110774],[138.68363187191346,-34.755196355327485],[138.68310486379846,-34.75532135929325],[138.6827428803797,-34.75536836775592],[138.6821919044329,-34.75552937338182],[138.68162089608757,-34.755653397086576],[138.6810528959744,-34.75566138936159],[138.68060393642259,-34.755688417586384],[138.6801689280536,-34.755626405734006],[138.68007193617098,-34.755579416157104],[138.68001894361942,-34.75550641458932],[138.6799919360791,-34.75531642021656],[138.68022089627743,-34.75492340569059],[138.6802149121885,-34.75473440956529],[138.6801159040258,-34.7543394165308],[138.68009792028283,-34.754263418422],[138.6800349119817,-34.754145406685154],[138.67986489604823,-34.7539704157021],[138.67968291193688,-34.75385841683243],[138.6794208962574,-34.75385340311203],[138.67932191957095,-34.75387040479529],[138.67925392003247,-34.75395041657839],[138.67922889639647,-34.75401340959115],[138.67915990400638,-34.75418240659275],[138.67899292778145,-34.754323432880085],[138.67867379166216,-34.75427740467842],[138.67411299232083,-34.75377250279871],[138.67368099218413,-34.75370050037776],[138.673162336073,-34.753580916625936],[138.67295481571227,-34.75346249839555],[138.67282099209513,-34.75332952014122],[138.67272201630806,-34.75325552032598],[138.672648000305,-34.75321852041833],[138.67260601635462,-34.7532085298497],[138.6725550077075,-34.753213524684384],[138.6725100164242,-34.7532265306798],[138.6724710083305,-34.75325052459198],[138.67243100828443,-34.75330352793543],[138.6723449917281,-34.75358852039386],[138.67231702371168,-34.7537555191019],[138.6723670404067,-34.754057513243595],[138.6723370237347,-34.75424952479568],[138.672260031875,-34.75434452288141],[138.6721650238968,-34.75442351753128],[138.67210003169123,-34.75445851914532],[138.6718580484103,-34.7545365344335],[138.67175702396753,-34.754565542066075],[138.67169302371417,-34.754568538607145],[138.67158204827297,-34.75454254640135],[138.67140704020278,-34.75445154490285],[138.67120307216408,-34.75436354084468],[138.67093008025904,-34.754255537662914],[138.6707380803981,-34.75416255675657],[138.67065907225845,-34.754089555188784],[138.67059907218948,-34.75402256738755],[138.67057408002984,-34.75396255292941],[138.67057107179755,-34.753895564228856],[138.67058704015983,-34.753803563583574],[138.67059903981385,-34.75374756459837],[138.6706470402288,-34.75365955964094],[138.67067903990585,-34.75360354177002],[138.6707160317195,-34.753553536766276],[138.67077103965187,-34.753506546290055],[138.67082902434004,-34.753469546382405],[138.6709000321108,-34.75343254647481],[138.67099203185683,-34.753390532846765],[138.67109603215624,-34.75333153642123],[138.67113504024996,-34.75331053905012],[138.67115404832077,-34.753285545091785],[138.6711600324096,-34.75326354857384],[138.671155040273,-34.753237538381654],[138.67114403167182,-34.75320453416185],[138.67110803181026,-34.75310953607618],[138.67106604785988,-34.75301853457768],[138.67104303960468,-34.752992542371885],[138.670961024132,-34.75289854433231],[138.67087404799895,-34.75287954435544],[138.67067603167357,-34.752920540850255],[138.67058902406427,-34.75291854255664],[138.6703020477014,-34.753003568060194],[138.67006102399716,-34.75304356540818],[138.66991903993176,-34.753041567114565],[138.66978803209201,-34.753020551757004],[138.66956102432187,-34.75295356305645],[138.6694050243225,-34.7526885508359],[138.66918502406963,-34.75271158337284],[138.6689680644247,-34.752680577446654],[138.66853408038355,-34.75254558291226],[138.66839606412714,-34.752435581436885],[138.66830806366625,-34.75243358314333],[138.66816307226804,-34.75253857089831],[138.6678660801556,-34.75261458789288],[138.6677980797176,-34.75271260050607],[138.66779705628915,-34.75274860126689],[138.66785008031707,-34.75279459259633],[138.66805606373646,-34.75285258987509],[138.66808806431277,-34.75288059926021],[138.66818406424318,-34.75298057329479],[138.6681920637128,-34.75308957472407],[138.66816707155317,-34.753188605369814],[138.6681000639668,-34.75324960008891],[138.66793510402192,-34.75329159483118],[138.6678240962051,-34.75335258955033],[138.6677960958133,-34.753395602325156],[138.66778108792698,-34.7534516013103],[138.66778108792698,-34.75352460287809],[138.66778809634366,-34.75358459755108],[138.66777811207032,-34.75361660262405],[138.66775110363062,-34.75364159658238],[138.6677170876735,-34.75366359310027],[138.6676741117709,-34.75367559994896],[138.6675781118405,-34.75369060333861],[138.6673920960684,-34.753722589525864],[138.6672930879057,-34.753753595452],[138.6672311039324,-34.75379359280004],[138.66720310443975,-34.75383259010192],[138.66718508832128,-34.75387560287675],[138.66719011193413,-34.753924590747204],[138.66725308785976,-34.754008599117526],[138.6673191043932,-34.75407359042384],[138.66741308804365,-34.75412759111538],[138.66748009563003,-34.75415460135372],[138.667574111656,-34.754182591853066],[138.6677440961132,-34.754186588440234],[138.66786310429893,-34.75419759524277],[138.6679911039064,-34.754216595219646],[138.6680991043902,-34.75424560285222],[138.66813308797168,-34.7542595891087],[138.66815609622688,-34.75427659079196],[138.6681610883636,-34.75429658901635],[138.66815011213805,-34.754322600107855],[138.66812710388285,-34.7543505906072],[138.66808409560463,-34.75438459307446],[138.66801110392942,-34.754431602436455],[138.66796409636606,-34.754465604903714],[138.66793110383742,-34.75450260481131],[138.66790310434487,-34.75454459955358],[138.66788009608968,-34.75457259005293],[138.6678621123467,-34.75458160036055],[138.66780710441435,-34.754591590029804],[138.66772611237025,-34.754588592589414],[138.66766108778904,-34.75457860292016],[138.66758313635273,-34.75455558926899],[138.66748111995776,-34.75452560047603],[138.66733612766018,-34.754516591067784],[138.66712511972855,-34.754519606494625],[138.66695712007504,-34.754537607324664],[138.66676214435756,-34.754567614104076],[138.66661513577992,-34.754598620030265],[138.66649014440475,-34.754650623327564],[138.66638012764088,-34.754707622358865],[138.6662661439674,-34.754772612765805],[138.66621814355256,-34.75479760582482],[138.66619913638112,-34.75475061624792],[138.66617814440588,-34.75476362134401],[138.66614614382956,-34.75476362134401],[138.66610313555134,-34.75474464025291],[138.66604012814946,-34.75463463967685],[138.66598313631278,-34.75447563234451],[138.66594912035566,-34.75438063425884],[138.66586412812705,-34.75427962420525],[138.66581014362328,-34.754251633705906],[138.66576713624443,-34.754241625150826],[138.66543913640703,-34.754262641407706],[138.66507916836895,-34.75421962863294],[138.66497017593292,-34.75422664064689],[138.6649131517206,-34.75429762503535],[138.66489916816215,-34.754405628217114],[138.6649201601374,-34.75445063838623],[138.66507916836895,-34.75463463967685],[138.66503315185855,-34.75484363402643],[138.66500617579447,-34.7549036295988],[138.66483017577207,-34.754936651805],[138.6644041597242,-34.754936651805],[138.66433219237683,-34.7551606504436],[138.6640471999184,-34.75520064689232],[138.66398019233202,-34.75523564940568],[138.66395718407682,-34.75528865184975],[138.66394620785127,-34.75544364460848],[138.66393920033386,-34.75554065807489],[138.6638942081513,-34.75557667772148],[138.66375119975817,-34.75560966305545],[138.66350819214938,-34.75572166282444],[138.66327222443363,-34.755942663123335],[138.66318521592507,-34.75595966480665],[138.66299024020748,-34.75586566676708],[138.66291321597225,-34.755840672808745],[138.66287123202176,-34.755826668565874],[138.66271824025466,-34.75584268908881],[138.66268022411316,-34.755929694899464],[138.66267123179193,-34.755949693123796],[138.66221424039497,-34.75626569240774],[138.6616292475918,-34.75650670981673],[138.6613002558022,-34.756545708017995],[138.66125526361964,-34.75658970105383],[138.6612432639655,-34.75663471122289],[138.66123027235926,-34.756696705088814],[138.66125027238218,-34.75676970575728],[138.66129126438045,-34.75681369879311],[138.66137225642456,-34.75680970310526],[138.66152825642394,-34.756982714680476],[138.66155827219654,-34.75708270760083],[138.66117929608765,-34.7573267035645],[138.6608912962963,-34.75747470409425],[138.66079328008584,-34.757472705800694],[138.6607612804088,-34.75745470586992],[138.66053129588272,-34.75708971871552],[138.66034127992623,-34.75685173471976],[138.66032329618326,-34.75681873139928],[138.66025830397757,-34.756696723075265],[138.6601303043701,-34.7565767328299],[138.6600762883901,-34.756557732853025],[138.65994527965097,-34.75658272681136],[138.65984828776834,-34.75674572983155],[138.65981830437136,-34.756795716848785],[138.6597512958857,-34.75684871929292],[138.65961929609375,-34.7568827226595],[138.6593463041886,-34.75689574664136],[138.65920329579558,-34.75693774138364],[138.65895129586568,-34.756941737071486],[138.65875331191592,-34.7569827515527],[138.65839433583005,-34.75695773960797],[138.65831833592256,-34.75692073970032],[138.65808633601569,-34.75703375660254],[138.6579693117344,-34.75701977034606],[138.65790131219592,-34.757011760084595],[138.65774931238093,-34.75695476105335],[138.65766233624788,-34.75694375425081],[138.65758531201266,-34.756969765342376],[138.65754031983,-34.75702276778645],[138.6574413116673,-34.7570207694929],[138.6573773123132,-34.756974760177],[138.6573123201075,-34.756973761030224],[138.65709231985477,-34.75702376693323],[138.65695836763462,-34.75711079073034],[138.65690236775015,-34.7571637742887],[138.65686835179304,-34.757235776709706],[138.6568623677042,-34.75744277276573],[138.65682335961037,-34.75763977915244],[138.65662134399986,-34.75785278807564],[138.65655235160978,-34.75795977412423],[138.65636240040453,-34.758108772901494],[138.65630137600772,-34.75811278747511],[138.65622640042807,-34.75816377363918],[138.65616537603137,-34.75812577458481],[138.65606838414863,-34.75806577901244],[138.65591638433375,-34.75793679734528],[138.6547323836926,-34.75722280758646],[138.6541333758547,-34.75685782133132],[138.65288038372285,-34.75610583341745],[138.65111939244605,-34.75501285316062],[138.65067939194046,-34.754811851086004],[138.6501773759852,-34.75449686983461],[138.64892937598995,-34.75380289808521],[138.64846240031954,-34.75347589199879],[138.64650140791366,-34.752265918037665],[138.64522140824147,-34.75147493192253],[138.64432940757615,-34.750932956390784],[138.64423843215798,-34.75086395141017],[138.6440704316052,-34.750765956783425],[138.64439439978185,-34.74990892535658],[138.6447803519318,-34.74900592238538],[138.64516534360575,-34.74859792335542],[138.64950412821304,-34.74149784504948],[138.65169305559016,-34.73800648800898],[138.65854732759715,-34.727073598068046],[138.66286553571592,-34.720185808328324],[138.66680851160356,-34.71389665860386],[138.66670726412895,-34.713853480353805],[138.66670425589678,-34.71385148206019],[138.66533830441927,-34.71326349631329],[138.6622693121791,-34.71194056120788],[138.66063132837314,-34.71123358436239],[138.66071075199966,-34.71111934618085],[138.66015231977383,-34.71088258346441],[138.65965334442637,-34.710672589968],[138.65726633597274,-34.70967862237046],[138.65713734441294,-34.709624638766],[138.65673833590552,-34.70945062804401],[138.65653132815828,-34.70934262486219],[138.65367737640986,-34.708142678341915],[138.65239235222532,-34.70759468994294],[138.65009740826883,-34.70657972407497],[138.6520223036864,-34.70353469786795],[138.65324524767016,-34.701447657383426],[138.65379321628393,-34.700585650007724],[138.653917215707,-34.70043265464324],[138.6549141438727,-34.6987786251334],[138.6557706231158,-34.69739623854554],[138.65577411158608,-34.69739060789021],[138.65578112000276,-34.69737961817481],[138.65591910388355,-34.69715362214191],[138.65699705556972,-34.6954765789809],[138.65835315227628,-34.69336362003497],[138.65835897628574,-34.69335455486879],[138.65836998398765,-34.69333855233231],[138.65969479148146,-34.691276137084],[138.66016988802994,-34.690536523841445],[138.66023388828341,-34.69043451464108],[138.66026489600824,-34.69039052160525],[138.66031788766043,-34.69031452439572],[138.66172407750423,-34.68809205680293],[138.66172601644257,-34.68808899281271],[138.6617628265932,-34.68810474263972],[138.66182070426214,-34.6881295072709],[138.6620680007377,-34.6882363925954],[138.66417024875807,-34.689145014530766],[138.6644038422636,-34.68924597692023],[138.66569882823842,-34.68980568888139],[138.66571734438003,-34.6898136919483],[138.66578819207143,-34.68985015585997],[138.66579959907233,-34.689857747037365],[138.6660507842164,-34.690024906724034],[138.66634663149193,-34.69024382599173],[138.66655075241533,-34.690394869827344],[138.66777410828854,-34.691415185762196],[138.66808139314185,-34.69167147096158],[138.66819280025754,-34.691764387116734],[138.66833561979308,-34.69187964962606],[138.66935878388085,-34.69270539004168],[138.66971478411006,-34.69304837977887],[138.6709697916226,-34.69362138012258],[138.67074579208474,-34.693970382726945],[138.67075627548184,-34.693975636566336],[138.67158777605505,-34.694392349127554],[138.67188278426318,-34.694534355675955],[138.6719217923569,-34.69464635454557],[138.67193088899944,-34.69464738876593],[138.6719343082218,-34.694647777273076],[138.67205379214886,-34.694661357935274],[138.6720642890358,-34.694665779002435],[138.67256125889503,-34.69487509171205],[138.6732717763714,-34.695174344720215],[138.67328172017528,-34.69517868484837],[138.6742747021159,-34.69561205375322]]]},"properties":{"School_Name":"Playford International College","ENTITY_CODE":910,"zoneType":"secondary"}},{"type":"Feature","geometry":{"type":"Polygon","coordinates":[[[138.6946910716357,-35.12066324411336],[138.69425408026166,-35.12043826611307],[138.69285807973665,-35.119810283917445],[138.69190108776502,-35.119544271650796],[138.69079206360288,-35.119325305618304],[138.68844111976193,-35.11917033174535],[138.68702614444112,-35.11904536375249],[138.68599315166273,-35.11876336873445],[138.68484515178238,-35.11829339472433],[138.68481014387305,-35.117802385571565],[138.68478012810044,-35.11740139855567],[138.68465811168255,-35.115783388692364],[138.68456806436473,-35.11457938982693],[138.68437705555675,-35.112037397607764],[138.6841209915906,-35.10864138938854],[138.68412198444207,-35.10854139736756],[138.68412195206645,-35.10844238470827],[138.68379987156686,-35.10450837865869],[138.6837938883773,-35.10433137049631],[138.68334374441838,-35.098541369688405],[138.6832667516593,-35.097554376333335],[138.6832557439575,-35.09741137153753],[138.6833127681698,-35.097451368885515],[138.68319571241227,-35.09610436522422],[138.6829686722665,-35.093494366271955],[138.68293164807721,-35.09287937118597],[138.6830156483536,-35.0924263799734],[138.6830186556865,-35.09235637584601],[138.6830306562399,-35.09207937566259],[138.68284361614008,-35.09167037748591],[138.68303664032874,-35.09073337114813],[138.68300262437174,-35.09058137493048],[138.68267958429544,-35.08914137237639],[138.6825175678316,-35.088352365669095],[138.68220054421977,-35.08516736807951],[138.68184153575828,-35.08478136556755],[138.68420448015274,-35.0845873377354],[138.68405744009885,-35.08293434424456],[138.68403744007583,-35.08272033617453],[138.6837973759482,-35.07966633833081],[138.68390038429538,-35.07966234174364],[138.6854193599156,-35.07960430759266],[138.68525430374314,-35.077395296555665],[138.6851723197468,-35.07629830172522],[138.68512527980783,-35.075659293841284],[138.68511827229054,-35.075567293196],[138.68512028767123,-35.075475292550664],[138.68497024028443,-35.07361330471019],[138.68451625622026,-35.0736283080999],[138.68440524840355,-35.07363132352674],[138.68464700775326,-35.072965008628216],[138.68466220809444,-35.07210429627622],[138.6848511997232,-35.071865295147234],[138.68483920006906,-35.07171329892958],[138.68479724759493,-35.071175966597536],[138.68454099207315,-35.067902724830844],[138.68446310358945,-35.066914306050364],[138.6843568639781,-35.065550467979676],[138.68434278419215,-35.065370463276224],[138.6843400961186,-35.065344303796564],[138.68420006358213,-35.063547306363034],[138.6843199998682,-35.06354099761893],[138.68431993601632,-35.063540202618185],[138.68430905601815,-35.063443280882666],[138.6840769922594,-35.060141289588785],[138.6839499837048,-35.05995527291748],[138.68394675244076,-35.05983877833688],[138.68385894443475,-35.05867128025534],[138.68388595197518,-35.05818128913512],[138.68387996788624,-35.05809328417769],[138.68382393562615,-35.05730927320434],[138.68356684823152,-35.05365528276502],[138.68348387228298,-35.05247727610538],[138.68348403236223,-35.05247729499115],[138.68348399998672,-35.05247699911416],[138.68352886356627,-35.052485287266165],[138.68492483171565,-35.05231225680518],[138.68621679956573,-35.05137524956808],[138.6862047999117,-35.05126424984519],[138.68604576020368,-35.04977122596125],[138.6859137280362,-35.048540217756795],[138.6857767037319,-35.04725322765427],[138.68561465579182,-35.0457362278446],[138.68535062383228,-35.04330723364188],[138.6852185916647,-35.042023222093974],[138.683904608411,-35.04132423662418],[138.68223964764172,-35.04086429005491],[138.6803276476029,-35.039372302189975],[138.68016364813388,-35.03928329808571],[138.68116960009706,-35.03844528552145],[138.68180857560537,-35.03819827323167],[138.68181657597427,-35.038085275215224],[138.68187055957867,-35.03732227959949],[138.68189657606615,-35.0369512813765],[138.68192454408256,-35.03655428914908],[138.68196153589622,-35.03602628098804],[138.68219846408795,-35.032571258356825],[138.68247036781327,-35.027602250443465],[138.6823383680213,-35.02763124008959],[138.68229337583864,-35.02766624170363],[138.68205539184294,-35.02796825473115],[138.6818863678617,-35.028127262063435],[138.68174137556412,-35.028205257566526],[138.68097340759675,-35.02822727297024],[138.6807604157607,-35.028403281985845],[138.6807164164295,-35.02841127426086],[138.68063340810534,-35.02862628057835],[138.68057740822087,-35.02868827444428],[138.68046441560034,-35.02878528881001],[138.68029839985138,-35.02884528438233],[138.68005641567106,-35.02889427225284],[138.67982639966863,-35.02887229372135],[138.67966143972376,-35.028887297111055],[138.67915343967957,-35.02902129339793],[138.67883244825896,-35.02915932134556],[138.67862444766024,-35.02915532565771],[138.67821644773096,-35.029219316917874],[138.6777994878562,-35.02923032461973],[138.67718646408412,-35.029209345235074],[138.6768384642238,-35.02913033169938],[138.6766734719033,-35.02914533508908],[138.67647548795344,-35.02919535987792],[138.67637347155858,-35.02928336393603],[138.67629347236596,-35.02939935939287],[138.6762405121899,-35.02974134998328],[138.67613350365832,-35.03004536040504],[138.67603849568013,-35.030077346592236],[138.67593251237565,-35.03015835842149],[138.6756395204476,-35.030459353416404],[138.67561552024017,-35.030504382471236],[138.67559852844943,-35.031117380162925],[138.67553753642824,-35.03133236849396],[138.6754365443611,-35.0314113820296],[138.6752485437853,-35.03148937843201],[138.67512652826667,-35.031522381752495],[138.67416358368246,-35.03145938963905],[138.6737835841452,-35.031352385604066],[138.67335055968067,-35.03118240744209],[138.6727935681687,-35.03109941620505],[138.67260857582517,-35.03105941975639],[138.6719675840368,-35.03083943569135],[138.67156556819646,-35.0307064205648],[138.67155558392312,-35.030696430895546],[138.67150057599088,-35.03069543174871],[138.67136956815114,-35.030693434354475],[138.67122457585356,-35.03075342992679],[138.67099859241114,-35.03099244994155],[138.6707216003217,-35.031364447311375],[138.67063459181304,-35.03148144191499],[138.67049561597992,-35.03174945067656],[138.67047059234403,-35.0318394539276],[138.6704656002073,-35.03187345639486],[138.67033664012388,-35.032692451895116],[138.67028863970904,-35.03285445576847],[138.67024364842575,-35.032907440226154],[138.66997564775795,-35.03305545874241],[138.66985763242383,-35.03308047068714],[138.66962368008888,-35.033129458557596],[138.66928067236518,-35.03322245834971],[138.66884067185958,-35.03326848565206],[138.66873967979245,-35.03336548113202],[138.66864768004643,-35.03352548761114],[138.66845766408994,-35.03364847619616],[138.66810371161705,-35.03375847677222],[138.66782569609904,-35.03388849535776],[138.66758371191884,-35.033937501214666],[138.66734870377968,-35.03400850448884],[138.66667673574284,-35.03420952544917],[138.66616572836574,-35.03445152401855],[138.66585574374767,-35.03458054255793],[138.66568873604638,-35.03467653979044],[138.6654527359551,-35.03487954015861],[138.66520975982257,-35.035307537412905],[138.66512777582625,-35.03551353522141],[138.66509676810142,-35.035828534459256],[138.66500780806393,-35.03625954714033],[138.6648918081105,-35.03646456468789],[138.66471379180814,-35.03656955244287],[138.6644937915553,-35.036582557538964],[138.66429980778992,-35.03647155781607],[138.66419478406215,-35.036333565841346],[138.66388179211106,-35.03575956635086],[138.66370179190426,-35.03553157292373],[138.66351078399555,-35.03533858021126],[138.66339280013767,-35.03524558131846],[138.6633278079321,-35.035217571933345],[138.66317379183704,-35.035214575392274],[138.66310678425077,-35.03528557776718],[138.66308278404335,-35.035347571633054],[138.66306278402033,-35.03567158027914],[138.66313078355893,-35.03597057787982],[138.66326479963084,-35.036252572897865],[138.6632718080475,-35.03640658539558],[138.66319279990785,-35.036467580114675],[138.6631267842737,-35.03648458179799],[138.66306083159213,-35.03648358265116],[138.66285481579723,-35.03643457589493],[138.662689824376,-35.036439570729556],[138.66245881642135,-35.036471594688294],[138.66235881630644,-35.03651458857735],[138.66225881619152,-35.03655859959963],[138.66212383964353,-35.03667259676291],[138.66207584012795,-35.03683360238881],[138.66208083226468,-35.03704159759161],[138.66199183985157,-35.03710259231076],[138.66191481561634,-35.03711060257223],[138.6613578555806,-35.03701862081266],[138.66107587225372,-35.03691361507123],[138.660922848111,-35.03691960905269],[138.66080086406873,-35.03696262182751],[138.66071084822715,-35.037032607069136],[138.66051686356252,-35.03731761841334],[138.66035785623012,-35.03748563515387],[138.6601468482985,-35.03760762369285],[138.66000390375723,-35.03760562629856],[138.65982988763926,-35.037565628950574],[138.65933190424403,-35.037330642395204],[138.65903887994045,-35.0372346451627],[138.65880188789686,-35.03710464636231],[138.65849689631477,-35.0370266499599],[138.65827887996636,-35.03699464488693],[138.65804790438733,-35.037008668015574],[138.657881887739,-35.037086664417984],[138.65768889592584,-35.037307664716934],[138.6573639357971,-35.03755467700671],[138.65724192027847,-35.03760566317078],[138.65713193589022,-35.03760366487717],[138.65704691218536,-35.037539691603456],[138.65701593593678,-35.03748469176509],[138.656974911563,-35.03737568943649],[138.65690988788106,-35.03696868955336],[138.65683888011029,-35.03675969520373],[138.65673289590643,-35.036613692967535],[138.65660489629897,-35.03652069317542],[138.6563119043709,-35.03639768660389],[138.65617990367969,-35.03640467973213],[138.6559239359409,-35.036552680261934],[138.65553692798687,-35.036689709062784],[138.6554469121453,-35.03675971319018],[138.65540092801052,-35.03683171561113],[138.6553619199167,-35.03705571335047],[138.6553709122379,-35.037488706338706],[138.65533696013267,-35.03753269937454],[138.6552159680425,-35.03754870191102],[138.65498796832014,-35.03746371238037],[138.6546429443165,-35.03728572395693],[138.65393894422698,-35.03698372981523],[138.65342796832613,-35.036819745634716],[138.65311494399953,-35.03667873913247],[138.65294294416162,-35.03655874798778],[138.65279395167954,-35.03638373811896],[138.6527629439547,-35.03632074510625],[138.6528469442311,-35.036060746606154],[138.65280895956585,-35.03587075133407],[138.65281692755923,-35.0355827434488],[138.65277593556107,-35.03550075135854],[138.65269993565357,-35.035471743725964],[138.65248092825232,-35.035440737799775],[138.65214096023715,-35.03545176348803],[138.65187596780174,-35.03554576242698],[138.6515959683793,-35.03572976281828],[138.651483967711,-35.03583576770649],[138.65141494384466,-35.03594275375502],[138.65139996833398,-35.03607776627587],[138.65144195228436,-35.03612375760531],[138.65152895989365,-35.03616175665968],[138.65176294370497,-35.03641775947199],[138.65175094405095,-35.03643576030203],[138.65156396780299,-35.03646876362251],[138.65133398417606,-35.03646376878788],[138.6507549763611,-35.036389787858354],[138.6503179840878,-35.03636277762007],[138.64988998413548,-35.03637278617509],[138.64965897618083,-35.036413800656305],[138.64914102423893,-35.036484803930534],[138.64828502433443,-35.03654881317715],[138.6477140159891,-35.03658281654373],[138.64725103960382,-35.03666480863399],[138.6469440641173,-35.03667683346907],[138.64627606388933,-35.03663683612103],[138.64602604786387,-35.03658683111729],[138.64560204809607,-35.0364608459912],[138.64501305600777,-35.03634185399335],[138.6446530879697,-35.036289850695994],[138.64410607983177,-35.03626087993564],[138.64334908808996,-35.036272867898504],[138.6429560960471,-35.03623786538515],[138.64268112023763,-35.03627789960535],[138.6424701123059,-35.036354896860985],[138.64225811242204,-35.03648689395493],[138.641977120148,-35.03673288821216],[138.64188012826537,-35.03704688920254],[138.64183411175497,-35.03712688299919],[138.6417451517175,-35.03717988544332],[138.6415241604118,-35.03722889219955],[138.64140515222607,-35.03718190172333],[138.64127414438633,-35.03712590273818],[138.6409831363627,-35.03700191590565],[138.64052015997743,-35.036695907190335],[138.64044614397437,-35.03661391510008],[138.64034816013952,-35.036593916875745],[138.64001215993335,-35.036451910327344],[138.6396901441849,-35.03622892972129],[138.63949814432397,-35.03605391985246],[138.63906614418727,-35.03581993244387],[138.638902143819,-35.03579893417344],[138.63851414391263,-35.035944936409635],[138.63812015991755,-35.03591894420384],[138.63751116780622,-35.035753942890096],[138.6371881915818,-35.035566944159086],[138.6364251842749,-35.035407973698966],[138.63635219170033,-35.03530796279222],[138.63622118386058,-35.03525997406848],[138.6355991677674,-35.035175965698215],[138.6352941761853,-35.035097988181576],[138.6350321919822,-35.03505699168676],[138.63480217597976,-35.03505197886568],[138.6345201917535,-35.0349469911107],[138.6343601915696,-35.034799989727674],[138.63416316809582,-35.03441798380288],[138.63402617616714,-35.03423498165904],[138.63388819228635,-35.034087999161784],[138.63350217628442,-35.03380100840974],[138.63339516775284,-35.03368099927866],[138.633031168054,-35.03301599828967],[138.63286217644838,-35.03279699538501],[138.63255417573464,-35.032457002188835],[138.63217718442957,-35.03222401302776],[138.63212518383023,-35.03211502958493],[138.63199414361486,-35.03026902539517],[138.63536009559198,-35.03012696398815],[138.6362710081006,-35.02817994974487],[138.63749395208424,-35.02556993280609],[138.6385458881823,-35.023276913398774],[138.63865887990346,-35.023041907957634],[138.64025180767487,-35.01972689268189],[138.64495273578018,-35.019506816886064],[138.6501906238982,-35.01926176601762],[138.6508046396225,-35.019684749551516],[138.65117763164244,-35.01994073437737],[138.65180463987235,-35.020450742607636],[138.65217964817225,-35.02067272406691],[138.65278262381912,-35.02102971894635],[138.6534276481675,-35.021365715555305],[138.65480262434176,-35.02268469184503],[138.65515462438645,-35.022733679715486],[138.65604464024807,-35.02290966984532],[138.65749363242526,-35.02336865503935],[138.65760864042647,-35.0233446422414],[138.65818259225284,-35.023240634747424],[138.65855360036846,-35.02330562515442],[138.65909859222631,-35.023409613762624],[138.65981459196996,-35.023858609287345],[138.6598585922003,-35.02389461004816],[138.66068361585621,-35.023963596143005],[138.6611785604423,-35.023769587196625],[138.66127158361678,-35.02373256840326],[138.66269456020586,-35.02355556024088],[138.66480454419445,-35.023699527311294],[138.66744249587452,-35.023994491452584],[138.66753849580505,-35.02403648619486],[138.66930249621328,-35.0249484626014],[138.67102947243222,-35.025878420053004],[138.67156947215346,-35.02595843273542],[138.67162848027021,-35.026001426624475],[138.6717004799932,-35.02580040566414],[138.67427932822852,-35.01907034621945],[138.67557523241112,-35.01560333562537],[138.67625817577425,-35.01467332241583],[138.67637619200775,-35.014514314184225],[138.6772471683222,-35.013345299845696],[138.68143395221523,-35.00741022220393],[138.68127795221574,-35.007404228222526],[138.68047199958323,-35.007586249205985],[138.67979599988553,-35.007739244570416],[138.6787430403591,-35.00757725868351],[138.6770540164298,-35.0073162979088],[138.67718601622175,-35.00701030717988],[138.67746998435234,-35.00634928389229],[138.67821596839224,-35.00460926660435],[138.6784020156406,-35.00413000529545],[138.68001852813268,-35.000409673667434],[138.68002086367198,-35.00040421658127],[138.6795825601871,-35.0003610374319],[138.67621401636382,-35.000030997932186],[138.67620767974074,-35.00002857425926],[138.67620489633896,-35.000028296368725],[138.67608089601663,-34.999980307645046],[138.6760812476515,-34.999980085512505],[138.676080992244,-34.999979992882345],[138.67760483229722,-34.99900211955213],[138.67756585567975,-34.998850530727395],[138.67739580827003,-34.9981924491222],[138.67735683165256,-34.998042284823555],[138.67728499200882,-34.99776356333774],[138.676624864446,-34.99520891675803],[138.675410336318,-34.99120562783742],[138.67528972823845,-34.99080930290694],[138.6731727358332,-34.99028031358557],[138.67298374420454,-34.990233341995065],[138.6711857602147,-34.98964435710138],[138.67139875205078,-34.98812635814488],[138.67170470410883,-34.98790935353378],[138.67244672033996,-34.987733344518176],[138.67253321623502,-34.987112410309464],[138.6726256638434,-34.98644633642925],[138.67289468793956,-34.98606531076541],[138.67289497572267,-34.986065051760704],[138.67289500809818,-34.98606499600271],[138.67290659226546,-34.98605432194938],[138.673537632156,-34.98547231129811],[138.67375164831992,-34.98527630405812],[138.67156966370908,-34.985209334243336],[138.67080268769394,-34.984757360164],[138.66940371221165,-34.98579837399569],[138.66721270380333,-34.9836574056647],[138.66517068787698,-34.9816624395699],[138.66517113573934,-34.98166212570652],[138.6651710080356,-34.98166199620414],[138.66699865616306,-34.980366404086226],[138.66741600004843,-34.98078100773728],[138.66878246413944,-34.97982178274901],[138.66921459197988,-34.979518382067624],[138.66996259229984,-34.9789933524612],[138.67004054373615,-34.978219349143615],[138.67195747205972,-34.97686831292225],[138.67416643183537,-34.975312278039155],[138.6749784324088,-34.97473925880968],[138.67515593609767,-34.97461449496291],[138.67533788783328,-34.97448608616389],[138.6753384004469,-34.97448627142427],[138.6778653757865,-34.975413232334745],[138.68010035204964,-34.97569219393955],[138.68190134427164,-34.97609915695051],[138.68235232010352,-34.97616714479784],[138.68252832012593,-34.97617515505931],[138.68301932837937,-34.97619913098504],[138.6837843195907,-34.976155119063435],[138.68493129604258,-34.976079102968185],[138.68514428787864,-34.97612209685724],[138.6852383039046,-34.97619310013141],[138.68593427214898,-34.97462707467969],[138.68124220776178,-34.96768215640634],[138.6809201596377,-34.96720515239582],[138.68644201588643,-34.96670700262604],[138.68621600006838,-34.9623280533969],[138.6867969917878,-34.96353199560508],[138.68959100821849,-34.9657119990095],[138.69345299206202,-34.96657400638526],[138.69708416040578,-34.96718260099618],[138.6989760003422,-34.96680599639956],[138.70129190389832,-34.96788782056643],[138.70175289637916,-34.9683207946689],[138.71409071981088,-34.96644459933873],[138.71417500787038,-34.96442099523273],[138.71540499174705,-34.96523199755859],[138.71574668825917,-34.96657855785412],[138.7170999997652,-34.966731996584315],[138.71692767976867,-34.96751854274652],[138.71790300801752,-34.967772991530296],[138.71790067157883,-34.96869954594723],[138.7183797116544,-34.969569526712235],[138.7175047036792,-34.969763535658615],[138.71788675187213,-34.970512545917245],[138.7329119995892,-34.97215900853138],[138.73293401589217,-34.972005995180496],[138.7350120002037,-34.972939005830426],[138.7352750078354,-34.97330199379195],[138.7357940155814,-34.97329400241625],[138.736191999761,-34.97272999259502],[138.738368000283,-34.97149800323024],[138.73859945610013,-34.971434197230394],[138.73912044775057,-34.97142618606961],[138.74776828807614,-34.97329633255964],[138.7524823363908,-34.9743379759168],[138.75256332843492,-34.97433396134318],[138.75336515228003,-34.97508844667442],[138.7546073282657,-34.9762519301824],[138.75550038383574,-34.975296312374894],[138.7561569923514,-34.97463299491676],[138.7564009919123,-34.97461299669237],[138.75739894440585,-34.97532530202102],[138.75802499215968,-34.97559799175389],[138.75887801620752,-34.97638100447972],[138.75853100829943,-34.977185994837726],[138.75899900829768,-34.977772001176845],[138.7596679995786,-34.977777995158306],[138.7601362882591,-34.977639836808976],[138.76063225627365,-34.97767483932233],[138.7611780161526,-34.97797100585717],[138.76128576032966,-34.978419297212724],[138.76227731234815,-34.97951481175909],[138.76345129634035,-34.980322799557484],[138.76358896006252,-34.98098060417152],[138.76368300756485,-34.981530997357595],[138.76418800027602,-34.982160996732546],[138.76491801595375,-34.982471001135764],[138.76505900806683,-34.982890007867525],[138.76474700806807,-34.98392299165272],[138.76506835202292,-34.984325145089315],[138.76530099224703,-34.984656997622324],[138.7646449916731,-34.98522999886529],[138.7645079997444,-34.98635100559437],[138.76508601560715,-34.987034007413456],[138.76483500762959,-34.988473991981095],[138.76419599974565,-34.989065992301676],[138.76393801572692,-34.98948399988666],[138.76395900770206,-34.989896993751245],[138.76424601644055,-34.99003999854705],[138.76458000036678,-34.990765994255185],[138.76454601588603,-34.991852998517004],[138.76482700815995,-34.993356993230634],[138.76706399980378,-34.99511900703652],[138.76693699214854,-34.995340008234734],[138.76748201638202,-34.996111994372995],[138.76798966389197,-34.996393342778504],[138.769131999842,-34.99691500532322],[138.76957401572827,-34.997655005274225],[138.76811305627257,-34.99896587867232],[138.76764700780325,-34.99953699223835],[138.76745500794232,-34.99980840583322],[138.76726499198583,-35.00017999670945],[138.7628623357283,-35.00083067869281],[138.76176559990256,-35.00106659065057],[138.7611440001955,-35.00128400265453],[138.76046601569408,-35.00169100253771],[138.76016899210538,-35.00206000336641],[138.75996099240592,-35.00253299280331],[138.75990300771764,-35.003209001494156],[138.76171577566254,-35.00334690083878],[138.7631527358102,-35.00340987406639],[138.76575775971287,-35.00391181627725],[138.76811683162657,-35.004719267180405],[138.76920700779726,-35.00514900372349],[138.77301900822067,-35.006145007386124],[138.7755969922075,-35.00632299580957],[138.78087900825972,-35.00895399123368],[138.78253500818414,-35.01110400584514],[138.7830140158842,-35.012817994055126],[138.7833387197062,-35.014945567883615],[138.78348601606683,-35.01767300480526],[138.78388800043092,-35.02037000866892],[138.78511401559945,-35.02241499865323],[138.78342886415078,-35.02354558855802],[138.7833718723141,-35.02358760218607],[138.78232592030508,-35.02437560974653],[138.77874601601593,-35.02704567801561],[138.77948207963436,-35.03023367214621],[138.77923507184119,-35.030242662668684],[138.77903705641506,-35.03027568577426],[138.77893705630015,-35.03030968824146],[138.77877008007522,-35.03042368540474],[138.77871408019075,-35.03048569725706],[138.77867811180545,-35.0305576807923],[138.77864310389623,-35.03064668489657],[138.77862809600992,-35.03081769817817],[138.77837209589552,-35.03135369861428],[138.77827708791733,-35.03162268943555],[138.7779951360667,-35.03190570158682],[138.77785814413812,-35.03213771048689],[138.77776111987987,-35.032469711408],[138.7777341438158,-35.03264971611145],[138.77766412799713,-35.0328017123291],[138.77768511997238,-35.03284670451177],[138.77772614434616,-35.03294671541852],[138.77777913599834,-35.03301971608698],[138.77797113585927,-35.033212708799454],[138.77802412841083,-35.03328570946786],[138.7780541756597,-35.03336770155812],[138.77806015974863,-35.03354770626157],[138.7780321602561,-35.03379971338603],[138.77800816004856,-35.03388070632951],[138.77792716800445,-35.034032702547165],[138.77767817630684,-35.034316714744534],[138.77746515209515,-35.034483732338344],[138.7773321918272,-35.03453573563564],[138.77717920006012,-35.03452372968633],[138.77700518394215,-35.03447572207688],[138.77692819208244,-35.03448273319157],[138.77676220780972,-35.034533719355636],[138.77670620792526,-35.03457773127724],[138.77654620774138,-35.034827721222314],[138.77642918435947,-35.03524275025268],[138.77642518417497,-35.035257753642384],[138.77637920004008,-35.03533774833835],[138.77623321579028,-35.035461753157335],[138.77594521599895,-35.035573752926325],[138.77578822404735,-35.03570575002033],[138.77572022360948,-35.0357767532945],[138.77561823959013,-35.03592775036532],[138.77549023998267,-35.03616976692115],[138.77540524775407,-35.03647475760391],[138.77543427157445,-35.03664677093167],[138.77549625644713,-35.03677375520459],[138.77556524793795,-35.03703676913153],[138.77551724842237,-35.03720676617928],[138.77537827169,-35.0374837663627],[138.77512729608793,-35.03783077067351],[138.77497830360585,-35.038097763201165],[138.7749423037444,-35.03818776555289],[138.77492428762582,-35.038448763199824],[138.77486329560463,-35.03868177124673],[138.7748423036295,-35.039078780561226],[138.7748503039984,-35.03915078298223],[138.77492531195367,-35.03925075701676],[138.7749653119996,-35.03938676868438],[138.7749643200474,-35.03941376093627],[138.77497433579697,-35.03946876077464],[138.77494931216108,-35.03954877345711],[138.77488131172322,-35.03962878613953],[138.77484832009395,-35.0396557774921],[138.77472531172384,-35.039752791857836],[138.77462531160893,-35.03979578574689],[138.7743943360299,-35.03982779081986],[138.77394531172683,-35.03981878141161],[138.7737033284459,-35.039832803640934],[138.77325135976253,-35.039941805969534],[138.7728183676736,-35.04014079176409],[138.7721493763927,-35.04053482342334],[138.77180339191307,-35.04077182715804],[138.7717133760715,-35.04085084069368],[138.77154339161427,-35.04105484020869],[138.77121737568143,-35.04134684378175],[138.7709254080812,-35.041638829368424],[138.77081043155624,-35.04181683667764],[138.77071641642954,-35.04205885323347],[138.7706304322487,-35.0423728542238],[138.77032943995175,-35.04297985793403],[138.7701364481386,-35.04323785814057],[138.76999743992997,-35.04350584981506],[138.76971247984716,-35.04388787462568],[138.76967747193783,-35.04396886756916],[138.76952947230734,-35.04417386623089],[138.76946047991726,-35.0443078796049],[138.76914249582956,-35.04471687778164],[138.768925503809,-35.04503689073988],[138.7688795196741,-35.045089893183956],[138.76845350362635,-35.04544289237555],[138.76821551963064,-35.04571789426535],[138.7680025601701,-35.0459029126892],[138.7677545604247,-35.046168906070136],[138.76762054435267,-35.04623891019753],[138.76741155180173,-35.04628891520122],[138.76734355226324,-35.04634191764535],[138.76726355217124,-35.04648490445476],[138.76708156806,-35.04671591420805],[138.76695459188102,-35.04697493244714],[138.76674956803822,-35.04724092582802],[138.7666455677388,-35.047437932214734],[138.76642860809386,-35.047757926287204],[138.7660256003013,-35.04845395208815],[138.7659446082571,-35.048533945884856],[138.76592761556708,-35.048720943716546],[138.7658706237304,-35.04886394941167],[138.76579964833513,-35.04900595506075],[138.76568563228614,-35.0491249470586],[138.7655996481053,-35.049255945905145],[138.7654426561537,-35.049445940277906],[138.76522764803758,-35.04961295877098],[138.76504064031337,-35.04973196875534],[138.7647536639505,-35.04996997163681],[138.76439468786464,-35.05018495996791],[138.76432368009387,-35.05023296757736],[138.76405068818872,-35.0503399895988],[138.76369068777512,-35.05038897836863],[138.76351667165716,-35.05042597827622],[138.76335769580112,-35.050472986738896],[138.7626037122916,-35.05067800338708],[138.76216969587483,-35.05075100405554],[138.76189472006536,-35.050740015239455],[138.76176371222562,-35.05074101438623],[138.76161871992804,-35.0507300255702],[138.76153171231874,-35.05071801872157],[138.76124275205143,-35.050719017868346],[138.76069574391352,-35.05073304099699],[138.760565728026,-35.050734040143766],[138.7605227521234,-35.05072203329513],[138.7600757441004,-35.05068804881438],[138.75972972814452,-35.0506780402593],[138.7594837437798,-35.050691064241164],[138.75938473561712,-35.050691064241164],[138.75923372775435,-35.05070205305725],[138.7590987835821,-35.05071206161233],[138.75852076771935,-35.05083708536313],[138.75826176027203,-35.0508970809355],[138.75814678374718,-35.05094506965918],[138.7581177599268,-35.05096808331035],[138.7580037762533,-35.05108807445504],[138.75791775969697,-35.05123008010406],[138.7578337917961,-35.051515072562495],[138.75783481612393,-35.051763083999106],[138.75789379186506,-35.05197607493585],[138.75790879975136,-35.052012075696666],[138.7579377920955,-35.052047077310704],[138.75802380775258,-35.05211808058493],[138.7582268162147,-35.05222408547314],[138.75832780828182,-35.0523060775634],[138.75844380823526,-35.05236507398894],[138.75876179232296,-35.052601078576856],[138.75905081644214,-35.05275405505557],[138.75910880023105,-35.052801063518245],[138.7592548159571,-35.05304905606903],[138.75926979236704,-35.053108052494565],[138.75927279970006,-35.05313106614574],[138.75929881618742,-35.0532980657531],[138.7592448002074,-35.05380705685013],[138.75920284773326,-35.05412806805583],[138.7592048316377,-35.054412062266806],[138.7592928320986,-35.0547310571925],[138.7593228478712,-35.05482605527817],[138.75949782356577,-35.05525205423885],[138.75951283235145,-35.05534605317774],[138.75954284812406,-35.055406066736566],[138.75970486368863,-35.056152060669035],[138.75972185637863,-35.05646006767796],[138.7597038717364,-35.056526057231736],[138.75967187205936,-35.056649063803206],[138.75560086418864,-35.054268132068614],[138.7558949442963,-35.056567126571565],[138.75602294390376,-35.05798912919494],[138.75579897584214,-35.05824013717256],[138.75579897584214,-35.058252125135425],[138.75555596823347,-35.05859713205194],[138.75549897639667,-35.05872713175171],[138.75548495956332,-35.0588811253636],[138.75552995174598,-35.059107140282265],[138.75560396774893,-35.05942613520796],[138.75574998437435,-35.05967412775874],[138.7558079996395,-35.05973314307005],[138.75602499166007,-35.0599931415702],[138.7561409916135,-35.0601581248975],[138.75634499202783,-35.060489126671825],[138.75638899225828,-35.06054814198313],[138.7564470084228,-35.06065512713235],[138.75652000009802,-35.06088014290424],[138.7565950080533,-35.06125813515479],[138.75660998356398,-35.0613181307271],[138.75662499234954,-35.06147112519221],[138.75659699195762,-35.06161413088739],[138.75645504026795,-35.06197012572068],[138.75644003238165,-35.06199413941795],[138.75635702405748,-35.06243212634149],[138.7562850243345,-35.06255113722517],[138.7562850243345,-35.062587137985986],[138.75624502428855,-35.0630491386068],[138.75631702401154,-35.06310813503234],[138.75631801596376,-35.06313113069706],[138.75643302396497,-35.06319012712265],[138.75644803185128,-35.06320213307197],[138.75652003157427,-35.06329613201086],[138.75656406418034,-35.063415142894485],[138.75656406418034,-35.06345012562275],[138.75659404757732,-35.063663135445324],[138.75656604808466,-35.063735136966955],[138.75650905624798,-35.06381812820399],[138.75648105585606,-35.06393713818835],[138.75643804757794,-35.06399613461389],[138.7563380483623,-35.06416213507441],[138.75623804824738,-35.06440013795594],[138.75621004785546,-35.06449415488129],[138.7562110721833,-35.064613146879196],[138.75627008030006,-35.06482615580239],[138.75631407963112,-35.06493214270415],[138.75637209579565,-35.065015133941245],[138.75643007958456,-35.06507413036678],[138.75644409641802,-35.0650861363161],[138.75645910430433,-35.0650861363161],[138.75663209609445,-35.06520313091971],[138.7569360957243,-35.065356125384824],[138.75709510395598,-35.06541514069613],[138.7571960960231,-35.065438136360854],[138.75744105605997,-35.06547313797489],[138.7580610558731,-35.065494117359606],[138.75827705594145,-35.06551711212501],[138.75846406366566,-35.06557511030303],[138.7588260479838,-35.065787101193735],[138.75895606387132,-35.06584609761927],[138.75920204823603,-35.065940096558165],[138.75924505561488,-35.06596309222289],[138.759448064077,-35.06615208834813],[138.7595780475889,-35.06628210603435],[138.75959305637457,-35.066281088901064],[138.75969507187017,-35.066506103773634],[138.75984105611985,-35.066743088622616],[138.75989907228438,-35.066897101120276],[138.7599000642366,-35.067039088782906],[138.75987107189246,-35.06709810409416],[138.75984307239992,-35.06712209890571],[138.75965609615196,-35.06714609281789],[138.75941110373947,-35.06719509957412],[138.7592530883594,-35.067302103609165],[138.75921008008117,-35.067350092332845],[138.75903808024327,-35.06743310155633],[138.75876409638602,-35.06748110916584],[138.7584911035816,-35.06757712438474],[138.75788611165478,-35.06771013951129],[138.75762713568383,-35.06771113865807],[138.75742512007332,-35.06770013095621],[138.75634412777936,-35.06761014659094],[138.75607011244574,-35.067611145737715],[138.75578214413076,-35.067648145645364],[138.7555951678828,-35.06770816010345],[138.7555091522256,-35.06775516856612],[138.75548015988159,-35.06776717541476],[138.7553941442244,-35.06786217260117],[138.75538015976667,-35.06789817336198],[138.75519516832242,-35.06819517266905],[138.75519516832242,-35.06821816833377],[138.75516614360276,-35.068337178318075],[138.75518214434055,-35.068479165980705],[138.75528617611621,-35.06896517939947],[138.75534419228075,-35.06921317195031],[138.75539017641552,-35.06956816853608],[138.7553911998441,-35.06971017418516],[138.75540617625404,-35.069770169757476],[138.75547920030488,-35.06993517107122],[138.75552319963606,-35.07010117243112],[138.75552319963606,-35.070148162008024],[138.755538176046,-35.07023117123151],[138.75548118420932,-35.07032616931724],[138.75540918358706,-35.07037417692669],[138.75528019202727,-35.07042216565037],[138.75523619179683,-35.070434171599686],[138.75493420844703,-35.07049416717206],[138.75428620824198,-35.070568185873014],[138.7542292164053,-35.07058019272165],[138.75411420840408,-35.070628181445386],[138.75395622360088,-35.07072319751751],[138.75389820833573,-35.07073518548037],[138.75369721615368,-35.07079519993846],[138.75353820792202,-35.070820211883245],[138.75342326377267,-35.070844205795424],[138.75322124816216,-35.07083321697934],[138.7531502403914,-35.0708452049422],[138.7530922557031,-35.0708691997537],[138.75299126363598,-35.070952208977246],[138.75286223970068,-35.07101220454956],[138.75257526423707,-35.07110821976846],[138.7525032636148,-35.07115622737797],[138.75240224007143,-35.07125122456432],[138.75191628780647,-35.07188122393927],[138.75175929585487,-35.072118226774705],[138.75174527992078,-35.07213023362334],[138.75165929573996,-35.07223723765833],[138.75153027180465,-35.07236823560555],[138.75141529617906,-35.07245124572836],[138.75138627235867,-35.07247523964054],[138.75117132809442,-35.072677241761255],[138.7510423041591,-35.072749243282885],[138.75092732763414,-35.07278524494308],[138.75085532791115,-35.07279725089239],[138.7506243199565,-35.07279825003917],[138.75050931195528,-35.07277525437445],[138.7504373122323,-35.07272826479755],[138.75039331200185,-35.07264525467474],[138.7503493117714,-35.07247925421416],[138.75034831981918,-35.07243226463726],[138.75029030365465,-35.07230226493755],[138.75029030365465,-35.072231261663376],[138.75031830404657,-35.07213626447697],[138.75037532825888,-35.07197026401644],[138.75038828838888,-35.071792256707226],[138.75041628788142,-35.071697259520874],[138.7505302715549,-35.07148325145084],[138.7505302715549,-35.07146023779967],[138.75065827206163,-35.07106824130625],[138.75068527960207,-35.070784247095276],[138.75069827210768,-35.070606240685436],[138.75072627160023,-35.07053523741121],[138.75069625582762,-35.07032224737378],[138.75071024028546,-35.0702032364901],[138.7507532476643,-35.070120245253065],[138.7507672635984,-35.07006124882753],[138.75099526422014,-35.06965724638479],[138.75108025644874,-35.069432248599355],[138.75113724828543,-35.06923024737796],[138.75115020841542,-35.069064246917435],[138.75120723172847,-35.06886222681027],[138.7512212161862,-35.068767229623916],[138.75124822372663,-35.06848321742649],[138.75126121623225,-35.06821023181669],[138.7512312319359,-35.06809222007985],[138.7512022081155,-35.06800922884281],[138.7510562238657,-35.067749230342656],[138.7509692162564,-35.06758422812959],[138.75086723223706,-35.06746625416423],[138.7507662077943,-35.067430253403415],[138.75066521572717,-35.06743125165087],[138.7505212162812,-35.067443239613795],[138.75039222382213,-35.067491247223245],[138.75027721582092,-35.067539236846244],[138.74997523157174,-35.06763525116588],[138.74984521568422,-35.067647239128746],[138.74937020816867,-35.06763726834521],[138.74889424017715,-35.06761627007478],[138.74877824022371,-35.067604264125464],[138.74856224015537,-35.067510284072284],[138.7484322557441,-35.06748728840756],[138.74795625627632,-35.06747727985254],[138.7477842564383,-35.06750127466404],[138.7475532475844,-35.06756228736964],[138.74743823958318,-35.067598307016226],[138.7473812477465,-35.067622301827726],[138.74736623986018,-35.067622301827726],[138.74703625611835,-35.067765306623585],[138.74699324784012,-35.0678013073844],[138.74677827209962,-35.06795630014307],[138.74674927975548,-35.06797929580779],[138.7466772800325,-35.068027303417296],[138.74659129585166,-35.06806330417811],[138.74651929612867,-35.068075292140975],[138.74651929612867,-35.06808729898961],[138.74607228810567,-35.06813632373229],[138.7459282877603,-35.06817232539248],[138.74588528038146,-35.06819631930466],[138.7458282876454,-35.06826732257883],[138.7458142717113,-35.06826732257883],[138.7458142717113,-35.0682793105417],[138.7457712958087,-35.068339324100464],[138.74567232002164,-35.06862331831144],[138.74565830408756,-35.06878931877202],[138.74565830408756,-35.0688133126842],[138.74568931181238,-35.06909732488157],[138.74568931181238,-35.069145313605304],[138.74576230438686,-35.06931031581837],[138.7457933121117,-35.069618321927976],[138.7457943040639,-35.06980831720006],[138.74576630367199,-35.06995032284908],[138.74573830417944,-35.07002132612325],[138.7456373121123,-35.07014031812116],[138.7453223362569,-35.07041433974996],[138.74519334379784,-35.07053333174781],[138.74502134395993,-35.07074733981784],[138.74492134384502,-35.070842337903514],[138.7448063358438,-35.07090133432905],[138.74463334405368,-35.070926346273836],[138.74408537633906,-35.07092836255384],[138.74397036833784,-35.07090534890267],[138.74339337590368,-35.07074136472215],[138.74313337560488,-35.07062437011854],[138.7427433917942,-35.070471375653426],[138.7426413762986,-35.07041237922789],[138.74223737565444,-35.07020136769893],[138.7420633919121,-35.07003536723835],[138.7420343680917,-35.0700123904594],[138.74187539223567,-35.06989439760832],[138.74155638382013,-35.069682387831904],[138.74151337644128,-35.06967039986904],[138.74132537586547,-35.06954139931611],[138.7411663676338,-35.06947039604188],[138.74097836795738,-35.069352384305034],[138.74084838444548,-35.06928239906341],[138.7408333756598,-35.069270392214776],[138.7404433918491,-35.069094420071394],[138.74003939210434,-35.06895341356915],[138.73941836796337,-35.06877842168677],[138.73908636794158,-35.06867343483111],[138.73861039995006,-35.06859142385508],[138.73852441576923,-35.06859242300186],[138.73807740774623,-35.06857044536969],[138.73758742382063,-35.06860744527734],[138.73738640016234,-35.06865545288679],[138.73727142363737,-35.068727454408474],[138.73715641563615,-35.06883445844346],[138.73699945606006,-35.06913147573698],[138.73687145555334,-35.06928547024819],[138.7365844477141,-35.069535460193265],[138.73652643244895,-35.06957146185346],[138.736225440152,-35.0698214706843],[138.73598147206735,-35.07000047624092],[138.7359674876095,-35.070023490791414],[138.73578147183753,-35.07020247836164],[138.7356954876567,-35.070332477162026],[138.73555248016294,-35.07052249131988],[138.73553846422885,-35.07054648523206],[138.73545347200024,-35.070795476929675],[138.73543948844167,-35.07092649376261],[138.73542547160832,-35.07099747815107],[138.73545551975644,-35.071163478611595],[138.73551350444473,-35.07131749110931],[138.7355575037758,-35.07139948319957],[138.73560051205402,-35.07145847962511],[138.7357605122379,-35.07158847932482],[138.73587552023912,-35.071670490300846],[138.73597651230625,-35.07170649106166],[138.73604950398146,-35.0717414926757],[138.73616451198268,-35.07178848315192],[138.73628051193612,-35.07181147881664],[138.73651049556304,-35.07182248561918],[138.73681347176432,-35.07184546329745],[138.73692947171776,-35.07186845806285],[138.73718848006433,-35.07195046903888],[138.73737647974076,-35.072044467078456],[138.73755046438248,-35.07211447120585],[138.7376074876954,-35.07211447120585],[138.73808348806256,-35.07219544616288],[138.73844448042848,-35.072265450290274],[138.73848748780733,-35.07227745623959],[138.73858847987447,-35.07232344756903],[138.73866147244905,-35.072371455178484],[138.73869046389382,-35.072394450843206],[138.7387774724025,-35.07253645649223],[138.7387924802888,-35.07258344606913],[138.738793472241,-35.0727374405804],[138.7385934720112,-35.07312945506027],[138.73846550387998,-35.07341444841802],[138.73845152032152,-35.07350944560437],[138.73845152032152,-35.07354444721841],[138.73848051176628,-35.07360344364395],[138.73859750367194,-35.0737934578018],[138.73859750367194,-35.07380544576466],[138.7387715197899,-35.07406544426482],[138.7388304964303,-35.07415944320371],[138.7389175040396,-35.074407453740946],[138.7389184959918,-35.07456144825221],[138.7387755199743,-35.074775456322186],[138.7387755199743,-35.07478744428511],[138.73869049626944,-35.074894448320094],[138.73860355161264,-35.07496545069495],[138.73847452767734,-35.07506144792745],[138.73835955205175,-35.075132450302306],[138.73827353639467,-35.07514445715094],[138.7382015357723,-35.07516846994889],[138.73802854398218,-35.07516946909567],[138.73798553570396,-35.075157462247034],[138.73763852779587,-35.0750054669287],[138.7376245442374,-35.074993460080066],[138.73737852839645,-35.074840464715635],[138.73723353609887,-35.07474646667606],[138.73716153637588,-35.07472247186456],[138.73685852779886,-35.074593490197344],[138.73671353640066,-35.07457049453268],[138.73662755221983,-35.07457049453268],[138.73645452805408,-35.07459548759164],[138.73635353598695,-35.074619482403136],[138.73626755180612,-35.07466749001259],[138.73611055985452,-35.07484547843603],[138.73605257606562,-35.074892486898705],[138.73589558411402,-35.075106476082965],[138.73586656029363,-35.07513050776669],[138.73575257572088,-35.075261506613174],[138.735723584276,-35.07528550142473],[138.7356665600638,-35.075427507073755],[138.73565257560597,-35.07548650349929],[138.7356245761133,-35.07568850472069],[138.735584608443,-35.076174500153],[138.73571561628273,-35.07650550192733],[138.73581760030208,-35.07668251008971],[138.73586159963315,-35.076765501326804],[138.73594860814183,-35.076871506215014],[138.73606460809526,-35.07697751110322],[138.73607961598157,-35.07700150591472],[138.7361665921146,-35.07710751080293],[138.73628160011583,-35.077190483154254],[138.73635459179104,-35.07728448119383],[138.73647059174448,-35.077367491316636],[138.73661561641768,-35.07750847983243],[138.73677459227372,-35.07763847863282],[138.73703561600098,-35.077957493343604],[138.73718060829844,-35.07815847743177],[138.7372825923178,-35.07832347874552],[138.73745760038798,-35.07863148485512],[138.73750159971917,-35.07882048098037],[138.73751663998098,-35.078938492717214],[138.7375026240469,-35.078998488289585],[138.73747462365498,-35.07904547786649],[138.7374596481443,-35.0790814786273],[138.73738864037352,-35.07916448875011],[138.7372886402586,-35.079247479087826],[138.73718764819148,-35.07931948150883],[138.73707264019026,-35.07935548226965],[138.73688563156668,-35.07939148392978],[138.73656864033057,-35.079404489025876],[138.73652464010013,-35.07940450791165],[138.7363666238207,-35.07939350020985],[138.73600563235414,-35.079288512454866],[138.73584662412247,-35.07925351084083],[138.73568764826643,-35.07919449552952],[138.7356016640856,-35.0791714998648],[138.73548566413217,-35.07910049659063],[138.7352686721116,-35.07903053023472],[138.73523967976746,-35.07901852338608],[138.73489267185937,-35.07875952313344],[138.73483568002268,-35.07871251467077],[138.73457363196758,-35.07836952493358],[138.73451564817867,-35.078275526894004],[138.73447164794823,-35.07818052880833],[138.73436963155336,-35.07801552749453],[138.73415264043206,-35.07777852375983],[138.73390563173962,-35.07755454490626],[138.73387664029474,-35.07755454490626],[138.73386262436065,-35.07753154924154],[138.73364563234009,-35.07740154954183],[138.73351564792893,-35.07733154541444],[138.73342864031952,-35.07729554465362],[138.7331406396289,-35.077332544561216],[138.7328676800994,-35.07741653494509],[138.7327816644423,-35.0774525357059],[138.73263766409696,-35.07753556381516],[138.7326086717528,-35.077571564575976],[138.73242265598083,-35.077714551385384],[138.7323216639137,-35.077785553760236],[138.73220665591248,-35.07788155009342],[138.73216368000988,-35.07789355694206],[138.73210665579757,-35.07796456021623],[138.73180569587623,-35.07825055182144],[138.731762687598,-35.07828555343548],[138.7316197115805,-35.07838056950766],[138.73138969557806,-35.07857158191291],[138.7312896963624,-35.07864258518714],[138.73115971195125,-35.07876157718499],[138.73114569601717,-35.07877358313431],[138.73111670367302,-35.07877358313431],[138.73085868817793,-35.07890558112763],[138.73080070438903,-35.07895257070453],[138.7307437440286,-35.0789765844018],[138.73068572786417,-35.078988572364665],[138.73062873602737,-35.07902459111193],[138.73049872013985,-35.079084605570074],[138.73035574412233,-35.07914360199561],[138.73025471967958,-35.07915658910525],[138.7301827199566,-35.07915658910525],[138.73002374410055,-35.07912160547767],[138.7298797437552,-35.079074597014994],[138.72973471998137,-35.078992604924736],[138.72969174407876,-35.0789805980761],[138.72957574412533,-35.07892160165056],[138.7293877444489,-35.07878061313477],[138.72935871972925,-35.07876860718545],[138.72922873621724,-35.0786746082465],[138.72902671970746,-35.07859261615624],[138.72896873591844,-35.07858061020693],[138.72869471968568,-35.0785696213909],[138.72855072023958,-35.07858160935376],[138.7284357437146,-35.078618609261355],[138.72827772833455,-35.07868961163621],[138.72817676774366,-35.07882062936852],[138.7281057599729,-35.078939639352825],[138.72803475220212,-35.07917662420181],[138.7280217596965,-35.079283628236794],[138.72797977574612,-35.07954362763627],[138.72796575981204,-35.07966263762057],[138.72795376015802,-35.0800416290179],[138.72793977570018,-35.080171628717665],[138.72792678409382,-35.08042063840168],[138.7278147843249,-35.081060627445936],[138.7278147843249,-35.08107263429457],[138.72771580763845,-35.08140463521568],[138.72767382368806,-35.08163063124857],[138.72758883235883,-35.08183163332319],[138.72750281580238,-35.08195064420681],[138.7273738242427,-35.08215264542821],[138.72724582373587,-35.08240165511228],[138.7272178242432,-35.08247365753323],[138.72707382389797,-35.08262765114512],[138.72695984022448,-35.082722649230845],[138.72691686432188,-35.082746643143025],[138.72685884815735,-35.082770656840296],[138.72665686402308,-35.082818645563975],[138.72651385562995,-35.0828426772477],[138.72632585595352,-35.0828316695459],[138.72625385623053,-35.082808673881175],[138.7261528641634,-35.08278567821645],[138.72590684832244,-35.0827146758416],[138.72574886441862,-35.08263266486557],[138.72573385563294,-35.08263266486557],[138.7251848635907,-35.08240968425946],[138.7251128638676,-35.08238668859474],[138.72499686391416,-35.082315686219886],[138.7247228476814,-35.08219869161627],[138.72459286416938,-35.08211568239278],[138.7245198715949,-35.082080680778745],[138.7243608642625,-35.08197469387699],[138.72430284809798,-35.081926686267536],[138.72412985630785,-35.081821680526105],[138.72391286428729,-35.08166770490061],[138.7237098558253,-35.08144370716133],[138.72326086389785,-35.08107770287364],[138.72299987164683,-35.08085370513436],[138.72275385580588,-35.08066570815589],[138.72260886440768,-35.080535727341896],[138.72243587171818,-35.08034673121665],[138.7223918723871,-35.0803227184187],[138.72230486387843,-35.080263721093786],[138.72218985587722,-35.080205723815084],[138.72205884803748,-35.08012273257799],[138.72191484769212,-35.08007572411532],[138.721741855902,-35.079981726075744],[138.7214098558802,-35.079900751118714],[138.72119286385964,-35.079817741895226],[138.72106284797212,-35.07975974461647],[138.72048486358563,-35.079524739175326],[138.72018185590798,-35.079430759122204],[138.72013884762976,-35.079430759122204],[138.71971990385055,-35.07934976617872],[138.7195628804227,-35.07933476278902],[138.71930188817169,-35.0793397576237],[138.71921590399086,-35.079375758384515],[138.7191679035759,-35.07939475836139],[138.71911289564366,-35.07940576516387],[138.719050880194,-35.07942876082859],[138.71901488033257,-35.079458786493774],[138.71898588798842,-35.07949878384176],[138.71896390406096,-35.079560776808364],[138.7189658879654,-35.0796247869543],[138.7189698881499,-35.07973678582397],[138.71898390408398,-35.07981478222638],[138.71905887966363,-35.080115777221295],[138.71907788773444,-35.08022877523774],[138.71910688007847,-35.08030778877338],[138.719164896243,-35.08041679020266],[138.71926591978638,-35.08060075462106],[138.719295935559,-35.080646763936954],[138.71944393608885,-35.0808117652507],[138.71948992022374,-35.080864767694834],[138.7195369277871,-35.08093175639539],[138.7196069121294,-35.08105875865476],[138.71965491164497,-35.081160767855124],[138.71968492831684,-35.08129076755483],[138.7197109124287,-35.08137675533294],[138.71974592033803,-35.08143477149747],[138.71974592033803,-35.081446759460334],[138.71980393560318,-35.081528770436364],[138.71987692817777,-35.08161176077408],[138.71989891210512,-35.08164276670027],[138.7201349121965,-35.0818137628948],[138.72026892826852,-35.081946759135576],[138.72040291196492,-35.0820777570828],[138.720585920404,-35.08228976775854],[138.72076092757482,-35.0825227380339],[138.72081392012637,-35.082593741308074],[138.72097392031026,-35.08292074739455],[138.720990912101,-35.0831507391153],[138.72073894364735,-35.083302772205116],[138.72047395211132,-35.083516761389376],[138.72032995176596,-35.08365776879094],[138.7201939517895,-35.08372575573901],[138.7199839681856,-35.08383176062722],[138.71982896013844,-35.08395376805191],[138.71965398444388,-35.08408178834384],[138.7193520001947,-35.08421978031856],[138.7190509764215,-35.08428277243195],[138.71855600035917,-35.0843448031701],[138.71791599962376,-35.08437580909629],[138.71767100811064,-35.08438879620593],[138.71750300755787,-35.0843598065598],[138.71736003243961,-35.08429581529958],[138.71721900795092,-35.084233821433656],[138.71698403218738,-35.084230824892586],[138.71681702358683,-35.08427581617593],[138.71667001590856,-35.08437782537629],[138.71652003237364,-35.084550818965056],[138.71623103973081,-35.084860842254045],[138.71590505617348,-35.085337846264565],[138.71582505608148,-35.0854728407989],[138.7157360636685,-35.085622838723],[138.715588064038,-35.08589182864495],[138.7154600959068,-35.08616583228729],[138.71537209634528,-35.08642285223283],[138.71531907231736,-35.08677585142436],[138.71537408024972,-35.08704685762632],[138.71560409625215,-35.08725083825556],[138.7159040956975,-35.08734084060728],[138.7162220797852,-35.08736683371234],[138.71662307219708,-35.08738583278989],[138.71712908833683,-35.08731181408888],[138.71752505623647,-35.08726582365881],[138.71842905565643,-35.087205791214274],[138.71890105583907,-35.0871457956419],[138.71919503971935,-35.08712278109141],[138.71963603217716,-35.08707878805558],[138.72009001624133,-35.08704278729476],[138.7205000315513,-35.087109757109545],[138.72084403212648,-35.087279754157294],[138.72114201619115,-35.08753977154316],[138.72127100775083,-35.08787576815212],[138.72127500793533,-35.08817676314703],[138.72125705566862,-35.08839476780423],[138.72128703996498,-35.0887387566882],[138.7213440641773,-35.08907275590292],[138.72139705582947,-35.08932176558699],[138.72143503959546,-35.08947076436425],[138.72149606399228,-35.089857766023044],[138.72150908797414,-35.09015976016474],[138.72142908788214,-35.09047875509043],[138.72132307220204,-35.09074776389815],[138.72112307197222,-35.09096177196818],[138.72081408020574,-35.09106775886994],[138.7204671037739,-35.09103878721021],[138.72015212791848,-35.090940774597016],[138.71981212842707,-35.09076278617363],[138.71952211235566,-35.090709801715946],[138.71923411166495,-35.090818804044545],[138.71898511996733,-35.091057805173534],[138.7189541122425,-35.09143379913047],[138.71903715204303,-35.091774791473426],[138.71931913626918,-35.092095803578445],[138.7196361598809,-35.092218791264145],[138.7199921601101,-35.09231177217049],[138.72031212810225,-35.09234979011069],[138.7206961278241,-35.092374783169646],[138.72080710416458,-35.09249477431433],[138.72069711977633,-35.09273077890231],[138.72057014359734,-35.09292678614224],[138.72034816033943,-35.0931697838584],[138.72008015967174,-35.09334277744716],[138.71984214419967,-35.09364279218107],[138.71971817625285,-35.094002801587976],[138.71969516799766,-35.094347808504494],[138.71981718441555,-35.09467879229237],[138.71985817641382,-35.09503380686465],[138.71991017611379,-35.095415794803046],[138.71992720028015,-35.095691796739004],[138.71991519972676,-35.09606880782917],[138.71991721600682,-35.09637379941125],[138.71994720030307,-35.09666380469076],[138.72003721614465,-35.09695279373642],[138.7201522556221,-35.097305792028635],[138.72016025599112,-35.09771980392577],[138.72012323180172,-35.09799980065026],[138.71999923237877,-35.098392796290454],[138.71999024005754,-35.098534802838856],[138.71998623987315,-35.09860280867264],[138.7197652800437,-35.098640807727065],[138.71945027181266,-35.098729810932014],[138.71907926369715,-35.098788826243265],[138.71870428777277,-35.09886782089319],[138.718389280441,-35.0989658344057],[138.71803331168803,-35.09914483996238],[138.71781232038234,-35.09927483966209],[138.717596320314,-35.099465833181625],[138.71737129644828,-35.099707831751005],[138.7172023363188,-35.10000684733808],[138.71706835172313,-35.1002758561458],[138.71700233608897,-35.100556852916384],[138.71689334365294,-35.10085385132413],[138.71683235163175,-35.10115184977798],[138.71681337593657,-35.10141284742491],[138.71678537644402,-35.101645854572496],[138.71633936037324,-35.10240387423937],[138.71617440042826,-35.10272187091755],[138.71625740785316,-35.10304787785725],[138.71642441555434,-35.103433880369266],[138.71711740794206,-35.10424384667613],[138.7170894084495,-35.10452486233248],[138.7170344319935,-35.10475984888785],[138.71690144024933,-35.10516187282212],[138.71652844822938,-35.10560487346612],[138.7160884800993,-35.106063876646544],[138.71568646425897,-35.106459887713584],[138.7152615040153,-35.10692890034841],[138.71491251220277,-35.1073769147128],[138.71435151960702,-35.10794591936866],[138.71388153570433,-35.108370938068276],[138.71347756833518,-35.1087959387815],[138.7132755518253,-35.10953893527358],[138.71217059169953,-35.110727948735814],[138.7121306240291,-35.11102994287751],[138.7122366397092,-35.11142795223816],[138.71248361602613,-35.11178194967721],[138.71289264028314,-35.112102942896456],[138.71334761629953,-35.11234692087368],[138.71397263972563,-35.11250093337134],[138.71457763165245,-35.11260090740592],[138.71511759989733,-35.112714904569145],[138.7155635835926,-35.112851915383544],[138.71621158379764,-35.11336188674164],[138.71654463962352,-35.113967891305094],[138.71639763194526,-35.114604901794735],[138.71532966363316,-35.1150149171047],[138.7148316478623,-35.115075929810246],[138.7143156483486,-35.11507692895708],[138.71357868810605,-35.115092950379335],[138.71304470395,-35.11525994908732],[138.71254969641143,-35.11581297009246],[138.71259571202256,-35.116411962641905],[138.71296073604924,-35.11716295230838],[138.71280076824098,-35.11793997015343],[138.71117577604127,-35.11917998866551],[138.71014483191857,-35.11986400761782],[138.70828284767538,-35.120351038169815],[138.70656889633756,-35.12021606252125],[138.70461392039613,-35.1197630901944],[138.7038949124203,-35.11953609501472],[138.7030949124004,-35.11968211523737],[138.702791936199,-35.1200001119156],[138.70249993622315,-35.12028813868659],[138.70218995160508,-35.120545140645675],[138.70183695960804,-35.12079413234329],[138.7015909761427,-35.1208561253099],[138.70135897623584,-35.120914160360144],[138.70127897614395,-35.12093415858453],[138.70034697633196,-35.121033170344504],[138.69980502418264,-35.121128168430175],[138.69930502360796,-35.12129017230359],[138.69893702372474,-35.12146518217236],[138.69851100767687,-35.121560180258086],[138.69804604828653,-35.12157819907458],[138.69779404835674,-35.12151320866758],[138.6973370560604,-35.12149520783754],[138.6972340477132,-35.12150519840611],[138.69682003221874,-35.121453231081716],[138.69657004766964,-35.12141121835299],[138.69630403180565,-35.1213562176153],[138.69606303957767,-35.12130423230445],[138.6959200320839,-35.12122721706237],[138.6946910716357,-35.12066324411336]]]},"properties":{"School_Name":"Heathfield High School","ENTITY_CODE":926,"zoneType":"secondary"}},{"type":"Feature","geometry":{"type":"Polygon","coordinates":[[[138.6713007358403,-34.9390782519597],[138.67225977556825,-34.94089423048433],[138.67220076835088,-34.941094234311436],[138.67173878391782,-34.94115125132913],[138.6715517761936,-34.941544246070066],[138.67174681576296,-34.94210823790479],[138.67177680005932,-34.94219424366935],[138.671955808314,-34.94256624193849],[138.67242480026437,-34.9434562398136],[138.67191785602427,-34.94368223584644],[138.67195385588582,-34.944075250372464],[138.67264684827353,-34.9448942449734],[138.6725228479511,-34.945049237732064],[138.67195385588582,-34.94493923715601],[138.6718298555635,-34.944927267179594],[138.67193987232736,-34.946676257902936],[138.67228086377088,-34.94685126777176],[138.67238390359432,-34.94744226894551],[138.6719819201296,-34.948141254415305],[138.6719929278314,-34.94854425771126],[138.67199395215926,-34.948573266243216],[138.67208195172077,-34.94862626868729],[138.67239798427966,-34.951120253297006],[138.67247996827598,-34.951208258254496],[138.6725679678375,-34.95130225629407],[138.67286095976556,-34.95164826235737],[138.6740249603837,-34.95295425063813],[138.67419699169784,-34.953149240744835],[138.67669401601609,-34.95585821458491],[138.6766190080608,-34.95586320941953],[138.67664703992898,-34.95782520816675],[138.67669011205908,-34.9607902037049],[138.67695910377972,-34.96124820773855],[138.6773541435789,-34.96192220014939],[138.67743014438577,-34.962034199019],[138.6775081281976,-34.96215121160907],[138.67759014367027,-34.96227320014805],[138.67767014376216,-34.9623921921459],[138.67775014385415,-34.96251118414381],[138.67783113589826,-34.96263119417421],[138.67790812775797,-34.96274519133749],[138.67798812784986,-34.96286418333534],[138.67806713598964,-34.96298219417287],[138.67814911998596,-34.963104183611165],[138.67832812824054,-34.963370194978495],[138.6784601280325,-34.96356618423198],[138.67857913621822,-34.96374419064182],[138.67871513619468,-34.963946192762535],[138.67903414371085,-34.96442116160728],[138.68028716821834,-34.966267146911264],[138.6809201596377,-34.96720515239582],[138.68124220776178,-34.96768215640634],[138.68593427214898,-34.97462707467969],[138.6852383039046,-34.97619310013141],[138.68514428787864,-34.97612209685724],[138.68493129604258,-34.976079102968185],[138.6837843195907,-34.976155119063435],[138.68301932837937,-34.97619913098504],[138.68252832012593,-34.97617515505931],[138.68235232010352,-34.97616714479784],[138.68190134427164,-34.97609915695051],[138.68010035204964,-34.97569219393955],[138.6778653757865,-34.975413232334745],[138.6753384004469,-34.97448627142427],[138.67533788783328,-34.97448608616389],[138.6753380164364,-34.97448599443305],[138.67425340796842,-34.974087281802554],[138.67387340843106,-34.974041272486716],[138.67358940792485,-34.974093275784014],[138.6732089920015,-34.974246992404744],[138.67281401605408,-34.974709992172336],[138.672315008331,-34.97548599288422],[138.67183001564274,-34.97579100245275],[138.67149299200798,-34.97586400312122],[138.67121199973406,-34.975701000101026],[138.6711790081048,-34.97539700766572],[138.67082601610787,-34.974162003773415],[138.6705000001749,-34.973900006080385],[138.66965727965976,-34.973566729021286],[138.66924201590632,-34.97281500011212],[138.66886899241013,-34.97253300419476],[138.66851299218092,-34.97246799580131],[138.66798700839377,-34.97249700343394],[138.66720793559784,-34.972843693881316],[138.66677600021228,-34.973161005276154],[138.6663830081693,-34.973546008641335],[138.6661160003532,-34.9738749941356],[138.66590499242147,-34.97444000310361],[138.6655190078959,-34.97457000280332],[138.66514000031088,-34.97448399613944],[138.66500889624365,-34.97425457728684],[138.66494099203317,-34.97393099402012],[138.66496400028848,-34.97331834796336],[138.66498899244812,-34.97224299891525],[138.66441481579113,-34.971470660242744],[138.6643766719459,-34.971377217084864],[138.66437900838457,-34.97103300606835],[138.66472499196482,-34.970627005332005],[138.66559401585118,-34.97025099248924],[138.66590601585006,-34.96933400326162],[138.666199007778,-34.96910399265511],[138.6667679998434,-34.969213993231165],[138.6671430081434,-34.969455991800544],[138.66742899165467,-34.96946200466772],[138.66756201577448,-34.968149004373004],[138.66783900786402,-34.96762399275303],[138.66822499238958,-34.967473994828936],[138.66870099185735,-34.96750300246157],[138.67057001599346,-34.968068991690586],[138.6710460163606,-34.96809799932316],[138.6711563200082,-34.96805831673788],[138.67113532803307,-34.96795932386368],[138.67087731163872,-34.96779731909095],[138.6684703679132,-34.96688735986373],[138.66632137583088,-34.966983393069086],[138.66591238394938,-34.967093412530915],[138.66510643221613,-34.96776540664814],[138.66192447973106,-34.968960469849776],[138.66145747168503,-34.96914948396147],[138.66044752043683,-34.96955949927144],[138.65906854407808,-34.970444521197635],[138.65835254433455,-34.97073554450975],[138.6575489281406,-34.971227810914684],[138.6559176002171,-34.972227569246854],[138.65439663979316,-34.9727046101296],[138.6527920640026,-34.97286359947549],[138.6520912960765,-34.972841233336226],[138.6516077441022,-34.972780331247236],[138.65155769593093,-34.97277165458814],[138.6514027202594,-34.97259464642576],[138.65053868761038,-34.9704126636135],[138.65012764797268,-34.96865766182157],[138.64917164795327,-34.967650669342845],[138.64867961627135,-34.96655169510461],[138.64802662392958,-34.96572868593006],[138.64733760025013,-34.96508168577111],[138.64721462425553,-34.965025704772415],[138.64686262421083,-34.964862700852905],[138.64547260777465,-34.96421472043295],[138.64423760028512,-34.963637723502075],[138.64093968022212,-34.96381678481674],[138.64042668804132,-34.96384477531609],[138.63992771179448,-34.96387178555443],[138.63907369579454,-34.96391779487027],[138.63866470391304,-34.963938792241436],[138.63685875192994,-34.96403584347934],[138.63685875192994,-34.96402683407109],[138.63677571212952,-34.96296384260722],[138.63672569633388,-34.96231081069533],[138.63669171185313,-34.961890823702504],[138.63658067166068,-34.96048582276245],[138.63648764758693,-34.95931982385076],[138.6364866556347,-34.95931081444252],[138.63626464000117,-34.95934583494227],[138.63618063972478,-34.95836381753611],[138.63601862416022,-34.95636781542231],[138.63601759983248,-34.95635882489978],[138.63485062425696,-34.95641684016499],[138.63416563223825,-34.95644986327051],[138.63390364803502,-34.95646484777444],[138.63329763178035,-34.95649485455385],[138.63275065601806,-34.95652286393897],[138.63259865620307,-34.95653087420044],[138.6313636801898,-34.956593885199595],[138.63008771217824,-34.95665789534553],[138.6297727039472,-34.95667191847423],[138.6288087035589,-34.9567229046383],[138.62825673565987,-34.956751931156646],[138.62786972770584,-34.95677192938098],[138.62586975958186,-34.95687393858134],[138.62354979198938,-34.95697398636031],[138.62228883186413,-34.95703300167162],[138.62099084844897,-34.95709401437722],[138.61983088039085,-34.95714603656029],[138.61884086441444,-34.957191046729406],[138.6177408964253,-34.957240053485634],[138.61689689617492,-34.95727807142583],[138.61617692772313,-34.95731407218665],[138.61481097624562,-34.95738609259405],[138.6124119996142,-34.95750913603774],[138.6101630397925,-34.95762514948103],[138.60807305582694,-34.95773318953502],[138.60801507203803,-34.95705518255062],[138.6079930242587,-34.95680017888509],[138.60792201558866,-34.95616918126268],[138.6078890239594,-34.95574018486161],[138.60787104021642,-34.955511191388325],[138.60782099204516,-34.954867187770446],[138.60781199972405,-34.95475019406615],[138.60773199963216,-34.95372516478449],[138.60772400016253,-34.95363316413915],[138.60771299156136,-34.95363316413915],[138.60418803225195,-34.95382922713708],[138.6036730561667,-34.953807230619134],[138.60229507176018,-34.95387523645297],[138.6014820801339,-34.95391527067318],[138.60135708785936,-34.95392126465458],[138.6009080959319,-34.953944260319304],[138.59999212833407,-34.95399028762165],[138.60005375977323,-34.95453777689687],[138.5983605441039,-34.954620546001365],[138.59831897564027,-34.95385120476925],[138.59727334378988,-34.95389989676278],[138.59729216030507,-34.954347319373255],[138.59444617565055,-34.95450736272454],[138.5944554881304,-34.95473176785674],[138.5899284484392,-34.95495998431579],[138.58990099213713,-34.95464200562401],[138.5867441604147,-34.95478933975619],[138.5867300158776,-34.954790006153814],[138.5865283204257,-34.954590446591794],[138.58601331196485,-34.95372644092248],[138.58555830357295,-34.95296446333924],[138.58550531192066,-34.95286247212533],[138.58508127977734,-34.95198046652524],[138.5852982717979,-34.9518714641967],[138.58934191959395,-34.949832116558866],[138.58954854422996,-34.94972470603034],[138.5900273603744,-34.94948302222366],[138.59127916809916,-34.94884136763494],[138.59183411185484,-34.94853937439257],[138.59304883243772,-34.94792961426026],[138.5942700479244,-34.94730732926979],[138.59450534384655,-34.94719422063673],[138.59468931186234,-34.94710331176839],[138.59505445459945,-34.94692487907986],[138.59547555225504,-34.94671910340384],[138.59641548768468,-34.946151024150424],[138.596590719686,-34.946042521844845],[138.59742601629773,-34.945403254056885],[138.59756460812025,-34.94529789668053],[138.5977675077644,-34.9451131084831],[138.5977687362382,-34.94511198972651],[138.59784284756938,-34.94504387327606],[138.59803161616617,-34.94486725362083],[138.598365984103,-34.944498474924615],[138.5987552961201,-34.944056714445765],[138.59877923157637,-34.94402955492001],[138.59902099182534,-34.94369699911715],[138.59921193588218,-34.943441236423894],[138.59936300759682,-34.94323000366171],[138.5995417604439,-34.94292673338202],[138.59970019041157,-34.942672444677555],[138.5997260162427,-34.94263099222644],[138.5997335516621,-34.942616141721544],[138.5997595195862,-34.9425649658005],[138.59976710266972,-34.94255081137078],[138.59980489577936,-34.94248027214678],[138.59982019234803,-34.94244653497958],[138.5998749241885,-34.94232581718268],[138.59987795220582,-34.94231913791782],[138.60001545494936,-34.9420012833325],[138.6001299521356,-34.94173660925708],[138.60023299195905,-34.941489005213384],[138.60027500828505,-34.94134000643612],[138.60062630416064,-34.94132052622126],[138.60079509251955,-34.94130751932653],[138.6013568315526,-34.94126423045981],[138.60215382423962,-34.941220200551754],[138.60376879979037,-34.94113918872256],[138.6051967676168,-34.941068167461935],[138.60673974434383,-34.94099015307307],[138.60784572789805,-34.94093513434893],[138.60974169572273,-34.94084011827681],[138.6106476799465,-34.94079508922192],[138.61171366435417,-34.94074108763107],[138.6127346556799,-34.94069607656263],[138.61371465590673,-34.94064105783849],[138.61462761617156,-34.94059606565588],[138.61547982723232,-34.940572337943024],[138.61578572802898,-34.94056382046392],[138.61624338402498,-34.940534048407585],[138.61690931221506,-34.9404907271653],[138.61781983981382,-34.940449989675244],[138.61851390869003,-34.94042824406819],[138.6187769918647,-34.940420001781604],[138.61930925561774,-34.94038960739442],[138.61981273566926,-34.940360856967914],[138.62089920033793,-34.940312257604546],[138.62106569632488,-34.94030006639491],[138.6227038878742,-34.940241150009],[138.62392301603438,-34.940197304462004],[138.62395094358124,-34.94019629991925],[138.62451100807664,-34.94024299361922],[138.62446745570855,-34.94010193135898],[138.62447673671204,-34.9401045007221],[138.62447684193273,-34.94010452950039],[138.62447699211953,-34.94010699993805],[138.62470943988876,-34.94016891916027],[138.62575446379753,-34.9401129012893],[138.62653740817495,-34.94002989206581],[138.62753142433587,-34.939979886162746],[138.62865839986534,-34.93992286914505],[138.62966937634076,-34.93987184610876],[138.6309293436144,-34.9398088351096],[138.63196831958237,-34.93975681382585],[138.63296131231482,-34.93970682680856],[138.63359632001425,-34.93967480284982],[138.63405529621502,-34.93965079005187],[138.63406630391682,-34.93965079005187],[138.63535529591024,-34.9395857807591],[138.63651225573608,-34.93952676634717],[138.63711126357407,-34.93949675866844],[138.63876223988552,-34.93941374944495],[138.63885923176815,-34.939408735724555],[138.64020220826535,-34.939340729890716],[138.64061219209907,-34.939319713633836],[138.6424451516225,-34.9392276950021],[138.64375414363883,-34.939161668576105],[138.64390111984085,-34.93915367630109],[138.645271136254,-34.93908465333402],[138.64659609573334,-34.939017627761245],[138.6477850561355,-34.93895761330316],[138.64794607974784,-34.93894962192746],[138.6489660800206,-34.93889861687762],[138.6493320636239,-34.9388795989143],[138.65004303975456,-34.93884759384133],[138.65043603179754,-34.93882359992915],[138.6513830403951,-34.938781586301104],[138.65205001629533,-34.93874255122773],[138.65254120171517,-34.93871779558975],[138.65343900840355,-34.93867254710034],[138.65346278378047,-34.938671159446415],[138.6549399679053,-34.93859653010571],[138.65595692757017,-34.93854450882196],[138.65622995185083,-34.9385314848401],[138.6576629441896,-34.93845846528592],[138.65773193568032,-34.93845446869875],[138.65863491167192,-34.93840943964386],[138.66016055126852,-34.938332541313684],[138.66016287961327,-34.938332424401835],[138.66135987186067,-34.93826140314121],[138.66256083191695,-34.938189400720205],[138.66441481579113,-34.93807936327198],[138.66476780778817,-34.93805934616188],[138.66562182378823,-34.938010339405594],[138.6672447682315,-34.93791730274131],[138.66906275224426,-34.93781327726089],[138.6694227517587,-34.93785225657632],[138.669770751619,-34.93799326397789],[138.6713007358403,-34.9390782519597]]]},"properties":{"School_Name":"Glenunga International High School","ENTITY_CODE":927,"zoneType":"secondary"}},{"type":"Feature","geometry":{"type":"Polygon","coordinates":[[[138.50116201611422,-34.86043099669308],[138.50227280024956,-34.86088322887787],[138.50308777578027,-34.85940822381042],[138.50430576000292,-34.86020820134735],[138.50465878437547,-34.860440209348155],[138.50495276825575,-34.86063617971587],[138.50573878381783,-34.86114918538658],[138.50700774431198,-34.861984163638226],[138.50713673587177,-34.86206817290781],[138.50777772766003,-34.862489177033865],[138.50928972813847,-34.8634831446314],[138.5109987520908,-34.864606131667585],[138.51183772782895,-34.8651571175069],[138.512485728034,-34.86562111642132],[138.51370774391728,-34.8664090862103],[138.5144877439143,-34.86691210131238],[138.51460172758777,-34.86698610112762],[138.51635974390717,-34.86811905984666],[138.51818272005653,-34.86929403219381],[138.51847872021688,-34.869486043745894],[138.5187507201697,-34.86966103472895],[138.5192447042798,-34.870143033574095],[138.51928070414124,-34.870177036940674],[138.52045369618122,-34.87096101194112],[138.52088969560305,-34.87125201636741],[138.52222272020242,-34.872142995402896],[138.52307670382686,-34.87271298031976],[138.5235376963077,-34.873021985576145],[138.52445971184625,-34.873637979808905],[138.52452969618855,-34.87368498827152],[138.52519072037546,-34.87412597263551],[138.52564070425512,-34.87442696763043],[138.52813369601336,-34.876091931097676],[138.52816070355368,-34.87582392143679],[138.5295107199438,-34.87670392964259],[138.52952070421713,-34.87670992362405],[138.52936771155066,-34.87676192692135],[138.52915769557126,-34.87683892417698],[138.5289647037581,-34.87691592143261],[138.52870371240647,-34.87701892888043],[138.5279157444162,-34.877399955443536],[138.52774873581552,-34.87748694236848],[138.5271367363714,-34.877852945756786],[138.52646576028667,-34.878316962657664],[138.5261527683357,-34.87856295781421],[138.52588281613907,-34.87880097868219],[138.52554879983734,-34.87911897536037],[138.525252799677,-34.879400989264184],[138.52466383996432,-34.880047009162126],[138.52287388781974,-34.88197402428176],[138.5227079044463,-34.88215301185198],[138.52242588784452,-34.88246203599414],[138.52239190426303,-34.88248904623248],[138.52226793631633,-34.882630034748274],[138.52172393641058,-34.88322303331631],[138.52083395202533,-34.88418105591097],[138.5207299517259,-34.88429405392742],[138.5186580477308,-34.88654210003784],[138.51858905624,-34.886616099853086],[138.51638713635737,-34.889005134479305],[138.51380022390128,-34.891811158658015],[138.51368921608457,-34.89170816919659],[138.51370422397088,-34.89185816712069],[138.51370822415527,-34.891911169564764],[138.51382425558495,-34.89368519021929],[138.51398332766848,-34.89601619069458],[138.5141173437405,-34.89798118688225],[138.514155359882,-34.89854218037726],[138.51416435220312,-34.898674178370584],[138.51424937590798,-34.899921189111524],[138.51438342435563,-34.90188720243242],[138.51440742366378,-34.902233207596396],[138.51446345592376,-34.90306221165173],[138.51451644757606,-34.903836196083546],[138.51457548806843,-34.904634212199085],[138.51470451200373,-34.906374210601314],[138.51208553601873,-34.90649923435217],[138.5108325762625,-34.906559266796705],[138.5095185597338,-34.90662127864903],[138.50939356835852,-34.90662727263049],[138.50677164799322,-34.90675031607418],[138.5056116475596,-34.9068063339451],[138.50523363192667,-34.9068250002735],[138.50405065561336,-34.90688334918718],[138.5017277121642,-34.90699137125472],[138.50135769600092,-34.907007391777654],[138.50129369574756,-34.907010389218044],[138.49947673606255,-34.90709741301515],[138.49902671980738,-34.907120426666324],[138.49890671966944,-34.90712642064773],[138.49798876816715,-34.90716541884893],[138.49789075195667,-34.90717045055578],[138.4966137596174,-34.90723446070177],[138.49634175966457,-34.907247466697186],[138.49533779160583,-34.9072974905867],[138.49523280025358,-34.907302485421326],[138.49416678436967,-34.90735550675117],[138.49407279981995,-34.907360501585856],[138.4932208315762,-34.90740051692029],[138.4928088323618,-34.90743152284648],[138.4920788157848,-34.907457533937986],[138.49106684825654,-34.90750753984105],[138.49036787177988,-34.90754156119402],[138.4898538561706,-34.90756555510626],[138.4897448637346,-34.907148565553825],[138.4893308158645,-34.905283580272965],[138.48906982361348,-34.90451157524893],[138.48898783961715,-34.90433858166017],[138.48889980768,-34.90397657395965],[138.4884648002104,-34.902595567831156],[138.48844780841966,-34.90253956794663],[138.48841078423038,-34.90242457163663],[138.48833977556023,-34.90190956857168],[138.48828076834286,-34.90166457346123],[138.48824476758205,-34.90105956804456],[138.4882177600416,-34.90086158139684],[138.4881987519709,-34.90077957042081],[138.48804675215592,-34.90037057224407],[138.48793273610693,-34.899439578773524],[138.48775471980457,-34.89859457218171],[138.4877447364305,-34.89854256888441],[138.48771174390197,-34.8983475787777],[138.48736870380276,-34.89749358166341],[138.48697868761644,-34.89652057456482],[138.48688668787042,-34.89631158021518],[138.4865656640742,-34.8953765712717],[138.48650166382083,-34.8949605808661],[138.48645267235304,-34.894399567585936],[138.48647664018483,-34.89363457457591],[138.48596364800403,-34.891775602162284],[138.48583961620534,-34.89120559835965],[138.48560761629847,-34.89055158618669],[138.4852726080445,-34.889697589072455],[138.48488156842973,-34.88853458670178],[138.48409955215266,-34.88652659662512],[138.48400054398996,-34.88619159916294],[138.48360953585143,-34.8850296139255],[138.48346150384543,-34.88450360315869],[138.48328249559074,-34.88399661125459],[138.48323951968814,-34.8838766201099],[138.4826974722106,-34.88193661788057],[138.482518463956,-34.88136461578432],[138.4824594882149,-34.881147611173276],[138.4823164483455,-34.88008060513579],[138.48199644797774,-34.878757614272445],[138.48192639978356,-34.878188609616586],[138.48179641627166,-34.877770620917374],[138.48171414359297,-34.877432995636184],[138.48225635204903,-34.877415513714936],[138.48275440019552,-34.877418584899715],[138.4832365762071,-34.87740531989954],[138.48322393623573,-34.87745375288836],[138.48414438425596,-34.87751957606753],[138.48482937627477,-34.87756858282381],[138.48476745615324,-34.877225425812696],[138.48669472038512,-34.876987035323396],[138.4862703042312,-34.875210535237954],[138.48610828776737,-34.874501541213135],[138.48587129572377,-34.87299253367843],[138.48576924785255,-34.87147653211622],[138.4858372159149,-34.871086533916355],[138.48589622403153,-34.870626531589096],[138.4860282238235,-34.87010651480375],[138.48626419243863,-34.869700514067404],[138.4865501759499,-34.869311514115054],[138.4868861761562,-34.86894049700629],[138.48741814403218,-34.86846950586295],[138.4879991681272,-34.867978478723785],[138.4886801275859,-34.86750349099327],[138.48928313560828,-34.866915468374145],[138.48968809582902,-34.866371457676564],[138.4898711042681,-34.866054441259394],[138.48994607984775,-34.86592544070646],[138.49005305600383,-34.86540644195367],[138.49002006437456,-34.86441345461719],[138.4899950398393,-34.86366844094573],[138.4899720315841,-34.862999444268894],[138.4900030402082,-34.86244444385596],[138.49018700822387,-34.86198142610186],[138.49051600001349,-34.8614004334832],[138.49097395188642,-34.86094942167841],[138.49134896018643,-34.860661413793196],[138.4914349758435,-34.860594407106134],[138.4919479356488,-34.86031540862916],[138.4925499202427,-34.860048398115055],[138.49354588793244,-34.85977137904587],[138.49470188818168,-34.85949535912346],[138.49586985570932,-34.85920833149925],[138.49683484804984,-34.85890532022432],[138.49734883218298,-34.85869029412174],[138.49786783992897,-34.85839729140184],[138.4984588159217,-34.85813627486914],[138.4991377599997,-34.857555282250416],[138.50132300825032,-34.85820200541815],[138.50080099227205,-34.858614999282736],[138.5006820155627,-34.85879500488551],[138.50063740828978,-34.859315076529526],[138.50063740828978,-34.85970960731248],[138.50064000013595,-34.85986700575768],[138.50073801634642,-34.86010500773989],[138.50097999962736,-34.86033500035995],[138.50116201611422,-34.86043099669308]]]},"properties":{"School_Name":"Seaton High School","ENTITY_CODE":941,"zoneType":"secondary"}},{"type":"Feature","geometry":{"type":"Polygon","coordinates":[[[138.74701759968252,-34.84066863035298],[138.74765164780536,-34.84180462338463],[138.74639270396017,-34.84468165083746],[138.74615078363183,-34.84706267430295],[138.745162816311,-34.84853368368249],[138.74511679980048,-34.84860268866311],[138.74492883160042,-34.84957168118808],[138.74594383973647,-34.85064068551918],[138.7462898242161,-34.85093067281224],[138.74707884801046,-34.8514036622492],[138.74735686442784,-34.851848680072465],[138.747583872198,-34.853270663810065],[138.74746889567302,-34.85398766809635],[138.74770492814002,-34.855593672010286],[138.74848892832142,-34.85675265980734],[138.74995993590244,-34.8576376259756],[138.75135292819516,-34.857995619102496],[138.75145894387526,-34.858022611354386],[138.75216694414917,-34.858687612343374],[138.75244992032765,-34.859248605838445],[138.75231894396416,-34.85995861789587],[138.75266297601559,-34.861319606914265],[138.75420700764732,-34.86292759023604],[138.7548559998046,-34.86339958052616],[138.7553609916165,-34.86429157669488],[138.75651398363345,-34.86554656082507],[138.75624803162145,-34.86658056264281],[138.75461708770854,-34.86861160414219],[138.7546000959178,-34.86863459980691],[138.75434310385117,-34.868830588161075],[138.75385311992557,-34.86914662431724],[138.75368713565285,-34.86922461982033],[138.75331212825222,-34.869307611057366],[138.75317113613903,-34.86930463250275],[138.75299712002118,-34.86923864294897],[138.75289113581732,-34.86913763289539],[138.75283404775314,-34.86901198141777],[138.75284399965096,-34.8689890037395],[138.75276713639425,-34.86886462839982],[138.75218812768003,-34.868024636427776],[138.75198012798057,-34.86764163045683],[138.75180608038636,-34.867187640097484],[138.75162009609062,-34.86679664275084],[138.75164409629804,-34.86673463089846],[138.75191708820307,-34.86633364388251],[138.75196809595093,-34.86605462651977],[138.75190409569757,-34.86599063525955],[138.75162409627512,-34.86584163558297],[138.7515920956987,-34.86582263650541],[138.75105910439424,-34.865695652232546],[138.7506340802986,-34.86564264978841],[138.7503311040972,-34.865546653455226],[138.75010310437483,-34.8654706742322],[138.74946409559163,-34.86521566966735],[138.74897910380264,-34.864971673703735],[138.748469119854,-34.86480469208283],[138.74814611215345,-34.86471768717149],[138.74782211160118,-34.86460968398967],[138.74719711965145,-34.86441571191551],[138.74670112016065,-34.86418971588262],[138.74642111983883,-34.86410272805841],[138.7460871359126,-34.8640387188118],[138.74559113642192,-34.86390871911203],[138.7453111361001,-34.86384472785187],[138.7451271357088,-34.863714746138555],[138.7449981117735,-34.86360674385611],[138.74491212759267,-34.86347774330318],[138.7449341124194,-34.86330474971436],[138.7449981117735,-34.86315375264354],[138.74514911963627,-34.863056720291354],[138.74536511970462,-34.86300271870044],[138.7455591358455,-34.86294873509598],[138.74581711986423,-34.86292771973842],[138.74607609583518,-34.86292771973842],[138.74630208017697,-34.86289471551868],[138.74657209622535,-34.86288370781682],[138.74700310440983,-34.86276571496575],[138.74752009587576,-34.862646686095616],[138.74781107242313,-34.86246368395183],[138.74794105593503,-34.86235568077001],[138.7480160638903,-34.8622256810703],[138.74805907216853,-34.86203169011037],[138.74804905641884,-34.861826692347904],[138.74799507191506,-34.86170768146428],[138.74788707233063,-34.861600696315065],[138.74772505586668,-34.861481685431386],[138.7475310721013,-34.86139569765328],[138.7472400640778,-34.861297684140766],[138.7470790719417,-34.86125469025171],[138.74689507244966,-34.86121171524843],[138.7463460480318,-34.86115771365752],[138.74582806371427,-34.86122272205091],[138.74532207995014,-34.86130872871479],[138.7447320959095,-34.86145874552466],[138.74445708772453,-34.86151674280342],[138.74422607976987,-34.86159374005899],[138.7439051198255,-34.861722740611924],[138.7438051197106,-34.86179274473932],[138.74364012828937,-34.86182576694557],[138.7434951359918,-34.86190476159544],[138.74281212787741,-34.86209877144108],[138.7424171519301,-34.86213678938128],[138.7420801597716,-34.862067784400665],[138.7420691520698,-34.86204878442379],[138.74187516830443,-34.86195578463173],[138.74160016011933,-34.86162578200418],[138.74145315244107,-34.861379787746955],[138.74146313581514,-34.8610277877022],[138.74144511969655,-34.86090178458966],[138.74128911969717,-34.86021378793595],[138.74113612793008,-34.85977778042019],[138.7410001279536,-34.85954978609374],[138.74090511997542,-34.85943079409583],[138.74072313586407,-34.8592837927128],[138.74042211209087,-34.859115794857985],[138.74032412825602,-34.85910480514258],[138.74013612768022,-34.859146800784174],[138.74001513559006,-34.859197804934695],[138.73992412779637,-34.85930480896974],[138.7398541119777,-34.85947480511811],[138.73974012830433,-34.85962582107476],[138.73968112018758,-34.85979581722313],[138.73963116824393,-34.86003881493929],[138.73959715228682,-34.86045282683642],[138.73955116815193,-34.8605418111556],[138.73941715208002,-34.86065682635143],[138.7393391682681,-34.860699820240484],[138.7391301442408,-34.860750824391005],[138.73895516764696,-34.860764810647424],[138.73882115157494,-34.86074684668955],[138.7388021444035,-34.860744830409544],[138.73868316769415,-34.86070583220834],[138.7383081602934,-34.86041984060313],[138.73795318439204,-34.86018783260232],[138.73784716781256,-34.860077831126944],[138.737318144317,-34.8594188618909],[138.7368971518821,-34.85923086491243],[138.73629120037867,-34.85900285170021],[138.7360512001029,-34.858961874091165],[138.73502419231272,-34.85892489306934],[138.73469417619538,-34.85898189120127],[138.73460720006233,-34.85897989380703],[138.73445219201517,-34.859040887626804],[138.73416620760452,-34.85908989438309],[138.73389123179493,-34.859156919955865],[138.7336832320956,-34.85917991562059],[138.73333020772293,-34.85926290685762],[138.73312323235132,-34.859258910270455],[138.73288422402777,-34.85918293104737],[138.7326342080023,-34.85914193455261],[138.73254822382148,-34.85908593556741],[138.73241020756507,-34.85892992477619],[138.73234822359166,-34.85879393109502],[138.73234521625875,-34.858772933723856],[138.73231222373022,-34.858513934370535],[138.7323092163973,-34.85821693506347],[138.73223123168611,-34.85786293762442],[138.73218121589048,-34.85770892512676],[138.73197321619102,-34.85729992695002],[138.73186118404647,-34.85699993110188],[138.73146319986688,-34.85637093087371],[138.73122617634704,-34.85623993292654],[138.73121718402592,-34.85615893908374],[138.73132217627744,-34.85591692252791],[138.73133017574708,-34.855898921697815],[138.73129017570113,-34.85589792255104],[138.73125718407186,-34.85589792255104],[138.7312241924426,-34.855905933711824],[138.7310141755638,-34.85598294895391],[138.73065120019282,-34.85608495815427],[138.7305512000779,-34.85612795204332],[138.73035820826476,-34.856385953149186],[138.73030022357648,-34.85651994853674],[138.73026121638213,-34.85673595490033],[138.73019123203983,-34.85687894081042],[138.73018323167082,-34.85716694869569],[138.73010223962672,-34.857724964535464],[138.73005824029565,-34.85820596423383],[138.730055264439,-34.85823697016002],[138.7300212475826,-34.858290971750876],[138.72994124839,-34.85843395856028],[138.72993526430105,-34.858454974817164],[138.72989225602282,-34.858630964947054],[138.7298572481136,-34.858702967368004],[138.7297222715656,-34.858834964462005],[138.72961929559403,-34.8589959700879],[138.7294742718202,-34.85909196642109],[138.7291212798233,-34.85921199443794],[138.72892028764124,-34.859369984637055],[138.72878627156922,-34.859448979286924],[138.72785830431735,-34.859782997387356],[138.72734131195205,-34.8599000090781],[138.72688035184683,-34.85996302007726],[138.72655235200955,-34.859957026095856],[138.72624736042735,-34.85991503135358],[138.7259743361468,-34.85986504433629],[138.72525734355168,-34.859734046389065],[138.72497334394473,-34.859711068710794],[138.72432038397858,-34.859591059579714],[138.7236493764176,-34.859353075583954],[138.72317139214613,-34.85922607332458],[138.7229643843989,-34.85919608453162],[138.72269436835052,-34.85919908107269],[138.72206739159697,-34.8592060930867],[138.72184640029116,-34.859265089512235],[138.7216344004073,-34.85928810316341],[138.72087241562951,-34.859283108328725],[138.72072041581464,-34.859262110957616],[138.72055740829785,-34.8592131230871],[138.7202564160009,-34.859018132980395],[138.71997440029838,-34.85892313579404],[138.71980041565678,-34.858902138422934],[138.71921043161615,-34.85889113072108],[138.71883945587626,-34.85885714624027],[138.71865344010428,-34.858862159061346],[138.71849945638485,-34.858895145294696],[138.71836643226516,-34.858947148591994],[138.71830944042836,-34.85902716127441],[138.71822745643203,-34.85922414877541],[138.71821846411092,-34.85956615825154],[138.71824547165124,-34.85976514494541],[138.71848646387923,-34.860166150847135],[138.71854848022826,-34.86069014443456],[138.71882048018108,-34.8611191597214],[138.7190164802264,-34.86155614839748],[138.7191944956295,-34.86182016147126],[138.7192255042537,-34.861893144153214],[138.71927552004922,-34.86206515658165],[138.71928352041823,-34.8621831503321],[138.71928352041823,-34.862570151091575],[138.7192595202107,-34.862669144865094],[138.7188925122797,-34.862887148622974],[138.71872252782248,-34.863074165340436],[138.7185895360783,-34.86313417979852],[138.71856683898852,-34.86313971332709],[138.7183475518981,-34.86319317622406],[138.7182715519906,-34.8632001693523],[138.71782355201537,-34.86316516683894],[138.71730054408488,-34.86308319363445],[138.7171595519718,-34.86304419543325],[138.71693353615387,-34.86291419573348],[138.71639955199782,-34.86246220366775],[138.71620553585683,-34.8623322048673],[138.71584252811022,-34.862028212431994],[138.71558454409148,-34.86187921365473],[138.7154985284344,-34.86181420436202],[138.71489955207278,-34.86133422179688],[138.71474252774556,-34.861078218984574],[138.71438953574852,-34.86076521714102],[138.71419654393537,-34.860645226895656],[138.71382153563547,-34.86034023531357],[138.71330454416943,-34.86006924709801],[138.71301555242587,-34.85983823824404],[138.7127565440793,-34.859716248805796],[138.71260652816875,-34.859623249913],[138.71237052807749,-34.85944725888385],[138.71209353598795,-34.85917125784721],[138.71179155173877,-34.85901326764815],[138.71130252828914,-34.85852625508255],[138.7111205441778,-34.85836926403027],[138.71089955197283,-34.85806728877429],[138.7108345282909,-34.858012288036605],[138.710716544433,-34.85795628815214],[138.710535552274,-34.85777228776084],[138.71017852771695,-34.857242281306185],[138.70993254425161,-34.857048290346256],[138.7097145279032,-34.85699027418178],[138.7094845442764,-34.85701330671867],[138.70942652811186,-34.857027181459216],[138.70927555172534,-34.85706329373596],[138.7089105600744,-34.85720030455036],[138.7087875840798,-34.85728830860853],[138.70862256028295,-34.8573392947726],[138.70854457557175,-34.8573833066942],[138.70838656019168,-34.85756932426489],[138.7082675843816,-34.85792831653856],[138.7082535684475,-34.85801731974345],[138.70828156794005,-34.85818931418544],[138.7082935999697,-34.85855931416097],[138.70833260806353,-34.85871332665863],[138.70855759955361,-34.85928530986911],[138.70861459228968,-34.85958432545624],[138.70862860822376,-34.859882323910085],[138.70856764767882,-34.860124321580145],[138.70850003215082,-34.86024871580554],[138.70841763176838,-34.860400323516046],[138.70827062409012,-34.86056932141702],[138.70815964774965,-34.86063932464509],[138.7079606403713,-34.860717339933274],[138.70745663961225,-34.86074333213901],[138.7072356797829,-34.86079333714275],[138.70713766357233,-34.86080033027099],[138.70666767966975,-34.860782348326666],[138.70636265571204,-34.86072235275435],[138.70624467185417,-34.860657362347354],[138.70610665559775,-34.86051935238618],[138.70607667220077,-34.86041035005758],[138.70606067236224,-34.86018535317146],[138.706039680387,-34.86015736267211],[138.7059706556213,-34.85990335815342],[138.70587865587538,-34.8596673535655],[138.70577267167153,-34.859539352159345],[138.7056116804348,-34.859437361844755],[138.70538467176527,-34.85935137316727],[138.70519968032102,-34.859312375865386],[138.70486067188256,-34.85928838105389],[138.70430166409062,-34.85933139382871],[138.70415865569748,-34.85936539629597],[138.7040256639533,-34.85943440127653],[138.70373571173377,-34.85964539391978],[138.70353670435554,-34.85971339975356],[138.7034856957083,-34.859742389399685],[138.70345868816798,-34.85975739278939],[138.7032447043797,-34.85997841287343],[138.70291372778638,-34.86047741340184],[138.70271174365212,-34.86065340353173],[138.70263472031615,-34.86069741455401],[138.70240774402225,-34.86096342682066],[138.70221872001798,-34.86109542391466],[138.70216272013351,-34.86112143500617],[138.7019867201111,-34.861163429748444],[138.70182271974284,-34.861159434060596],[138.70158377617042,-34.86112842813441],[138.701353760168,-34.86108645137858],[138.70097475168348,-34.86088245186363],[138.70094275200643,-34.86085444337783],[138.7008797760809,-34.860744441902455],[138.7008717757119,-34.860636457606404],[138.70098172772464,-34.860169443265136],[138.7009877441891,-34.85995345578732],[138.70092473588795,-34.85984445435804],[138.70084873598046,-34.85978845447357],[138.70078473572698,-34.859778445918494],[138.70059772800278,-34.859747439992304],[138.7003807359822,-34.859662451360975],[138.7000667197034,-34.859566454128526],[138.69989273596104,-34.859536447349114],[138.6990717763415,-34.85955646445922],[138.6988307517379,-34.859588469532184],[138.69848976029425,-34.8596624882332],[138.6983967362205,-34.85969600956315],[138.69768278423317,-34.85995349265954],[138.69725580770944,-34.85997350976959],[138.69697980757212,-34.860048508731666],[138.69671760033702,-34.860100938307596],[138.69664979235415,-34.86011449828544],[138.69639779242425,-34.86013753082233],[138.69570483241216,-34.86030453042969],[138.6952978244351,-34.86036854057562],[138.6948138560747,-34.860873535085545],[138.6945548477281,-34.86111153706776],[138.69428787228753,-34.86127855556083],[138.69387388826942,-34.86163055470627],[138.69354988771715,-34.861858585905],[138.6932799040444,-34.86211556987763],[138.6926960003202,-34.86250486480765],[138.6926229124175,-34.862553575686945],[138.69259792025787,-34.86257257476444],[138.6919299200299,-34.86308160273376],[138.6917179516222,-34.863221592102775],[138.6916269438285,-34.863345597821024],[138.6914699518768,-34.863883614537144],[138.69138096036306,-34.86432361864007],[138.69111798420772,-34.865112606461594],[138.6907520320807,-34.865709638488966],[138.69074003242667,-34.865736629841535],[138.69065001568572,-34.865824634799026],[138.69052803164345,-34.865903629448894],[138.69041702382663,-34.86594664222372],[138.69027203242842,-34.8660336291486],[138.690206015895,-34.86605964024017],[138.68992102433583,-34.8660996555746],[138.68921004820527,-34.86607665990988],[138.68905705643806,-34.866064653061244],[138.68826105570326,-34.865986676443924],[138.68776006407575,-34.86591367487614],[138.68718105626078,-34.86587569470748],[138.68663407959912,-34.86588368608318],[138.68567008011019,-34.86595570738996],[138.685254079812,-34.865947733101336],[138.6848021120279,-34.86607371822748],[138.68434012759485,-34.86618272055608],[138.6840751036832,-34.86627673748143],[138.68387711973332,-34.866308742554395],[138.68371712044882,-34.86636773897993],[138.68359212817427,-34.86560574251098],[138.68352511968862,-34.86525574075978],[138.68399507211495,-34.8645597338446],[138.68453504035983,-34.8637887279674],[138.68499606431703,-34.86313170036766],[138.6853060156601,-34.86269071600367],[138.68566201588942,-34.86217469580555],[138.68639999956042,-34.86110369318084],[138.68700294373093,-34.86023067810328],[138.68754691216031,-34.85944265255631],[138.68836188769103,-34.858313634666445],[138.6888648955985,-34.85822463056223],[138.6894988483932,-34.85807861033953],[138.69023286425534,-34.85778360932608],[138.69060086413867,-34.857572598696436],[138.6895938563714,-34.85707361615442],[138.68921385593478,-34.85698860863732],[138.68759788843192,-34.85683365275082],[138.6872188799474,-34.85668165743249],[138.6869768957672,-34.85657265510389],[138.68670790404656,-34.85651665521942],[138.68640688027335,-34.85652566462767],[138.68539788770238,-34.85657968510435],[138.68484191961898,-34.85659968332868],[138.68432092796854,-34.85676070784035],[138.6840629115742,-34.85680270258263],[138.68376793574168,-34.85678170521146],[138.68329494360682,-34.85662771070025],[138.68308896018743,-34.8565767254355],[138.6828019523483,-34.85652973495928],[138.68235296042087,-34.85655472891756],[138.68085699215658,-34.856638755274275],[138.67963798360609,-34.85670777914066],[138.67947299218486,-34.85675077302972],[138.6788049919569,-34.85678459113592],[138.67869398414007,-34.855464782073966],[138.67864998390974,-34.854940788486545],[138.67863897620782,-34.85481178793361],[138.6786289919345,-34.85469978906394],[138.67861999961337,-34.85459178588218],[138.6787459523639,-34.854511773199704],[138.6787328960064,-34.854354782147425],[138.67837878435353,-34.85009177171787],[138.67824886379412,-34.848527763445475],[138.6782099843034,-34.848268763192834],[138.6783198715649,-34.848262769211374],[138.67837385606867,-34.84825975378459],[138.6788418236913,-34.8482347418398],[138.67931283192172,-34.848209748780846],[138.68023481598402,-34.84816072313885],[138.68026281637594,-34.84815972489133],[138.68025584033478,-34.84807471737429],[138.6804998398958,-34.84806073111781],[138.68124780784012,-34.84801670120976],[138.68289276768712,-34.84792869625227],[138.68423376027988,-34.84785467755131],[138.6852827196219,-34.847801657120726],[138.6851506883537,-34.84623764884839],[138.685043679822,-34.84494762533262],[138.68497366400345,-34.844163632345726],[138.68281971216004,-34.844291670624045],[138.68258470402088,-34.84430467572014],[138.6817097284213,-34.844352683329646],[138.68095372773246,-34.844395714090865],[138.67876976011644,-34.844518739548164],[138.67766105611292,-34.844574368911935],[138.67557983963798,-34.84467880178522],[138.67370086360404,-34.84478282726565],[138.67267686404614,-34.84483784598973],[138.6726178559294,-34.84484084343012],[138.6711448959203,-34.844910846658195],[138.6722708480213,-34.84323983435081],[138.67307382389788,-34.842216821349155],[138.67394979234905,-34.84132580634082],[138.67579459234662,-34.83973267891997],[138.67580374384772,-34.839724760389345],[138.67569881634734,-34.83897684280703],[138.6756976957921,-34.838968757901796],[138.67562569606912,-34.83809875825102],[138.67549865603826,-34.836530754290834],[138.67532764815246,-34.834978770853525],[138.6752576323339,-34.834218771778865],[138.67514860842164,-34.83250075100881],[138.67508256041185,-34.83170475117328],[138.67503558432486,-34.83113075168279],[138.6749115516269,-34.82964374066603],[138.6748424962842,-34.82883575286763],[138.6802284478846,-34.828517645572845],[138.6804214082215,-34.82850565760998],[138.68169641575707,-34.82843063976219],[138.68383238385752,-34.82831558859351],[138.68517734425905,-34.828242569039276],[138.68759430373416,-34.828111533320566],[138.68791129586964,-34.82809151621046],[138.68915427225193,-34.82800049672551],[138.69088825598828,-34.82790148406622],[138.6918342078825,-34.82782946365876],[138.69207420815826,-34.82779845773257],[138.69271721622658,-34.82806744765452],[138.6938461756605,-34.82783342337376],[138.69445119996294,-34.82775542697135],[138.69519417577067,-34.827709417655456],[138.69545116783718,-34.82769441426575],[138.69644716790253,-34.827637397248054],[138.69736211207191,-34.82758337677137],[138.6984161283017,-34.827524362359384],[138.69951708824306,-34.82746033332768],[138.70070009603262,-34.8273923274939],[138.70080409633204,-34.827389312067055],[138.70135305599877,-34.827359323274095],[138.70199107193048,-34.82732330362751],[138.70436201579446,-34.82719626449597],[138.70577199987792,-34.827097252735996],[138.7065969920576,-34.82705222368111],[138.7070109760757,-34.82703022716322],[138.7093139204012,-34.82691018026054],[138.7111538883413,-34.826802159092324],[138.7128938561666,-34.82670013190551],[138.71505484790293,-34.82659910296621],[138.71562784015282,-34.82656508161318],[138.718071775692,-34.82641804335799],[138.7191197763567,-34.82635001863838],[138.71919375998414,-34.8272010192116],[138.71937484837065,-34.82928304597573],[138.7194068480477,-34.829665033914125],[138.71944083162919,-34.83006304327478],[138.71946684811667,-34.83037304767794],[138.71955187182152,-34.83133404882727],[138.71958387239783,-34.83170704534382],[138.71962787172902,-34.83222504584916],[138.7198269438585,-34.83475103553184],[138.71988694392735,-34.835502043184704],[138.719936959723,-34.836077041821966],[138.71997395243602,-34.8367870340943],[138.72005795181315,-34.83737206017241],[138.7200899838657,-34.83759405961814],[138.7202570239425,-34.839548066989664],[138.72088803235692,-34.839918048079426],[138.72125398358457,-34.83989603357503],[138.7228840002964,-34.84002101955434],[138.7250599684429,-34.84015999179013],[138.7251949440914,-34.83886397429296],[138.72538790442832,-34.838317965301826],[138.72664585632128,-34.83731594967128],[138.72745286385862,-34.837124937266026],[138.72824182380123,-34.837247906065954],[138.72891184030925,-34.83727092061645],[138.7298038400752,-34.83743188937018],[138.73071884809644,-34.83843788180275],[138.7306408319089,-34.83909988625072],[138.73111686375228,-34.83992187829199],[138.7312508798243,-34.8401078769769],[138.73144185625677,-34.840300868789996],[138.73148585558783,-34.840395866875724],[138.73150585561086,-34.84043987789801],[138.73150585561086,-34.84059287326244],[138.73142086428152,-34.840817870148555],[138.73126585623436,-34.841090892630575],[138.73120185598088,-34.84130288442054],[138.7312018883565,-34.841554891544945],[138.73131491155402,-34.84217188492448],[138.73131494392953,-34.8429358976735],[138.73138592022406,-34.84308189990969],[138.73156092829424,-34.843157898018546],[138.73193788812307,-34.84317086624242],[138.73213091231185,-34.843099881854016],[138.73242188795984,-34.84292487198519],[138.73262588837406,-34.842840881601376],[138.73285388809654,-34.84274686467603],[138.73330288002398,-34.84282885676629],[138.73378086429557,-34.842724850171635],[138.73418486404034,-34.84248283271654],[138.73467884815034,-34.8420978293513],[138.73522083177602,-34.84185281535508],[138.73840073560552,-34.84019477127163],[138.7390647356491,-34.84005576216367],[138.73962473629263,-34.84004273818175],[138.74026169642025,-34.840197749826245],[138.74102470372713,-34.8408637310763],[138.74135872002898,-34.84106673234379],[138.74211270443777,-34.84109770139776],[138.74258771195343,-34.841244701881465],[138.74288169583372,-34.84119969171235],[138.74329267161954,-34.84113568156641],[138.7437806716407,-34.84114169443359],[138.74455868773327,-34.84131666743019],[138.74491766381914,-34.84131766567771],[138.74539564809072,-34.841130649859565],[138.74577264029517,-34.84116365317999],[138.74624163224564,-34.84089262809226],[138.74701759968252,-34.84066863035298]]]},"properties":{"School_Name":"Modbury High School","ENTITY_CODE":964,"zoneType":"secondary"}},{"type":"Feature","geometry":{"type":"Polygon","coordinates":[[[138.56491035952558,-34.909637805340424],[138.564873055647,-34.90982581131209],[138.56483253129636,-34.91000656065421],[138.5645340157323,-34.911338001547506],[138.5645112323076,-34.91160351379108],[138.5645039999597,-34.91167100161539],[138.5644809917045,-34.91175600913249],[138.56447900780006,-34.911928003574474],[138.56449884774372,-34.91197556691884],[138.56506912853752,-34.91306805074987],[138.56590749813256,-34.91467410952248],[138.56606129479303,-34.91496179904772],[138.56606243333465,-34.91496392954167],[138.56651563768662,-34.91581168715959],[138.5669258715318,-34.91657939162559],[138.5683335668407,-34.9192137289304],[138.56874071061532,-34.919975650755646],[138.56949194130016,-34.92142803067901],[138.5694961321409,-34.92147019988977],[138.56972088800865,-34.9237318041794],[138.5698172197889,-34.92533090579661],[138.56989975237173,-34.92670095368601],[138.5701958019947,-34.93018783210272],[138.57020470977955,-34.93029275330787],[138.5703940998079,-34.93271790380817],[138.5704471481174,-34.933445879823466],[138.5706048721172,-34.935610306070714],[138.5706049143854,-34.93561088433478],[138.5692480784361,-34.93566408732772],[138.5680089043875,-34.93571267679857],[138.56726279084523,-34.93576321959688],[138.565473683164,-34.93588441493375],[138.56546499211572,-34.93588500398971],[138.56522969439493,-34.93575074869807],[138.56468248750684,-34.93576247765617],[138.56404615510598,-34.93577611677432],[138.5639067709808,-34.93582349395905],[138.5633927499755,-34.93599821244749],[138.56281699860563,-34.93601962890273],[138.56281695094162,-34.93601963070137],[138.56222683919736,-34.936041581353834],[138.56219741337998,-34.93604302476575],[138.56190545567233,-34.93605734557002],[138.5618747267373,-34.93605885283375],[138.56187059075523,-34.93605905608052],[138.5618606091798,-34.93606034660769],[138.56181204489008,-34.93606662477487],[138.56178300757983,-34.93566600108505],[138.55276448019663,-34.93613480957379],[138.55276099172647,-34.936063991559934],[138.54727900782007,-34.936355865630674],[138.54726758373204,-34.935940892358246],[138.54725356779795,-34.935941891505024],[138.54390963212393,-34.93610992713138],[138.54386659236945,-34.935683927271384],[138.5438135998179,-34.93482493532247],[138.54373056001737,-34.933714935395926],[138.5436785603174,-34.93301593193968],[138.54363852789584,-34.932482928044635],[138.5414316158765,-34.93259794234115],[138.53992060824953,-34.93267695587679],[138.53929164759154,-34.93269397644582],[138.53891964842308,-34.93279998133403],[138.53784064003355,-34.93285100437032],[138.53683065640973,-34.932898993094],[138.5358796800033,-34.9329470186899],[138.53460070375957,-34.93301204686844],[138.53401171167127,-34.933109042348406],[138.53276073581935,-34.933631056527986],[138.52419088020497,-34.93405916529821],[138.52144892822548,-34.934181209595124],[138.5197119677332,-34.93426122227754],[138.51735398399921,-34.93438326657446],[138.51753295987828,-34.93280625230665],[138.51754995166903,-34.93176425821389],[138.5175528636738,-34.931586824672195],[138.5177609281244,-34.93150024514017],[138.5179909117512,-34.93136624975256],[138.51820691181956,-34.931233234626006],[138.51846191998163,-34.93106823331226],[138.518710880203,-34.93085923806336],[138.51898688034032,-34.930633224044016],[138.5193288961117,-34.93037522293815],[138.51982985626296,-34.930030216920954],[138.52008486442503,-34.929839203616325],[138.52039385619162,-34.9296172041706],[138.52067987207852,-34.929376204747996],[138.52091881565093,-34.929168208645876],[138.52115183988553,-34.928936200645126],[138.5213308157646,-34.92871418231363],[138.52137481599505,-34.92865118930092],[138.52146681574106,-34.92851819306014],[138.52159683162859,-34.92827819278432],[138.5216947839872,-34.927993181440115],[138.52177078389468,-34.927731184646404],[138.52186179168837,-34.92753317911286],[138.52189980782998,-34.92730118909856],[138.52192678389406,-34.92700818637866],[138.52191676814437,-34.92668317768647],[138.52191177600776,-34.92643118944778],[138.5218980802323,-34.92631238271025],[138.52188377561583,-34.926188191731626],[138.521852767891,-34.925953186290485],[138.52183676805248,-34.925663180111655],[138.5217997762387,-34.925288167315045],[138.52176873613837,-34.92476717026864],[138.5217197437712,-34.92428616967095],[138.52171071997384,-34.923845167320565],[138.52171071997384,-34.92359617562295],[138.52168873604637,-34.923396171795844],[138.5216407041553,-34.92320016455591],[138.5215647042478,-34.923031166654994],[138.52142470408694,-34.92283416026822],[138.52074470420484,-34.9221061851523],[138.52060470404388,-34.92191419248593],[138.5205016956968,-34.92166518280192],[138.52043670439048,-34.92146417982798],[138.5204003843703,-34.921342246147674],[138.52037100801567,-34.92124800708979],[138.5203407035607,-34.921108184095374],[138.5203407035607,-34.92094817761625],[138.52037868822595,-34.92081917706332],[138.52045968027005,-34.920703182505804],[138.52059568024652,-34.92060618702584],[138.52083100764492,-34.92050399256516],[138.52090659206567,-34.920486232753376],[138.5209856640572,-34.920463163344266],[138.52115366371072,-34.92042816173023],[138.52133500840398,-34.92036100665507],[138.52161068838268,-34.92017389730745],[138.5216116803349,-34.92017317605121],[138.52161452758844,-34.920170049108435],[138.5217559999395,-34.920004992936015],[138.5217830083792,-34.919964218573796],[138.52193846428872,-34.91972453216141],[138.5221555516374,-34.919465477050096],[138.52219663986307,-34.91941615643043],[138.52219888007437,-34.91941421389481],[138.5222599997992,-34.91935599358419],[138.5225386241582,-34.91911915712336],[138.52269760001434,-34.919002144533295],[138.52287459198885,-34.91888814737007],[138.52305859238015,-34.91879912527935],[138.52308361601615,-34.918790134756875],[138.5232425918722,-34.91874512368844],[138.5233996161994,-34.9187281229045],[138.52378860805788,-34.9187191314827],[138.5239566077114,-34.91872013062948],[138.5240205441129,-34.91871480214638],[138.52412460826417,-34.91870612638655],[138.52428156784015,-34.91867112387325],[138.52440556816248,-34.91863112742453],[138.52454656027555,-34.91857311126006],[138.524665567562,-34.91848011146794],[138.5247685759091,-34.91836012032326],[138.5248715842563,-34.91821311983955],[138.52495856038934,-34.918044103052864],[138.52499657563158,-34.91794610932544],[138.52503456029683,-34.91787410690449],[138.52508857627686,-34.91779511225457],[138.52513254413168,-34.91773711407649],[138.52528355199445,-34.91767512110988],[138.52535955190183,-34.91764311603691],[138.52551155171682,-34.917608114422876],[138.52563052842618,-34.91759908612886],[138.52575452784924,-34.91761309037179],[138.52591155217647,-34.917662097128016],[138.52603852835546,-34.91772409009462],[138.5261955517833,-34.91779109768095],[138.52636252800835,-34.91784509927186],[138.52649254389587,-34.9178670957898],[138.52660652756924,-34.91787209062443],[138.52671452805305,-34.917859084629015],[138.52683353623877,-34.91781908818035],[138.5270175357308,-34.91773909438365],[138.52720752021094,-34.91766307738908],[138.52737551986445,-34.917610074944946],[138.52754249608938,-34.917583083592376],[138.5276835196787,-34.91757906901876],[138.52788351990853,-34.91761506977963],[138.5280045119987,-34.91764807399937],[138.52806051188315,-34.91766307738908],[138.52807849562612,-34.917668072223705],[138.52834352043715,-34.91775807457543],[138.52842150424908,-34.91778107024015],[138.52861350411,-34.91783805038568],[138.52883049613058,-34.917892051976594],[138.52899849578398,-34.917954063828915],[138.52911151988076,-34.918021052529525],[138.5291984960138,-34.91811906514272],[138.52925152004173,-34.91824806569565],[138.52932249633625,-34.918386057670375],[138.52945152027155,-34.91856005040597],[138.52958649592017,-34.918645057923015],[138.52974950433622,-34.91871206461008],[138.5299115199008,-34.918743051650495],[138.53004351969275,-34.91874806537089],[138.53021152024553,-34.918743051650495],[138.53038950417238,-34.91873504138903],[138.53059548759177,-34.918699040628155],[138.53075248044263,-34.91865904328017],[138.53090947239434,-34.918610037423264],[138.53101747197877,-34.918579030597755],[138.53114246425343,-34.91853903414909],[138.53126147243904,-34.9185130419433],[138.53144547193108,-34.918491045425355],[138.5316564798627,-34.91848201713134],[138.53172748763347,-34.91848902824603],[138.53182947165283,-34.918500017062115],[138.53197548827825,-34.918545028130495],[138.53206748802427,-34.918603025409254],[138.53221347227395,-34.918678024371275],[138.53236448013672,-34.91876702757622],[138.53245647988274,-34.918834016276776],[138.53261846397095,-34.918923020381044],[138.53272147231814,-34.91892801521567],[138.5327924477134,-34.91889702727593],[138.5328734397575,-34.91879401982811],[138.53299244794323,-34.91855401865297],[138.5330184320551,-34.91848401542495],[138.53303644817356,-34.91844300094368],[138.53315043184705,-34.91831000380358],[138.53324243159295,-34.91821600576401],[138.53335043207687,-34.918163003319876],[138.5335074564041,-34.91813599308159],[138.53368044819422,-34.91812300597189],[138.53387043177509,-34.91818100325065],[138.53401545644817,-34.9182659927813],[138.53423740822984,-34.91838200622459],[138.53438639981255,-34.91847100942948],[138.5345214078368,-34.91852397500139],[138.53471142379328,-34.91856898517051],[138.53487942434606,-34.918573980904455],[138.5350303998332,-34.91856498948266],[138.53517840036295,-34.918515982726376],[138.5353334084101,-34.91846397942908],[138.5356634236282,-34.918311983211424],[138.53585340810832,-34.918249971359046],[138.536032416363,-34.91820096460282],[138.53623737635394,-34.91810297087534],[138.5363463678906,-34.91802295819292],[138.5364763837781,-34.91793896780905],[138.5366283835931,-34.91784097318231],[138.53671436777393,-34.9177479554038],[138.53676339161734,-34.91765395736422],[138.53676838375395,-34.91756095757211],[138.53673436779695,-34.91749296972472],[138.53668537632916,-34.91742995872556],[138.53661539198686,-34.91736297092433],[138.53652339224084,-34.91732796841097],[138.53637139242585,-34.91733196409882],[138.53622636775276,-34.917340955520615],[138.5361513921731,-34.91731196587449],[138.53609638424075,-34.917286972815475],[138.53596636835323,-34.917197968711264],[138.53583638394207,-34.91710496981847],[138.5357533756179,-34.91703496569107],[138.53572838435753,-34.91701097087957],[138.5356853760793,-34.91692596336247],[138.5356743683775,-34.91682397304788],[138.53571238361963,-34.91671696901284],[138.53578339228977,-34.91663296064257],[138.53589638401093,-34.91650795577749],[138.53607033627702,-34.91637895522456],[138.536167359636,-34.91631696225795],[138.53628633634537,-34.916263959813875],[138.5364163522329,-34.9162499735574],[138.53654134360818,-34.916263959813875],[138.53671935991065,-34.91630395626254],[138.53681135965655,-34.91634894844515],[138.53695235176963,-34.916392941481035],[138.53707135995535,-34.916441948237264],[138.53721734420515,-34.91645595248019],[138.5373633599312,-34.916437951650096],[138.5374393598387,-34.916410942311074],[138.53767135974556,-34.91637593979772],[138.53788832028977,-34.916335943349054],[138.5381643204271,-34.91627394948313],[138.53835932762092,-34.91625593066664],[138.53856431998747,-34.916256929813414],[138.5383760001523,-34.913561997088436],[138.53838166408264,-34.913561701211506],[138.5383760001523,-34.91347800760394],[138.53876521594202,-34.91345830525654],[138.53867100836044,-34.91209999801646],[138.5386767999944,-34.91209960950931],[138.53867100836044,-34.91201600763259],[138.53877107232722,-34.91201167919559],[138.53866860806988,-34.910657589775894],[138.5380350078094,-34.91069399792963],[138.5379487358456,-34.909705857938945],[138.5379440000156,-34.90970600542778],[138.53781520001155,-34.9081759078918],[138.53756912031872,-34.90522290031657],[138.53873110375753,-34.905163885904585],[138.5387610880539,-34.90516288675775],[138.53998809607378,-34.905099875758594],[138.54002607983978,-34.90509787746504],[138.54112406392449,-34.90504185959412],[138.54122204775933,-34.9050378450205],[138.54221107178364,-34.90498685885643],[138.54245302358822,-34.904974834021345],[138.54328102400007,-34.90493283927907],[138.54371504041683,-34.904910842761126],[138.54432198387258,-34.90487981794922],[138.54498899214832,-34.90483782320695],[138.54620198423424,-34.904783802730265],[138.5462279683461,-34.90478280358349],[138.54743296006313,-34.904724788318276],[138.5477179516222,-34.90470678748818],[138.5486569283746,-34.90465876189228],[138.54990393641765,-34.904594751746345],[138.55130089561987,-34.9045237295864],[138.55208387237292,-34.904487728825586],[138.55199221796659,-34.903317840346006],[138.5518045618311,-34.900922586008505],[138.55163855147805,-34.89880362588656],[138.55131419479437,-34.89466351141186],[138.55128581668714,-34.89430128877342],[138.55121509040418,-34.89339853221645],[138.55107564782293,-34.89161868485439],[138.56636099206617,-34.901787006265295],[138.56627625614442,-34.902366740732475],[138.5662341651746,-34.90258606649371],[138.5659920640826,-34.90384759229249],[138.56585529608515,-34.90453814122219],[138.5658497679525,-34.904567873708345],[138.56555123170403,-34.90617343065924],[138.5654836476523,-34.906536992388226],[138.5654267844186,-34.906842778971054],[138.56536021210422,-34.90723085891699],[138.56531436826356,-34.907498104154115],[138.5652032956956,-34.90810018677416],[138.56513795185504,-34.90846040032716],[138.56509630964706,-34.90866638284723],[138.56507811186543,-34.90875640048745],[138.5649563841299,-34.909405843205036],[138.56491035952558,-34.909637805340424]]]},"properties":{"School_Name":"Underdale High School","ENTITY_CODE":965,"zoneType":"secondary"}},{"type":"Feature","geometry":{"type":"Polygon","coordinates":[[[138.7669997936057,-34.651713421537124],[138.76701001619938,-34.65171399620391],[138.76785100821758,-34.65143799516733],[138.76817001573374,-34.651527997519054],[138.768538389735,-34.651994045089054],[138.76896201628404,-34.65252999426377],[138.77037599965274,-34.65327700622879],[138.77038420057045,-34.65328756516897],[138.7703842320467,-34.65328760653779],[138.7714541437938,-34.654665245604576],[138.77145366805246,-34.6546891405913],[138.77142542124625,-34.65610749466509],[138.77142499226966,-34.65612905860911],[138.7718611202945,-34.65703187721931],[138.77153244776434,-34.65964971915918],[138.77057750444828,-34.66155675494025],[138.77149571225743,-34.665181533600844],[138.77166956829603,-34.66640875026354],[138.77260099164255,-34.66883199060385],[138.77261500757663,-34.670083997078734],[138.77244099235793,-34.67118500558348],[138.77176899194546,-34.67201299160621],[138.77145401609005,-34.67257500313383],[138.7713725123316,-34.67345114515416],[138.77131699178585,-34.67404799192127],[138.77220400031445,-34.67592400289038],[138.77243699217354,-34.67670200189582],[138.7717341441155,-34.677767657151605],[138.76915401614497,-34.680469009237356],[138.7677900161964,-34.68483299284827],[138.76823071997183,-34.686203694544815],[138.76877001642322,-34.68982399638031],[138.76840860767118,-34.691432441953566],[138.76777299203002,-34.69380299461244],[138.76837401614796,-34.69547400781914],[138.76898300825928,-34.69610200890054],[138.76966326444813,-34.69653785004169],[138.77054524756522,-34.69681185368404],[138.7726030079225,-34.69699100762887],[138.77437299241979,-34.69739399293837],[138.7752432321895,-34.698707789133096],[138.77973392038416,-34.709690517703166],[138.7805569916119,-34.71083268907728],[138.78422140789178,-34.71529869987506],[138.78176649612692,-34.717982735514795],[138.7804504956939,-34.71742875313441],[138.77956851167755,-34.717189769991876],[138.77875353614684,-34.717205791414074],[138.7728886397989,-34.71827486859024],[138.77132966413274,-34.718505897229306],[138.76948268777585,-34.71877793945032],[138.7652728002996,-34.71881998995053],[138.7629828161041,-34.71861303076673],[138.76250083164814,-34.718542027492504],[138.76125183970066,-34.718367035610186],[138.75823990404842,-34.71794610522852],[138.75668089600663,-34.717618118881035],[138.75651888044206,-34.717539124231166],[138.755761887801,-34.7169641435803],[138.7540759035802,-34.71550615908194],[138.7535079043663,-34.71507716268087],[138.7529759041147,-34.71488417086772],[138.75219887997434,-34.71460217495036],[138.75192892777784,-34.714565193928536],[138.75134991996288,-34.714487197526125],[138.75071692764413,-34.71437421839539],[138.7492589440451,-34.71424523582891],[138.7484129598903,-34.7142092350681],[138.74762697580434,-34.714326247658164],[138.74684198367072,-34.71462426409846],[138.7458597756082,-34.71540237372051],[138.7442127680049,-34.71692688466794],[138.7392166716122,-34.71548048073953],[138.73323023998364,-34.71172757117046],[138.73137193576633,-34.71066034300037],[138.7312750670908,-34.71061690844351],[138.73073126413658,-34.710373075257166],[138.73050361604908,-34.71025175221655],[138.7299582078051,-34.71009065396049],[138.72914387169237,-34.71001820817372],[138.72813516780377,-34.7101425835134],[138.72561443196048,-34.710939082472635],[138.72481740779722,-34.71091092559868],[138.72422700826985,-34.71081398587671],[138.72344723220408,-34.7105989786599],[138.71986431968264,-34.70830666162311],[138.71971971229493,-34.708286700270946],[138.7194723195919,-34.70825167977114],[138.7173473277171,-34.708208685882084],[138.71373331214272,-34.70813686872145],[138.71372639995343,-34.70813673921907],[138.71285139197823,-34.70811975642158],[138.71194073577635,-34.708102662108104],[138.7105634240628,-34.70807679940475],[138.71010543981424,-34.708064792556115],[138.7096364802394,-34.708059816607204],[138.70914246375378,-34.70804581236433],[138.70906447994184,-34.708040243762184],[138.70905846437665,-34.70803981838287],[138.708979456237,-34.708031826107856],[138.7083444800138,-34.70801883899816],[138.708139456171,-34.708011845869976],[138.7074455042067,-34.707988850205254],[138.70736550411482,-34.70798620529911],[138.70651750367995,-34.707957863164836],[138.70479753587767,-34.708003891366445],[138.7012915837397,-34.70793594039128],[138.7003206082096,-34.70787794311252],[138.69946063959685,-34.707777969077995],[138.6975706558611,-34.707584995251295],[138.6978130879038,-34.706184563766556],[138.6977947516266,-34.70541490867106],[138.6977947516266,-34.70524890821048],[138.69764800025507,-34.70487161922978],[138.69745401559044,-34.70446400870702],[138.6973811201426,-34.704377594650225],[138.69735452808902,-34.704328347775004],[138.69709772757813,-34.70404159804127],[138.6966455682384,-34.70358599879478],[138.69603455984713,-34.703029999235014],[138.69520156819783,-34.702260029376816],[138.6948295681301,-34.701892027694896],[138.6935445763212,-34.700722050182435],[138.69323756755978,-34.700531037777125],[138.69303055981254,-34.70044003627862],[138.6926535676081,-34.70027505385059],[138.69185356758817,-34.69993006581984],[138.69095158444816,-34.69954607958783],[138.69060758387297,-34.700127072206556],[138.6902096320689,-34.700744102458316],[138.6900916158355,-34.700938093418245],[138.6900196161124,-34.70105710430187],[138.68962966377808,-34.701633101186644],[138.68928886389006,-34.70213783669175],[138.68848166389773,-34.70178911197792],[138.6877426558989,-34.701440128259264],[138.68714569581732,-34.701174134878386],[138.68456140758292,-34.70007332962041],[138.68450969566595,-34.70005116672792],[138.68349795206893,-34.69958674243418],[138.68629235161075,-34.69511703182553],[138.68745052282338,-34.693264552517064],[138.68745071977492,-34.693264237754306],[138.68915942356864,-34.690531084741735],[138.69032038357886,-34.688671058322655],[138.6916952707203,-34.68646748009007],[138.69169929608574,-34.68646102925305],[138.69185696252885,-34.68620828018794],[138.69217027194054,-34.68570602591234],[138.6924675158632,-34.68522256656814],[138.69264124779545,-34.684939996883315],[138.69295923188315,-34.684430006639445],[138.69310121594845,-34.68419899778547],[138.69314921636328,-34.68412200052984],[138.6932222080385,-34.68400300853199],[138.69327207724461,-34.6839221657753],[138.69327219235788,-34.683921978716285],[138.69368719980446,-34.68324898545228],[138.6940451839381,-34.68265398859063],[138.69409017612077,-34.68258298531646],[138.69476313610994,-34.68152996553545],[138.695461119735,-34.68043794755317],[138.6961920958886,-34.67929292712682],[138.69621446382655,-34.67925890577385],[138.69621708804823,-34.67925492807245],[138.69639875200085,-34.6789427958733],[138.69642247341847,-34.67890204039679],[138.6969050559237,-34.678072925724905],[138.6972890241692,-34.677476911730025],[138.6974380157519,-34.67724691910996],[138.697911999839,-34.676498908897486],[138.69859795233367,-34.67541689947029],[138.69894393591403,-34.674870871593384],[138.69905808596195,-34.674688513364174],[138.69909791963335,-34.67462487733616],[138.6991900416872,-34.67445369228403],[138.69923891174642,-34.674362880542446],[138.70013286394055,-34.67222585304063],[138.7003298559382,-34.671896848660595],[138.70169527771498,-34.66962567288647],[138.70178176012018,-34.66948182182858],[138.70235875165508,-34.66847581051019],[138.70241174420664,-34.66838281071807],[138.70246671976338,-34.66828679639849],[138.7031567039188,-34.66717279988478],[138.70387766432282,-34.66592978483163],[138.7040336643222,-34.665659777776455],[138.70461263976154,-34.664558768372444],[138.70650652835366,-34.66118873437256],[138.70678550434764,-34.66081072413556],[138.70792246415044,-34.65953370571589],[138.70982742429624,-34.6575496735785],[138.71028137598478,-34.657005643995205],[138.71033637132655,-34.656939705702825],[138.7105073918027,-34.6567346557797],[138.71130134388193,-34.65579463401508],[138.7144052163277,-34.65209957333661],[138.7148421762255,-34.651581573730596],[138.71640511970054,-34.64952154258509],[138.7170780796897,-34.64872052992848],[138.71747732292022,-34.64827599863838],[138.71748899162378,-34.648263006132765],[138.72778799981643,-34.65416800325073],[138.73828614399042,-34.641617991077396],[138.74098383043952,-34.63837048071309],[138.74189331212676,-34.63727563436299],[138.7422578361303,-34.63682637263895],[138.74226300813143,-34.63681999824428],[138.74291048493103,-34.63719144792691],[138.7569894291189,-34.645268377933235],[138.75965758093264,-34.64679906542449],[138.76173699156902,-34.64799199993081],[138.76183685228898,-34.64816505647212],[138.76205276782105,-34.648539230201266],[138.76222449696297,-34.648834917397494],[138.76227100810058,-34.64891500202566],[138.76354246871006,-34.64955864231746],[138.76379801556607,-34.64968800619647],[138.7638343787536,-34.64971893657963],[138.76611381749876,-34.65165788840079],[138.76612099228998,-34.65166399120017],[138.7669997936057,-34.651713421537124]]]},"properties":{"School_Name":"Craigmore High School","ENTITY_CODE":976,"zoneType":"secondary"}},{"type":"Feature","geometry":{"type":"Polygon","coordinates":[[[138.68009792028283,-34.754263418422],[138.6801159040258,-34.7543394165308],[138.6802149121885,-34.75473440956529],[138.68022089627743,-34.75492340569059],[138.6799919360791,-34.75531642021656],[138.68001894361942,-34.75550641458932],[138.68007193617098,-34.755579416157104],[138.6801689280536,-34.755626405734006],[138.68060393642259,-34.755688417586384],[138.6810528959744,-34.75566138936159],[138.68162089608757,-34.755653397086576],[138.6821919044329,-34.75552937338182],[138.6827428803797,-34.75536836775592],[138.68310486379846,-34.75532135929325],[138.68363187191346,-34.755196355327485],[138.68385286411842,-34.75516335110774],[138.68411484832166,-34.75512433492008],[138.68496383980937,-34.754851330424515],[138.68550281610214,-34.754718315297964],[138.68632480004953,-34.75462531550585],[138.68657580802721,-34.75462130093223],[138.68692479983974,-34.75465530429881],[138.68749276757728,-34.75463830261555],[138.6878187844094,-34.754699278448925],[138.6890297916916,-34.75475825688801],[138.68943078410348,-34.754846260946124],[138.68969075202665,-34.75492325820176],[138.6898877440242,-34.7549452547197],[138.69034374436842,-34.7550442475939],[138.69081075241434,-34.7551252414367],[138.69098575958515,-34.75512823797777],[138.69113974420395,-34.755086243235496],[138.691260736294,-34.755035220199204],[138.69160070430917,-34.75460822119243],[138.6917807036166,-34.754422222507515],[138.69194572831282,-34.7543622269352],[138.6924267199173,-34.75436220894875],[138.69278470405095,-34.75444120359862],[138.69297571195955,-34.75455520076184],[138.69306470437266,-34.75460920235275],[138.69319472026018,-34.75463820998539],[138.6933867201211,-34.754786209615816],[138.69358067241012,-34.75488918109079],[138.69376467190216,-34.75495618777779],[138.69422467243078,-34.7549191878702],[138.69437868762634,-34.75485919229783],[138.69476969576488,-34.754560176710754],[138.69491663959127,-34.75439217885594],[138.69550463972746,-34.75405116762727],[138.69570364800506,-34.75398316179343],[138.69637766379822,-34.75407716073232],[138.69664860794694,-34.75417215791873],[138.69723363222636,-34.75431814126915],[138.6972696320879,-34.75432313610378],[138.6975826240389,-34.754370126580056],[138.69790963192406,-34.75437613944723],[138.69830163201482,-34.75443811442739],[138.6985726076398,-34.7545151107837],[138.69900361582427,-34.75470310776217],[138.699231616446,-34.75477111359595],[138.6992701577916,-34.754780869441504],[138.69926654341634,-34.75478727441316],[138.69909775955398,-34.75508636644264],[138.6985967013767,-34.75593078397844],[138.69835195897576,-34.756343240048466],[138.69761042747928,-34.75759291997724],[138.6976223911605,-34.75832103628676],[138.69764320237198,-34.75952660806644],[138.69691024770987,-34.75953776775373],[138.69685761039045,-34.75967200595824],[138.69667417747132,-34.75997316193184],[138.69662038092588,-34.76006148345067],[138.69644222522857,-34.760267459675504],[138.6962947975669,-34.76043214352853],[138.6962428617187,-34.760490157894424],[138.69619941007477,-34.76053691274831],[138.69603291408782,-34.76076215065268],[138.6959910749282,-34.760818262053135],[138.69571808931846,-34.7612569243675],[138.69554016384757,-34.76117407522332],[138.69552920740705,-34.76117138625045],[138.69539492153842,-34.761136367549284],[138.69535423620914,-34.761131020180414],[138.6952703663344,-34.761121127637864],[138.69521744572864,-34.76112011859857],[138.6951982703839,-34.7611198299162],[138.69514200430012,-34.76112801374677],[138.6950722393924,-34.7611446700904],[138.69502466525614,-34.76115637836415],[138.69482626761817,-34.76124835832502],[138.69477502514735,-34.76116485177647],[138.69474659937612,-34.76113750878898],[138.69467302673888,-34.761067007336464],[138.69452917298304,-34.76093422423503],[138.69442391812936,-34.76087623325151],[138.69434870153145,-34.76083479159229],[138.69431067549738,-34.760814384176456],[138.69429483663748,-34.760805883784485],[138.69429325113265,-34.7608053136143],[138.6942778250616,-34.76079976569656],[138.69418401587973,-34.76076700249513],[138.69408469835025,-34.76073231474447],[138.69401184786852,-34.76070687112514],[138.69364575994393,-34.76234105889273],[138.6933642703449,-34.76235865143059],[138.69316397333876,-34.76237116999346],[138.69316376379675,-34.76237118348331],[138.6930290858237,-34.76237982057222],[138.6929371544262,-34.76251902663171],[138.69286425088455,-34.76262941931219],[138.69281654994393,-34.76270164926166],[138.69274513028358,-34.76280979543566],[138.692689356129,-34.76289425076902],[138.692628934278,-34.76298574419667],[138.69262880387623,-34.76298594294684],[138.69255388855117,-34.76309957588467],[138.69242559666407,-34.76347602399926],[138.69238844027439,-34.76358505240819],[138.69244956899252,-34.764182364124736],[138.6932228015911,-34.76406417612077],[138.69325863597737,-34.76412537048941],[138.6933052748186,-34.76420549019116],[138.69330531798607,-34.764205563935604],[138.69331683920086,-34.76422523750466],[138.6939607016251,-34.765115201205504],[138.69399086038993,-34.765156888379636],[138.69400416855763,-34.7651752831128],[138.69401406199938,-34.765188958203794],[138.69402484127352,-34.76520385727213],[138.69403941658584,-34.76522411899788],[138.69405114284598,-34.765247263950016],[138.69408361826447,-34.76531135683359],[138.69408374416957,-34.765311600549865],[138.69408391504066,-34.765320908533056],[138.69408630184137,-34.76539712247916],[138.6940618951404,-34.765464076106184],[138.69386628899815,-34.76579435752353],[138.69367693943923,-34.765800780481584],[138.69342752056366,-34.76580924040405],[138.6934274746983,-34.76580924130337],[138.69323935810996,-34.76581387101328],[138.69323120935292,-34.76581070629902],[138.69294685631246,-34.76569611558324],[138.69190405912514,-34.765697094045606],[138.6918939336582,-34.76569710393818],[138.69182743868544,-34.76573852761089],[138.6916390729849,-34.76623091182705],[138.69150552635904,-34.7665788145606],[138.6914542299288,-34.76671271462004],[138.69146983856228,-34.766740181714],[138.69147263455454,-34.76677342695206],[138.69160620366347,-34.76680582862605],[138.6917047513732,-34.76682966335824],[138.69182226488567,-34.76687350710665],[138.6921556399709,-34.7670333283254],[138.69207337178875,-34.7670783807626],[138.69206885629274,-34.76708036916364],[138.69167519965083,-34.76725371438738],[138.6916029670034,-34.76724133881669],[138.69147132064495,-34.76721857877436],[138.6913242464169,-34.767260265948494],[138.6912738726911,-34.7672745435853],[138.69112115971382,-34.76731837294449],[138.69059161371206,-34.76761640377396],[138.68909173339682,-34.76998034191922],[138.68873410809272,-34.77038241981279],[138.68825958351306,-34.77091592822745],[138.688257567233,-34.77093207285685],[138.68825453921568,-34.770965039305054],[138.68825375051028,-34.77105048748996],[138.68824188035853,-34.771064834374556],[138.68818867556695,-34.77112462849874],[138.68813294907636,-34.771187258185364],[138.68809140309588,-34.77123401483789],[138.6880463902288,-34.77128380400433],[138.6880099541961,-34.77132474294251],[138.6879761900492,-34.77136257652165],[138.68794208236125,-34.77140049373776],[138.68790714190118,-34.771439581871164],[138.68788884519415,-34.77146004954159],[138.6878603447791,-34.77149193320611],[138.68782102641933,-34.77153591904738],[138.68778379448656,-34.77157757024861],[138.68775275888277,-34.771612419877215],[138.6877131401494,-34.771656749259535],[138.68767432990649,-34.77170002823368],[138.6876327209734,-34.77174657714278],[138.68762527458682,-34.77175522952018],[138.68768308660526,-34.77174510765053],[138.68801609116974,-34.771686805501645],[138.68825986320223,-34.77164472172649],[138.6884868044225,-34.771604865572044],[138.68869571873245,-34.77156808509898],[138.68893473784794,-34.771556086344276],[138.68927602067185,-34.77153754142438],[138.68927633273665,-34.77153752433725],[138.68957380148981,-34.77152247688076],[138.68958578315744,-34.771526892552004],[138.68983013705122,-34.77162390601842],[138.69076183289235,-34.771993834048146],[138.69106348259368,-34.77211409768739],[138.69125525042955,-34.77219013266847],[138.69158687813194,-34.77232162254478],[138.69191973790566,-34.77245360075301],[138.69220392277293,-34.77256627951016],[138.69220802008408,-34.77256790548438],[138.692498020867,-34.77268303309546],[138.6926122914242,-34.772728397597405],[138.69288407823774,-34.772836831554514],[138.69316247506822,-34.77294182470541],[138.6932502174236,-34.772974542940744],[138.69384391566427,-34.77319720069022],[138.69423720718146,-34.77334505373119],[138.69464021767192,-34.77349232670946],[138.6949286212589,-34.77359615523835],[138.6949287651505,-34.77359620649969],[138.69511161620824,-34.7736617526877],[138.69546405692074,-34.77377514820449],[138.69536633478856,-34.77391171115653],[138.69540362967382,-34.77394571991897],[138.69657808041416,-34.77498221555675],[138.6961198533486,-34.77499885211529],[138.69611937221134,-34.77499886920242],[138.69617438374087,-34.77562321453968],[138.69617446288123,-34.77562405000987],[138.69619952698667,-34.77586787330364],[138.69624500750115,-34.776356589185184],[138.69626102892346,-34.776520269394894],[138.69628022315385,-34.77671636386907],[138.69632016114656,-34.77714752583762],[138.6963205433584,-34.777151577283405],[138.69632055235172,-34.77715167710818],[138.6963587456596,-34.7775577416964],[138.69636598520208,-34.77764772696099],[138.69639159699466,-34.77796608606599],[138.69642067657298,-34.77824487140367],[138.69644962305176,-34.778560914754394],[138.6964542995264,-34.77862185101759],[138.69633017599688,-34.778579226749855],[138.6962131517156,-34.77849623551282],[138.69607715173925,-34.778268223199916],[138.69596128038881,-34.77797271946537],[138.69593414424537,-34.77789522578399],[138.69571212771257,-34.77762122214165],[138.69545312026537,-34.7775082241252],[138.69500741985655,-34.777405251750906],[138.69489916756265,-34.77738024160482],[138.69483616016078,-34.77728924010631],[138.69435943494,-34.777084688407626],[138.6942861761662,-34.77705325440411],[138.6939201601873,-34.77683826517375],[138.69320316759217,-34.77629325532945],[138.69299116770833,-34.77607327216373],[138.6928751677549,-34.775917261372456],[138.6927321278855,-34.77557225535526],[138.69258259670949,-34.775422737669146],[138.69253014375124,-34.775370290106764],[138.69207814359152,-34.77510927357406],[138.69165616010378,-34.77498328934729],[138.69144816040432,-34.77498027392045],[138.69129315235716,-34.775067297717555],[138.69113916773847,-34.77510030193736],[138.6909981756254,-34.77507930366687],[138.69081417613336,-34.775013296126644],[138.69070515222108,-34.775002307310615],[138.6903501763196,-34.774778308671955],[138.6901131519005,-34.77468431063238],[138.68992016008735,-34.7745273195801],[138.68947616029664,-34.774410325875806],[138.68934617588536,-34.77434531658304],[138.6889823209774,-34.77419984584617],[138.6889356803374,-34.77418334868253],[138.68914776385827,-34.774506750286264],[138.68930402286242,-34.774745026561675],[138.68972721144166,-34.77539385953895],[138.68978819177164,-34.775483325894754],[138.6899552003723,-34.77547531473397],[138.69037728008743,-34.7806653238456],[138.69052531209354,-34.782481320356624],[138.69054627169317,-34.78270380183892],[138.69056732841955,-34.78293932528959],[138.6907993921783,-34.78581233816885],[138.6906813759448,-34.7858163338567],[138.69057337636025,-34.78582033044387],[138.69044137566902,-34.785826342411724],[138.69033440041233,-34.78583033809957],[138.69000540772345,-34.785843344094985],[138.68964540820912,-34.78585834748469],[138.68949142359043,-34.78586436035192],[138.68918643200834,-34.78587634831479],[138.68884940837358,-34.78589035255766],[138.688692416422,-34.78589638341134],[138.6883334079605,-34.78591036966776],[138.68436800028303,-34.78607500136019],[138.68478399968194,-34.79150299356826],[138.6720538236251,-34.79213064301473],[138.67243401561734,-34.79738099843428],[138.67221593631643,-34.797388712818815],[138.67213692817677,-34.797393652794824],[138.6697099520527,-34.79614068494459],[138.66519903990388,-34.79610176048783],[138.66500255962046,-34.79604426233277],[138.66434262361327,-34.79551710493041],[138.6641146238909,-34.79532988496618],[138.66384464021803,-34.79526581906225],[138.66265072005478,-34.79530524264277],[138.66227875236257,-34.795285540295424],[138.66166905608213,-34.79505380928583],[138.6612890556455,-34.794790813345344],[138.66040406429624,-34.794243842079595],[138.66091404824476,-34.793667826309104],[138.6567980481915,-34.79115887518191],[138.65516006438554,-34.790135917938244],[138.6550590723184,-34.79010291371844],[138.65457807981454,-34.790039902719286],[138.65467705560172,-34.78960591058427],[138.65405606383638,-34.789506917710014],[138.65397107160777,-34.78947990747173],[138.65371507239274,-34.78933893784165],[138.65165407987195,-34.78808295366531],[138.6513700802651,-34.78790794379654],[138.65073110385742,-34.787521960170295],[138.6519680322989,-34.7861229532117],[138.65350396823362,-34.78438691272578],[138.65438191968985,-34.783231883744406],[138.65298294420757,-34.78239190975876],[138.65217392039017,-34.78188693413466],[138.6505519678991,-34.78089394679819],[138.6516528963641,-34.77966693428152],[138.65201590411073,-34.779262912053696],[138.65224486430907,-34.779003912700375],[138.65272387200912,-34.778466913117484],[138.65289686379924,-34.77830788689943],[138.65313084761056,-34.7781658992368],[138.65337084788644,-34.77807589688507],[138.65351283195173,-34.77805390036718],[138.65404083201884,-34.777943880905354],[138.65484579179997,-34.77757388092982],[138.65500281612708,-34.77743886840898],[138.65516380826318,-34.77728785245239],[138.65567977630064,-34.77670985727406],[138.6561667843697,-34.77616684482399],[138.6567297275949,-34.77553784459582],[138.6571427196609,-34.77508082082318],[138.65840867192276,-34.77366179675448],[138.65902764830741,-34.77297777780217],[138.659589631956,-34.77334977607126],[138.66173699176886,-34.77090799800567],[138.66022000005307,-34.769988991598666],[138.6656409919383,-34.76392800347452],[138.66948832042976,-34.76626161198374],[138.67296819222838,-34.762261541736734],[138.67463814423502,-34.76034150085951],[138.6760960639822,-34.758680478221436],[138.67651504013702,-34.7581064607445],[138.67724499196288,-34.75682646377027],[138.67813798368104,-34.75526245549787],[138.67867379166216,-34.75427740467842],[138.67899292778145,-34.754323432880085],[138.67915990400638,-34.75418240659275],[138.67922889639647,-34.75401340959115],[138.67925392003247,-34.75395041657839],[138.67932191957095,-34.75387040479529],[138.6794208962574,-34.75385340311203],[138.67968291193688,-34.75385841683243],[138.67986489604823,-34.7539704157021],[138.6800349119817,-34.754145406685154],[138.68009792028283,-34.754263418422]]]},"properties":{"School_Name":"Salisbury East High School","ENTITY_CODE":1011,"zoneType":"secondary"}},{"type":"Feature","geometry":{"type":"Polygon","coordinates":[[[138.4970721917283,-35.102153846522754],[138.49976251542785,-35.10202514184675],[138.49994099218316,-35.10350499426005],[138.49981100777188,-35.10456800371037],[138.49969609599805,-35.104886518398075],[138.49964587785507,-35.10503626181401],[138.49955801588976,-35.10529825411112],[138.49943422151216,-35.10563645495836],[138.49928963211084,-35.10603146507998],[138.49900563160463,-35.10649955231247],[138.4989880003959,-35.10653699558583],[138.4991169919557,-35.10653599733837],[138.50515926428864,-35.106131253854244],[138.50713136242246,-35.10601038317259],[138.50722144031727,-35.106004862234556],[138.509314016129,-35.10591485988283],[138.51008163156212,-35.10588631360247],[138.50970035228954,-35.10677433206973],[138.50949190382835,-35.10738618312581],[138.50936783965415,-35.10789304642691],[138.50929225613277,-35.10824728398495],[138.509161887711,-35.10908525967693],[138.50912675209804,-35.10947673816088],[138.5091132802537,-35.10982568590663],[138.50911504022702,-35.11020443628564],[138.50914547238574,-35.11091487282306],[138.5091573299469,-35.111147721689974],[138.5091812797923,-35.11161801226143],[138.50919462393279,-35.11188003693411],[138.5092493117064,-35.112721823053676],[138.50937459176407,-35.11475116213637],[138.50939312319417,-35.11518697539856],[138.50941699210057,-35.11574829444817],[138.50941507924256,-35.115812174192456],[138.50939371674667,-35.11652545528551],[138.50939248017892,-35.11656675215386],[138.50938795029379,-35.11660287432312],[138.50927238381348,-35.117524331382754],[138.50909897563724,-35.118265200078895],[138.50907299242476,-35.11838199143574],[138.50892310421796,-35.1188601231961],[138.50891722894698,-35.11887624444307],[138.50873801564694,-35.11936800363043],[138.50839609610307,-35.120231251171276],[138.50633001611743,-35.1254550037454],[138.50598760374498,-35.12650440285586],[138.5058820161422,-35.12682799961243],[138.50579184022126,-35.127163182334925],[138.50747391958578,-35.12707887808773],[138.50759891995426,-35.127073142211714],[138.51087484799586,-35.12692281243778],[138.5128598397099,-35.12681479037025],[138.5144408002028,-35.126736775981385],[138.514986784013,-35.12669676064695],[138.5167507520456,-35.12659373431336],[138.51933273621682,-35.12643670638886],[138.52041971170036,-35.12639469276081],[138.52266467223694,-35.126300675835466],[138.52322665588554,-35.126276644151744],[138.52353766393207,-35.12618664180002],[138.5236437119878,-35.12751864117229],[138.5237877438094,-35.12931264206475],[138.52395177565404,-35.13158764265552],[138.52404579168,-35.132912649798925],[138.52412182396301,-35.133975659249245],[138.5241358398972,-35.13415566485202],[138.52416483224124,-35.13451767255248],[138.52440086380886,-35.13677567146004],[138.52461593577686,-35.13963665950416],[138.52472895987364,-35.14112966540171],[138.5248259841319,-35.14244466309066],[138.52503903981994,-35.1452796589291],[138.5250900475677,-35.14588666263933],[138.52519907237934,-35.14719666639297],[138.52522009583083,-35.147818672593644],[138.52521110440898,-35.14854566744856],[138.52519612799892,-35.148666675726474],[138.52514710415562,-35.14894467505667],[138.5251191037637,-35.14900766806937],[138.5250041281381,-35.149266668322014],[138.52482310360347,-35.14956468476237],[138.52452015977758,-35.15000368971846],[138.52411619240843,-35.15074169137591],[138.52372419231767,-35.151455699121186],[138.52337919979027,-35.152192701631805],[138.52297225566508,-35.152896700822055],[138.5219212800431,-35.15460673021636],[138.52112931186832,-35.15589573569957],[138.52084332835693,-35.15636275004084],[138.5206473283116,-35.156647742499274],[138.51987436820764,-35.15792875660679],[138.51923840003224,-35.158963757571314],[138.51866742406241,-35.159751783118224],[138.51864243190278,-35.159787784778416],[138.5181604798223,-35.16034877827343],[138.51730447991793,-35.16115178922365],[138.51643548840718,-35.16179481258047],[138.51547951986402,-35.16235282842024],[138.5147435515737,-35.16268682673564],[138.51368755233875,-35.16305384815655],[138.51338659241742,-35.16317685472802],[138.5118706241301,-35.16376387820037],[138.51167664036473,-35.16384786858424],[138.51040764839433,-35.16455088661411],[138.508672704182,-35.16567293026145],[138.5075027203743,-35.1667269491893],[138.50728876806227,-35.16690493761274],[138.50627177602166,-35.16784396112985],[138.50463382369207,-35.16922898183202],[138.5040298560931,-35.169739008948056],[138.50215590367213,-35.17129702323899],[138.5015739200005,-35.171824032253255],[138.50144294363702,-35.17196903534267],[138.5013629444444,-35.17205803944694],[138.50024297643233,-35.173507051409274],[138.4988810557162,-35.17577208031719],[138.49876943995775,-35.17595645122918],[138.49848505634031,-35.175670071116826],[138.4984080321051,-35.17559007732018],[138.49797404806395,-35.175176066322365],[138.49766105611286,-35.17481107916791],[138.4974020477664,-35.174407076725174],[138.49716403229434,-35.17413906706423],[138.49703904001979,-35.17400107508951],[138.49656703983703,-35.17348509176355],[138.49594803197613,-35.17287409236542],[138.49566399999367,-35.172535098316075],[138.49535801556,-35.17208708395174],[138.4952250238158,-35.171720099403046],[138.49517500802028,-35.170962098621885],[138.495137983831,-35.170494086033216],[138.49518796815028,-35.169984096688665],[138.49532896026335,-35.1693420913644],[138.4953839358201,-35.16898209994389],[138.4953419518696,-35.16847608740147],[138.49518694382243,-35.16780908811887],[138.49494390383813,-35.16724709547702],[138.49455792021195,-35.166613100414224],[138.49404992016775,-35.166014107864726],[138.49374390425783,-35.16562011307769],[138.49326387222993,-35.16490810362603],[138.49300287997903,-35.16436111437389],[138.49293088025604,-35.16392912053243],[138.49292688007154,-35.16353011292432],[138.49295484808783,-35.16312810787582],[138.4931208638369,-35.16284611195846],[138.49331686388223,-35.1626271090538],[138.49368182405703,-35.16221209890921],[138.4939368322191,-35.16177808878774],[138.49420780784408,-35.16132008385472],[138.4944497920244,-35.16087009008254],[138.4947837759505,-35.160347094742576],[138.49504275192157,-35.15995308196909],[138.49534076836187,-35.15962607588267],[138.4956287681532,-35.15935007484603],[138.495880768083,-35.159151070165706],[138.49633171243863,-35.15890507590848],[138.49678972816344,-35.15867204987518],[138.49707571167482,-35.15855205873049],[138.49734771162764,-35.15847004775446],[138.4979127044079,-35.15825705771698],[138.49818169612843,-35.15800403256003],[138.49833968003225,-35.15783004072375],[138.498398688149,-35.15764703857991],[138.49841267170746,-35.15748203726616],[138.49839667186893,-35.157352037566454],[138.4983196476337,-35.157151034592516],[138.4982316480722,-35.156992046145945],[138.49811667244649,-35.15689403263343],[138.49796467173223,-35.15682003281819],[138.4976806721254,-35.15672205707722],[138.4972146560316,-35.1566180495833],[138.49667366435824,-35.15649706019116],[138.49612470379213,-35.156379048454255],[138.49582070416227,-35.156356071675305],[138.4955576956312,-35.15640607667905],[138.49515967997536,-35.15649607993009],[138.49488470416588,-35.1565820677082],[138.49458268844035,-35.15665706667022],[138.49420371233157,-35.15671909740837],[138.49414473569107,-35.156727088784066],[138.4936647360388,-35.15679909120507],[138.49310473629464,-35.15693408573941],[138.49268172757968,-35.157086118829284],[138.49219174365408,-35.1573191070911],[138.49143676819233,-35.157886132339115],[138.49090179208406,-35.15827013655752],[138.49049577605933,-35.158680133881035],[138.49025081602235,-35.15903912615471],[138.49003683223407,-35.159511154216375],[138.48994380816032,-35.159924148080904],[138.4898768644258,-35.16036415218383],[138.48980985594017,-35.1606371566794],[138.4897448637346,-35.16079814341953],[138.48962585644813,-35.16091915169744],[138.4894178558494,-35.16103214971389],[138.4891038719462,-35.161119155524545],[138.48880588788154,-35.16113715635464],[138.48853487988083,-35.16108117535589],[138.48831388767587,-35.16096116532549],[138.48812687995166,-35.16075416926947],[138.48798889607076,-35.16044316571947],[138.48792684824548,-35.16023417136989],[138.48791884787659,-35.15997017628257],[138.48791385573986,-35.159498167106676],[138.48796684829153,-35.15926116337192],[138.48811283164196,-35.1588541634888],[138.48815481559234,-35.1585761641586],[138.48814083203388,-35.158220168426],[138.48809580837496,-35.157687165430275],[138.48802879988932,-35.15710317537122],[138.48795379193405,-35.15675916760148],[138.48777177634645,-35.156151165643735],[138.48766377586264,-35.155719171802275],[138.48762975990553,-35.155351170120355],[138.48766275243418,-35.154932163388594],[138.48769075192672,-35.15463116839368],[138.48777174397082,-35.1543481742288],[138.48788873587648,-35.15413714471339],[138.48807971230895,-35.15395614086316],[138.48827571235427,-35.153756155921826],[138.4883867201711,-35.15347314287118],[138.48838473626665,-35.153252141672965],[138.4883327356673,-35.15310414114316],[138.4882816964432,-35.153008144809974],[138.48817670419157,-35.15291814245825],[138.48802668828114,-35.152848157216624],[138.4877217281753,-35.1527861633507],[138.4871667196685,-35.152746166902034],[138.4861547197646,-35.15278118740184],[138.48513974400407,-35.152831192405586],[138.48495875184494,-35.15285119062992],[138.48391075207962,-35.1529632083853],[138.4830867842278,-35.1531132063094],[138.4824837762054,-35.15329522819218],[138.4817247996598,-35.153620217099274],[138.48120582428942,-35.15385224488517],[138.48054982371548,-35.154046235845044],[138.4791008639138,-35.15453526469065],[138.47851289615335,-35.15481126572729],[138.47802489613207,-35.15519928541863],[138.47742191958594,-35.15573127128113],[138.47716192018652,-35.15588126920517],[138.47688790395364,-35.15590030515489],[138.47665091191016,-35.15579430026668],[138.47642991970508,-35.155587304210655],[138.47630691223424,-35.15531230142153],[138.47625791986718,-35.15504930548104],[138.47623488013562,-35.15436630366196],[138.4761198721344,-35.15360930292695],[138.47593686369532,-35.15299630523526],[138.47563183973773,-35.152488295298554],[138.47524985629593,-35.152175293455],[138.47466985562937,-35.15191231640023],[138.47412086358702,-35.15177532357228],[138.47345686444282,-35.15177534155873],[138.47298387230796,-35.151863327630394],[138.4725028798041,-35.15202533240313],[138.4720828802208,-35.15227634038075],[138.47180092837016,-35.152558354284565],[138.47159491167588,-35.15287735010958],[138.47141190413618,-35.153334355895765],[138.47135094359123,-35.1537103498527],[138.47141193561242,-35.154261353678464],[138.4715339520303,-35.15501236133139],[138.47174099215317,-35.155650352082034],[138.47188499159915,-35.15593835996731],[138.47241996770742,-35.156395328881274],[138.47318998433036,-35.15701533768765],[138.47353398400617,-35.15744133664833],[138.47361798428267,-35.157760332473345],[138.4735839998018,-35.158104340243085],[138.4733780163824,-35.15855533316204],[138.47309603215626,-35.1589743398938],[138.47257705588652,-35.15947533781656],[138.47208908824086,-35.16001435367946],[138.47170707242356,-35.160389349388936],[138.47154707223967,-35.16059634544496],[138.47139411194883,-35.160969360847275],[138.4712221121108,-35.16134135911636],[138.47105510440963,-35.161657357500985],[138.47094409569354,-35.161936355978014],[138.47092115218948,-35.16218334938202],[138.47095212843806,-35.16253734682107],[138.47098614439506,-35.162937353575956],[138.47098115225845,-35.16332635352836],[138.47095417619437,-35.1640593792369],[138.47093516812356,-35.16444336456959],[138.47086118359675,-35.164610364176895],[138.47068521594997,-35.16470937683624],[138.4704492158587,-35.164732371601644],[138.47000921625238,-35.16472036565233],[138.4699721920631,-35.16471437167087],[138.4693112002518,-35.164590384838334],[138.46930521616287,-35.164589385691556],[138.46940415957442,-35.163741363672955],[138.46947916842896,-35.163094363514006],[138.46945817555445,-35.162706362708434],[138.4695431363068,-35.16206837195773],[138.46951011230192,-35.16066137272412],[138.46935510425476,-35.15963937775501],[138.46930608041134,-35.15875437471459],[138.46925907194873,-35.15848336761326],[138.46912003226373,-35.158011377323135],[138.46908905601515,-35.15794836632398],[138.46883804803758,-35.157564380092026],[138.46868403194253,-35.15720938440552],[138.46865804783067,-35.15699239778087],[138.46851001582468,-35.15610639559361],[138.4685300158476,-35.15581838770839],[138.46856601570914,-35.15571038452657],[138.46871302428667,-35.15522738653459],[138.468924991795,-35.15473537913442],[138.46899596808953,-35.15425036486238],[138.46895996822798,-35.15398836716935],[138.46895398413915,-35.15382536414921],[138.46875692828962,-35.15200938562458],[138.4687219203804,-35.15175639823917],[138.4686099197121,-35.15109639208481],[138.46841987227936,-35.15049738064954],[138.46834889598483,-35.15031539563893],[138.46810988766129,-35.14988738039824],[138.46780287979914,-35.14952039584955],[138.46760089566487,-35.14932638600385],[138.46745087975432,-35.14920639485916],[138.46728889566612,-35.149126382176746],[138.4672018880567,-35.14908338828769],[138.46713788780335,-35.149028388449324],[138.46709088024,-35.148943380932224],[138.46697187205427,-35.14872741144086],[138.46690489594425,-35.14853841531556],[138.46667785579848,-35.14823540404063],[138.46651686366238,-35.147754404342265],[138.46645984034944,-35.147482398094155],[138.46647686361644,-35.14728441144638],[138.4665338563525,-35.14701140695081],[138.4665538563754,-35.146917408911236],[138.46667081590545,-35.146676408589315],[138.4666538241147,-35.14651340556918],[138.4665498238154,-35.14632241115032],[138.46650681643655,-35.14557340179101],[138.46650278387642,-35.14536540658821],[138.46652678408384,-35.145303412722285],[138.46664179208506,-35.14512540631239],[138.4666777919466,-35.14501740313062],[138.46665977582802,-35.1449093999488],[138.46653779178575,-35.14458241274809],[138.46650079997198,-35.1443564167152],[138.4664717761516,-35.14423840497835],[138.4664757763361,-35.144104409590796],[138.46655574405236,-35.14400541581722],[138.46675376037786,-35.14399141157435],[138.46683075223746,-35.143975409037864],[138.46688576016982,-35.143967379890626],[138.46699775993875,-35.143906385171476],[138.46704374407364,-35.143835382796624],[138.46725376005304,-35.14343439488135],[138.4672897599146,-35.143354382198936],[138.46733974423387,-35.143147386142914],[138.46743171160426,-35.143014389902135],[138.46748873581657,-35.14295239603621],[138.46753171171918,-35.14292139011002],[138.46782473602286,-35.14270738203999],[138.46801471960373,-35.142612384853635],[138.4682747199024,-35.142374381972104],[138.46848671978637,-35.14225237454741],[138.4686336959884,-35.14210237662331],[138.46877369614924,-35.141852367792524],[138.46884169568773,-35.14177337224328],[138.4689207038275,-35.14171137927667],[138.46895369635604,-35.141703368115884],[138.46916470428778,-35.141617362351326],[138.46928870371073,-35.141529376279664],[138.46936870380273,-35.14140537056136],[138.46947865581535,-35.141038367126896],[138.46954764820543,-35.140940373399474],[138.46964166423152,-35.14073537473769],[138.46974166434643,-35.14036737215645],[138.4697516477204,-35.14003435410211],[138.46970464015703,-35.139789376978115],[138.4697116161982,-35.13956436120628],[138.46970864034154,-35.13954937670235],[138.46960761589878,-35.13900336771121],[138.46956864018068,-35.1388583646218],[138.4695276158069,-35.13875837170144],[138.4693526077367,-35.13839436570737],[138.46929059228705,-35.13825737377874],[138.46911958440137,-35.13775837325028],[138.46873558378024,-35.137047362945395],[138.4686656003372,-35.13677437643628],[138.46864758421873,-35.13670237491465],[138.46848256042188,-35.136366377406375],[138.46843856019143,-35.13602236963658],[138.4684375682392,-35.13569736184371],[138.4685555520971,-35.13541236938528],[138.4687085438643,-35.13509936844105],[138.46874454372573,-35.135001373814305],[138.4690305281364,-35.13426836609216],[138.4691415035776,-35.13387337305767],[138.46915548803543,-35.1337653698759],[138.46922150366947,-35.13338837677213],[138.46932051183217,-35.13304836558956],[138.46937545591265,-35.13196735530914],[138.46936048040186,-35.13174235842308],[138.46938345628155,-35.13136434728676],[138.46937043229968,-35.13130135517338],[138.46936444821074,-35.13127334578826],[138.46933942367548,-35.13101134899449],[138.46924342374507,-35.130567367190224],[138.469216447681,-35.130026371919485],[138.46921942443691,-35.12991836873766],[138.46926940785693,-35.12972034521772],[138.4692764162736,-35.12951334826238],[138.46926940785693,-35.12937835372799],[138.4692614083873,-35.129297360784506],[138.4692233922458,-35.1291073664118],[138.46921439992468,-35.12902537432154],[138.4692153918769,-35.12901636491324],[138.4691664004091,-35.1287903688804],[138.4691804163432,-35.12870937593692],[138.46910240015575,-35.1283833680979],[138.46910735991685,-35.12823936415526],[138.4690633596864,-35.12788636586305],[138.46903238433708,-35.12745337377413],[138.46891235182363,-35.126729376359606],[138.46879433559013,-35.126294367091305],[138.468790336305,-35.12606037878339],[138.46866934421496,-35.12538137355148],[138.46860831981814,-35.124866370486586],[138.4684003201187,-35.12414137392523],[138.4682072635544,-35.123641374249985],[138.46794128006604,-35.12267136369246],[138.46767427224995,-35.122061363441105],[138.46747523159672,-35.12178737868453],[138.46743423959856,-35.121687385764176],[138.4674052481538,-35.12153339215229],[138.4674242562245,-35.12128138502783],[138.46743523155078,-35.121251396234925],[138.46755724796867,-35.120896362776875],[138.46776422423966,-35.12056737728261],[138.46793222389306,-35.12011936291822],[138.46800121628314,-35.12001337691578],[138.4682852158901,-35.11971236303509],[138.4683082241453,-35.11966836999926],[138.46835718413683,-35.11950636522653],[138.46830019230015,-35.11922636760272],[138.468318176043,-35.119010362138454],[138.46840716755685,-35.118638363869366],[138.46842918385983,-35.11858937599885],[138.4686581764338,-35.11827837244891],[138.4688691519898,-35.11784034775383],[138.46897113600915,-35.117752343695656],[138.46912713600864,-35.11767534644002],[138.46924016010541,-35.117569360437585],[138.46940415957442,-35.11723034750247],[138.46945510436967,-35.11699635919456],[138.46952310390816,-35.11658334734358],[138.4697301116554,-35.11625434296349],[138.4697531199106,-35.11622735161092],[138.4699211195641,-35.116132354424565],[138.47006809576612,-35.11599032988977],[138.47024307235995,-35.115628340175704],[138.47024809597292,-35.115628340175704],[138.4702525763953,-35.11560275446351],[138.4702790722215,-35.11555334121368],[138.47047308836238,-35.11528732984635],[138.4705352638914,-35.11502198397733],[138.47052643164955,-35.114875057238066],[138.47046304023718,-35.114565329826064],[138.4703290556415,-35.114274325399776],[138.47027596776172,-35.11393671810504],[138.47025404768624,-35.1138583340948],[138.4702560639662,-35.113813341912135],[138.470313055803,-35.11374233863796],[138.4704679361464,-35.11367435168995],[138.47056905591728,-35.11359433900748],[138.4707080317503,-35.113390339492526],[138.47071401583923,-35.11319233395898],[138.47081996766747,-35.112954442593434],[138.47088902390942,-35.1125013407642],[138.47090198403941,-35.11207833834459],[138.47088457586256,-35.11197577426253],[138.47081497643012,-35.1117063400755],[138.47064598392512,-35.111459327785724],[138.47061699158098,-35.1113513246039],[138.47062099176537,-35.111207339547036],[138.47069599972065,-35.11092934021684],[138.47081296015006,-35.11068834079424],[138.47085094391605,-35.11053532744336],[138.47084396787488,-35.11040033290897],[138.4707919681748,-35.11029033143359],[138.47074995184892,-35.11024533925098],[138.47072307201222,-35.11023314804129],[138.4703901762657,-35.1101477520171],[138.47015494419543,-35.110064279642756],[138.4694871678986,-35.10980994237491],[138.46912096036408,-35.109697350852],[138.46907795208585,-35.109669360352655],[138.4690259523859,-35.10960535020672],[138.46903775958504,-35.10953608622134],[138.46905295992622,-35.109434354911514],[138.4691431043708,-35.109254590327055],[138.46937196834176,-35.109035347303404],[138.46959395159968,-35.10894935862598],[138.4697212479373,-35.10893670516475],[138.46980294415062,-35.10892732523581],[138.46992489581737,-35.10897309443271],[138.46995296006116,-35.109065335197045],[138.46980316808185,-35.10915885299863],[138.4696069441053,-35.1092563476023],[138.4695609599704,-35.109301358670734],[138.46956995229152,-35.10939136102246],[138.47030073599024,-35.1097153516821],[138.47062473564313,-35.109867384771974],[138.47084851214913,-35.10997712634327],[138.47097596766685,-35.110042338882806],[138.47108396815065,-35.11008133708401],[138.47117011241085,-35.110079931443636],[138.47125996817306,-35.110066314808535],[138.47160694370552,-35.10983931962886],[138.47175292795532,-35.109725323364955],[138.47198393590998,-35.10936031822405],[138.47202915202377,-35.10916075866203],[138.47201392020634,-35.10909031026955],[138.47194991995286,-35.10903531043118],[138.4716339197696,-35.10898330623456],[138.4716229120678,-35.10896530630379],[138.47166991963115,-35.10887632108529],[138.47181193607207,-35.108888309048154],[138.47205091202,-35.10896530630379],[138.4720839360249,-35.10894732435946],[138.47210892818453,-35.10849731170151],[138.47222678433866,-35.10810355793279],[138.47224918375287,-35.10792943569487],[138.47227728037228,-35.10755791856303],[138.47236857594908,-35.10726110451634],[138.47253785623718,-35.10706430137634],[138.47283904008964,-35.10683406863734],[138.47315484781802,-35.106599304214456],[138.4732884484032,-35.106470211031365],[138.47344886407393,-35.10630829888885],[138.4736418882626,-35.106052740341624],[138.47372182360334,-35.105998275599916],[138.4741311041672,-35.10560465133352],[138.47438982383142,-35.10532728062947],[138.4747490238484,-35.10504739452159],[138.47490585572075,-35.10492098401613],[138.47529379177513,-35.10448926806521],[138.47548636810143,-35.10415691550918],[138.47555577597836,-35.10401757365207],[138.47564787195176,-35.103921373172795],[138.47595776034245,-35.10356626597036],[138.47604076776724,-35.103369259583644],[138.47616777632186,-35.10317325234365],[138.4763117442916,-35.10278023781768],[138.47632902386545,-35.102667055440236],[138.47640774422212,-35.102133237658734],[138.47653974401408,-35.10179324446261],[138.47655551992136,-35.1015796437855],[138.4765475843036,-35.101523866033574],[138.47654899174267,-35.10147600681222],[138.48670294378587,-35.10096888450636],[138.48833299197406,-35.10089099961988],[138.4883274557476,-35.10098364777707],[138.4883282201713,-35.1009837098303],[138.488616991581,-35.101006994177396],[138.48899299183313,-35.10119600918841],[138.48923203433094,-35.10144775461015],[138.4892560003642,-35.10147299138538],[138.48996700797113,-35.10255899650042],[138.49503532801805,-35.102280608663136],[138.49522000020295,-35.10224499640941],[138.4970721917283,-35.102153846522754]],[[138.49976251542785,-35.10202514184675],[138.4997620163041,-35.10202099777081],[138.49987001588863,-35.10201999862397],[138.4997625648905,-35.10202513914879],[138.49976251542785,-35.10202514184675]]]},"properties":{"School_Name":"Christies Beach HS & Sth Voc College","ENTITY_CODE":1013,"zoneType":"secondary"}},{"type":"Feature","geometry":{"type":"Polygon","coordinates":[[[138.63865782409937,-34.70197579594617],[138.63769049621953,-34.70336388783312],[138.63764150385236,-34.70343289281374],[138.63758252811124,-34.70354589083013],[138.63707151983488,-34.70437491287191],[138.6361216001318,-34.705913927185975],[138.63561561636766,-34.706722951003314],[138.63517363195763,-34.707420956212104],[138.63420067162372,-34.708986962778056],[138.63384867157902,-34.70956495795639],[138.63322272005257,-34.71058699069704],[138.6329777600157,-34.710983982025084],[138.63282275196855,-34.71123598914954],[138.63223676811242,-34.71218500233596],[138.63123180810157,-34.71378503025488],[138.6308148482267,-34.714442038968855],[138.63021987204957,-34.7153830418938],[138.63012086388687,-34.715542049226144],[138.62972192013058,-34.716182056256855],[138.6292299199249,-34.716982051780235],[138.6288209280434,-34.71760607516018],[138.62872995172597,-34.717746083414966],[138.62861894390915,-34.71792808641203],[138.6282299844263,-34.71856807545629],[138.62773500836397,-34.719374101833296],[138.62732499215474,-34.72002210113902],[138.62613206394371,-34.72193910860295],[138.62405017567517,-34.72528616582383],[138.62123260779867,-34.72945312416232],[138.6244106878031,-34.73298875122987],[138.62937584032284,-34.73851812401216],[138.62982051190716,-34.73901288783446],[138.63605011212303,-34.745945800158495],[138.63787545618743,-34.748489013657036],[138.63777644802474,-34.74859901423309],[138.63754847977862,-34.74885004109649],[138.63662451181187,-34.74988204462062],[138.6359755196546,-34.7506110557556],[138.6359255362346,-34.750667055640065],[138.63557056033312,-34.75108006839042],[138.63492358355666,-34.751785084713845],[138.63463756766964,-34.75210407963954],[138.63359961602953,-34.75326310520808],[138.63312864017462,-34.75379011422234],[138.63234566432106,-34.754667125887124],[138.63183868770534,-34.75523313310259],[138.63116969642442,-34.755982142461846],[138.63067699204964,-34.75685199372447],[138.63051590368605,-34.7570452634281],[138.62851699226542,-34.759267002570084],[138.62850483163277,-34.75974219354737],[138.62840284761342,-34.75988418120994],[138.62833884825932,-34.76020818985603],[138.62826985586923,-34.76031421363001],[138.6278298562629,-34.760619204312775],[138.62780185587098,-34.760639203436426],[138.6276108803379,-34.760833212382806],[138.62757487957708,-34.76092321473453],[138.62757088029196,-34.761085200621494],[138.62766585589463,-34.76118621067502],[138.62779587178215,-34.761225208876226],[138.62782787235847,-34.761252200228796],[138.62786886435663,-34.76134320172736],[138.627821855894,-34.76145120490912],[138.6276559039968,-34.761528202164754],[138.62738291209178,-34.7615321978526],[138.62723289618123,-34.7614482263545],[138.62717788824898,-34.761447227207725],[138.6271328960663,-34.76150022965186],[138.62708489565148,-34.761661217291305],[138.62706188829554,-34.76167022669955],[138.62699689608996,-34.76166922755277],[138.62688889560616,-34.761631228498345],[138.62683590395386,-34.76156621920563],[138.6267869115868,-34.76136723341102],[138.6268378878583,-34.761107234910924],[138.6267658881353,-34.76096123267473],[138.6264858878135,-34.76081123475063],[138.6263559043016,-34.76079121764053],[138.62609289577063,-34.760804222736624],[138.62599491193566,-34.76079323392054],[138.62581491172887,-34.76060022322167],[138.62575990379662,-34.760599242960666],[138.6256448957954,-34.76082224155317],[138.62553289602636,-34.76090123710236],[138.62545689611898,-34.76088123887803],[138.62537091193815,-34.760835247548584],[138.62521091175427,-34.760705247848875],[138.62511388839528,-34.7606582393862],[138.62500489595925,-34.760674241922686],[138.62492691214732,-34.76072724436676],[138.62490188761205,-34.760817246718545],[138.62492188763508,-34.7608712483094],[138.6251679043753,-34.76106523926933],[138.62521993555163,-34.76114725024536],[138.62521792017094,-34.76121925176699],[138.62519494429137,-34.761264243949654],[138.62509593612856,-34.76130723783871],[138.6249979199181,-34.76129624902262],[138.62482492812796,-34.761239250890696],[138.62473894394714,-34.76117424159793],[138.6246989439012,-34.76102923850851],[138.6246978880971,-34.760695239293796],[138.6246359041237,-34.76056823703448],[138.62453891224106,-34.760548238810145],[138.62404492813096,-34.76061926007077],[138.62396694431914,-34.760681253936696],[138.62388694422714,-34.76078825707236],[138.62383593558002,-34.76103025564174],[138.62369392003848,-34.76106325986149],[138.62332191997075,-34.761056266733306],[138.62317894395312,-34.76108928983882],[138.62314396841953,-34.761179273304776],[138.62319497616727,-34.761288275633376],[138.62322096027913,-34.76153227159699],[138.62315295984126,-34.761630285109504],[138.62306396832753,-34.76167327899856],[138.62290095991148,-34.76165228162745],[138.62280595193317,-34.761551289560316],[138.6227909764225,-34.7612982841884],[138.62273897582315,-34.76119827328165],[138.62231996819207,-34.76095527556549],[138.62215795172813,-34.76089827743351],[138.62158796771064,-34.761347290944684],[138.62160396844843,-34.76154629472569],[138.62156899201545,-34.7616443082382],[138.62143500831905,-34.76174130371817],[138.62125699201658,-34.761827291496274],[138.6211699844073,-34.76182529320266],[138.6211049922017,-34.761797302703314],[138.62105199965015,-34.761742302864945],[138.6210390080438,-34.7614443044111],[138.62098700834383,-34.7613353020825],[138.6207910082985,-34.76132229698635],[138.62049398381032,-34.761406324242444],[138.6204270077003,-34.76144132585648],[138.62036000011403,-34.76150331972241],[138.62031100774686,-34.76167331587078],[138.62033900813879,-34.761872320551106],[138.62038799960658,-34.76204431499309],[138.6204110402374,-34.76236532709811],[138.62031535956623,-34.76244189807511],[138.62006502428153,-34.762642309295074],[138.61976803216896,-34.7627263176654],[138.6197230399864,-34.76276231842621],[138.61971104033228,-34.76278930977878],[138.61981503973232,-34.76299832301413],[138.61982304010132,-34.76309731678771],[138.61970201563554,-34.763122328732436],[138.6195380476429,-34.76311034076957],[138.61938902368456,-34.762972330808395],[138.61930307187936,-34.76293433175397],[138.61919305601475,-34.76295033429045],[138.61906006427057,-34.76303733920179],[138.6189050562234,-34.76309733477416],[138.61875107160472,-34.76312132958566],[138.61862006376498,-34.76312834070029],[138.61843507232084,-34.76308834425163],[138.61829507215987,-34.76304035462863],[138.61825107192954,-34.76303935638117],[138.61820604827062,-34.76308434766446],[138.6181820480631,-34.76314636041616],[138.6182880637432,-34.763266350661524],[138.61834806381216,-34.76348335617189],[138.61829004764763,-34.76358135079863],[138.61812108841752,-34.763767349483544],[138.61796508841815,-34.76389035605507],[138.61763209644414,-34.76405535736882],[138.61750908807403,-34.76414336232625],[138.61736508772867,-34.76422135782934],[138.61713510410186,-34.76426237231061],[138.61696207993612,-34.76416837427104],[138.61669910378066,-34.76383837074417],[138.6165471039658,-34.76380838285053],[138.61651209605645,-34.76386236555567],[138.6165201279016,-34.763961377315695],[138.61649612769418,-34.76404237025912],[138.61630412783325,-34.764281372287485],[138.61629411208366,-34.76460638008035],[138.61614012836435,-34.764639365414325],[138.61595612797294,-34.76458138612202],[138.61566111976492,-34.76459339297065],[138.61555312018038,-34.76454638450798],[138.61551411208666,-34.76441039082681],[138.6155151364145,-34.76435638923596],[138.61569711962647,-34.76372938730134],[138.6156791358835,-34.76359339362017],[138.61553811229408,-34.76357239624906],[138.61535011171839,-34.763641383243225],[138.6151521277685,-34.76367338831619],[138.61507612786113,-34.76367139002258],[138.6149031360709,-34.763614391890655],[138.61485913584056,-34.76361339274382],[138.61461612823177,-34.76369841824737],[138.61439411169897,-34.76383840761639],[138.61416915168502,-34.7640594088146],[138.61413315182358,-34.76415840258818],[138.6141531518465,-34.764248404939906],[138.6144981443739,-34.764381401180685],[138.61465916798625,-34.76450241035792],[138.6146891522826,-34.76457441187955],[138.6146911676633,-34.76489041026417],[138.61466915225958,-34.76490841109427],[138.61459216039998,-34.764906412800656],[138.61445414414345,-34.764777412247724],[138.6143361602857,-34.76471240385433],[138.61410614428314,-34.76471641842795],[138.61402915242354,-34.764732402078664],[138.61375119985803,-34.765021409110716],[138.6132801916276,-34.76534042292212],[138.61297920022992,-34.76580142439616],[138.61296019215922,-34.76582943378128],[138.61283523226018,-34.76598043085215],[138.6126792322608,-34.766085436593585],[138.61261222377516,-34.76616543039023],[138.61251123170803,-34.766235434517625],[138.61221523244706,-34.766293450682156],[138.61208422370805,-34.76628144383352],[138.6120632317328,-34.76626244475597],[138.6120432317099,-34.76614944673952],[138.6120252155913,-34.76604643839238],[138.61193123194084,-34.765891445633656],[138.61185622398557,-34.765844455157435],[138.61167020821358,-34.76584945089138],[138.6116132163769,-34.7659474446188],[138.6115852483606,-34.76653345095798],[138.61150624022082,-34.76662145591541],[138.61138524813077,-34.76665544039622],[138.61116726415798,-34.76663346186473],[138.61101724824744,-34.76652246214189],[138.61085926434362,-34.76634747025952],[138.61076025618092,-34.76633646255766],[138.6106172477878,-34.766369466777405],[138.61049424031705,-34.766475471665615],[138.610437247581,-34.76655546636164],[138.61037824036362,-34.766716471088216],[138.61031023992575,-34.76679646578424],[138.61023225611382,-34.76684045882007],[138.60991228812168,-34.76696048683698],[138.60980428763787,-34.766921488635774],[138.60967727998252,-34.76679348722962],[138.60950227191233,-34.76678949064245],[138.6094352958023,-34.76682449315581],[138.60936627193598,-34.76694947913512],[138.60924329594138,-34.76705548402333],[138.6090792955731,-34.76707847968805],[138.60903529624204,-34.76705148833548],[138.60895228791787,-34.766914476621764],[138.60885727993957,-34.76681348545395],[138.608792287734,-34.766784477821375],[138.60868227186938,-34.76680048035786],[138.60861628771158,-34.76683550085761],[138.60854729622076,-34.76693349458509],[138.60853328028668,-34.7670505071751],[138.60856732772004,-34.76740250721991],[138.608543328412,-34.76746450018646],[138.60847532797402,-34.767544494882486],[138.60840931233997,-34.76757050507473],[138.6082563196735,-34.76757649905613],[138.60808230355553,-34.76751950092421],[138.60797632025105,-34.76742650113209],[138.60792230427103,-34.76739851063269],[138.60779231985975,-34.76736051157832],[138.6077263042256,-34.76736850385333],[138.60765932811557,-34.76742050715063],[138.6075793280237,-34.767554503437566],[138.607552319584,-34.76758351107014],[138.60740025591713,-34.76772050389809],[138.60700736010165,-34.76807451932359],[138.6066393602183,-34.76833751526408],[138.60659433566013,-34.768355516094175],[138.60629833639916,-34.76841253311187],[138.6060583361234,-34.76838953744715],[138.60580636766974,-34.76842953479513],[138.6054793921603,-34.76841453140548],[138.60430838402476,-34.76846355614816],[138.6042873920495,-34.76846555444172],[138.6042423683906,-34.76847156640963],[138.60411036769938,-34.768513561151906],[138.60386639961473,-34.76863555059015],[138.60307542429143,-34.76878157081279],[138.6029454084039,-34.76876157258846],[138.60280540824306,-34.76868657362644],[138.6026844161529,-34.76871158557117],[138.60261740766725,-34.76875457946022],[138.60254041580765,-34.768780571666014],[138.6024204156697,-34.768777593111395],[138.60231241608517,-34.76873959405697],[138.6022244156244,-34.76873859580951],[138.60216745616322,-34.76882659986762],[138.60210444786208,-34.76914159910547],[138.6020474560254,-34.769203592971394],[138.60176044818616,-34.76928760134166],[138.60161843174524,-34.76929359532312],[138.6015434561656,-34.76926558683732],[138.60141545565887,-34.76916359562341],[138.60135043197693,-34.769151589674095],[138.60078444814383,-34.76908661725355],[138.60058944005073,-34.769037611396584],[138.60055545556986,-34.769046620804886],[138.60030646387224,-34.76938361656062],[138.60016348785473,-34.76938961054208],[138.6001094718747,-34.769370610565204],[138.5998874877174,-34.76913162832193],[138.59980048010812,-34.769112628345056],[138.5997234882484,-34.76912863088154],[138.5996114875802,-34.769225626361504],[138.59937846424475,-34.76934763378625],[138.5992764802254,-34.7694716395045],[138.59918947171684,-34.76945164128017],[138.59907247981118,-34.76935063122659],[138.59897548792844,-34.769303640750366],[138.59886646401617,-34.769309634731826],[138.5986445122345,-34.76941362334003],[138.5985675203748,-34.76942165248721],[138.59848150381845,-34.76939264485463],[138.59839651158984,-34.7693096536176],[138.59826752003005,-34.76922664439405],[138.59814851184444,-34.76919665560115],[138.59811552021517,-34.769204647876165],[138.5980365120754,-34.76928465965926],[138.59797449572648,-34.76952665822864],[138.59790751961646,-34.76958865209457],[138.59776649602702,-34.76954064448512],[138.5976005117543,-34.76923165721519],[138.597547520102,-34.76919365816076],[138.5974815035686,-34.7691926599133],[138.59744851193932,-34.76920964271079],[138.59736950379965,-34.769307655323985],[138.59730751982624,-34.76955866330161],[138.59723753638332,-34.76972867833581],[138.597214528128,-34.76974666028008],[138.59708252833605,-34.769788673908124],[138.59692953566957,-34.769767676537015],[138.59682252803725,-34.76969367672177],[138.59669654381048,-34.7695376659305],[138.596620543903,-34.76950967543115],[138.5965335362937,-34.76950767713754],[138.59620553555703,-34.76988866682848],[138.59609254383588,-34.76999468970314],[138.5959145284328,-34.77012668769646],[138.59581555174634,-34.77015168075542],[138.59568457628222,-34.77014868421435],[138.59564057605178,-34.77013869364578],[138.59555558382317,-34.770074684399106],[138.59543558368534,-34.770044695606146],[138.59531558444678,-34.77004267932614],[138.5952275839859,-34.7700766817934],[138.59454255959156,-34.770721703443826],[138.59448758403482,-34.770749711929625],[138.59461459169017,-34.772081712201214],[138.59477264034513,-34.77362270682244],[138.5952597437422,-34.77834370329924],[138.5952717442956,-34.778455702168856],[138.59527872033675,-34.7785297019841],[138.5955337923507,-34.78186170005739],[138.59590489579432,-34.785692716645485],[138.5960789119123,-34.787480723556484],[138.5961089276849,-34.78800673432329],[138.5962712957837,-34.78874038865797],[138.59625225623665,-34.788990378603046],[138.5965849919039,-34.791273723103814],[138.5965849919039,-34.79127400009497],[138.59678099194923,-34.79367870450858],[138.59657305610176,-34.79552036137551],[138.59655900779205,-34.80051900554764],[138.5930916797373,-34.79879080984796],[138.57757500828006,-34.789280995421564],[138.5529756158321,-34.78913031311339],[138.5527616320437,-34.78899032374443],[138.55258262378914,-34.78875233974861],[138.55249763156053,-34.78867032877264],[138.55232563172262,-34.788594330663784],[138.55228163239144,-34.788593332416326],[138.55206464037087,-34.78853533423825],[138.55163862432312,-34.78851733430747],[138.5515956160449,-34.7885073437389],[138.55140963174915,-34.788522329142154],[138.55136563241808,-34.78852033084854],[138.55124863961305,-34.788437358497276],[138.55126163211867,-34.78834735614555],[138.5512736317728,-34.78832034590721],[138.55159862427718,-34.788029340581545],[138.5517535999487,-34.787960335600985],[138.55190860799587,-34.78791934000549],[138.55220358382837,-34.787906334909394],[138.55239059155258,-34.78788333924467],[138.55249359989978,-34.78772333276555],[138.55262559969174,-34.78766231916063],[138.5527275837111,-34.78755631427242],[138.55276060771598,-34.78753931258916],[138.5528806078538,-34.78754131088277],[138.55290259178128,-34.7875333186077],[138.55291459233467,-34.787506309268736],[138.5528846080383,-34.787415325756626],[138.5527766075545,-34.787368317293954],[138.55258060840845,-34.78735531219786],[138.55245958394266,-34.787389333550834],[138.5523145916452,-34.78747633936155],[138.55224860838666,-34.78749334014549],[138.552161599878,-34.78747334192116],[138.55214060790274,-34.78744533343536],[138.55210159980902,-34.78729133892409],[138.55167359985683,-34.786976339686305],[138.5515345916482,-34.786874330485944],[138.55152860755925,-34.786721335121456],[138.55146460820515,-34.78666533613631],[138.55143158420026,-34.78666533613631],[138.55138758396993,-34.7866913283421],[138.55130758387793,-34.786807341785334],[138.55098959979023,-34.78682735889544],[138.55091459183495,-34.7867813495796],[138.5506795836959,-34.786596349142144],[138.5506486083467,-34.78655035871202],[138.55067359960697,-34.78642435470016],[138.55069660786228,-34.786388353939344],[138.5507975999294,-34.78631035843625],[138.5509735999517,-34.78625935338641],[138.55098559960584,-34.78623236203384],[138.55097558385614,-34.7862053517955],[138.55072659215853,-34.78613734596172],[138.55025260807145,-34.785911349928824],[138.55019958404364,-34.785847358668605],[138.55014860777214,-34.78570235557919],[138.55012758432065,-34.785683355602316],[138.55010560039318,-34.785683355602316],[138.55002758420574,-34.78575335972971],[138.54996160004782,-34.78574335117469],[138.5499406080727,-34.78573336150538],[138.54992060804966,-34.78567035050622],[138.54992060804966,-34.78565234967613],[138.54999260777265,-34.78543736134509],[138.54996358395226,-34.78533735043834],[138.5499416000249,-34.78532835991581],[138.54974559997947,-34.785315353920396],[138.5496425916324,-34.78546635099127],[138.54955360011866,-34.785500372344245],[138.54931260789056,-34.78552236886219],[138.5492806082135,-34.78552236886219],[138.54918259200304,-34.78549337921601],[138.54904460812224,-34.785346378732356],[138.54900358374846,-34.78528236858642],[138.54880860803087,-34.78484537991034],[138.5486915837497,-34.78474337070992],[138.54868160037563,-34.78468037859653],[138.54837660789417,-34.784305364900604],[138.5483555844428,-34.784277374401256],[138.54828358382042,-34.78412238164253],[138.54830755165221,-34.784042368960115],[138.548386559792,-34.78396237516341],[138.54837657641792,-34.7839263744026],[138.54831356811678,-34.783852373688035],[138.548314560069,-34.78382536434907],[138.54835955225155,-34.78375437906129],[138.54835055993044,-34.78370936889223],[138.5483195522056,-34.783654368154544],[138.54809356786393,-34.7835333787624],[138.54807257588868,-34.783505369377224],[138.54814156827877,-34.78337137398967],[138.5481435521832,-34.78330838187628],[138.54811455983918,-34.783181378717586],[138.5480505595857,-34.78312637887922],[138.5479635519764,-34.78312438058566],[138.54783155218445,-34.783158383052864],[138.54772355170064,-34.783119385751036],[138.54768057579804,-34.783092394398466],[138.54769456025576,-34.78297539979479],[138.54780857630476,-34.78283339414577],[138.54780857630476,-34.78280638390743],[138.54779955160814,-34.78275138316974],[138.5476875518391,-34.782497396637496],[138.5475305598875,-34.78225038524704],[138.5474695678663,-34.782078390805054],[138.54747052834227,-34.78205040030571],[138.5474935356982,-34.78202438921414],[138.54759353581312,-34.781945393664955],[138.54760553636652,-34.78192739373418],[138.54757951987904,-34.78169238829304],[138.54752953555965,-34.78152938437353],[138.54745654388444,-34.78141938379747],[138.54725452827392,-34.78123538250685],[138.5471655358608,-34.78093538665871],[138.54709052790565,-34.78085339456845],[138.54668153602415,-34.780655389034905],[138.54661552039,-34.78066339929637],[138.54640553588683,-34.780740396552005],[138.5463085440042,-34.78069338808933],[138.546193536003,-34.78054640559208],[138.54616054437372,-34.78052840476204],[138.54596953556563,-34.7803434052239],[138.54588652814084,-34.780216402065264],[138.54582652807187,-34.780025408545725],[138.5458385277259,-34.77998940778491],[138.54590652816375,-34.779892412304946],[138.54592953641907,-34.77984740123651],[138.54589951974708,-34.77976540914625],[138.5457935364426,-34.779637407740154],[138.54547852821156,-34.779225413022345],[138.54537151967997,-34.77916040372958],[138.54524153616808,-34.7791124150059],[138.5451885436164,-34.779048404859964],[138.54518950409238,-34.77865141353186],[138.54509350416197,-34.77821640426362],[138.54502150443898,-34.77806241065167],[138.54470550425572,-34.77767740728649],[138.54465251170416,-34.777594416049396],[138.54463350363335,-34.777495404289425],[138.5446634879297,-34.77721640581245],[138.54470047974337,-34.77708241042484],[138.54477046408567,-34.776957405559756],[138.54479248038876,-34.77657040390096],[138.54483046415464,-34.776399408605755],[138.54483145610686,-34.77636340784494],[138.54468447990484,-34.77616240487106],[138.54459846424777,-34.776106405885855],[138.54431648002162,-34.77601943694742],[138.54421046434152,-34.775936427723934],[138.54416947234336,-34.77583643480358],[138.54416947234336,-34.775827425395335],[138.5441914562707,-34.775827425395335],[138.54426048013715,-34.77572042136029],[138.54454944040447,-34.7755464106383],[138.54461843189517,-34.77544841601156],[138.54462044817524,-34.77537641359055],[138.54460943957406,-34.775367404182305],[138.5445664321951,-34.77535741451305],[138.54447843173432,-34.775364407641234],[138.5442904644334,-34.77546042286019],[138.54422345594776,-34.775476425396675],[138.54416947234336,-34.7754754262499],[138.5439954562254,-34.77545442887873],[138.54397347229792,-34.77546242025443],[138.54390848009234,-34.77543442975508],[138.54377046383593,-34.77528742927137],[138.54362345615766,-34.77507743577502],[138.54349043203786,-34.77480443127945],[138.54343344020117,-34.77451442510062],[138.5434354241056,-34.77442442274889],[138.54348844813342,-34.77410942261173],[138.54367542438138,-34.773707436449],[138.5437214399925,-34.77363643317483],[138.54387641566416,-34.77355841878597],[138.5440854082151,-34.7735174043047],[138.5441614081226,-34.77351041117652],[138.5444564163306,-34.77354341539626],[138.5445964155922,-34.77358241359747],[138.5449524158214,-34.77376941142916],[138.54532639979357,-34.77404741075935],[138.54555939165266,-34.774277384493644],[138.54579939192843,-34.77465239818957],[138.5459084158408,-34.774681387835756],[138.54593740818495,-34.774790389265036],[138.5459584001601,-34.774808390095075],[138.54605641637056,-34.77483739772765],[138.5461113919273,-34.774838396874486],[138.54616639985954,-34.77480439440723],[138.54616739181176,-34.77478539443035],[138.5461263998136,-34.77470338435364],[138.5459964163016,-34.7746383939467],[138.54585840004518,-34.77452739332449],[138.54579641607177,-34.77439038251009],[138.5458204162793,-34.774310388713445],[138.5459014083234,-34.77417639332583],[138.54596739158194,-34.77379940022212],[138.54618336017404,-34.773497387194595],[138.54616137624657,-34.77312738721912],[138.54614038427133,-34.773108388141566],[138.54608537633908,-34.77311639840303],[138.54591638383408,-34.77331138850974],[138.54581638371917,-34.77335438239879],[138.54576137578692,-34.773353383252015],[138.54549135973855,-34.773248396396355],[138.54535238390542,-34.77315539660424],[138.54518137601974,-34.77300841410698],[138.54509836769557,-34.77288041270083],[138.54510438416003,-34.77268240716734],[138.54510038397564,-34.772438410304346],[138.54505036818,-34.77228441669246],[138.54508537608933,-34.77221241427145],[138.54510137592786,-34.772032409568],[138.54511337558188,-34.77201540788474],[138.545236383952,-34.77191839441832],[138.54527238381354,-34.7718103912365],[138.54526236806385,-34.77176539905389],[138.5451373757893,-34.7715733875018],[138.5449553602018,-34.77145241609611],[138.54498134431367,-34.77130941130025],[138.54499033573552,-34.771002403438104],[138.54504934385216,-34.770841397812205],[138.5452653439205,-34.770557385614836],[138.54542233587222,-34.770416397098984],[138.54565731163564,-34.770232396707684],[138.54582329590846,-34.77015438231882],[138.54616230434692,-34.77016139343351],[138.54643631968042,-34.77011236869083],[138.54655929567502,-34.77004236456344],[138.54681632011716,-34.76982238139772],[138.54674627192298,-34.76926236726439],[138.54657827226947,-34.769015373860384],[138.54655926419878,-34.76892537150866],[138.54657228818064,-34.76885336908765],[138.54664227162357,-34.76870137376932],[138.54664627180807,-34.76857536975746],[138.54662726373726,-34.76847537773642],[138.54658726369132,-34.76834837457778],[138.54624623987218,-34.76769236501059],[138.5462712320318,-34.76757636955375],[138.5463392315703,-34.767496375757105],[138.5464842562435,-34.76740037942392],[138.54649625589752,-34.76737336918558],[138.54648723210016,-34.76731037707219],[138.54641225562114,-34.76726336860952],[138.54637923161636,-34.76726236946274],[138.54623625559873,-34.76729537368249],[138.54615824031066,-34.76734837612662],[138.54606025557644,-34.76733736842476],[138.54602723157154,-34.76732737875545],[138.54598524762116,-34.767272378017765],[138.54594723237892,-34.767091374167535],[138.5458532478292,-34.76695438133959],[138.54568323189574,-34.76679739028731],[138.54535023992173,-34.76658338221728],[138.54531824024468,-34.76654740034223],[138.5453342400832,-34.766403396399596],[138.5454142401751,-34.76627839153451],[138.54552524799192,-34.766217396815364],[138.54562323182677,-34.766210385700674],[138.54568825640797,-34.76623939333331],[138.54587823998884,-34.76646836792082],[138.54609225615275,-34.76663436838135],[138.54631923244665,-34.76671136563698],[138.54650425626653,-34.76673338014132],[138.54652624019388,-34.7667153802106],[138.5464132160971,-34.76647036621438],[138.5464282239834,-34.76633537168004],[138.54641820823383,-34.76629837177239],[138.54634521565924,-34.76620737027389],[138.5461532157983,-34.76602336898327],[138.54607120032574,-34.7658593668163],[138.54606319995673,-34.7657503644877],[138.54609020839644,-34.76558036833927],[138.5461372159598,-34.76545436432741],[138.54630620756552,-34.76528736472005],[138.54644022363743,-34.76519937864839],[138.54645321614305,-34.76513636764918],[138.54638118404444,-34.764990366312304],[138.5461701761128,-34.7647253720782],[138.54602518381523,-34.76444237791338],[138.54594918390774,-34.76408036931355],[138.545826176437,-34.76379937344228],[138.54581718411578,-34.7637263718745],[138.54569219184123,-34.76354336973071],[138.54566716820534,-34.763254381584375],[138.54562617620718,-34.7631723706084],[138.54546716797552,-34.762998378772124],[138.54538419202686,-34.762861367058406],[138.54537513585387,-34.76281637577506],[138.54533113562343,-34.76245436717528],[138.5452721598823,-34.76223738055063],[138.54521014443264,-34.76209137921376],[138.54497315238916,-34.761609398355006],[138.54489315229716,-34.76137339376709],[138.544882143696,-34.76137239462025],[138.5447871357178,-34.76128039487429],[138.544569151745,-34.761231388118006],[138.5445051523909,-34.76120239847188],[138.54439814385933,-34.7611013884183],[138.54437014436678,-34.76094739480641],[138.54433913574258,-34.76090238373797],[138.5441111360202,-34.76085239672068],[138.54402515183938,-34.76079639773553],[138.54401513608968,-34.76077839690544],[138.54402713574382,-34.760724395314526],[138.5441401598406,-34.76062739983462],[138.54419715167728,-34.760520395799574],[138.5442231043129,-34.76037739100377],[138.54418511964764,-34.7602133888368],[138.54406012827235,-34.76000439358785],[138.54396512029416,-34.75989439301179],[138.54370511999537,-34.759807387201135],[138.5436301120401,-34.759770387293486],[138.54356611178673,-34.759696406364014],[138.54347212813627,-34.75955040412782],[138.54340211231772,-34.75935040030066],[138.54337212802136,-34.758899407381705],[138.54309212769965,-34.75873140862757],[138.54302812834555,-34.758685418197445],[138.5429351042717,-34.75851240572291],[138.54291711962946,-34.75839441287184],[138.5429541123425,-34.758232408099104],[138.5430920962233,-34.75801040865338],[138.54314908805998,-34.757939405379204],[138.5431880961538,-34.75770541707129],[138.54313209626935,-34.75739841010852],[138.54294604812173,-34.75667341354716],[138.54284406410238,-34.756427400404164],[138.54267606444887,-34.75618040700016],[138.54250604761603,-34.75603340561713],[138.54226905557255,-34.75592941790825],[138.54214105596498,-34.75580041735532],[138.54209004821723,-34.75571840637929],[138.54178505573577,-34.755306411661536],[138.54166105631282,-34.7550784362208],[138.54167305596684,-34.75501542522164],[138.54175305605872,-34.75491841085591],[138.5419510400086,-34.75487741526047],[138.54198406401338,-34.754850405022125],[138.5420430397545,-34.75469840880447],[138.542005023613,-34.75452641436249],[138.5418750401011,-34.754469416230506],[138.5417800321228,-34.75436840617698],[138.54170406369167,-34.75435841560835],[138.54169206403753,-34.754394417268486],[138.54167503987128,-34.75459240391626],[138.54161606413015,-34.75472643617604],[138.54158304012526,-34.75474341987291],[138.5414850562904,-34.7547324301575],[138.54127004817428,-34.75462842356285],[138.54116105573814,-34.75460842533852],[138.54100806397105,-34.75462342872822],[138.54097503996616,-34.75461342017314],[138.54094406371757,-34.75457741941233],[138.54092006440953,-34.75425242960591],[138.5409000643865,-34.754197428868224],[138.54072505631632,-34.753833422874095],[138.54071903985187,-34.753680428408984],[138.54075603166564,-34.75354543387465],[138.5409080323799,-34.75319743041706],[138.5409430079136,-34.753107427166015],[138.54102201605326,-34.75303742393794],[138.54103302375506,-34.753019423107844],[138.5410770239855,-34.753029431662924],[138.5412370241694,-34.75316742273833],[138.5413440318017,-34.753233431177875],[138.54143100793476,-34.75323443032465],[138.54145401618996,-34.75321742864139],[138.54147702444516,-34.753172417572955],[138.54147801639738,-34.753145408233934],[138.5414180163284,-34.75294642243938],[138.54122003237865,-34.75262642746759],[138.54093497606834,-34.75227842401],[138.5406849924185,-34.7518944197916],[138.54063600005145,-34.75170442451952],[138.54058297602364,-34.75163142385111],[138.54037999993716,-34.75149143358277],[138.54019897630178,-34.751316423713945],[138.53999497588745,-34.75121343425252],[138.53986697628,-34.751120453346175],[138.5398009921222,-34.7511194541994],[138.5396789757042,-34.751198449748586],[138.53941497612027,-34.75123744705047],[138.5390170243163,-34.751419450946855],[138.53899500801322,-34.75141845180008],[138.53895203211061,-34.75139044241496],[138.53886803183423,-34.751262441008805],[138.53883603215718,-34.751235449656235],[138.5386650242715,-34.75114145071734],[138.53863302369518,-34.75111344223154],[138.53862201599327,-34.751095441401446],[138.5386230079455,-34.75105944064063],[138.53867100836044,-34.75091645383122],[138.53880598400906,-34.750792448112975],[138.53902799964249,-34.7506894406651],[138.53919200001087,-34.7506654458536],[138.53932499175505,-34.750605450281284],[138.53934899196247,-34.75051544792956],[138.53932998389166,-34.750415455908524],[138.53927699223948,-34.75036944569331],[138.5391139838233,-34.7503484483222],[138.53902799964249,-34.75030143985953],[138.53856099159657,-34.74984143753227],[138.53814800042994,-34.74939146174654],[138.53803999994614,-34.749380472930454],[138.53790800015418,-34.74941345826443],[138.53779798428957,-34.74941146087019],[138.53776697566548,-34.74937446006322],[138.53762099231506,-34.749128465805995],[138.5376229762195,-34.74908347362339],[138.53764598357532,-34.74902046262423],[138.53761798408277,-34.748866469012285],[138.5371720003876,-34.74856747231098],[138.5371399998112,-34.7485334689444],[138.5371189763597,-34.74849045616958],[138.53702499180997,-34.74840746583186],[138.53645536032673,-34.74819954437345],[138.5363689921353,-34.748179490391124],[138.5362509759019,-34.74810548967656],[138.53588799963154,-34.74781848093812],[138.53550198362973,-34.747576501254514],[138.5353859836763,-34.74743850927973],[138.53530499163207,-34.7472294969437],[138.5352419842302,-34.747147504853444],[138.5351040003494,-34.74700949489221],[138.53483599968172,-34.746823495308035],[138.53483119999999,-34.74681705706149],[138.53459398402515,-34.74651251064381],[138.53406396767798,-34.745969517079516],[138.53276505616248,-34.74485235765013],[138.53270201638497,-34.7447698475504],[138.53254895986663,-34.744319539015464],[138.53234310415098,-34.74435709380481],[138.53228796761573,-34.74437453975315],[138.53202310378333,-34.74446765016188],[138.53176800029303,-34.744615539175754],[138.53155788808613,-34.74468376714208],[138.53030707231358,-34.74524433525784],[138.5300650242815,-34.74529358213306],[138.52973929613165,-34.74524185672624],[138.52974102372934,-34.74518757724485],[138.5297960316616,-34.74517057556159],[138.53005875240956,-34.74514907906672],[138.53020208006205,-34.74510684330613],[138.53104198390054,-34.74476355769201],[138.53136259220992,-34.744643788679866],[138.53192694377356,-34.7444025302525],[138.53215062405218,-34.74421793720802],[138.53210310387522,-34.743982653876344],[138.53210422443044,-34.74393736581675],[138.53218812758007,-34.74369570089584],[138.5321889603523,-34.74365054233863],[138.5322014402443,-34.743614874326965],[138.53231699233538,-34.743400976873545],[138.53250892834444,-34.742827514278304],[138.53264892760603,-34.74252452098983],[138.53264892760603,-34.742506520159736],[138.53276502378685,-34.74229206872394],[138.5328138875509,-34.742112526272024],[138.53319087975535,-34.74156152244626],[138.53322390376024,-34.74153552934115],[138.53347888044607,-34.74143252189333],[138.53377884841518,-34.741249001740016],[138.5339008639338,-34.741188506144624],[138.53448684778982,-34.74092950679125],[138.53480985638987,-34.74072948407837],[138.5348408641147,-34.74068549194186],[138.53486326442817,-34.74063676217679],[138.53487964827718,-34.74054481728945],[138.5348728323154,-34.740459477023194],[138.53485603208026,-34.74034176116328],[138.53481583957944,-34.7402094861788],[138.5347658237838,-34.74012647695531],[138.5346741118209,-34.74006122754355],[138.53443881589874,-34.73977349664949],[138.53416384008926,-34.739458497411704],[138.53384883185822,-34.73913051106422],[138.53356083206677,-34.73869849923631],[138.53348243186883,-34.73850178872652],[138.53301078422032,-34.73785952439749],[138.5325918080656,-34.73734851702039],[138.53226480018043,-34.737034516929384],[138.53179296007715,-34.73661486268571],[138.53111180816347,-34.735802545550996],[138.53057491200263,-34.735395989932954],[138.52968278363358,-34.73490555544697],[138.52946780789307,-34.73546355240097],[138.52946681594085,-34.73561756489863],[138.52932883206006,-34.735912565912145],[138.52929081591844,-34.73609155258305],[138.5292688319911,-34.73610855426631],[138.52917184010835,-34.736062563836185],[138.52901382382902,-34.735878581431336],[138.5288948156433,-34.73582258154687],[138.52887283171583,-34.73582158240009],[138.5288690878382,-34.73595685482496],[138.52892483231517,-34.73627357446583],[138.528921824083,-34.73640856900022],[138.52886582419853,-34.73642557068348],[138.52876524761814,-34.736513519882976],[138.52870787177096,-34.73661156936839],[138.52862585629828,-34.736781584402536],[138.52855884781263,-34.736852568790994],[138.5284918717026,-34.73690457208829],[138.52840284781325,-34.73693957460165],[138.5282938562765,-34.736936855051795],[138.52824086372493,-34.736899577253666],[138.5281868477449,-34.73687156876787],[138.52814300759383,-34.73687073599564],[138.52804284829892,-34.73694057374843],[138.52795081617728,-34.73709214368745],[138.5276686080199,-34.7373749346055],[138.52758988766323,-34.73743659572227],[138.5274230400413,-34.73753214779032],[138.52721289635815,-34.73759058933416],[138.52675388778175,-34.73759959874246],[138.52661190371646,-34.737596620187844],[138.52590364803496,-34.73749216932811],[138.52536892823355,-34.737454633424534],[138.52512691167772,-34.73740462752147],[138.525091936144,-34.73737663702212],[138.52502793589065,-34.73733963711453],[138.52499695964207,-34.73727551635193],[138.52502393570614,-34.737113622195864],[138.52503593625954,-34.73707764032082],[138.5250269115628,-34.73701462932166],[138.5248742075787,-34.73699357619256],[138.52466531215453,-34.73704330420509],[138.52446992005082,-34.73701263102805],[138.52426492768438,-34.73692662436417],[138.52355491202968,-34.736551648439786],[138.52327692798792,-34.73636564885555],[138.52253193590013,-34.735728675238136],[138.52221891157353,-34.73559665925836],[138.52192003178413,-34.735355826210366],[138.52166086425757,-34.73526027414232],[138.5211129280193,-34.73495169426525],[138.52097391981067,-34.73485869447313],[138.52035391999743,-34.73441336278643],[138.51974092770172,-34.73410370911881],[138.51934492832584,-34.73384271147194],[138.51850092807547,-34.7332127309827],[138.5177719358262,-34.732764716618306],[138.51766393624177,-34.732699726211365],[138.51753593573494,-34.73258972473599],[138.5173289279877,-34.732372720124886],[138.5225724989217,-34.73116662943636],[138.52507676817834,-34.73059061456519],[138.53768051214604,-34.72767442343587],[138.5385235204442,-34.727475418755546],[138.54085343993438,-34.72692737459863],[138.54080643237103,-34.726752364729805],[138.54100943993376,-34.726705374253584],[138.54115644761202,-34.726671371786324],[138.5480330237051,-34.72509761306435],[138.55326787930926,-34.72389730501658],[138.55349520004347,-34.723845182109415],[138.55376957060923,-34.72378108382992],[138.5655069760661,-34.72103900954261],[138.56572396808667,-34.72099899420817],[138.57119683196834,-34.71972793289774],[138.57752672008212,-34.71825681290153],[138.5777239989634,-34.71821087193416],[138.57772953608924,-34.718209582306315],[138.57746395909453,-34.717412648974516],[138.57734371164304,-34.717051815788636],[138.5771868797707,-34.71658174914836],[138.5771947155638,-34.7165861738128],[138.57743667186503,-34.7167228114086],[138.58891366423427,-34.72373867719813],[138.59034966390595,-34.72461165540352],[138.59404183236472,-34.72681932645071],[138.5940779842117,-34.726840942555384],[138.59606358386736,-34.72457757829255],[138.59627657570343,-34.72433356344317],[138.5963485763258,-34.72425155336646],[138.59647310005357,-34.7241000176017],[138.59698953573854,-34.72347155606741],[138.59752550379903,-34.72249353524842],[138.59795248032276,-34.72118153320116],[138.59812444778515,-34.720719514593895],[138.59834745627018,-34.720263526840256],[138.59857145580816,-34.71980252536622],[138.60000534387154,-34.717559510962644],[138.6019752638474,-34.71448146254943],[138.6021552640542,-34.714203444333464],[138.60409216002517,-34.71109440887983],[138.60432415633477,-34.71071487249333],[138.60435193639285,-34.71066942615306],[138.6044021761196,-34.71058741607635],[138.6059120640906,-34.708214383986615],[138.6078799677864,-34.70512234931692],[138.60984886433369,-34.702028317252996],[138.60990687959884,-34.70193729686872],[138.61027887966668,-34.70134230000707],[138.61175580838392,-34.69900428841714],[138.61316572771625,-34.69677124569637],[138.61496265590188,-34.693920211348654],[138.61610159960924,-34.69213718128583],[138.61984556811854,-34.69367813813551],[138.62168656038648,-34.69447312083781],[138.62617251185202,-34.696411051029145],[138.62734351998756,-34.696918043832625],[138.627489151703,-34.69698024094532],[138.62743732287424,-34.69706011962876],[138.6273835200335,-34.697143040718686],[138.62779052801056,-34.697315016274956],[138.62819452775534,-34.69748501332265],[138.6301235195848,-34.69830200962997],[138.6307095043402,-34.6985479859008],[138.63114048014916,-34.69872998889781],[138.6312674878044,-34.69877697937403],[138.63150550417572,-34.69886198689113],[138.6316124803318,-34.69890098419302],[138.63169248042368,-34.69893297127953],[138.63329136800235,-34.69958365506159],[138.63364348765685,-34.69972695393574],[138.63385138663227,-34.69982019294753],[138.63865782409937,-34.70197579594617]]]},"properties":{"School_Name":"Paralowie School","ENTITY_CODE":1099,"zoneType":"secondary"}},{"type":"Feature","geometry":{"type":"Polygon","coordinates":[[[138.72945580783937,-34.78787172090313],[138.73474483230825,-34.79327166775323],[138.74078566392734,-34.789177561695055],[138.7439295678953,-34.787047509335025],[138.74529647984878,-34.78607947818534],[138.74663545616147,-34.7851524426311],[138.74877641639853,-34.78515943575928],[138.74949542437435,-34.78514940921781],[138.75060339183312,-34.78485738675897],[138.75081139243184,-34.78488040041009],[138.75269600002048,-34.78509000539941],[138.75375631959855,-34.78422932991958],[138.7565962877885,-34.78489730946319],[138.75757529606312,-34.78542428160529],[138.7591569922015,-34.78463100221893],[138.75928399985673,-34.78473199338674],[138.75864025614294,-34.78564426567027],[138.7586529923418,-34.78652799167344],[138.76032099192025,-34.79036500314231],[138.76106700833589,-34.79128400865005],[138.76158431996043,-34.79271964589492],[138.76179699163788,-34.79319200670568],[138.76160800000923,-34.79354600414473],[138.76162739209053,-34.793944253624375],[138.76174201608126,-34.79423699733951],[138.7611590080818,-34.795319006766704],[138.76053420768756,-34.795558248914006],[138.75990345558012,-34.79608427766726],[138.7590000002499,-34.798672002211106],[138.75912656004277,-34.79978329716141],[138.75835100809263,-34.80101399150249],[138.75499619242044,-34.80346723952147],[138.75360774440196,-34.80393442023728],[138.7532077439423,-34.80420440930601],[138.75309775955407,-34.80427940826803],[138.75135184001545,-34.806364450459],[138.75084083173908,-34.8069744507103],[138.75040588812135,-34.80849446684613],[138.75025894429496,-34.81120349554482],[138.7497969598619,-34.81205549436555],[138.7497619843282,-34.81240749441031],[138.7491300163373,-34.8132245096034],[138.74900502406263,-34.81369849818708],[138.7490070403427,-34.813965508701244],[138.7490100476756,-34.8144574972157],[138.74997103983173,-34.81511850251684],[138.75038803208213,-34.81540449412205],[138.7508830396206,-34.815834489669896],[138.75135203157106,-34.81635348842269],[138.75138704037965,-34.8163924866239],[138.75188704005495,-34.8167044704349],[138.7521570237277,-34.81675747287903],[138.752974047914,-34.816806442763095],[138.7532030395887,-34.81689944165589],[138.75342502374588,-34.81707644981827],[138.75350803207004,-34.8174754583257],[138.75280908796913,-34.81961846092321],[138.75295308831448,-34.820049473604286],[138.75312409620017,-34.82032647468702],[138.75362009569096,-34.82069847205679],[138.7540880956891,-34.82085744341623],[138.75412508840213,-34.820767440165184],[138.7541960637974,-34.82045244092734],[138.75432607968492,-34.82029245333399],[138.75478307198125,-34.82002642308089],[138.75497007970546,-34.8200804246718],[138.75513206379378,-34.82023743371053],[138.75548707207076,-34.82073743338577],[138.75565907190867,-34.82083742630613],[138.75604006429762,-34.820844419434366],[138.75621305608774,-34.820653406129736],[138.7565450237339,-34.82040641272573],[138.75669302426377,-34.82032240435541],[138.7569300477835,-34.82035141288736],[138.75383311990265,-34.82300346144052],[138.75171526414817,-34.826578512088645],[138.75135225640156,-34.82722051831223],[138.7513072642189,-34.82730152924216],[138.75041632025705,-34.82862353984444],[138.748616447691,-34.833949578610145],[138.74812348790874,-34.83484059361848],[138.74690751996616,-34.83553462112582],[138.74651955243542,-34.83627462107688],[138.74615753574176,-34.83696363576314],[138.7464396161954,-34.8395756321097],[138.74701759968252,-34.84066863035298],[138.74624163224564,-34.84089262809226],[138.74577264029517,-34.84116365317999],[138.74539564809072,-34.841130649859565],[138.74491766381914,-34.84131766567771],[138.74455868773327,-34.84131666743019],[138.7437806716407,-34.84114169443359],[138.74329267161954,-34.84113568156641],[138.74288169583372,-34.84119969171235],[138.74258771195343,-34.841244701881465],[138.74211270443777,-34.84109770139776],[138.74135872002898,-34.84106673234379],[138.74102470372713,-34.8408637310763],[138.74026169642025,-34.840197749826245],[138.73962473629263,-34.84004273818175],[138.7390647356491,-34.84005576216367],[138.73840073560552,-34.84019477127163],[138.73522083177602,-34.84185281535508],[138.73467884815034,-34.8420978293513],[138.73418486404034,-34.84248283271654],[138.73378086429557,-34.842724850171635],[138.73330288002398,-34.84282885676629],[138.73285388809654,-34.84274686467603],[138.73262588837406,-34.842840881601376],[138.73242188795984,-34.84292487198519],[138.73213091231185,-34.843099881854016],[138.73193788812307,-34.84317086624242],[138.73156092829424,-34.843157898018546],[138.73138592022406,-34.84308189990969],[138.73131494392953,-34.8429358976735],[138.73131491155402,-34.84217188492448],[138.7312018883565,-34.841554891544945],[138.73120185598088,-34.84130288442054],[138.73126585623436,-34.841090892630575],[138.73142086428152,-34.840817870148555],[138.73150585561086,-34.84059287326244],[138.73150585561086,-34.84043987789801],[138.73148585558783,-34.840395866875724],[138.73144185625677,-34.840300868789996],[138.7312508798243,-34.8401078769769],[138.73111686375228,-34.83992187829199],[138.7306408319089,-34.83909988625072],[138.73071884809644,-34.83843788180275],[138.7298038400752,-34.83743188937018],[138.72891184030925,-34.83727092061645],[138.72824182380123,-34.837247906065954],[138.72745286385862,-34.837124937266026],[138.72664585632128,-34.83731594967128],[138.72538790442832,-34.838317965301826],[138.7251949440914,-34.83886397429296],[138.7250599684429,-34.84015999179013],[138.7228840002964,-34.84002101955434],[138.72125398358457,-34.83989603357503],[138.72088803235692,-34.839918048079426],[138.7202570239425,-34.839548066989664],[138.7200899838657,-34.83759405961814],[138.72005795181315,-34.83737206017241],[138.71997395243602,-34.8367870340943],[138.719936959723,-34.836077041821966],[138.71988694392735,-34.835502043184704],[138.7198269438585,-34.83475103553184],[138.71962787172902,-34.83222504584916],[138.71958387239783,-34.83170704534382],[138.71955187182152,-34.83133404882727],[138.71946684811667,-34.83037304767794],[138.71944083162919,-34.83006304327478],[138.7194068480477,-34.829665033914125],[138.71937484837065,-34.82928304597573],[138.71919375998414,-34.8272010192116],[138.7191197763567,-34.82635001863838],[138.718071775692,-34.82641804335799],[138.71562784015282,-34.82656508161318],[138.71505484790293,-34.82659910296621],[138.7128938561666,-34.82670013190551],[138.7111538883413,-34.826802159092324],[138.7093139204012,-34.82691018026054],[138.7070109760757,-34.82703022716322],[138.7065969920576,-34.82705222368111],[138.70577199987792,-34.827097252735996],[138.70436201579446,-34.82719626449597],[138.7042689917207,-34.82610526364698],[138.70418697624802,-34.82514825908487],[138.70402592026005,-34.8232292722131],[138.70392191996075,-34.82196723919668],[138.70446790377082,-34.821905246230074],[138.70450588843607,-34.82182123785981],[138.7044378879982,-34.82097924669483],[138.7043799042093,-34.82098424242878],[138.70387689630184,-34.82040025236972],[138.7038399035888,-34.82015224183243],[138.70383987211244,-34.82014524870419],[138.70382086404175,-34.8200172472981],[138.70400486443305,-34.81969523604624],[138.7042698559692,-34.81945725205048],[138.70467785589835,-34.819278227608095],[138.7052458236359,-34.81916223215126],[138.7053608316371,-34.81914922705516],[138.70519600029525,-34.817055008182024],[138.70533999974123,-34.81695899386244],[138.7055719996481,-34.816949003293814],[138.70556278429513,-34.81663720474319],[138.7059327680828,-34.816618204766314],[138.7059667840399,-34.816318190931725],[138.7060047678059,-34.81598319257023],[138.70631977603693,-34.8158871962371],[138.70673372767942,-34.815675185561304],[138.70719075235138,-34.81556017126485],[138.70769571178778,-34.814850178093195],[138.70778371224856,-34.814846164418896],[138.70836771220024,-34.81479416022228],[138.7095746878216,-34.81468012618683],[138.70996166429939,-34.81413813176931],[138.7109455999596,-34.812774108438305],[138.711450624147,-34.81209610235322],[138.71165356785798,-34.81183009008652],[138.71162857569823,-34.81154310023385],[138.7116085756753,-34.81127309227935],[138.7116015681579,-34.810986102426625],[138.71171459225468,-34.810805079690624],[138.7119105599245,-34.810699074802415],[138.7121585596699,-34.81065707916082],[138.71296201578446,-34.81060999695376],[138.71323200035658,-34.810401002604124],[138.7146920002357,-34.8073880003559],[138.71491900800584,-34.80716699915763],[138.71561715171026,-34.80673563484163],[138.71616601604887,-34.806282995263985],[138.71627542397175,-34.80608312093926],[138.71621839975944,-34.80571900432852],[138.71622640012833,-34.805718005181745],[138.71755135960757,-34.80560696768737],[138.71739433617972,-34.80357296741846],[138.7173372795918,-34.802604973140944],[138.71727929580288,-34.80183696380482],[138.7170732161561,-34.79923697430689],[138.71701923165233,-34.79853996824488],[138.71697222408898,-34.79793396368143],[138.71695622425045,-34.79770295392814],[138.71688419215184,-34.79664995213352],[138.71683318440398,-34.79613594821541],[138.7168021757799,-34.795820948977564],[138.71672826769543,-34.79508003621464],[138.71672815977684,-34.79507895073294],[138.71676617591834,-34.795077951586165],[138.71649507169025,-34.79109094309251],[138.71625302365817,-34.78846094591586],[138.7161140163488,-34.787109946566716],[138.71693897615285,-34.78604092424922],[138.71818790424845,-34.78455988832815],[138.7279067516953,-34.78413573837361],[138.72837875187793,-34.78424773724322],[138.7286297598556,-34.78446574190042],[138.7288667518991,-34.78471773013911],[138.7289697602463,-34.78501572769363],[138.72901475242895,-34.78529572531744],[138.7291027843661,-34.78653274638907],[138.72917379213686,-34.78732375138998],[138.72925881584172,-34.78760474726124],[138.72945580783937,-34.78787172090313]]]},"properties":{"School_Name":"Banksia Park International HS","ENTITY_CODE":1117,"zoneType":"secondary"}},{"type":"Feature","geometry":{"type":"Polygon","coordinates":[[[138.6505519678991,-34.78089394679819],[138.65217392039017,-34.78188693413466],[138.65298294420757,-34.78239190975876],[138.65438191968985,-34.783231883744406],[138.65350396823362,-34.78438691272578],[138.6519680322989,-34.7861229532117],[138.65073110385742,-34.787521960170295],[138.64917814375644,-34.78927797999472],[138.64698220796254,-34.79176402808736],[138.64613526423113,-34.792708046439145],[138.64495830438227,-34.79402106561963],[138.64291539183193,-34.79629810137624],[138.6408994877213,-34.79854512945411],[138.6396344959353,-34.79995614326134],[138.63907353571517,-34.80058116578812],[138.63337372791523,-34.80697426634924],[138.63153984029145,-34.809031299155095],[138.62958790405855,-34.811212338578514],[138.62942790387478,-34.81137334420441],[138.61676838395385,-34.8253705732933],[138.6013543997858,-34.81602674134098],[138.6013541120027,-34.816027056103735],[138.6013540157753,-34.81602700034574],[138.59812198364273,-34.81977056775747],[138.59655900779205,-34.80051900554764],[138.59657305610176,-34.79552036137551],[138.59678099194923,-34.79367870450858],[138.5965849919039,-34.79127400009497],[138.5965849919039,-34.791273723103814],[138.59625225623665,-34.788990378603046],[138.5962712957837,-34.78874038865797],[138.5961089276849,-34.78800673432329],[138.5960789119123,-34.787480723556484],[138.59590489579432,-34.785692716645485],[138.5955337923507,-34.78186170005739],[138.59527872033675,-34.7785297019841],[138.5952717442956,-34.778455702168856],[138.5952597437422,-34.77834370329924],[138.59477264034513,-34.77362270682244],[138.59461459169017,-34.772081712201214],[138.59448758403482,-34.770749711929625],[138.59454255959156,-34.770721703443826],[138.5952275839859,-34.7700766817934],[138.59531558444678,-34.77004267932614],[138.59543558368534,-34.770044695606146],[138.59555558382317,-34.770074684399106],[138.59564057605178,-34.77013869364578],[138.59568457628222,-34.77014868421435],[138.59581555174634,-34.77015168075542],[138.5959145284328,-34.77012668769646],[138.59609254383588,-34.76999468970314],[138.59620553555703,-34.76988866682848],[138.5965335362937,-34.76950767713754],[138.596620543903,-34.76950967543115],[138.59669654381048,-34.7695376659305],[138.59682252803725,-34.76969367672177],[138.59692953566957,-34.769767676537015],[138.59708252833605,-34.769788673908124],[138.597214528128,-34.76974666028008],[138.59723753638332,-34.76972867833581],[138.59730751982624,-34.76955866330161],[138.59736950379965,-34.769307655323985],[138.59744851193932,-34.76920964271079],[138.5974815035686,-34.7691926599133],[138.597547520102,-34.76919365816076],[138.5976005117543,-34.76923165721519],[138.59776649602702,-34.76954064448512],[138.59790751961646,-34.76958865209457],[138.59797449572648,-34.76952665822864],[138.5980365120754,-34.76928465965926],[138.59811552021517,-34.769204647876165],[138.59814851184444,-34.76919665560115],[138.59826752003005,-34.76922664439405],[138.59839651158984,-34.7693096536176],[138.59848150381845,-34.76939264485463],[138.5985675203748,-34.76942165248721],[138.5986445122345,-34.76941362334003],[138.59886646401617,-34.769309634731826],[138.59897548792844,-34.769303640750366],[138.59907247981118,-34.76935063122659],[138.59918947171684,-34.76945164128017],[138.5992764802254,-34.7694716395045],[138.59937846424475,-34.76934763378625],[138.5996114875802,-34.769225626361504],[138.5997234882484,-34.76912863088154],[138.59980048010812,-34.769112628345056],[138.5998874877174,-34.76913162832193],[138.6001094718747,-34.769370610565204],[138.60016348785473,-34.76938961054208],[138.60030646387224,-34.76938361656062],[138.60055545556986,-34.769046620804886],[138.60058944005073,-34.769037611396584],[138.60078444814383,-34.76908661725355],[138.60135043197693,-34.769151589674095],[138.60141545565887,-34.76916359562341],[138.6015434561656,-34.76926558683732],[138.60161843174524,-34.76929359532312],[138.60176044818616,-34.76928760134166],[138.6020474560254,-34.769203592971394],[138.60210444786208,-34.76914159910547],[138.60216745616322,-34.76882659986762],[138.6022244156244,-34.76873859580951],[138.60231241608517,-34.76873959405697],[138.6024204156697,-34.768777593111395],[138.60254041580765,-34.768780571666014],[138.60261740766725,-34.76875457946022],[138.6026844161529,-34.76871158557117],[138.60280540824306,-34.76868657362644],[138.6029454084039,-34.76876157258846],[138.60307542429143,-34.76878157081279],[138.60386639961473,-34.76863555059015],[138.60411036769938,-34.768513561151906],[138.6042423683906,-34.76847156640963],[138.6042873920495,-34.76846555444172],[138.60430838402476,-34.76846355614816],[138.6054793921603,-34.76841453140548],[138.60580636766974,-34.76842953479513],[138.6060583361234,-34.76838953744715],[138.60629833639916,-34.76841253311187],[138.60659433566013,-34.768355516094175],[138.6066393602183,-34.76833751526408],[138.60700736010165,-34.76807451932359],[138.60740025591713,-34.76772050389809],[138.607552319584,-34.76758351107014],[138.6075793280237,-34.767554503437566],[138.60765932811557,-34.76742050715063],[138.6077263042256,-34.76736850385333],[138.60779231985975,-34.76736051157832],[138.60792230427103,-34.76739851063269],[138.60797632025105,-34.76742650113209],[138.60808230355553,-34.76751950092421],[138.6082563196735,-34.76757649905613],[138.60840931233997,-34.76757050507473],[138.60847532797402,-34.767544494882486],[138.608543328412,-34.76746450018646],[138.60856732772004,-34.76740250721991],[138.60853328028668,-34.7670505071751],[138.60854729622076,-34.76693349458509],[138.60861628771158,-34.76683550085761],[138.60868227186938,-34.76680048035786],[138.608792287734,-34.766784477821375],[138.60885727993957,-34.76681348545395],[138.60895228791787,-34.766914476621764],[138.60903529624204,-34.76705148833548],[138.6090792955731,-34.76707847968805],[138.60924329594138,-34.76705548402333],[138.60936627193598,-34.76694947913512],[138.6094352958023,-34.76682449315581],[138.60950227191233,-34.76678949064245],[138.60967727998252,-34.76679348722962],[138.60980428763787,-34.766921488635774],[138.60991228812168,-34.76696048683698],[138.61023225611382,-34.76684045882007],[138.61031023992575,-34.76679646578424],[138.61037824036362,-34.766716471088216],[138.610437247581,-34.76655546636164],[138.61049424031705,-34.766475471665615],[138.6106172477878,-34.766369466777405],[138.61076025618092,-34.76633646255766],[138.61085926434362,-34.76634747025952],[138.61101724824744,-34.76652246214189],[138.61116726415798,-34.76663346186473],[138.61138524813077,-34.76665544039622],[138.61150624022082,-34.76662145591541],[138.6115852483606,-34.76653345095798],[138.6116132163769,-34.7659474446188],[138.61167020821358,-34.76584945089138],[138.61185622398557,-34.765844455157435],[138.61193123194084,-34.765891445633656],[138.6120252155913,-34.76604643839238],[138.6120432317099,-34.76614944673952],[138.6120632317328,-34.76626244475597],[138.61208422370805,-34.76628144383352],[138.61221523244706,-34.766293450682156],[138.61251123170803,-34.766235434517625],[138.61261222377516,-34.76616543039023],[138.6126792322608,-34.766085436593585],[138.61283523226018,-34.76598043085215],[138.61296019215922,-34.76582943378128],[138.61297920022992,-34.76580142439616],[138.6132801916276,-34.76534042292212],[138.61375119985803,-34.765021409110716],[138.61402915242354,-34.764732402078664],[138.61410614428314,-34.76471641842795],[138.6143361602857,-34.76471240385433],[138.61445414414345,-34.764777412247724],[138.61459216039998,-34.764906412800656],[138.61466915225958,-34.76490841109427],[138.6146911676633,-34.76489041026417],[138.6146891522826,-34.76457441187955],[138.61465916798625,-34.76450241035792],[138.6144981443739,-34.764381401180685],[138.6141531518465,-34.764248404939906],[138.61413315182358,-34.76415840258818],[138.61416915168502,-34.7640594088146],[138.61439411169897,-34.76383840761639],[138.61461612823177,-34.76369841824737],[138.61485913584056,-34.76361339274382],[138.6149031360709,-34.763614391890655],[138.61507612786113,-34.76367139002258],[138.6151521277685,-34.76367338831619],[138.61535011171839,-34.763641383243225],[138.61553811229408,-34.76357239624906],[138.6156791358835,-34.76359339362017],[138.61569711962647,-34.76372938730134],[138.6155151364145,-34.76435638923596],[138.61551411208666,-34.76441039082681],[138.61555312018038,-34.76454638450798],[138.61566111976492,-34.76459339297065],[138.61595612797294,-34.76458138612202],[138.61614012836435,-34.764639365414325],[138.61629411208366,-34.76460638008035],[138.61630412783325,-34.764281372287485],[138.61649612769418,-34.76404237025912],[138.6165201279016,-34.763961377315695],[138.61651209605645,-34.76386236555567],[138.6165471039658,-34.76380838285053],[138.61669910378066,-34.76383837074417],[138.61696207993612,-34.76416837427104],[138.61713510410186,-34.76426237231061],[138.61736508772867,-34.76422135782934],[138.61750908807403,-34.76414336232625],[138.61763209644414,-34.76405535736882],[138.61796508841815,-34.76389035605507],[138.61812108841752,-34.763767349483544],[138.61829004764763,-34.76358135079863],[138.61834806381216,-34.76348335617189],[138.6182880637432,-34.763266350661524],[138.6181820480631,-34.76314636041616],[138.61820604827062,-34.76308434766446],[138.61825107192954,-34.76303935638117],[138.61829507215987,-34.76304035462863],[138.61843507232084,-34.76308834425163],[138.61862006376498,-34.76312834070029],[138.61875107160472,-34.76312132958566],[138.6189050562234,-34.76309733477416],[138.61906006427057,-34.76303733920179],[138.61919305601475,-34.76295033429045],[138.61930307187936,-34.76293433175397],[138.61938902368456,-34.762972330808395],[138.6195380476429,-34.76311034076957],[138.61970201563554,-34.763122328732436],[138.61982304010132,-34.76309731678771],[138.61981503973232,-34.76299832301413],[138.61971104033228,-34.76278930977878],[138.6197230399864,-34.76276231842621],[138.61976803216896,-34.7627263176654],[138.62006502428153,-34.762642309295074],[138.62031535956623,-34.76244189807511],[138.62034102441885,-34.76245730885768],[138.62086403234923,-34.76277031070123],[138.62136003184003,-34.763291307747636],[138.62155503993324,-34.76349530726259],[138.62207603158367,-34.76404229651473],[138.62246201610924,-34.7644472981043],[138.62315001636023,-34.76516927923882],[138.62351702429135,-34.76553728182006],[138.6247870396902,-34.76681326332141],[138.6260230076557,-34.76594424483102],[138.62683299194907,-34.76644124706587],[138.6296739835675,-34.76817020179334],[138.63047299163532,-34.768668184289254],[138.6314319998869,-34.76924416318752],[138.6318750077255,-34.76951616943563],[138.6339049916221,-34.770748157901096],[138.63456099219604,-34.771138138114566],[138.6354499837298,-34.771687125660264],[138.63652099175044,-34.772351108616704],[138.63747596834128,-34.77291609869894],[138.63868595219503,-34.773654101255715],[138.63870796759863,-34.773667088365414],[138.6388799683359,-34.7737740924004],[138.63886195221744,-34.77379810519835],[138.6390199675975,-34.77389308439831],[138.64213696025263,-34.775763045628025],[138.6442069756714,-34.77702402373967],[138.64498796762064,-34.77749399774973],[138.64643295961343,-34.77839300593246],[138.64777897581916,-34.779186988588606],[138.64841996760754,-34.77958396193026],[138.64972496033874,-34.78038995143504],[138.6505519678991,-34.78089394679819]]]},"properties":{"School_Name":"Parafield Gardens High School","ENTITY_CODE":1137,"zoneType":"secondary"}},{"type":"Feature","geometry":{"type":"Polygon","coordinates":[[[138.66888537625914,-34.81603077480037],[138.6690533444364,-34.81608879006558],[138.66963935976867,-34.81607077124903],[138.6703143360378,-34.816037767928606],[138.67064035197075,-34.81602276363958],[138.67277228841044,-34.8159127261913],[138.6737942716884,-34.815858705714675],[138.6738442883833,-34.81655870921702],[138.67391731243413,-34.81752270690737],[138.67398758366016,-34.81839069027808],[138.6740263363464,-34.81886871142183],[138.67409936039724,-34.81987672103378],[138.6741573756624,-34.82088073405856],[138.67437440005858,-34.82348571929049],[138.67457648042034,-34.825850722232985],[138.6746514883755,-34.82655272312962],[138.67473151994375,-34.82729374111324],[138.6748424962842,-34.82883575286763],[138.6749115516269,-34.82964374066603],[138.67503558432486,-34.83113075168279],[138.67508256041185,-34.83170475117328],[138.67514860842164,-34.83250075100881],[138.6752576323339,-34.834218771778865],[138.67532764815246,-34.834978770853525],[138.67549865603826,-34.836530754290834],[138.67562569606912,-34.83809875825102],[138.6756976957921,-34.838968757901796],[138.67569881634734,-34.83897684280703],[138.67580374384772,-34.839724760389345],[138.67579459234662,-34.83973267891997],[138.67394979234905,-34.84132580634082],[138.67307382389788,-34.842216821349155],[138.6722708480213,-34.84323983435081],[138.6711448959203,-34.844910846658195],[138.66945692779507,-34.84500784213816],[138.66663600005143,-34.84516992065528],[138.66302902437008,-34.845376011094004],[138.66050707174406,-34.84550404937232],[138.65967308814254,-34.84554606300037],[138.65936508832817,-34.84556206553685],[138.65715612765325,-34.84567410127869],[138.65649014370524,-34.84570810464527],[138.65516115166588,-34.84577712761228],[138.65322217556297,-34.84588814622094],[138.65154220780676,-34.845984180325615],[138.64945523207336,-34.84610320919569],[138.64974924832916,-34.84587821230963],[138.6495322563086,-34.84537120062038],[138.64928323223546,-34.84478621231381],[138.64894825635702,-34.844378213283846],[138.64750822412532,-34.8426242286252],[138.64662121559672,-34.841545234624846],[138.6465159355621,-34.84110720992976],[138.64616025639077,-34.84112360097339],[138.64616028786702,-34.84112399307776],[138.64616000008402,-34.84112400836625],[138.64618899242816,-34.84154499360653],[138.6461892136614,-34.84154519775262],[138.6461892163593,-34.8415452526113],[138.64693632005515,-34.84229045154308],[138.64675856005954,-34.84252183091775],[138.6465519363229,-34.8427950575458],[138.64517686392117,-34.84393328809074],[138.64393878434748,-34.84379078331796],[138.64392364785817,-34.8431795986595],[138.643259456259,-34.8432041483527],[138.6432494108317,-34.843203407311364],[138.63945590406684,-34.8429234474591],[138.636907264059,-34.844162670071114],[138.63241299206595,-34.84433899384942],[138.63026899212036,-34.84274499678412],[138.627404384305,-34.842078681885596],[138.62824947183572,-34.84092148823606],[138.62768051214596,-34.84052347977473],[138.62748477290404,-34.84035388922058],[138.62739851802723,-34.84027915645788],[138.6273584963975,-34.8402444812977],[138.6271104642766,-34.8399554922521],[138.62704811248045,-34.83987492558731],[138.62686745576855,-34.83964149216109],[138.62661955225065,-34.839380401884],[138.6262544643721,-34.839096500303185],[138.62592201558857,-34.838905006760626],[138.62557699158492,-34.83873700890581],[138.62554509083338,-34.838725273652415],[138.6255434558659,-34.83872450293342],[138.6251245120866,-34.83857050842221],[138.62473350394816,-34.8384565301447],[138.62429251238962,-34.83836852518726],[138.62406748762453,-34.83834451238931],[138.62394451162993,-34.838331525279614],[138.6239205123219,-34.83836652779297],[138.6238064962729,-34.83835951577896],[138.62406646419606,-34.83806064858004],[138.62406748762453,-34.83805951993088],[138.62410272036436,-34.83801097632545],[138.62656137600675,-34.83463546635363],[138.6269263676578,-34.83422047419549],[138.62832630361606,-34.832627439404746],[138.63047625617435,-34.83022541766883],[138.63073824037758,-34.829942385732465],[138.6317461762451,-34.82882137810407],[138.63237417642722,-34.82811937720743],[138.63387212769658,-34.82644632973427],[138.63450409568748,-34.82570233409541],[138.63553606413814,-34.82451731632102],[138.63569305608974,-34.82440130287779],[138.63746297583577,-34.82244927581337],[138.637885952175,-34.822020260526585],[138.63796796764768,-34.821926261587635],[138.63917193593613,-34.82043223855692],[138.64013887980548,-34.81941923411034],[138.64061187194045,-34.81891621990758],[138.64086300762176,-34.81839100414146],[138.64351699241536,-34.82038199343418],[138.64644700792314,-34.82296000529993],[138.64709183981665,-34.82274916014558],[138.64776883236584,-34.82256414172173],[138.6483488321329,-34.82247713681039],[138.64943779242026,-34.82244611199843],[138.6503907842074,-34.82232009000012],[138.65080275194555,-34.82226910383605],[138.65097977629569,-34.82220309629582],[138.65117875219767,-34.822141102429896],[138.65188972832834,-34.82142008356993],[138.6524227196329,-34.82082305154256],[138.6529357118137,-34.8202350657956],[138.6532647036032,-34.819857036672886],[138.65361465589172,-34.81943403425322],[138.65374867196374,-34.819507035821005],[138.65423366375262,-34.819479026435886],[138.6541946556589,-34.8188140254469],[138.65424265607373,-34.81875902470915],[138.6551566082909,-34.81773299628071],[138.65537360031146,-34.81749501228495],[138.65595260812643,-34.81684799324023],[138.65641456018386,-34.816331991927825],[138.65720252817425,-34.815448968295186],[138.65786752016993,-34.81470395462378],[138.65837750411856,-34.814133950821144],[138.659067488274,-34.8133689209389],[138.65945443237626,-34.81294092278529],[138.66040745563964,-34.813066907911434],[138.66128444841866,-34.81313689315306],[138.66212140787673,-34.81320588014722],[138.66319641608175,-34.813306853328584],[138.66425139188834,-34.81372386176679],[138.66691843214005,-34.81496756120396],[138.66702838415267,-34.81501880637279],[138.66866739228635,-34.815911782802516],[138.66888537625914,-34.81603077480037]]]},"properties":{"School_Name":"Valley View Secondary School","ENTITY_CODE":1184,"zoneType":"secondary"}},{"type":"Feature","geometry":{"type":"Polygon","coordinates":[[[138.71165356785798,-34.81183009008652],[138.711450624147,-34.81209610235322],[138.7109455999596,-34.812774108438305],[138.70996166429939,-34.81413813176931],[138.7095746878216,-34.81468012618683],[138.70836771220024,-34.81479416022228],[138.70778371224856,-34.814846164418896],[138.70769571178778,-34.814850178093195],[138.70719075235138,-34.81556017126485],[138.70673372767942,-34.815675185561304],[138.70631977603693,-34.8158871962371],[138.7060047678059,-34.81598319257023],[138.7059667840399,-34.816318190931725],[138.7059327680828,-34.816618204766314],[138.70556278429513,-34.81663720474319],[138.7055719996481,-34.816949003293814],[138.70533999974123,-34.81695899386244],[138.70519600029525,-34.817055008182024],[138.7053608316371,-34.81914922705516],[138.7052458236359,-34.81916223215126],[138.70467785589835,-34.819278227608095],[138.7042698559692,-34.81945725205048],[138.70400486443305,-34.81969523604624],[138.70382086404175,-34.8200172472981],[138.70383987211244,-34.82014524870419],[138.7038399035888,-34.82015224183243],[138.70387689630184,-34.82040025236972],[138.7043799042093,-34.82098424242878],[138.7044378879982,-34.82097924669483],[138.70450588843607,-34.82182123785981],[138.70446790377082,-34.821905246230074],[138.70392191996075,-34.82196723919668],[138.70402592026005,-34.8232292722131],[138.70418697624802,-34.82514825908487],[138.7042689917207,-34.82610526364698],[138.70436201579446,-34.82719626449597],[138.70199107193048,-34.82732330362751],[138.70135305599877,-34.827359323274095],[138.70080409633204,-34.827389312067055],[138.70070009603262,-34.8273923274939],[138.69951708824306,-34.82746033332768],[138.6984161283017,-34.827524362359384],[138.69736211207191,-34.82758337677137],[138.69644716790253,-34.827637397248054],[138.69545116783718,-34.82769441426575],[138.69519417577067,-34.827709417655456],[138.69445119996294,-34.82775542697135],[138.6938461756605,-34.82783342337376],[138.69271721622658,-34.82806744765452],[138.69207420815826,-34.82779845773257],[138.6918342078825,-34.82782946365876],[138.69088825598828,-34.82790148406622],[138.68915427225193,-34.82800049672551],[138.68791129586964,-34.82809151621046],[138.68759430373416,-34.828111533320566],[138.68517734425905,-34.828242569039276],[138.68383238385752,-34.82831558859351],[138.68169641575707,-34.82843063976219],[138.6804214082215,-34.82850565760998],[138.6802284478846,-34.828517645572845],[138.6748424962842,-34.82883575286763],[138.67473151994375,-34.82729374111324],[138.6746514883755,-34.82655272312962],[138.67457648042034,-34.825850722232985],[138.67437440005858,-34.82348571929049],[138.6741573756624,-34.82088073405856],[138.67409936039724,-34.81987672103378],[138.6740263363464,-34.81886871142183],[138.67398758366016,-34.81839069027808],[138.67391731243413,-34.81752270690737],[138.6738442883833,-34.81655870921702],[138.6737942716884,-34.815858705714675],[138.6736782402586,-34.81439870493625],[138.67361824018974,-34.81356870173414],[138.67356723244188,-34.8127946804301],[138.67328915217274,-34.80946168321009],[138.6734321596665,-34.80984668657527],[138.67452217575783,-34.810963661643655],[138.67519718440258,-34.811886663738505],[138.67615612790303,-34.80993065807337],[138.67632812774093,-34.80957462636786],[138.67647100843033,-34.80919400719762],[138.67843305574104,-34.80913859906707],[138.67922928040707,-34.80846584682132],[138.68007104044625,-34.808015575158606],[138.68056432038713,-34.807827356946916],[138.68097398406223,-34.80767656312287],[138.6814083835901,-34.8075970315777],[138.68178499178396,-34.807513541216906],[138.68282195237123,-34.80743952251589],[138.68361395202237,-34.80739852692045],[138.68573193637985,-34.807297479095325],[138.68596736000575,-34.80728547314601],[138.68596188763104,-34.80721548790439],[138.68800288012892,-34.80711144353825],[138.68875587168623,-34.80707943846528],[138.6909778239675,-34.80694438817295],[138.6912678400389,-34.80693539765042],[138.69270179195416,-34.80686037980263],[138.6942477760141,-34.80679135683562],[138.6951137278163,-34.806765345744054],[138.69624275200147,-34.806734320932094],[138.69914966392594,-34.80660726291478],[138.70019366440613,-34.80646825380683],[138.7013526081364,-34.805433234855855],[138.7025835839653,-34.80433420485963],[138.70269756763867,-34.804094204583805],[138.70452751982918,-34.80240617170739],[138.70553743960124,-34.800966150267584],[138.7060880000612,-34.800046978385296],[138.70685638441466,-34.79876411437232],[138.70699337634335,-34.79853612004587],[138.7081363202351,-34.79662810400373],[138.70845232041836,-34.795930080808546],[138.70872630427561,-34.79549307324669],[138.71020329594546,-34.79543006224753],[138.71158825639293,-34.79536303667476],[138.71235823974098,-34.795322022193545],[138.71498319981492,-34.79517598308513],[138.71672815977684,-34.79507895073294],[138.71672826769543,-34.79508003621464],[138.7168021757799,-34.795820948977564],[138.71683318440398,-34.79613594821541],[138.71688419215184,-34.79664995213352],[138.71695622425045,-34.79770295392814],[138.71697222408898,-34.79793396368143],[138.71701923165233,-34.79853996824488],[138.7170732161561,-34.79923697430689],[138.71727929580288,-34.80183696380482],[138.7173372795918,-34.802604973140944],[138.71739433617972,-34.80357296741846],[138.71755135960757,-34.80560696768737],[138.71622640012833,-34.805718005181745],[138.71621839975944,-34.80571900432852],[138.71627542397175,-34.80608312093926],[138.71616601604887,-34.806282995263985],[138.71561715171026,-34.80673563484163],[138.71491900800584,-34.80716699915763],[138.7146920002357,-34.8073880003559],[138.71323200035658,-34.810401002604124],[138.71296201578446,-34.81060999695376],[138.7121585596699,-34.81065707916082],[138.7119105599245,-34.810699074802415],[138.71171459225468,-34.810805079690624],[138.7116015681579,-34.810986102426625],[138.7116085756753,-34.81127309227935],[138.71162857569823,-34.81154310023385],[138.71165356785798,-34.81183009008652]]]},"properties":{"School_Name":"The Heights School","ENTITY_CODE":1430,"zoneType":"secondary"}},{"type":"Feature","geometry":{"type":"Polygon","coordinates":[[[138.5636541442234,-35.029690900714456],[138.56387113624396,-35.029749915126445],[138.56413414387566,-35.029745882566374],[138.56434412837893,-35.02968688614084],[138.5648541438038,-35.029507898570614],[138.56507414405655,-35.02945789266755],[138.5652271043474,-35.02946989951619],[138.56556409560665,-35.02956687611038],[138.5656511041152,-35.02960487516481],[138.56586611223133,-35.029734874864516],[138.56617712027798,-35.02997587428712],[138.56626611179172,-35.03001786992871],[138.56655510443454,-35.03015488074311],[138.56673712002214,-35.030320881203636],[138.56705910429434,-35.0305438797962],[138.56722809589996,-35.03072684506782],[138.56731209617635,-35.03089084723479],[138.56733110424716,-35.030972858210816],[138.56733612786013,-35.03117985426684],[138.56731014374816,-35.0313058582787],[138.56713715195804,-35.031617878961924],[138.5671351356781,-35.03168087107531],[138.56717715200398,-35.03174486323479],[138.56729612781407,-35.031791871697465],[138.56776412781232,-35.03190085514029],[138.56795913590543,-35.03197685324915],[138.56817715225384,-35.03213985626928],[138.5681951359968,-35.03215286226475],[138.56847212808634,-35.03241985389309],[138.56874012785465,-35.03259686205547],[138.5687951357869,-35.032615861133024],[138.56899212778455,-35.03261983883448],[138.56924515204219,-35.03257984238576],[138.56955609623697,-35.03243284100279],[138.5697551036152,-35.032382835099725],[138.5698861123543,-35.03238483339328],[138.56998409618916,-35.03243184185595],[138.57004809644252,-35.032487841740476],[138.57012511977848,-35.032849830555165],[138.57011913568965,-35.03339983613347],[138.57019414364493,-35.03384283677747],[138.57026614426718,-35.03398783986688],[138.5705341440356,-35.03419183938183],[138.57092313589408,-35.034370808066285],[138.5711411522425,-35.03442081396935],[138.5714011516419,-35.034524820564],[138.57212412832598,-35.034908806795954],[138.5722311359582,-35.03500078855552],[138.57224115170789,-35.03502879794064],[138.57224812774894,-35.03517280188328],[138.57212214442154,-35.03535981860068],[138.57184313605194,-35.035524819914485],[138.57087916803926,-35.03586681140416],[138.57081318388134,-35.03590083275719],[138.57069817588012,-35.03606982975879],[138.5706481600846,-35.03625882588409],[138.57073318378946,-35.03635983593762],[138.5709491838578,-35.036471816820836],[138.57140816005858,-35.03653480893422],[138.5716031681518,-35.036583815690506],[138.57167817610696,-35.03666682491399],[138.57174918387784,-35.036839818502756],[138.5717561599189,-35.03698382244539],[138.57164015996545,-35.03720682193722],[138.57109820781614,-35.037718827561775],[138.5710742076086,-35.03779082908346],[138.57110419190496,-35.03790784167353],[138.57123321584027,-35.038000822579875],[138.57166620792918,-35.038153817944306],[138.57242819180772,-35.038358816606035],[138.5727231676401,-35.03837380110997],[138.57331718424075,-35.03830379788195],[138.57345116793715,-35.038234792901335],[138.57375017632967,-35.03811480175665],[138.57399718412285,-35.037911782502704],[138.57430915174598,-35.03774678118896],[138.5744751360188,-35.03769577613912],[138.57479513638646,-35.03763977715397],[138.57491513562502,-35.03763278402573],[138.57524313636168,-35.03768478732303],[138.57558214390087,-35.03770075298729],[138.57655711961547,-35.037701752134126],[138.57668809597897,-35.03774076832178],[138.57681711991427,-35.03783374922813],[138.57699209560883,-35.03784573719099],[138.5770800960696,-35.03780274330194],[138.57742809592992,-35.03752074828384],[138.57803807999346,-35.03693773938511],[138.57828207955436,-35.03682871817074],[138.5783260797848,-35.03680871994641],[138.57849206405763,-35.03676672520419],[138.57867907178183,-35.03675272006194],[138.5788200638949,-35.03678272774067],[138.57947103995662,-35.03701170232813],[138.57998604841748,-35.03700470919995],[138.58019404811694,-35.03704470564861],[138.58043203211264,-35.03715770366506],[138.58048403181272,-35.03722171381099],[138.5805940476772,-35.03758370352506],[138.5806890556555,-35.037703712656196],[138.58077503983634,-35.037776714223924],[138.58092703965121,-35.03782570209444],[138.58106905609213,-35.03782768150228],[138.58114604795185,-35.037811678965795],[138.58133603243198,-35.03770769035759],[138.58181904031653,-35.03730268876802],[138.58237100821555,-35.03717766591649],[138.58337100756603,-35.03707166012896],[138.58345999997903,-35.037055676478246],[138.58394598372024,-35.03690264424159],[138.58402297557996,-35.03688664170511],[138.58420998420343,-35.03688064772365],[138.5843079680384,-35.0369096562556],[138.58440297601658,-35.037010647423415],[138.58448499238852,-35.03721065125052],[138.58455299192713,-35.037518657360124],[138.5846169921805,-35.03759265717537],[138.5847019844091,-35.03765764758231],[138.58499596828938,-35.03773464483794],[138.5857409918533,-35.037749630241194],[138.58591398364354,-35.0378166369282],[138.58594697617207,-35.037817636074976],[138.58596796814732,-35.03783563690507],[138.58623996810013,-35.03792262382996],[138.58653196807597,-35.038062631185426],[138.58658499210378,-35.038127640478194],[138.58664099198825,-35.03845263028461],[138.58664998430936,-35.0388676404292],[138.5867699844473,-35.03925763862907],[138.58687699207962,-35.0393586306962],[138.58702796756677,-35.039461620157624],[138.58716796772762,-35.0395276097114],[138.5873319680959,-35.039566607912604],[138.58741596837228,-35.039658607658566],[138.5874359683953,-35.03973961948782],[138.58742000003303,-35.03989261485225],[138.58731999991812,-35.040323608647554],[138.58744502366892,-35.04053362102974],[138.5878230078256,-35.0407396188383],[138.58810502442736,-35.04085261685475],[138.5887260161927,-35.04096459683865],[138.58898700844372,-35.04106359061217],[138.5891500159605,-35.04119458855939],[138.58935001619034,-35.041364585607084],[138.58950201600533,-35.041412593216535],[138.58964499202284,-35.041388598405035],[138.58977996767146,-35.04130059434692],[138.58991699197566,-35.041105585354444],[138.5900179840428,-35.04100757274125],[138.59017299208995,-35.04095756683819],[138.59024899199744,-35.04098557622331],[138.59033497617827,-35.04105957603855],[138.59039699162793,-35.04116857836715],[138.59050297583178,-35.041684579679554],[138.59076198417824,-35.04217656909333],[138.59091996808218,-35.04239657114482],[138.59109398420003,-35.042435569346026],[138.59125897562126,-35.042439583919645],[138.59177996817107,-35.042224557817065],[138.59195497624125,-35.0422365646657],[138.59213699182874,-35.042384564296185],[138.5925179842177,-35.04284255034338],[138.59305596765887,-35.043204558943216],[138.59333497602836,-35.04341753009487],[138.593603967749,-35.04357653832653],[138.5939859835663,-35.043998541599365],[138.59416796767766,-35.044164542059946],[138.59432899218928,-35.04427554178278],[138.5944909762776,-35.044342530483334],[138.5945779838869,-35.04436152956089],[138.59481897611488,-35.044375515817364],[138.5949379843006,-35.044432514848666],[138.59496899202543,-35.044504516370296],[138.5949959680895,-35.04470352105062],[138.59497299220993,-35.04548751403752],[138.5949910083284,-35.04560552577436],[138.59504300802848,-35.04572351862544],[138.59522700841978,-35.04577252538172],[138.59568796762562,-35.045781515904196],[138.5961409921132,-35.04562752229225],[138.5962179839728,-35.04562052916407],[138.59656796773754,-35.045645504236575],[138.59663299231886,-35.045682504144224],[138.5967499842244,-35.04582049521963],[138.5969679681972,-35.04623051142892],[138.5971359678507,-35.04648549620862],[138.5974869759433,-35.04720549793535],[138.59754998424444,-35.047296499433855],[138.59771097638054,-35.04741650856499],[138.5981799683309,-35.0478674834975],[138.59840300829228,-35.04814248628668],[138.59847500801527,-35.04828848762355],[138.59865302431763,-35.04853648017439],[138.598678015578,-35.04857747666915],[138.59884399985083,-35.04890548190241],[138.59897401573835,-35.04933148086309],[138.59899500771348,-35.04935949024821],[138.5990370240395,-35.04940448243087],[138.59911302394698,-35.04943349006345],[138.59930000019494,-35.04941948582058],[138.59947702364582,-35.04935048083996],[138.59972502429048,-35.049130459902756],[138.5999219839125,-35.04877346592269],[138.5999879680703,-35.04874747281758],[138.6001969920976,-35.04873346857465],[138.60032796756173,-35.04874545653752],[138.6008519683437,-35.04882746661423],[138.60135897643568,-35.048958446575],[138.6017839681557,-35.04905644120174],[138.60238595185024,-35.04908644888047],[138.6024309440329,-35.049051446367116],[138.60286595240188,-35.04878042127939],[138.60296793642124,-35.04866542586865],[138.60303193577533,-35.04853642531572],[138.603123904045,-35.04833042750715],[138.6030729277735,-35.048176433895264],[138.6031199038605,-35.048087429790996],[138.60313391979457,-35.0479704360867],[138.6033949120456,-35.047668423059235],[138.60351692756421,-35.04762642831696],[138.6036479039277,-35.0476284077248],[138.60376691211331,-35.047685406756045],[138.604089919814,-35.04791741475685],[138.60434892816056,-35.04804841360334],[138.6049459197185,-35.04824941567796],[138.605337888333,-35.04833838291],[138.60536988800993,-35.04835738198756],[138.60548489601126,-35.04853638844355],[138.60557590380495,-35.048699391463686],[138.60579792033786,-35.04898238562856],[138.60597292840794,-35.04936539159951],[138.6061399037336,-35.049656396925116],[138.60633190359454,-35.04983138790817],[138.60645091178026,-35.04988838693947],[138.60657091191808,-35.0499083851638],[138.60681491237835,-35.049832368169234],[138.60704787186182,-35.049710379630255],[138.6073838720681,-35.04947437504234],[138.6077118719054,-35.04914736895586],[138.60778889614073,-35.049121376750065],[138.60802988836872,-35.04912637158475],[138.60832089639234,-35.04928536093064],[138.6086138883204,-35.04978635885334],[138.6088478721316,-35.050043360812424],[138.60914988785714,-35.05021235871334],[138.6093848959962,-35.050414359934734],[138.60951488040746,-35.050462348658414],[138.60968288006097,-35.05033934208694],[138.60991184025931,-35.050001329197926],[138.6102358399121,-35.049791335701514],[138.610457856445,-35.04969733676262],[138.6106258560984,-35.049583339599394],[138.61073686391524,-35.04954032772389],[138.61131980806272,-35.049452322766456],[138.6113988162025,-35.04938231863906],[138.61146982397327,-35.04920331308239],[138.61143180783176,-35.04901231866353],[138.6111008321377,-35.04869030831105],[138.61092780797208,-35.04853631379979],[138.61068982397626,-35.04824532735995],[138.61065881625143,-35.04819134465481],[138.61064380836513,-35.04794732980537],[138.61067881627446,-35.04787532738442],[138.61074681581294,-35.04780532325702],[138.61086879985533,-35.047753319959725],[138.6109568003161,-35.04773731742324],[138.61113177601067,-35.047740314863574],[138.6114147836654,-35.047800310435946],[138.61152579238149,-35.047784325885914],[138.61164777642375,-35.04773232258856],[138.61187177596173,-35.04754732215116],[138.61207177619156,-35.04746129750083],[138.6122067842158,-35.047347300337606],[138.6123107521396,-35.04715930335914],[138.6122607678202,-35.0469872909307],[138.61226374367686,-35.0469062970879],[138.61230976018737,-35.04680830336048],[138.61238876832704,-35.04674629060878],[138.61244374388377,-35.04672928982484],[138.61271776011665,-35.046735301792694],[138.61282575970108,-35.046782292268915],[138.61296476790983,-35.04692929275262],[138.61308976018438,-35.04714629826299],[138.6131553603317,-35.04726830568774],[138.61183977628468,-35.048022309881674],[138.6117817915965,-35.048247325653506],[138.6119227837096,-35.04853631379979],[138.6120878084057,-35.048873309555574],[138.61231481617585,-35.049419319445974],[138.61245980757417,-35.049769302311404],[138.6121738564384,-35.05056731842694],[138.6116608642575,-35.051107314550904],[138.6115338880785,-35.051809315447485],[138.61127487973192,-35.05200534157319],[138.61040787212562,-35.05191034438684],[138.61000992032166,-35.05205333029693],[138.6099569277701,-35.05225333412403],[138.61108790438334,-35.05331934101474],[138.61130992001688,-35.053416336494706],[138.6115559043816,-35.05355031389581],[138.61203891226603,-35.05431330861228],[138.61241292771456,-35.05440530925756],[138.61398489588635,-35.05430929493798],[138.61477289625225,-35.05445128170123],[138.61555788838587,-35.054797287764586],[138.61593987182766,-35.054954278816865],[138.61630588780656,-35.05523026186705],[138.6164988796197,-35.055724266661514],[138.6166638719402,-35.05622326718998],[138.6166548796191,-35.056415260755614],[138.6165258880593,-35.05673025999346],[138.61642892765292,-35.05699225678717],[138.61635491164986,-35.057185267486034],[138.61637692795296,-35.05728725780068],[138.6165439041779,-35.057466264256675],[138.6170979198332,-35.0575882527956],[138.617357920132,-35.05768526716133],[138.6175409276717,-35.0581102678745],[138.61737590387497,-35.058492255812894],[138.6825420159014,-35.05230100808501],[138.68352886356627,-35.052485287266165],[138.68348399998672,-35.05247699911416],[138.68348403236223,-35.05247729499115],[138.68348387228298,-35.05247727610538],[138.68356684823152,-35.05365528276502],[138.68382393562615,-35.05730927320434],[138.68387996788624,-35.05809328417769],[138.68388595197518,-35.05818128913512],[138.68385894443475,-35.05867128025534],[138.68394675244076,-35.05983877833688],[138.6839499837048,-35.05995527291748],[138.6840769922594,-35.060141289588785],[138.68430905601815,-35.063443280882666],[138.68431993601632,-35.063540202618185],[138.6843199998682,-35.06354099761893],[138.68420006358213,-35.063547306363034],[138.6843400961186,-35.065344303796564],[138.68434278419215,-35.065370463276224],[138.6843568639781,-35.065550467979676],[138.68446310358945,-35.066914306050364],[138.68454099207315,-35.067902724830844],[138.68479724759493,-35.071175966597536],[138.68483920006906,-35.07171329892958],[138.6848511997232,-35.071865295147234],[138.68466220809444,-35.07210429627622],[138.68464700775326,-35.072965008628216],[138.68440524840355,-35.07363132352674],[138.68451625622026,-35.0736283080999],[138.68497024028443,-35.07361330471019],[138.68512028767123,-35.075475292550664],[138.68511827229054,-35.075567293196],[138.68512527980783,-35.075659293841284],[138.6851723197468,-35.07629830172522],[138.68525430374314,-35.077395296555665],[138.6854193599156,-35.07960430759266],[138.68390038429538,-35.07966234174364],[138.6837973759482,-35.07966633833081],[138.68403744007583,-35.08272033617453],[138.68405744009885,-35.08293434424456],[138.68420448015274,-35.0845873377354],[138.68184153575828,-35.08478136556755],[138.68220054421977,-35.08516736807951],[138.6825175678316,-35.088352365669095],[138.68267958429544,-35.08914137237639],[138.68300262437174,-35.09058137493048],[138.68303664032874,-35.09073337114813],[138.68284361614008,-35.09167037748591],[138.6830306562399,-35.09207937566259],[138.6830186556865,-35.09235637584601],[138.6830156483536,-35.0924263799734],[138.68293164807721,-35.09287937118597],[138.6829686722665,-35.093494366271955],[138.68319571241227,-35.09610436522422],[138.6833127681698,-35.097451368885515],[138.6832557439575,-35.09741137153753],[138.6832667516593,-35.097554376333335],[138.68334374441838,-35.098541369688405],[138.6837938883773,-35.10433137049631],[138.68379987156686,-35.10450837865869],[138.68412195206645,-35.10844238470827],[138.68412198444207,-35.10854139736756],[138.6841209915906,-35.10864138938854],[138.68437705555675,-35.112037397607764],[138.68456806436473,-35.11457938982693],[138.68465811168255,-35.115783388692364],[138.68478012810044,-35.11740139855567],[138.68481014387305,-35.117802385571565],[138.68484515178238,-35.11829339472433],[138.68599315166273,-35.11876336873445],[138.68702614444112,-35.11904536375249],[138.68844111976193,-35.11917033174535],[138.69079206360288,-35.119325305618304],[138.69190108776502,-35.119544271650796],[138.69285807973665,-35.119810283917445],[138.69425408026166,-35.12043826611307],[138.6946910716357,-35.12066324411336],[138.69517107218735,-35.1222732437152],[138.6951800636091,-35.122284251417],[138.69528112042747,-35.122594237833766],[138.69862425570489,-35.13354821687665],[138.69895027163784,-35.13346221021277],[138.69899728010046,-35.133613207283645],[138.69700099200224,-35.13452699672348],[138.6940940162259,-35.13196700367422],[138.6917470078182,-35.13187500302894],[138.69007001591854,-35.130504004556144],[138.68839299164335,-35.130504004556144],[138.66408457574266,-35.1249277168406],[138.66288563196645,-35.125104742989436],[138.6621602882667,-35.125107333036965],[138.66140860792098,-35.12510477986166],[138.65972099233,-35.12535099625143],[138.65881267166753,-35.12541981687099],[138.658202687604,-35.12537482468838],[138.65711100776684,-35.124913009327884],[138.64674483190856,-35.12555100007853],[138.64583600043113,-35.125313996343834],[138.64311401609905,-35.12401100460414],[138.6421999676544,-35.12359105448354],[138.64043001643222,-35.122274002742984],[138.63884140810455,-35.11971452770325],[138.63834991961312,-35.11932206805898],[138.63776480000558,-35.11911148280865],[138.6376126715876,-35.11876690217076],[138.6373435197877,-35.117867117873175],[138.63648924838014,-35.116086695844274],[138.63559987193662,-35.11466996594612],[138.63499136006328,-35.114066903065066],[138.63407049565694,-35.11332632934659],[138.63383283181975,-35.11297562522486],[138.63356368001985,-35.11223851119831],[138.63354400015555,-35.111673003106546],[138.63361100774193,-35.11139200633596],[138.6333647355941,-35.11120463888295],[138.63229984026543,-35.11101318221256],[138.63036800028306,-35.11011199137528],[138.62805190427207,-35.10839972356837],[138.62761891218315,-35.10829442194995],[138.62538377584065,-35.108572051658825],[138.6243656641442,-35.108696500742894],[138.62250499201184,-35.1090985804351],[138.62131299190116,-35.109289000187175],[138.621170943984,-35.108926252344645],[138.62124115225743,-35.10879223807126],[138.62138156790513,-35.10864864152154],[138.62179116772825,-35.1085050440725],[138.6221422396727,-35.1082752744843],[138.62220073607523,-35.10811252956955],[138.62215801558,-35.107624000746966],[138.62142838391287,-35.10645633629082],[138.62124115225743,-35.10632230313172],[138.62099539182395,-35.10616914229206],[138.61950921627738,-35.105345818354806],[138.6187342084171,-35.10483917718625],[138.61828047976041,-35.10432143568568],[138.61807001591853,-35.10398499481164],[138.61780067166376,-35.103297035929415],[138.61754323173477,-35.10287579078505],[138.6171570556537,-35.102397084357904],[138.6171570556537,-35.10224390463247],[138.61726236806385,-35.102100289196926],[138.61764854414503,-35.10209072490699],[138.61810492760037,-35.10233005878513],[138.618830463755,-35.102387520067964],[138.6189649924405,-35.10243099509432],[138.61922835170708,-35.10258855991407],[138.61942729613293,-35.10284706014369],[138.61957942365154,-35.10304811797624],[138.61986028822184,-35.10325874009874],[138.62004751987718,-35.103306600219355],[138.62030495980616,-35.10327788756439],[138.6206326403841,-35.10304811797624],[138.62073795189508,-35.10286620760934],[138.62085497617625,-35.102492821686326],[138.6209134716794,-35.102234321456706],[138.62081987203953,-35.10197582122714],[138.62009433588491,-35.10098969661715],[138.6199422083663,-35.10039610629525],[138.6196360000015,-35.10014500568741],[138.60364988783215,-35.1011099467666],[138.60068790412356,-35.10133973524057],[138.5891009921172,-35.10189499465821],[138.58803718406887,-35.10060275071635],[138.58690419207483,-35.10001274868938],[138.58556019214916,-35.099797760358285],[138.58546719955166,-35.09854275734233],[138.58532415968227,-35.09662375248416],[138.58525414386372,-35.0956757573303],[138.58493107231118,-35.091617763548925],[138.58492345595278,-35.091525633401204],[138.58489203184183,-35.091155762928054],[138.58481904016662,-35.09029375555235],[138.58470601606984,-35.08896776814794],[138.5846470079531,-35.08825575869628],[138.58457897603898,-35.087462756301136],[138.58449398381038,-35.086390755428965],[138.5844882884038,-35.086318734122244],[138.5844882560283,-35.08631851288902],[138.58429990381762,-35.083942742363604],[138.58394591986837,-35.083833758920775],[138.5838599042113,-35.08380776671504],[138.58221706496568,-35.08383517895032],[138.58216799975344,-35.08383599733338],[138.5779540158652,-35.08411283114219],[138.57625200032965,-35.08330384509634],[138.5760130243816,-35.08322884613432],[138.57392003218376,-35.08260289820515],[138.5714040636467,-35.08182793351227],[138.57016806420484,-35.081370927726084],[138.56880505620848,-35.08090994513782],[138.5658840959743,-35.07990099213703],[138.56452112035345,-35.0797869949738],[138.56368614390044,-35.07964302790339],[138.56367311991858,-35.07934001662841],[138.56329203220162,-35.074856023886355],[138.5631970242233,-35.073709023152844],[138.56319655477728,-35.07370434128228],[138.56309801606062,-35.07272199292561],[138.56295798442352,-35.071011002155956],[138.56278092769776,-35.06886400297134],[138.5626959039928,-35.06782900200682],[138.56257887971162,-35.06638400371878],[138.56240784034958,-35.0642979992532],[138.56224083174902,-35.06398799485004],[138.56095785352215,-35.06292003013522],[138.56092284831084,-35.06289101890536],[138.5600388156389,-35.0612240211716],[138.55982848040014,-35.06091951072682],[138.55978634626297,-35.060885043310066],[138.55930099204716,-35.060487998921985],[138.5599267843936,-35.05946302449894],[138.55974371210266,-35.056089012797656],[138.5596687041475,-35.054949024078155],[138.5595546880984,-35.05370802620439],[138.5592626242708,-35.05028800518727],[138.55925763213406,-35.049979998178344],[138.5593326077137,-35.04961499393676],[138.5596205760288,-35.04891700671442],[138.55976659175485,-35.04854099477103],[138.55976758370707,-35.04853699818386],[138.56019654413524,-35.04743399138556],[138.56070953631615,-35.046086987724266],[138.56087948839775,-35.045180987312676],[138.56096048044185,-35.044418990843724],[138.5608784640699,-35.04341296063956],[138.5605964483675,-35.04245497581644],[138.5601804156937,-35.04181298847857],[138.5596134399084,-35.04079598834414],[138.5592484158817,-35.03994299037669],[138.5592054399791,-35.039657979032484],[138.5592224002936,-35.03902997795109],[138.56051036795918,-35.03733696912576],[138.56040732813574,-35.03644295667709],[138.55998534374874,-35.03624996486394],[138.55974233613995,-35.03615496677827],[138.55905033570446,-35.03537097379137],[138.5585853439385,-35.03434797967549],[138.55811433570807,-35.03390198159116],[138.55729532761734,-35.033385998265146],[138.55656633626745,-35.032913008828245],[138.55601731184947,-35.032174026010466],[138.55590931226504,-35.03167802292239],[138.55598531217254,-35.03098701084184],[138.55663625585862,-35.02990400226787],[138.55707824026865,-35.02915898859641],[138.5575592003969,-35.02831697944498],[138.55856617578843,-35.026625968913265],[138.55932713623838,-35.02598494385006],[138.55943513582292,-35.0258939423515],[138.56209107214534,-35.02395290320385],[138.5628640322493,-35.023363900323716],[138.56294467175928,-35.023289604631486],[138.56310003234069,-35.02337289174551],[138.56342105613692,-35.02350189229844],[138.56351603173948,-35.02363888422707],[138.56354304017918,-35.02382889838492],[138.56351503978738,-35.0240268850327],[138.56352803229288,-35.02431589206475],[138.56366908825783,-35.02548089272898],[138.56375606439087,-35.02587988235064],[138.56377008032496,-35.02614089888334],[138.5635031039851,-35.026640916545034],[138.56345711985023,-35.02708190090897],[138.5634640958914,-35.02758691430461],[138.56349011237887,-35.027821900859976],[138.56355110440006,-35.02797591335769],[138.5637731200335,-35.02825990666929],[138.56380115190166,-35.028431901111276],[138.56365113599122,-35.02917190106234],[138.56363414420048,-35.02925790772622],[138.56361113594528,-35.02964490938501],[138.5636541442234,-35.029690900714456]]]},"properties":{"School_Name":"Aberfoyle Park High School","ENTITY_CODE":1673,"zoneType":"secondary"}},{"type":"Feature","geometry":{"type":"Polygon","coordinates":[[[138.7716771199032,-34.73949294414399],[138.7707831362328,-34.74135896544385],[138.77028320040938,-34.743086976782536],[138.77069625632726,-34.7447599684977],[138.77134425563293,-34.74586797013069],[138.77083228777997,-34.747149983384986],[138.7707532796402,-34.74735999576717],[138.77031030417731,-34.74854197922889],[138.7684634240478,-34.75347202581332],[138.76893651241016,-34.756439036732104],[138.76901251231766,-34.75677103765321],[138.76957849615076,-34.757403016436],[138.76999452792518,-34.757930026349584],[138.7701135361109,-34.7580460209071],[138.7712795197341,-34.75922201038742],[138.77197452840187,-34.759715979209034],[138.77303350439274,-34.76019899518741],[138.77393750381282,-34.75974496885516],[138.7743394881769,-34.76061197106554],[138.77567750401363,-34.76208595810044],[138.7765935039871,-34.762614929435415],[138.77677548809834,-34.76284593828939],[138.77798249609543,-34.764061906231916],[138.7787415041172,-34.76444489331715],[138.7793175360755,-34.76585688738538],[138.78007353586509,-34.76697389932593],[138.7801785281166,-34.767020888902834],[138.780135552214,-34.76822688516256],[138.77955855977973,-34.768436897544746],[138.77878160039063,-34.76860691257889],[138.7782025916763,-34.768178915324654],[138.77791660816501,-34.76812892830736],[138.77769958376882,-34.76818692558612],[138.77708361561645,-34.7681399351099],[138.77635763159947,-34.76826795540177],[138.77579961575975,-34.768421949913034],[138.77524067181957,-34.7684869771922],[138.77497667223565,-34.76863697511624],[138.77471964779363,-34.76906097668268],[138.77389468798947,-34.769488992822744],[138.77335772797687,-34.77002501124525],[138.77271071972405,-34.77014100670203],[138.7725527358201,-34.77028501064467],[138.77251174382195,-34.77069003112001],[138.77204675205599,-34.771071019911574],[138.77166176038202,-34.77154103079391],[138.77250979229314,-34.772640023917916],[138.77293078382866,-34.77349901586683],[138.77134889613467,-34.776107034511995],[138.77120588774164,-34.77690706690754],[138.7702799043941,-34.77811607859411],[138.77011193621695,-34.778298081591174],[138.76922496006387,-34.77888710335708],[138.76875398420907,-34.779548089772504],[138.76872396843646,-34.77998209989397],[138.76914201559157,-34.7804801012756],[138.76959500770351,-34.78090608224983],[138.76907199977302,-34.781118092925624],[138.76869801580085,-34.78121109181836],[138.76842300761575,-34.7812601165611],[138.7681180484093,-34.78123612264892],[138.7680210556273,-34.78117111335615],[138.7679490559043,-34.78100711118918],[138.76795302371318,-34.780846124449056],[138.7679620160343,-34.78053711829335],[138.76801100840134,-34.78034712392059],[138.76795999975423,-34.7802011216844],[138.76784201589635,-34.78010712274545],[138.76709999966533,-34.77967411177082],[138.76688601587705,-34.77949714137992],[138.76673900819878,-34.77927614018171],[138.76664102436382,-34.77886514371136],[138.76665900810679,-34.778613136586955],[138.7667099843784,-34.77832512870168],[138.76653897559333,-34.778205137556995],[138.76610300764776,-34.77817013594296],[138.76584000001606,-34.77820114186915],[138.76548799997124,-34.77827615971694],[138.7651390081587,-34.77826115632723],[138.7649199998582,-34.77827416142338],[138.76431504030688,-34.778399166288466],[138.7638110404472,-34.77846117814079],[138.76351603223918,-34.77856416760221],[138.75464828788824,-34.78328732874718],[138.7540803201507,-34.78394733490154],[138.75375631959855,-34.78422932991958],[138.75269600002048,-34.78509000539941],[138.75081139243184,-34.78488040041009],[138.75060339183312,-34.78485738675897],[138.74949542437435,-34.78514940921781],[138.74877641639853,-34.78515943575928],[138.74663545616147,-34.7851524426311],[138.74529647984878,-34.78607947818534],[138.7439295678953,-34.787047509335025],[138.74078566392734,-34.789177561695055],[138.73474483230825,-34.79327166775323],[138.72945580783937,-34.78787172090313],[138.72925881584172,-34.78760474726124],[138.72917379213686,-34.78732375138998],[138.7291027843661,-34.78653274638907],[138.72901475242895,-34.78529572531744],[138.7289697602463,-34.78501572769363],[138.7288667518991,-34.78471773013911],[138.7286297598556,-34.78446574190042],[138.72837875187793,-34.78424773724322],[138.7279067516953,-34.78413573837361],[138.71818790424845,-34.78455988832815],[138.71693897615285,-34.78604092424922],[138.7161140163488,-34.787109946566716],[138.71625302365817,-34.78846094591586],[138.71649507169025,-34.79109094309251],[138.71676617591834,-34.795077951586165],[138.71672826769543,-34.79508003621464],[138.71498319981492,-34.79517598308513],[138.71235823974098,-34.795322022193545],[138.71158825639293,-34.79536303667476],[138.71020329594546,-34.79543006224753],[138.70872630427561,-34.79549307324669],[138.70845232041836,-34.795930080808546],[138.7081363202351,-34.79662810400373],[138.70699337634335,-34.79853612004587],[138.70685638441466,-34.79876411437232],[138.7060880000612,-34.800046978385296],[138.70553743960124,-34.800966150267584],[138.70452751982918,-34.80240617170739],[138.70269756763867,-34.804094204583805],[138.7025835839653,-34.80433420485963],[138.7013526081364,-34.805433234855855],[138.70019366440613,-34.80646825380683],[138.69914966392594,-34.80660726291478],[138.69624275200147,-34.806734320932094],[138.6951137278163,-34.806765345744054],[138.6942477760141,-34.80679135683562],[138.69270179195416,-34.80686037980263],[138.6912678400389,-34.80693539765042],[138.6909778239675,-34.80694438817295],[138.68875587168623,-34.80707943846528],[138.68800288012892,-34.80711144353825],[138.68596188763104,-34.80721548790439],[138.68573193637985,-34.807297479095325],[138.68361395202237,-34.80739852692045],[138.68282195237123,-34.80743952251589],[138.68178499178396,-34.807513541216906],[138.6814083835901,-34.8075970315777],[138.68097398406223,-34.80767656312287],[138.68056432038713,-34.807827356946916],[138.68007104044625,-34.808015575158606],[138.67922928040707,-34.80846584682132],[138.67843305574104,-34.80913859906707],[138.67647100843033,-34.80919400719762],[138.67632812774093,-34.80957462636786],[138.67615612790303,-34.80993065807337],[138.67519718440258,-34.811886663738505],[138.67452217575783,-34.810963661643655],[138.6734321596665,-34.80984668657527],[138.67328915217274,-34.80946168321009],[138.6724151676259,-34.808938706755896],[138.6716431679979,-34.80852671203809],[138.66986201571956,-34.80799761210005],[138.67070019196035,-34.80795073313976],[138.67160015971967,-34.80789971010347],[138.67180214385394,-34.807890700695225],[138.67193516797374,-34.80788470671382],[138.67306713563983,-34.807821695714665],[138.67286710393375,-34.80539166459363],[138.67264003231173,-34.802634665157655],[138.67261603210432,-34.802334669309516],[138.6726000322658,-34.80213666377597],[138.67259103994456,-34.802012676943434],[138.67258102419498,-34.80188767207835],[138.67257103992165,-34.80176166896581],[138.67256102417196,-34.80163666410073],[138.67255103989862,-34.801511678121415],[138.67254102414904,-34.801377664747406],[138.6725270396912,-34.80120666855288],[138.67250499191186,-34.80092767007585],[138.67249398421006,-34.800789679000445],[138.67243699237338,-34.80005767132445],[138.67236195204248,-34.799107658991204],[138.67231795181215,-34.798552658578274],[138.67226896034435,-34.79794066093274],[138.67223494438724,-34.7974986585362],[138.67221593631643,-34.797388712818815],[138.67243401561734,-34.79738099843428],[138.6720538236251,-34.79213064301473],[138.68478399968194,-34.79150299356826],[138.68436800028303,-34.78607500136019],[138.6883334079605,-34.78591036966776],[138.688692416422,-34.78589638341134],[138.68884940837358,-34.78589035255766],[138.68918643200834,-34.78587634831479],[138.68949142359043,-34.78586436035192],[138.68964540820912,-34.78585834748469],[138.69000540772345,-34.785843344094985],[138.69033440041233,-34.78583033809957],[138.69044137566902,-34.785826342411724],[138.69057337636025,-34.78582033044387],[138.6906813759448,-34.7858163338567],[138.6907993921783,-34.78581233816885],[138.69056732841955,-34.78293932528959],[138.69054627169317,-34.78270380183892],[138.69052531209354,-34.782481320356624],[138.69037728008743,-34.7806653238456],[138.6899552003723,-34.77547531473397],[138.68978819177164,-34.775483325894754],[138.68930402286242,-34.774745026561675],[138.68914776385827,-34.774506750286264],[138.6889356803374,-34.77418334868253],[138.68934617588536,-34.77434531658304],[138.68947616029664,-34.774410325875806],[138.68992016008735,-34.7745273195801],[138.6901131519005,-34.77468431063238],[138.6903501763196,-34.774778308671955],[138.69070515222108,-34.775002307310615],[138.69081417613336,-34.775013296126644],[138.6909981756254,-34.77507930366687],[138.69113916773847,-34.77510030193736],[138.69129315235716,-34.775067297717555],[138.69144816040432,-34.77498027392045],[138.69165616010378,-34.77498328934729],[138.69207814359152,-34.77510927357406],[138.69253014375124,-34.775370290106764],[138.69258259670949,-34.775422737669146],[138.6927321278855,-34.77557225535526],[138.6928751677549,-34.775917261372456],[138.69299116770833,-34.77607327216373],[138.69320316759217,-34.77629325532945],[138.6939201601873,-34.77683826517375],[138.6942861761662,-34.77705325440411],[138.69435943494,-34.777084688407626],[138.69483616016078,-34.77728924010631],[138.69489916756265,-34.77738024160482],[138.69500741985655,-34.777405251750906],[138.69545312026537,-34.7775082241252],[138.69571212771257,-34.77762122214165],[138.69593414424537,-34.77789522578399],[138.69607715173925,-34.778268223199916],[138.6962131517156,-34.77849623551282],[138.69633017599688,-34.778579226749855],[138.6964542995264,-34.77862185101759],[138.69645523302268,-34.77862217117621],[138.69644962305176,-34.778560914754394],[138.69642067657298,-34.77824487140367],[138.69636598520208,-34.77764772696099],[138.69632055235172,-34.77715167710818],[138.6963205433584,-34.777151577283405],[138.69632016114656,-34.77714752583762],[138.69626102892346,-34.776520269394894],[138.69619952698667,-34.77586787330364],[138.69619918884155,-34.77586428860599],[138.69617446288123,-34.77562405000987],[138.69617438374087,-34.77562321453968],[138.6961198533486,-34.77499885211529],[138.69611977061095,-34.77499790063257],[138.69657808041416,-34.77498221555675],[138.69536633478856,-34.77391171115653],[138.69546522424082,-34.773775524121106],[138.69546405692074,-34.77377514820449],[138.69511161620824,-34.7736617526877],[138.69510422108306,-34.77365937308156],[138.6949287651505,-34.77359620649969],[138.6949286212589,-34.77359615523835],[138.69464021767192,-34.77349232670946],[138.6943743259145,-34.77339660197157],[138.69423720718146,-34.77334505373119],[138.69384391566427,-34.77319720069022],[138.69288728432082,-34.77283756809925],[138.6926122914242,-34.772728397597405],[138.692498020867,-34.77268303309546],[138.69220802008408,-34.77256790548438],[138.69220392277293,-34.77256627951016],[138.69191973790566,-34.77245360075301],[138.69158687813194,-34.77232162254478],[138.69125525042955,-34.77219013266847],[138.69106348259368,-34.77211409768739],[138.690986993455,-34.77208376985004],[138.69076183289235,-34.771993834048146],[138.6907383012317,-34.771984435233435],[138.69052977992544,-34.77190066968012],[138.69035488966654,-34.77183178430937],[138.69013417355336,-34.771744600432896],[138.68983013705122,-34.77162390601842],[138.68958578315744,-34.771526892552004],[138.68957362881997,-34.771522067689205],[138.68947289845562,-34.77152717853642],[138.68927633273665,-34.77153752433725],[138.68927602067185,-34.77153754142438],[138.689049066861,-34.7715494871191],[138.68869571873245,-34.77156808509898],[138.6886676598847,-34.771572730097375],[138.68801609116974,-34.771686805501645],[138.68768308660526,-34.77174510765053],[138.68762527458682,-34.77175522952018],[138.68762493194515,-34.771755289774774],[138.6876327209734,-34.77174657714278],[138.68767432990649,-34.77170002823368],[138.68778379448656,-34.77157757024861],[138.68782102641933,-34.77153591904738],[138.6878603447791,-34.77149193320611],[138.68788884519415,-34.77146004954159],[138.68790714190118,-34.771439581871164],[138.68794208236125,-34.77140049373776],[138.6880463902288,-34.77128380400433],[138.68818867556695,-34.77112462849874],[138.68824536073487,-34.77106121550264],[138.68825375051028,-34.77105048748996],[138.68825453921568,-34.770965039305054],[138.6882545446116,-34.77096447093356],[138.688257567233,-34.77093207285685],[138.68825910327507,-34.77091560267286],[138.68860998366392,-34.77052183901162],[138.68873410809272,-34.77038241981279],[138.68908102696787,-34.76999275436208],[138.68909173339682,-34.76998034191922],[138.6891957588772,-34.76981733260379],[138.68926393018626,-34.76971025752232],[138.68941802811958,-34.76946614824408],[138.69059161371206,-34.76761640377396],[138.69112102571478,-34.76731854561433],[138.6913242464169,-34.767260265948494],[138.69147076126671,-34.76721824782385],[138.6916029670034,-34.76724133881669],[138.69167528058983,-34.76725396979481],[138.6920659460866,-34.767081946574535],[138.69206885629274,-34.76708036916364],[138.6921556399709,-34.7670333283254],[138.69215611841025,-34.76703306932063],[138.69187000899376,-34.76689597037267],[138.69182226488567,-34.76687350710665],[138.6917047513732,-34.76682966335824],[138.69170412904236,-34.76682943133312],[138.69160620366347,-34.76680582862605],[138.69147265254094,-34.7667736400914],[138.69147263455454,-34.76677342695206],[138.69146983856228,-34.766740181714],[138.6914540500644,-34.766713184066134],[138.6914542299288,-34.76671271462004],[138.69150552635904,-34.7665788145606],[138.69182743868544,-34.76573852761089],[138.6918275052352,-34.76573835404179],[138.6918939336582,-34.76569710393818],[138.69190405912514,-34.765697094045606],[138.69294685631246,-34.76569611558324],[138.69323120935292,-34.76581070629902],[138.69323908021943,-34.765813878207894],[138.69323935810996,-34.76581387101328],[138.69341854622894,-34.76580954437492],[138.6934274746983,-34.76580924130337],[138.69342752056366,-34.76580924040405],[138.69367693943923,-34.765800780481584],[138.69386628899815,-34.76579435752353],[138.69406179711427,-34.765464343204826],[138.6940618951404,-34.765464076106184],[138.69408630184137,-34.76539712247916],[138.69408391504066,-34.765320908533056],[138.69408361826447,-34.76531135683359],[138.69405114284598,-34.765247263950016],[138.69403941658584,-34.76522411899788],[138.69403922143294,-34.76522373318869],[138.69402484127352,-34.76520385727213],[138.69401406199938,-34.765188958203794],[138.69400416855763,-34.7651752831128],[138.69399086038993,-34.765156888379636],[138.6939607016251,-34.765115201205504],[138.69331683920086,-34.76422523750466],[138.69331648666662,-34.76422475007212],[138.69330531798607,-34.764205563935604],[138.6933052748186,-34.76420549019116],[138.69325863597737,-34.76412537048941],[138.69322299584462,-34.76406414644316],[138.6932228015911,-34.76406417612077],[138.69244956899252,-34.764182364124736],[138.69244930189382,-34.76418240459424],[138.69238844027439,-34.76358505240819],[138.69242559666407,-34.76347602399926],[138.69255388855117,-34.76309957588467],[138.6925540261475,-34.763099172988404],[138.69262880387623,-34.76298594294684],[138.692628934278,-34.76298574419667],[138.692689356129,-34.76289425076902],[138.69274513028358,-34.76280979543566],[138.69281654994393,-34.76270164926166],[138.69286425088455,-34.76262941931219],[138.6929371544262,-34.76251902663171],[138.6930290858237,-34.76237982057222],[138.69302923780913,-34.76237959124512],[138.69316376379675,-34.76237118348331],[138.69316397333876,-34.76237116999346],[138.6933642703449,-34.76235865143059],[138.69364575994393,-34.76234105889273],[138.69401154929358,-34.76070676680382],[138.69401184786852,-34.76070687112514],[138.69408469835025,-34.76073231474447],[138.69418401587973,-34.76076700249513],[138.6942778250616,-34.76079976569656],[138.69429231673712,-34.760804827081074],[138.69429325113265,-34.7608053136143],[138.69431067549738,-34.760814384176456],[138.69432854232844,-34.76082368496503],[138.69434870153145,-34.76083479159229],[138.69442391812936,-34.76087623325151],[138.69452917298304,-34.76093422423503],[138.69466115928515,-34.76105563450989],[138.69467302673888,-34.761067007336464],[138.69474659937612,-34.76113750878898],[138.69477487136328,-34.761164600865584],[138.69477502514735,-34.76116485177647],[138.69482626761817,-34.76124835832502],[138.69502424617212,-34.76115617152004],[138.6950722393924,-34.7611446700904],[138.69514135588895,-34.76112810547767],[138.69514200430012,-34.76112801374677],[138.69519936665756,-34.76111986768768],[138.69521744572864,-34.76112011859857],[138.69526789499741,-34.7611208191704],[138.6952703663344,-34.761121127637864],[138.69529073777744,-34.76112367451793],[138.69535423620914,-34.761131020180414],[138.6953927631655,-34.7611354781198],[138.69552920740705,-34.76117138625045],[138.6955400397411,-34.76117423710133],[138.69571808931846,-34.7612569243675],[138.69587772887417,-34.76100070032203],[138.6959910749282,-34.760818262053135],[138.69603291408782,-34.76076215065268],[138.69620014841814,-34.760537870526264],[138.6962428617187,-34.760490157894424],[138.6962947975669,-34.76043214352853],[138.69644222522857,-34.760267459675504],[138.69649646064317,-34.76020687594655],[138.69662038092588,-34.76006148345067],[138.69667417747132,-34.75997316193184],[138.69685761039045,-34.75967200595824],[138.69685860054403,-34.759670379984016],[138.69691024770987,-34.75953776775373],[138.69764219782928,-34.7595264219068],[138.6976223911605,-34.75832103628676],[138.69761042747928,-34.75759291997724],[138.69835195897576,-34.756343240048466],[138.6985967013767,-34.75593078397844],[138.69909775955398,-34.75508636644264],[138.69914866567842,-34.75500057561601],[138.69926660097292,-34.75478730139281],[138.6992701577916,-34.754780869441504],[138.69933815013553,-34.754816014047776],[138.69941608358545,-34.75485334400656],[138.6995778986012,-34.75492919732454],[138.69965250276084,-34.75496402177214],[138.6996793538192,-34.75498366926087],[138.6997750749598,-34.755041780753515],[138.6998480432527,-34.75509071646337],[138.69994697227503,-34.75515554948896],[138.7000274822825,-34.75521997242373],[138.70006331487014,-34.75528940548162],[138.70005728671447,-34.75534139798708],[138.70005138086663,-34.75539233199049],[138.70005094109808,-34.75539612443157],[138.70019965748827,-34.75566500373691],[138.7002405181854,-34.755820063045405],[138.70024110993938,-34.755821188996606],[138.70031118781117,-34.75595444064487],[138.7004000678089,-34.75605532479335],[138.70053635107183,-34.7561599312358],[138.70069401211902,-34.75620660065408],[138.7007445720045,-34.756210669187],[138.70083232874902,-34.75621773066371],[138.70107257633845,-34.756113085550396],[138.70134259238682,-34.755857082738146],[138.70145158392347,-34.7557440847217],[138.70164259183218,-34.75552308352343],[138.70184956810317,-34.75517508006584],[138.70193254405172,-34.75493306261069],[138.70197254409766,-34.75468105638561],[138.7020415679641,-34.75453805069043],[138.70212054372814,-34.754441055210464],[138.70239155172874,-34.754130051660525],[138.7027615364159,-34.753804063606594],[138.70326351999552,-34.753425035337045],[138.70340748796525,-34.75333804841216],[138.70422649605598,-34.75296603215662],[138.70470345599972,-34.752695025055345],[138.70484745634508,-34.752635030382294],[138.70501046386187,-34.75264701834516],[138.70537244818001,-34.75299600206381],[138.70549945583525,-34.75314300344678],[138.70593244792417,-34.75368299957074],[138.70632249558673,-34.754185995787054],[138.70660847999739,-34.75449799848383],[138.70680649632277,-34.75483599338634],[138.70717548815833,-34.755319990525095],[138.70728249579065,-34.75543099024793],[138.7075824961354,-34.75564398118473],[138.70777948813293,-34.75561097696499],[138.70792550385897,-34.7554519876191],[138.7082214716437,-34.75503396204766],[138.70835945642386,-34.75477496179502],[138.70853545644627,-34.7543269663164],[138.70893542363092,-34.75368594125314],[138.70907043165516,-34.75355294411304],[138.7092934401402,-34.75341295474402],[138.70938140822545,-34.75338794279929],[138.7095323837126,-34.75342594185366],[138.70973638412693,-34.75356595010845],[138.70989440040637,-34.75378495301311],[138.71011740799202,-34.753995926770585],[138.710455423579,-34.754417930942736],[138.7108494399498,-34.75481292397723],[138.71107443233927,-34.75496092360771],[138.71170441642573,-34.755504916318785],[138.71184441568732,-34.75557090587256],[138.7120384318282,-34.75562790490386],[138.71254739234837,-34.755817918162336],[138.71305740777325,-34.755926901605164],[138.7133624002546,-34.755959886939195],[138.71358038422738,-34.75597289293461],[138.714542399812,-34.75597287404884],[138.71506537626612,-34.75599187312639],[138.71554735982284,-34.755955854379124],[138.71629337623835,-34.755842856362676],[138.71662233565235,-34.755777847069965],[138.71695132834122,-34.75574784029055],[138.71719334399768,-34.75567084303492],[138.7175693442499,-34.75551581340403],[138.71782329570863,-34.755429824726605],[138.7181632960993,-34.7553738257414],[138.7188623040522,-34.75538679396533],[138.71891331179995,-34.75548680487208],[138.71898828827898,-34.7555428047566],[138.71908531163785,-34.755579804664194],[138.71931430421182,-34.75562080025969],[138.71946729597903,-34.75561480627823],[138.7200062722717,-34.7554617749409],[138.72011728008852,-34.755391788799955],[138.7204382724084,-34.754839785827414],[138.72068924801044,-34.75434378273934],[138.72204815959492,-34.75247874170054],[138.72238617608127,-34.75191874735225],[138.72252617624213,-34.75168773759896],[138.7227861441653,-34.750754726949026],[138.72278611178967,-34.74985671881245],[138.72248009587975,-34.74888772538816],[138.72217507192215,-34.747989735238036],[138.72208806431274,-34.747127727862335],[138.7223050563333,-34.746265720486576],[138.72282601560823,-34.74551173427909],[138.72408697573337,-34.74432568138502],[138.72543395241507,-34.7433556708275],[138.72691187218527,-34.74227765708815],[138.7281718403582,-34.741235607237456],[138.7286498237304,-34.74062460783932],[138.72934480002255,-34.73943959006499],[138.72995276780603,-34.73821757328233],[138.73064271958594,-34.73712257674549],[138.73081871960824,-34.736814569736566],[138.73135967980545,-34.736290557263374],[138.7320986878043,-34.736050538101836],[138.73290966404977,-34.735989544282006],[138.73390265588296,-34.735989525396235],[138.73495263955272,-34.735967510891896],[138.73567763161748,-34.73577747874759],[138.73635859197555,-34.73567748582724],[138.73684358376443,-34.7358394717142],[138.73727158371673,-34.73627947581713],[138.7375646080203,-34.73689247350882],[138.7379566395873,-34.73748846951719],[138.73818761606572,-34.73809045950708],[138.73811561634272,-34.73863646849816],[138.7378256641232,-34.73924946618985],[138.73744867191874,-34.73993546455],[138.73723167989817,-34.74033449104388],[138.73731769555525,-34.74076348744495],[138.73775967996528,-34.7410974677739],[138.738064703923,-34.741409470470614],[138.7388367035511,-34.741575470931195],[138.7389327043809,-34.74177538212814],[138.7390307520676,-34.742051346292556],[138.7390866881002,-34.742236457346564],[138.73954310393117,-34.742115818690024],[138.7396638720901,-34.74209067724291],[138.73996691214336,-34.74203319797368],[138.7401996476957,-34.74198842792356],[138.74062409622513,-34.74191642640193],[138.74076716757077,-34.741895280642666],[138.740991648246,-34.74185842822385],[138.7411214402024,-34.741837985734435],[138.741256896089,-34.74181608184665],[138.7414306559001,-34.741790404403616],[138.74150467190316,-34.74186140677847],[138.7415536642702,-34.74210340534785],[138.74182966440753,-34.74215540864515],[138.7422943683905,-34.74203210619669],[138.74252566412815,-34.741970704984],[138.74278128023195,-34.741903605666835],[138.74293497616827,-34.74186325668393],[138.74317459243355,-34.74179958018641],[138.74332063963584,-34.74176139587166],[138.74360512038004,-34.7415799297699],[138.74378860815784,-34.741466376871756],[138.74413158440518,-34.741443381207034],[138.74422745573258,-34.74150511516888],[138.74436396832255,-34.74159158408429],[138.74452038380878,-34.74168504612794],[138.74468992040352,-34.741815600709344],[138.74476495983504,-34.74187668805865],[138.74510623996105,-34.742131377860744],[138.74539631988432,-34.74235339619224],[138.74565510429966,-34.742552030351874],[138.7457555837533,-34.74262436552203],[138.74600204835588,-34.74274132235411],[138.7461414081995,-34.74280440709765],[138.7462269759942,-34.742843923308385],[138.74636182393908,-34.74290735968685],[138.74645993637705,-34.74295629269869],[138.74656896028932,-34.74300605758344],[138.7466572161577,-34.74302518616338],[138.74686943997278,-34.74307313891421],[138.74725337584266,-34.74315960782957],[138.74755196784906,-34.743225634255566],[138.74763955192384,-34.743246316863974],[138.74782256036292,-34.743239323735736],[138.7479745601779,-34.74323432890111],[138.7481415678791,-34.74319531271345],[138.7486571204298,-34.7433803311373],[138.74918489566642,-34.743447023061606],[138.7495318082464,-34.743468242565314],[138.74971632035192,-34.74347431119048],[138.75005215957958,-34.74349249638158],[138.7502985603304,-34.74541129799297],[138.75128656002676,-34.74532327504909],[138.7517936319706,-34.74908328926233],[138.75615955182195,-34.74870220784055],[138.75563247985508,-34.7448562058492],[138.7587924484128,-34.744633150599384],[138.76117836778747,-34.744468112413415],[138.76232435228712,-34.74314510356362],[138.76250035230953,-34.7431500983983],[138.76265132779656,-34.74321610683779],[138.76300534412144,-34.74344809685215],[138.76314732818673,-34.74347808474579],[138.76331235198347,-34.743418071186966],[138.76359129560183,-34.743197088874524],[138.7637123200676,-34.74322507937387],[138.76395731158073,-34.74310708562348],[138.76423830385465,-34.74295908599299],[138.76459929622058,-34.74306505400898],[138.76489228814864,-34.74315106067286],[138.76489231782625,-34.743151066068776],[138.7659642881215,-34.74346604192425],[138.76665225599686,-34.74275303332581],[138.76652924762675,-34.74185202774885],[138.76617424024903,-34.74181804326804],[138.76632022359945,-34.74074702265693],[138.76639020794175,-34.74023002129837],[138.76693222394306,-34.740277029761046],[138.7670531836576,-34.73994702713355],[138.76716019218918,-34.73974003017821],[138.76725417583964,-34.73955900834153],[138.76737318402525,-34.73933700799648],[138.76751116790615,-34.73916701184805],[138.76766713642928,-34.738982011410656],[138.76767507834222,-34.73892580917868],[138.7677321601111,-34.7385220090834],[138.76813814376044,-34.73800600687167],[138.76826400028347,-34.73795346667907],[138.7685121277326,-34.73784997809395],[138.76872611242027,-34.737390992899975],[138.768921119614,-34.736961977613134],[138.76909007974348,-34.736583986261905],[138.76926108762916,-34.736221959675674],[138.76940207974224,-34.7359149706993],[138.76984303982454,-34.735354975451685],[138.7706260156781,-34.73495994464571],[138.77076601583906,-34.73488594483047],[138.77120700829687,-34.73443593217252],[138.77138499222372,-34.73424793519399],[138.77189097598784,-34.734321935908554],[138.77236198421826,-34.73438291174193],[138.77285097619165,-34.73444792013538],[138.77340899203148,-34.73452591653779],[138.773956959746,-34.73459790007297],[138.7743279678615,-34.734645888796706],[138.77474796834417,-34.73470690240157],[138.77511574429627,-34.73475185681269],[138.77575094355132,-34.73484187805019],[138.77560896038528,-34.73565887525683],[138.7752489923472,-34.736307873709336],[138.77418403226739,-34.73699990292312],[138.77398803222195,-34.73712690518249],[138.77313004841312,-34.73779190617148],[138.7716771199032,-34.73949294414399]]]},"properties":{"School_Name":"Golden Grove High School","ENTITY_CODE":1834,"zoneType":"secondary"}},{"type":"Feature","geometry":{"type":"Polygon","coordinates":[[[138.71028137598478,-34.657005643995205],[138.70982742429624,-34.6575496735785],[138.70792246415044,-34.65953370571589],[138.70678550434764,-34.66081072413556],[138.70650652835366,-34.66118873437256],[138.70461263976154,-34.664558768372444],[138.7040336643222,-34.665659777776455],[138.70387766432282,-34.66592978483163],[138.7031567039188,-34.66717279988478],[138.70246671976338,-34.66828679639849],[138.70241174420664,-34.66838281071807],[138.70235875165508,-34.66847581051019],[138.70178176012018,-34.66948182182858],[138.70169527771498,-34.66962567288647],[138.7003298559382,-34.671896848660595],[138.70013286394055,-34.67222585304063],[138.69923891174642,-34.674362880542446],[138.6991900416872,-34.67445369228403],[138.69909791963335,-34.67462487733616],[138.69905808596195,-34.674688513364174],[138.69894393591403,-34.674870871593384],[138.69859795233367,-34.67541689947029],[138.697911999839,-34.676498908897486],[138.6974380157519,-34.67724691910996],[138.6972890241692,-34.677476911730025],[138.6969050559237,-34.678072925724905],[138.69642247341847,-34.67890204039679],[138.69639875200085,-34.6789427958733],[138.69621708804823,-34.67925492807245],[138.69621446382655,-34.67925890577385],[138.6961920958886,-34.67929292712682],[138.695461119735,-34.68043794755317],[138.69476313610994,-34.68152996553545],[138.69409017612077,-34.68258298531646],[138.6940451839381,-34.68265398859063],[138.69368719980446,-34.68324898545228],[138.69327219235788,-34.683921978716285],[138.69327207724461,-34.6839221657753],[138.6932222080385,-34.68400300853199],[138.69314921636328,-34.68412200052984],[138.69310121594845,-34.68419899778547],[138.69295923188315,-34.684430006639445],[138.69264124779545,-34.684939996883315],[138.6924675158632,-34.68522256656814],[138.69217027194054,-34.68570602591234],[138.69185696252885,-34.68620828018794],[138.69169929608574,-34.68646102925305],[138.6916952707203,-34.68646748009007],[138.69032038357886,-34.688671058322655],[138.68915942356864,-34.690531084741735],[138.68745071977492,-34.693264237754306],[138.68745052282338,-34.693264552517064],[138.68629235161075,-34.69511703182553],[138.68620192927563,-34.69508065784606],[138.6859473303051,-34.694978242152104],[138.68594457568167,-34.694977134187354],[138.68502457642307,-34.694579143712474],[138.6847565757554,-34.69446414830173],[138.68446755163632,-34.69433914343665],[138.68443362201413,-34.69432438646123],[138.68424457642618,-34.69424216684246],[138.6840507545387,-34.69415884825219],[138.6840235842211,-34.694147168756786],[138.68391965766614,-34.6941021666816],[138.68379958378387,-34.69405017327682],[138.68371937414986,-34.69401557186109],[138.68349360024956,-34.69391817618282],[138.68336659709087,-34.693863119687194],[138.68329059178745,-34.693830171225386],[138.68283855475556,-34.69363556872645],[138.68196659188482,-34.69326018630852],[138.68187545638727,-34.69322037422086],[138.68167160885776,-34.6935377242865],[138.68136361623795,-34.69401720682856],[138.6787293760599,-34.69287055773003],[138.67855001617033,-34.69282700895923],[138.67836700773125,-34.69284199436248],[138.67785929636955,-34.69298457377903],[138.67733100761996,-34.69310199286264],[138.67719001640614,-34.69316500386179],[138.67708800001128,-34.693260001947465],[138.6756249918999,-34.6952799979735],[138.67563162619865,-34.6953834604783],[138.67563174400982,-34.69538529959186],[138.67553776035936,-34.69551529929157],[138.67471427184626,-34.69511392376853],[138.6745593924021,-34.69533103989551],[138.6743715842813,-34.69559422019705],[138.67433888043502,-34.69564006313834],[138.6742747021159,-34.69561205375322],[138.67328172017528,-34.69517868484837],[138.6732717763714,-34.695174344720215],[138.67256125889503,-34.69487509171205],[138.6720642890358,-34.694665779002435],[138.67205379214886,-34.694661357935274],[138.6719343082218,-34.694647777273076],[138.67193088899944,-34.69464738876593],[138.6719217923569,-34.69464635454557],[138.67188278426318,-34.694534355675955],[138.67158777605505,-34.694392349127554],[138.67075627548184,-34.693975636566336],[138.67074579208474,-34.693970382726945],[138.6709697916226,-34.69362138012258],[138.66971478411006,-34.69304837977887],[138.66935878388085,-34.69270539004168],[138.66833561979308,-34.69187964962606],[138.66819280025754,-34.691764387116734],[138.66808139314185,-34.69167147096158],[138.66777410828854,-34.691415185762196],[138.66655075241533,-34.690394869827344],[138.66634663149193,-34.69024382599173],[138.6660507842164,-34.690024906724034],[138.66579959907233,-34.689857747037365],[138.66578819207143,-34.68985015585997],[138.66571734438003,-34.6898136919483],[138.66569882823842,-34.68980568888139],[138.6644038422636,-34.68924597692023],[138.66417024875807,-34.689145014530766],[138.6620680007377,-34.6882363925954],[138.66182070426214,-34.6881295072709],[138.6617628265932,-34.68810474263972],[138.66172601644257,-34.68808899281271],[138.66172407750423,-34.68809205680293],[138.66031788766043,-34.69031452439572],[138.66026489600824,-34.69039052160525],[138.66023388828341,-34.69043451464108],[138.66016988802994,-34.690536523841445],[138.65969479148146,-34.691276137084],[138.65836998398765,-34.69333855233231],[138.65835897628574,-34.69335455486879],[138.65835315227628,-34.69336362003497],[138.65699705556972,-34.6954765789809],[138.65591910388355,-34.69715362214191],[138.65578112000276,-34.69737961817481],[138.65577411158608,-34.69739060789021],[138.6557706231158,-34.69739623854554],[138.6549141438727,-34.6987786251334],[138.653917215707,-34.70043265464324],[138.65379321628393,-34.700585650007724],[138.65324524767016,-34.701447657383426],[138.6520223036864,-34.70353469786795],[138.65009740826883,-34.70657972407497],[138.6499862268829,-34.7065326661496],[138.64508643169358,-34.704458791739796],[138.64470088154053,-34.70432281424644],[138.6430039210942,-34.70372432261934],[138.64269344005027,-34.70361482116704],[138.64135307968093,-34.70302400705225],[138.63873244804415,-34.70186886565557],[138.63870906567092,-34.70190236989839],[138.63865782409937,-34.70197579594617],[138.63385138663227,-34.69982019294753],[138.63364348765685,-34.69972695393574],[138.63329136800235,-34.69958365506159],[138.63169248042368,-34.69893297127953],[138.6316124803318,-34.69890098419302],[138.63150550417572,-34.69886198689113],[138.6312674878044,-34.69877697937403],[138.63114048014916,-34.69872998889781],[138.6307095043402,-34.6985479859008],[138.6301235195848,-34.69830200962997],[138.62819452775534,-34.69748501332265],[138.62779052801056,-34.697315016274956],[138.6273835200335,-34.697143040718686],[138.62743732287424,-34.69706011962876],[138.627489151703,-34.69698024094532],[138.62734351998756,-34.696918043832625],[138.62617251185202,-34.696411051029145],[138.62168656038648,-34.69447312083781],[138.61984556811854,-34.69367813813551],[138.61610159960924,-34.69213718128583],[138.61496265590188,-34.693920211348654],[138.61316572771625,-34.69677124569637],[138.61175580838392,-34.69900428841714],[138.61027887966668,-34.70134230000707],[138.60990687959884,-34.70193729686872],[138.60984886433369,-34.702028317252996],[138.6078799677864,-34.70512234931692],[138.6059120640906,-34.708214383986615],[138.6044021761196,-34.71058741607635],[138.60435193639285,-34.71066942615306],[138.60432415633477,-34.71071487249333],[138.60409216002517,-34.71109440887983],[138.6021552640542,-34.714203444333464],[138.6019752638474,-34.71448146254943],[138.60000534387154,-34.717559510962644],[138.59857145580816,-34.71980252536622],[138.59834745627018,-34.720263526840256],[138.59812444778515,-34.720719514593895],[138.59795248032276,-34.72118153320116],[138.59752550379903,-34.72249353524842],[138.59698953573854,-34.72347155606741],[138.59647310005357,-34.7241000176017],[138.5963485763258,-34.72425155336646],[138.59627657570343,-34.72433356344317],[138.59606358386736,-34.72457757829255],[138.5940779842117,-34.726840942555384],[138.59404183236472,-34.72681932645071],[138.59034966390595,-34.72461165540352],[138.58891366423427,-34.72373867719813],[138.57743667186503,-34.7167228114086],[138.5771947155638,-34.7165861738128],[138.5771868797707,-34.71658174914836],[138.57734371164304,-34.717051815788636],[138.57746395909453,-34.717412648974516],[138.57772953608924,-34.718209582306315],[138.5777239989634,-34.71821087193416],[138.57752672008212,-34.71825681290153],[138.57119683196834,-34.71972793289774],[138.56572396808667,-34.72099899420817],[138.5655069760661,-34.72103900954261],[138.55376957060923,-34.72378108382992],[138.55349520004347,-34.723845182109415],[138.55326787930926,-34.72389730501658],[138.5480330237051,-34.72509761306435],[138.54115644761202,-34.726671371786324],[138.54100943993376,-34.726705374253584],[138.54080643237103,-34.726752364729805],[138.54085343993438,-34.72692737459863],[138.5385235204442,-34.727475418755546],[138.53768051214604,-34.72767442343587],[138.52507676817834,-34.73059061456519],[138.5225724989217,-34.73116662943636],[138.5173289279877,-34.732372720124886],[138.5172399355746,-34.73227674177815],[138.5172191549401,-34.73224447050586],[138.5171459204479,-34.73213074044128],[138.51706691230822,-34.73185873419317],[138.51710892773485,-34.73156173578542],[138.5170799362901,-34.731416750682456],[138.51697391971072,-34.73133374145897],[138.51667292831303,-34.73115573414975],[138.5164599355776,-34.73098973368923],[138.51640691244916,-34.730943743259104],[138.5162049283149,-34.730731751469136],[138.51606988791502,-34.73053074939452],[138.51599487995986,-34.730465740101806],[138.51589388789273,-34.730193734753016],[138.51586489644785,-34.73008475131019],[138.51581788798524,-34.729822735630705],[138.51571190378138,-34.72970274448602],[138.51556988823984,-34.72970076507818],[138.51544687986973,-34.72980575283316],[138.51526489575838,-34.73004575310898],[138.51518691194644,-34.73010776496136],[138.51495593636741,-34.73014776230934],[138.51469891192528,-34.73034075412244],[138.5143939203432,-34.730325787604954],[138.51399292793133,-34.73020877501489],[138.51385292777047,-34.73014278546111],[138.5131739198406,-34.729858792149514],[138.5124319359851,-34.72948279819252],[138.51193356228418,-34.72932663541587],[138.51168599870994,-34.729185003884766],[138.5116837629953,-34.729183836564744],[138.51165494422037,-34.72916082381295],[138.51146595169234,-34.728940821761455],[138.51126393608183,-34.72875582222338],[138.51118892812656,-34.72870082148569],[138.51081296024995,-34.72850381509892],[138.51049491231038,-34.72816282275602],[138.51002592036002,-34.72778383225801],[138.50991891182844,-34.727718841851015],[138.5097029117601,-34.72765083511791],[138.50964892815557,-34.72761383521026],[138.50906895986463,-34.72728684800961],[138.50880291162514,-34.727055857142034],[138.50873795179507,-34.727054857995256],[138.5086279683062,-34.72707086053174],[138.50853121294517,-34.72710100940401],[138.50832299920717,-34.727003003086054],[138.5077999903773,-34.72678100274106],[138.50755598811838,-34.72669100038934],[138.50755528754655,-34.726690737787294],[138.50755894419,-34.726687873446565],[138.50761596840232,-34.72660787964986],[138.50765894430492,-34.726608878796696],[138.50777894444275,-34.726629876167806],[138.50787494437327,-34.72668585716656],[138.50811094356527,-34.72683485594382],[138.50815494379572,-34.726843847365615],[138.5082309437031,-34.72685485416815],[138.5082759682614,-34.72680185172402],[138.50828694358768,-34.7267838517933],[138.50826694356465,-34.726738859610634],[138.50817193558646,-34.7266098590577],[138.50794793604848,-34.72645284911965],[138.50788291236654,-34.72642386037279],[138.50731996824197,-34.72627787612305],[138.50720096005637,-34.72622087799107],[138.5071179517322,-34.726101867107445],[138.50709996798923,-34.72595786316481],[138.50691894435386,-34.72580087211253],[138.5068319682208,-34.72581687464901],[138.50654096019719,-34.726017877622894],[138.50640995235744,-34.72603289989837],[138.5062129603599,-34.72602888532475],[138.50519395203935,-34.7258008909983],[138.50495596804353,-34.72573290315091],[138.50460095976655,-34.72554590531922],[138.50424399996075,-34.725438901284235],[138.50416800005326,-34.725418903059904],[138.50399699216757,-34.72528990250697],[138.50360198384453,-34.72536292206115],[138.5034169924004,-34.725331934121414],[138.50264998400962,-34.72507293476809],[138.50212198394252,-34.72483694816657],[138.5018649918759,-34.72465994090351],[138.50135398359953,-34.72433595024387],[138.50102099162552,-34.72414495582501],[138.50032198367262,-34.72379697125319],[138.499782016327,-34.723605976834335],[138.49976102435187,-34.72357798633493],[138.49971001570475,-34.723459974598086],[138.49967497631917,-34.72316197704356],[138.49962297571983,-34.7230979857834],[138.49954697581234,-34.723068977251444],[138.49943798427557,-34.72308497978793],[138.49940499174704,-34.723092990948714],[138.49927001609842,-34.72321697778125],[138.4992570235928,-34.72326098880353],[138.4991780163524,-34.72372900229158],[138.4991327651651,-34.723787565243924],[138.49896498224814,-34.72382599777154],[138.49841901642458,-34.72397899313597],[138.4976299953281,-34.72366299385203],[138.49746198488276,-34.72323799403813],[138.4973500039996,-34.723125994269196],[138.49692298970433,-34.722987004046956],[138.49686301661495,-34.7229380251697],[138.49699903997373,-34.7228450352701],[138.49700006430157,-34.722828033586836],[138.49698204818299,-34.72268303049742],[138.4969080636563,-34.722618040090424],[138.49679004832217,-34.72255303079771],[138.49659504022895,-34.72249403437212],[138.49592204786427,-34.722346052728085],[138.4956100478655,-34.72219505565727],[138.49531606398523,-34.72215306091499],[138.49503504023494,-34.722084074820145],[138.49492195678295,-34.72202349468847],[138.49492001604597,-34.72202200720983],[138.49463199377158,-34.72180500169941],[138.4942860110906,-34.72161800386772],[138.4940559878936,-34.72151599466736],[138.4938649826829,-34.72145999568221],[138.49327098227013,-34.72140199840345],[138.4928620002812,-34.720773997322055],[138.49280301644615,-34.72034600006782],[138.4928219957386,-34.72016199787788],[138.49275998298685,-34.71990100113027],[138.4927634004107,-34.71982376915156],[138.49298806364823,-34.71970710190118],[138.49312006433956,-34.719701089933324],[138.4932930561297,-34.71974008723521],[138.49336006371607,-34.719715094176195],[138.49341804840424,-34.71958109878864],[138.49352902384544,-34.71915008520824],[138.49361900821077,-34.718986101927044],[138.4934750078654,-34.718788096393496],[138.493232031733,-34.71852210301262],[138.4924000320359,-34.717856121762566],[138.49163801578186,-34.71708313557821],[138.49135001599052,-34.716875122388956],[138.49121305643746,-34.71738912630707],[138.49117705567664,-34.717506138897136],[138.49109606363254,-34.71765813421547],[138.4910609181269,-34.717667006926774],[138.49100699657572,-34.71759900828755],[138.490725982718,-34.717348001209245],[138.4906793483733,-34.71730312324053],[138.49058806358835,-34.717142150889515],[138.4904080642808,-34.71694014966812],[138.49027103997662,-34.71679314828515],[138.48986304004734,-34.71619014116203],[138.48981004839504,-34.716134141277564],[138.4895790404404,-34.71585014796591],[138.48949305625956,-34.71577616613712],[138.48929004779757,-34.71563717591488],[138.48923606419305,-34.71560916742908],[138.48893305561614,-34.715521162471646],[138.48886266567956,-34.715485625761005],[138.4884142951836,-34.715103805995795],[138.48811606380536,-34.714748195173],[138.48788204761843,-34.7145441776716],[138.48749606399224,-34.71430217910222],[138.48742105603696,-34.71426418004785],[138.4872608337206,-34.71420433196431],[138.48725899460703,-34.7142030009677],[138.4871509914252,-34.71412800200562],[138.486891001019,-34.713952991237534],[138.4868194536549,-34.71390112103984],[138.48680006427162,-34.71386421016513],[138.48686304019725,-34.71358621083493],[138.4868530559238,-34.7135502091748],[138.48681206392564,-34.71346819909809],[138.48644703989908,-34.71327121069777],[138.48610704040766,-34.71297522942325],[138.48599804797163,-34.712973231129695],[138.4859860483175,-34.712991231959734],[138.48592704020086,-34.71312522734735],[138.48581606386028,-34.71320322374976],[138.48577305558206,-34.71319423232791],[138.485630365549,-34.71313381587288],[138.48545801137823,-34.71291699112618],[138.48519700024144,-34.71248799472511],[138.4850880114027,-34.71195199518837],[138.48505001414685,-34.71186099279055],[138.48486191104837,-34.71160546392099],[138.4848170240865,-34.710866248178775],[138.48476803171934,-34.710685244328545],[138.48451001622436,-34.71018424550647],[138.48442403204353,-34.70978523789836],[138.48432003174412,-34.7096122443096],[138.48416102441183,-34.70946424377979],[138.48395801594972,-34.70932525355755],[138.48365603170055,-34.70919225731677],[138.48360201572052,-34.7091732573399],[138.48357795435913,-34.709172857141596],[138.48341401064818,-34.70889200156455],[138.48324100087154,-34.70857400578569],[138.4831699679197,-34.70846086207905],[138.4831660162987,-34.708425265113874],[138.48307299222483,-34.708234252708564],[138.48292697559953,-34.708023260065374],[138.4828209904964,-34.70791790358834],[138.48280701593114,-34.707894001407],[138.48277910816932,-34.70787626947424],[138.4824179836031,-34.70751728529444],[138.48238697587828,-34.707462284556755],[138.4822769923893,-34.70715427844715],[138.4822459837652,-34.70709927770946],[138.48221398408816,-34.70707128721011],[138.4817319996322,-34.70674629830296],[138.48160400002462,-34.7066442891026],[138.48132899183952,-34.70636830605241],[138.48130799986438,-34.70633130614482],[138.48114697625203,-34.70587729779902],[138.48100099200224,-34.70565829489436],[138.48087299239478,-34.70557430451049],[138.48078697583833,-34.70552729604782],[138.48001200035355,-34.705168321760596],[138.47965600012435,-34.70502631611157],[138.47959097644252,-34.70500631788724],[138.47941702417643,-34.70497632909428],[138.47900201583047,-34.704985338502524],[138.47873100782977,-34.70492634207699],[138.47830403220541,-34.704962361723574],[138.47830086569252,-34.704961841915406],[138.47827200105212,-34.70495399982718],[138.4782279819359,-34.70494900499256],[138.4782158437862,-34.70494789432979],[138.47805401617995,-34.70492134724236],[138.47739804798164,-34.70460936343136],[138.47710105586907,-34.70430637014283],[138.4769840639634,-34.70422237975896],[138.47682304035106,-34.70414736281049],[138.4763370557106,-34.7039563872774],[138.47624006382796,-34.70391039594796],[138.47612304044605,-34.70383539698594],[138.47604905591925,-34.7037433963406],[138.47598703957033,-34.70361639408128],[138.47595804812545,-34.703498382344435],[138.47601203172997,-34.703148380593234],[138.47615302384304,-34.70282638822721],[138.47654300765373,-34.70220336399399],[138.47655600015935,-34.702149362403134],[138.47653798404076,-34.702013368721964],[138.47648499238858,-34.701976368814314],[138.4762780161176,-34.7019363903521],[138.47608502430444,-34.701851382835],[138.47600803244484,-34.70184938544077],[138.47597500843995,-34.70185839484901],[138.47593001625728,-34.70189339646305],[138.47584902421318,-34.70207138488644],[138.4757590083716,-34.70215139756891],[138.4756710079107,-34.70217639062787],[138.47564902398335,-34.70217539238041],[138.4756055453597,-34.70211880074203],[138.47584398441245,-34.7016930041288],[138.47603400306684,-34.70139700486783],[138.47611598166725,-34.70114799518376],[138.4761040098922,-34.70111800639086],[138.47607200032257,-34.70096299474636],[138.47598100511937,-34.7007100073609],[138.47585099192975,-34.700469007938295],[138.47575401173833,-34.700180000006924],[138.47563399990918,-34.699787005266046],[138.47569699921723,-34.69950900503653],[138.47568699785677,-34.69945500434494],[138.47566142653363,-34.69941516707627],[138.47568195176075,-34.69930038120759],[138.47595217914977,-34.69856543274847],[138.47621747915343,-34.69885656218054],[138.47641808912363,-34.698815591766106],[138.4764381503005,-34.698811494454844],[138.4766148526934,-34.69877540556047],[138.4770315382749,-34.69869030541321],[138.47830658538066,-34.698550328634724],[138.4791005248694,-34.698463169939316],[138.48009832178025,-34.6983536298161],[138.48067898254908,-34.698289884970166],[138.48070753242678,-34.69703763118167],[138.4814068938132,-34.69668933544443],[138.48220697926877,-34.6962908773221],[138.4835501014561,-34.6956219768727],[138.48527431315904,-34.69476328529731],[138.4876267921428,-34.693591705193],[138.48904416775417,-34.692885824621044],[138.49197325426235,-34.69138675459499],[138.4957915868124,-34.68943257994954],[138.49782902968605,-34.68838984211749],[138.49936257072613,-34.68760499477463],[138.4998613626119,-34.68734971951392],[138.49978051985522,-34.68727249023317],[138.4999681517089,-34.68717793101666],[138.500327991144,-34.686996585424026],[138.50071556836883,-34.68680125987021],[138.50083991133295,-34.68673859600938],[138.50197315243906,-34.68658516357442],[138.5028936840963,-34.686460531028615],[138.503648508472,-34.68635832667542],[138.50568613121004,-34.686082362511],[138.50759006882663,-34.685824465726455],[138.50928838724928,-34.685594420046414],[138.51187442196704,-34.68524413051216],[138.51347246238424,-34.68502766819228],[138.51374551004733,-34.6849906826738],[138.51377358868024,-34.68501911024367],[138.51423496786958,-34.68531484060736],[138.52013762764943,-34.681510036558905],[138.52122690359874,-34.68080933068603],[138.5251588591941,-34.679900733032355],[138.53004344864632,-34.69363890251327],[138.5319620047428,-34.70009719852686],[138.5319842458763,-34.70009203102239],[138.56653688596862,-34.69206407359809],[138.56654071797982,-34.69206871140187],[138.57027615372158,-34.69659041271734],[138.57038001012938,-34.69673840605253],[138.57046350138955,-34.69684945703676],[138.57139678183603,-34.69892905743001],[138.5719776125768,-34.700603644542525],[138.57259580924926,-34.70237595198853],[138.5729581056321,-34.70343774915278],[138.5730665800587,-34.703769507256936],[138.57318863155012,-34.70406639055142],[138.57356460482276,-34.70422841600856],[138.57427440194215,-34.70453430151673],[138.57427780048022,-34.70452551154307],[138.5743083900203,-34.70444640627659],[138.57451129506023,-34.703921673446416],[138.57457579443746,-34.703815125367726],[138.57481334316128,-34.70304094038704],[138.57524519670858,-34.70235915984733],[138.57582379353335,-34.70144571125053],[138.57639992081977,-34.700536131537206],[138.57699859590855,-34.69977380052046],[138.57747050436035,-34.69917289871029],[138.57758433964557,-34.69893556852162],[138.57835813611916,-34.69821620171632],[138.5788301093221,-34.69779415887331],[138.57926120294223,-34.69743833041457],[138.57988735231947,-34.69695922019184],[138.58063709642488,-34.69644959687133],[138.5814671463918,-34.69597183653099],[138.58226752682492,-34.69551188726376],[138.58252480397664,-34.6953641987987],[138.5847265430956,-34.694283950244085],[138.5859445228216,-34.693649357132074],[138.58643629190146,-34.6933859349129],[138.58706348539158,-34.69309807631515],[138.58788342428068,-34.692574728440945],[138.58799467041774,-34.69250370718032],[138.5881175420909,-34.69242526471413],[138.5887137818156,-34.69212562679621],[138.58893478751054,-34.692016890666935],[138.58906632145363,-34.69195256665756],[138.58925047742764,-34.691978871827416],[138.58926889374447,-34.69198150234439],[138.58929105483833,-34.691984667058705],[138.5893337591457,-34.691956779082034],[138.5893380291268,-34.69195399028439],[138.58950556203217,-34.69184458236157],[138.59037826144765,-34.69127465859856],[138.59125382160664,-34.690702866943695],[138.59213292059792,-34.690128764031215],[138.59359517507733,-34.689203168291556],[138.59420798121346,-34.68883311165871],[138.59460133028722,-34.688612544833006],[138.59514893737366,-34.688270449921276],[138.59709513952907,-34.68705464025942],[138.59925812506253,-34.68586946780164],[138.6012159005934,-34.684576509798035],[138.60174834600946,-34.684268733015585],[138.60312181941651,-34.683474804318735],[138.60392894026847,-34.68301927971595],[138.60458582937258,-34.682662268648755],[138.60613272984165,-34.68187396970791],[138.60848046130434,-34.68097521063743],[138.6090547998392,-34.680756559367694],[138.61051095781454,-34.68032829411544],[138.61189800648788,-34.67999345043734],[138.61323750530664,-34.679733550862636],[138.6143710692695,-34.679561776754554],[138.61547947020142,-34.67953407493758],[138.61632573584404,-34.67948051941039],[138.6169720866925,-34.67943961644511],[138.61720928737873,-34.679424604961525],[138.61722587897123,-34.679425060917765],[138.61849268109245,-34.67945986108367],[138.61873829043986,-34.67946660779768],[138.61990524892815,-34.6796414467953],[138.62004609535109,-34.679658984474486],[138.62300432888674,-34.68002733239541],[138.6258280715084,-34.680378933141185],[138.627362655762,-34.6805756067788],[138.63054350477898,-34.681103904521535],[138.6335357677615,-34.681787570040285],[138.63621994099753,-34.68294498042644],[138.63637889976644,-34.6830135222562],[138.63638679851204,-34.683006668522864],[138.63678452368686,-34.68266153749994],[138.63692684679665,-34.68253803450267],[138.63699872960774,-34.68242422529772],[138.6370209779359,-34.68242667325234],[138.63720490098547,-34.68244690799838],[138.63750650032478,-34.68248008938457],[138.63786446467338,-34.68251947249564],[138.6381153458466,-34.682545827128195],[138.63836987736806,-34.68255908403444],[138.63855162315895,-34.68256731103253],[138.63863774853337,-34.68257120959362],[138.6388038856909,-34.6825787306239],[138.63888970169842,-34.68257973606592],[138.63911087736517,-34.68258232881141],[138.6393473316141,-34.68258510142124],[138.63953372330275,-34.68258728587449],[138.6395639863889,-34.68258485140973],[138.63956701260759,-34.68258460769346],[138.64012556714124,-34.682539671268785],[138.6406243806107,-34.682499541720404],[138.64123959333267,-34.68240311191403],[138.64162715796704,-34.682342364508486],[138.64199019269336,-34.68226261892465],[138.6426275116504,-34.68211234850605],[138.64299932915583,-34.68200438309577],[138.64353102633584,-34.68183482491719],[138.644034172739,-34.68165502256119],[138.6443498536629,-34.68153057167848],[138.64458290127993,-34.681438696938244],[138.6448134289966,-34.681271125362116],[138.64491699582277,-34.681180570826655],[138.6452870497576,-34.681018581342414],[138.64541849466787,-34.6810756181452],[138.65049161619515,-34.68327697595163],[138.6504966586939,-34.68326880021493],[138.66941618400972,-34.6525891049032],[138.66943539262934,-34.65259657017555],[138.6809461068774,-34.65707022790866],[138.68095032379847,-34.65706261874482],[138.68335997718123,-34.65271466824731],[138.68363792435082,-34.65221314332189],[138.68430304944627,-34.65099323275143],[138.68496354033516,-34.649752415641444],[138.68562521203398,-34.64850942936664],[138.68744755146338,-34.64508593876502],[138.68915884710316,-34.641848923488965],[138.69264854399512,-34.635521492322994],[138.6930911480381,-34.63471719534226],[138.6947132884875,-34.63171589417311],[138.69481562683973,-34.631651464943104],[138.6948882479943,-34.63160574520896],[138.69492662206596,-34.63158158582149],[138.6949364750384,-34.63159036320468],[138.70059129964886,-34.636628110798654],[138.7038913681921,-34.639568062915714],[138.7068019196729,-34.64216100352746],[138.71181723637642,-34.6450246014042],[138.71748899162378,-34.648263006132765],[138.71747732292022,-34.64827599863838],[138.7170780796897,-34.64872052992848],[138.71640511970054,-34.64952154258509],[138.7148421762255,-34.651581573730596],[138.7144052163277,-34.65209957333661],[138.71130134388193,-34.65579463401508],[138.7105073918027,-34.6567346557797],[138.71033637132655,-34.656939705702825],[138.71028137598478,-34.657005643995205]]]},"properties":{"School_Name":"Mark Oliphant College","ENTITY_CODE":1900,"zoneType":"secondary"}},{"type":"Feature","geometry":{"type":"Polygon","coordinates":[[[138.57757500828006,-34.789280995421564],[138.5930916797373,-34.79879080984796],[138.59655900779205,-34.80051900554764],[138.59812198364273,-34.81977056775747],[138.6013540157753,-34.81602700034574],[138.6013541120027,-34.816027056103735],[138.6013543997858,-34.81602674134098],[138.61676838395385,-34.8253705732933],[138.61736086361304,-34.824716728394264],[138.61979529601615,-34.824645521873265],[138.61981830427135,-34.824491527362056],[138.622217247628,-34.824490491343056],[138.62304524803983,-34.824490491343056],[138.62402124808216,-34.824462463971486],[138.62530521556334,-34.82442344778383],[138.6255412156546,-34.82453644580028],[138.6266502083405,-34.82528443712704],[138.62700620767043,-34.8255224211228],[138.626413216297,-34.8261814470161],[138.62581724816755,-34.82684345056475],[138.62568723228003,-34.82698845365417],[138.62508428810952,-34.82765846836361],[138.62334732761713,-34.82958750066257],[138.62303433566615,-34.8299335058266],[138.622512384439,-34.83050650617025],[138.6222243837484,-34.83084551910537],[138.62223040021286,-34.83144251426057],[138.62223139216508,-34.83155852770386],[138.62223539234958,-34.83193352251402],[138.62188540768545,-34.83236251891509],[138.62260240028058,-34.8327445257392],[138.6230544004403,-34.8329855251618],[138.62421039979017,-34.833586497119086],[138.62455539231757,-34.83377850867117],[138.62460739201754,-34.833862499055044],[138.62554240006182,-34.83444349167377],[138.62633939184957,-34.83493747848178],[138.62656137600675,-34.83463546635363],[138.62410272036436,-34.83801097632545],[138.62406748762453,-34.83805951993088],[138.62406646419606,-34.83806064858004],[138.6238064962729,-34.83835951577896],[138.6239205123219,-34.83836652779297],[138.62394451162993,-34.838331525279614],[138.62429251238962,-34.83836852518726],[138.62473350394816,-34.8384565301447],[138.6251245120866,-34.83857050842221],[138.62554509083338,-34.838725273652415],[138.62557699158492,-34.83873700890581],[138.62592201558857,-34.838905006760626],[138.6262544643721,-34.839096500303185],[138.62661955225065,-34.839380401884],[138.62704811248045,-34.83987492558731],[138.62717529640292,-34.840021685052704],[138.62739851802723,-34.84027915645788],[138.62740486364362,-34.84028647603998],[138.62748477290404,-34.84035388922058],[138.62769097575801,-34.840527845083955],[138.62824947183572,-34.84092148823606],[138.627404384305,-34.842078681885596],[138.63026899212036,-34.84274499678412],[138.63241299206595,-34.84433899384942],[138.636907264059,-34.844162670071114],[138.63945590406684,-34.8429234474591],[138.64322841615854,-34.8432041483527],[138.6432494108317,-34.843203407311364],[138.64392364785817,-34.8431795986595],[138.64393878434748,-34.84379078331796],[138.64517686392117,-34.84393328809074],[138.6465519363229,-34.8427950575458],[138.64693632005515,-34.84229045154308],[138.6461892163593,-34.8415452526113],[138.6461892136614,-34.84154519775262],[138.64616000008402,-34.84112400836625],[138.64616028786702,-34.84112399307776],[138.6465159355621,-34.84110720992976],[138.64662121559672,-34.841545234624846],[138.64928323223546,-34.84478621231381],[138.64974924832916,-34.84587821230963],[138.64945523207336,-34.84610320919569],[138.64831619213862,-34.84613952471926],[138.63532950425326,-34.846843412393525],[138.63619871969524,-34.859086453576936],[138.644688576117,-34.85863533115554],[138.6450865602966,-34.85913131625722],[138.64582156811093,-34.85908031120738],[138.64600100444284,-34.86145583981511],[138.6462146563814,-34.86428434344765],[138.6449740371222,-34.865229995867594],[138.64456275646614,-34.86554349233825],[138.63285903511644,-34.874464569184454],[138.63285206357193,-34.87445055594833],[138.63119312016647,-34.875721579487276],[138.63011913628918,-34.87653959382715],[138.63004214442947,-34.87659259627128],[138.6289761600218,-34.87741762262516],[138.62893417607143,-34.877443614830895],[138.62785119987302,-34.878274635166235],[138.62699024020753,-34.87893164388021],[138.62648086689853,-34.879326281682495],[138.62607614230024,-34.87963478062056],[138.62500428801752,-34.88044666428209],[138.6244413124167,-34.880874680422096],[138.62404793366522,-34.88118076827777],[138.62053299190416,-34.88386000693373],[138.61997401558847,-34.88429000248158],[138.61997401558847,-34.88414899508001],[138.61985699220645,-34.88415400880041],[138.6107150076915,-34.88461499228799],[138.61044720127734,-34.88057851388726],[138.6103820157175,-34.87959599735734],[138.6110550080822,-34.8795629931376],[138.61104601576108,-34.87944899687369],[138.61113001603746,-34.879445000286466],[138.6110780163375,-34.878737005408425],[138.60291999985816,-34.87913899157115],[138.60295075307488,-34.87956473062775],[138.60295200043458,-34.87958199311447],[138.60294417183616,-34.879582643324284],[138.60241001590953,-34.87962700328353],[138.60236928021823,-34.878979226110346],[138.60231404835474,-34.87824906833981],[138.60226121588244,-34.877602308299856],[138.60221561575815,-34.87702512610866],[138.60219874897314,-34.87682176691095],[138.60216905605716,-34.8764637620929],[138.60212572672094,-34.875852163746345],[138.60205833602345,-34.874900938227654],[138.60203552022313,-34.87459380086318],[138.60178226304106,-34.871047654425695],[138.60177299193015,-34.87091783279169],[138.60171199990896,-34.86993500149907],[138.60170802130824,-34.86986508100864],[138.6017060221153,-34.86986517543744],[138.6010754246912,-34.86989507160024],[138.60107415394907,-34.86989513185483],[138.60107712261117,-34.869920544897184],[138.60108259228787,-34.869967376193415],[138.60107890506742,-34.869967557856455],[138.59982710363795,-34.87002924055696],[138.59916867219658,-34.87006209638861],[138.59900115188168,-34.87007003290563],[138.59883836829613,-34.870078025180646],[138.5986950811132,-34.87008497963808],[138.59863673579673,-34.870087811603184],[138.59849299175823,-34.870094934233805],[138.59849148809178,-34.87007500975386],[138.59785091179026,-34.87010272236273],[138.59785433640855,-34.87015381914341],[138.59285948827483,-34.87038564278316],[138.59285967983044,-34.870350751785736],[138.58522517040535,-34.87070898143429],[138.58522501122536,-34.870708988628905],[138.58520231233695,-34.87041671885646],[138.58503699626044,-34.870423862171435],[138.58502934392914,-34.87034300772359],[138.58420173742036,-34.870381939374965],[138.58382224959723,-34.87039934125653],[138.583822346724,-34.87040105356573],[138.5838321547302,-34.870574578653816],[138.58384731370268,-34.87077457978296],[138.58266563241307,-34.870832788402424],[138.58078226588896,-34.87093004648443],[138.58077878371398,-34.87093022724815],[138.58026705867792,-34.86858819658795],[138.57963233966086,-34.865683255977444],[138.57914294748912,-34.863443435066415],[138.5784616318989,-34.860325231923866],[138.5783326079636,-34.859511213271844],[138.57832323163188,-34.859426453068295],[138.5782115843972,-34.858417197895335],[138.5781365440663,-34.857253214364334],[138.5781329728585,-34.85712990112398],[138.578130564474,-34.85704673901574],[138.57812556784074,-34.856874204980556],[138.57815856036927,-34.85576620334757],[138.57818451210562,-34.855253197676916],[138.57833248025986,-34.853922178565654],[138.57840620668117,-34.85342507111011],[138.5784684802362,-34.85300518933798],[138.57868745616122,-34.85190018424606],[138.57945039961635,-34.84908916433341],[138.5733024956138,-34.84933625036763],[138.569061568037,-34.84975129828376],[138.5690275520799,-34.84974929999015],[138.56706457576956,-34.84966834391889],[138.56461561571814,-34.84974735745453],[138.56000470435367,-34.84995742469533],[138.55836175988736,-34.85003444083674],[138.55724575968418,-34.85008646212049],[138.5561610882637,-34.85013691228863],[138.5561487675517,-34.85013748515678],[138.55545577606324,-34.850169490229746],[138.55510876815515,-34.85018547477978],[138.5526127996411,-34.85030252424207],[138.55231385599973,-34.85031652848494],[138.55121884777168,-34.85036753263546],[138.54894588774255,-34.85047357529521],[138.54670489591433,-34.850578617908866],[138.54666592019612,-34.84995659282248],[138.54449289643014,-34.847467639919614],[138.54435891183437,-34.84747363390102],[138.54431990374064,-34.84742964086519],[138.5432078722456,-34.846153639578745],[138.5414798716988,-34.84418364855651],[138.53987788775441,-34.84235766237617],[138.53928787223754,-34.84163066752126],[138.53903286407547,-34.84140766892875],[138.53893286396055,-34.84129666830654],[138.53821583988918,-34.84049968821],[138.53753584000708,-34.83974368572245],[138.5355736955696,-34.83746065688376],[138.53480284797308,-34.83656372073909],[138.5332527998769,-34.83475973017738],[138.53017180798258,-34.83117376445762],[138.52759676837627,-34.828177781879106],[138.52601500838603,-34.82632600584043],[138.52278000039678,-34.821314004937335],[138.52525801574484,-34.8167960088287],[138.52523452815103,-34.81393598215982],[138.52524320031353,-34.81316662294125],[138.52530899201645,-34.812522008683686],[138.52531308842833,-34.8125219349393],[138.52542252782746,-34.812519752284686],[138.5254671998515,-34.81256294942051],[138.52549753578273,-34.812584760678135],[138.52552652812687,-34.812693763006735],[138.52551606361556,-34.812754738840056],[138.52547852771193,-34.813197758369824],[138.52550953633613,-34.81326076936898],[138.52577952000888,-34.81338375705468],[138.52587651189162,-34.813412765586634],[138.52730953570654,-34.81375773473161],[138.52777750422854,-34.813829737152616],[138.52828748817706,-34.813957719673],[138.52833590407874,-34.81396127199508],[138.52866847966663,-34.813992722186356],[138.52882150380947,-34.813986728204895],[138.528854496338,-34.81397771879665],[138.52914464011315,-34.81381795243652],[138.52930950383063,-34.81375272191053],[138.52938649569023,-34.813754719304825],[138.52950806424587,-34.813792329852106],[138.52977644802468,-34.813870714761606],[138.53001644830056,-34.81389371042633],[138.53006947232836,-34.81393071033398],[138.53015347170538,-34.81405871174013],[138.53020745620915,-34.814077710817685],[138.53028345611665,-34.81407970911124],[138.5303592320929,-34.81405273574512],[138.53041644786083,-34.81402770581394],[138.530613472234,-34.81402271007994],[138.53068246372482,-34.81403715858795],[138.531612448156,-34.814250686419996],[138.5316984638131,-34.814287686327646],[138.53173945581125,-34.814360686996054],[138.53168947239135,-34.81460368471221],[138.53171945578833,-34.8146756862339],[138.53186086428752,-34.81473063121359],[138.53218435222618,-34.814814936360165],[138.53259513555713,-34.814926639352905],[138.53271065617196,-34.81495194717456],[138.53287846426974,-34.81502467085181],[138.53302844780467,-34.81512666116646],[138.53302844780467,-34.81514466109718],[138.53262646433996,-34.81541566819851],[138.53271446390147,-34.81540867507027],[138.53284361643978,-34.8155997063613],[138.53294444842766,-34.81576467080288],[138.53296057596992,-34.815986744892314],[138.53293660813802,-34.81614071961849],[138.53279648027342,-34.816699678847044],[138.5328117435672,-34.81728165172683],[138.53268249570067,-34.817949687028374],[138.53264652821474,-34.81804868080195],[138.53265676789556,-34.818261152829905],[138.53265852786888,-34.81839168942486],[138.53246947238836,-34.81925745236947],[138.5324225277775,-34.81934268111979],[138.53212723178638,-34.819600886371745],[138.5319405442208,-34.81971971109573],[138.53176588778558,-34.819776654369036],[138.5317299517759,-34.819799853280585],[138.53166256017903,-34.819867711625534],[138.5316375680194,-34.820002706159926],[138.53176256029394,-34.82018470915693],[138.53179254369104,-34.82029371058621],[138.5317995521077,-34.82042071374491],[138.53175062359242,-34.82053485839697],[138.5317192318571,-34.82060813695591],[138.53161459213982,-34.82076769916995],[138.53123158437018,-34.82112970776973],[138.5308915839795,-34.82153772478614],[138.53074665643317,-34.82177273022728],[138.53063660819294,-34.822028715053136],[138.53050361644875,-34.822473732876404],[138.53051363219845,-34.82249473024757],[138.5306646076856,-34.822551728379494],[138.5308066241265,-34.82257272575066],[138.5308826240339,-34.82256573262242],[138.53101561577807,-34.822513729325124],[138.53118262437863,-34.82239973216184],[138.53132943960202,-34.82219850795474],[138.5313679359815,-34.822109985887096],[138.53146681644046,-34.82190661499823],[138.53156259243974,-34.82177670792868],[138.53170857579016,-34.82166271076545],[138.53192761556704,-34.82157881391112],[138.5323409601673,-34.82134906230931],[138.53239888010432,-34.82130014818324],[138.53279056003635,-34.82090968683252],[138.53300355187253,-34.82073267867014],[138.53319846373813,-34.820427965877855],[138.53331004802033,-34.8201963643707],[138.5334205117473,-34.81996668651334],[138.53355452781932,-34.81986068162513],[138.5335288000142,-34.819645489147945],[138.5336849915692,-34.818946170928996],[138.53377868833581,-34.818329769303375],[138.53404057631167,-34.817236771060095],[138.53408419163225,-34.81638945231134],[138.53413177566097,-34.81595703309057],[138.5341406717547,-34.8158814792468],[138.53408742379565,-34.81556265069571],[138.5339824324434,-34.81539864762942],[138.53356841604966,-34.81513467142793],[138.53358643216814,-34.81512867744647],[138.53373942393534,-34.81513167488686],[138.53381542384284,-34.81514266370294],[138.5344231038432,-34.815289183948664],[138.54194934388715,-34.81694054876726],[138.5418873284375,-34.81681154821433],[138.54172832020583,-34.81665455716205],[138.54148134388902,-34.81649654897649],[138.5411903358654,-34.81634655105245],[138.5410293437293,-34.81623555132961],[138.540828320071,-34.816014568117794],[138.5405213436851,-34.81571057658181],[138.5404043203032,-34.81557358375386],[138.54032134435465,-34.81543657293946],[138.54030233628384,-34.8153455714409],[138.54032534363978,-34.81492256902129],[138.54046432037217,-34.81428555853165],[138.54049430376915,-34.814042560815494],[138.54057731209332,-34.81381956222299],[138.54055830402262,-34.81371955131618],[138.54052931167848,-34.81360155756579],[138.54059830406857,-34.81345855276993],[138.5406383041145,-34.81321655420055],[138.54068531167786,-34.81312755099566],[138.54084230362946,-34.81296756340231],[138.5417972802204,-34.812094548324694],[138.54189823991192,-34.81203353471983],[138.5423292480964,-34.81187153084642],[138.54292124841697,-34.811450525821044],[138.5432212163861,-34.81129451592915],[138.54335420813027,-34.811197520449184],[138.54375820787504,-34.810872493770546],[138.5439711997111,-34.81069650274134],[138.5443351679337,-34.81055951081271],[138.5446641597233,-34.81053849455583],[138.5455361603656,-34.81060148666921],[138.54562415992712,-34.810603484962826],[138.54565615960416,-34.81061347463208],[138.54568918360906,-34.810604484109604],[138.5457221761376,-34.81060548325638],[138.54698812839945,-34.81103645906529],[138.5473211518497,-34.811250467135324],[138.54743814375536,-34.81133445661982],[138.5475661442622,-34.811454466650275],[138.54760812821257,-34.81149945883294],[138.54776118383165,-34.81186346482701],[138.54787616035662,-34.812064466901575],[138.54817817608205,-34.81256644598466],[138.54837718435965,-34.812840449627004],[138.54844918408264,-34.81299544238573],[138.5486271680095,-34.81326045460628],[138.5487201597076,-34.81346044044693],[138.54886716828526,-34.813670451929795],[138.54901116773124,-34.81397144692471],[138.5491971844026,-34.81431745208869],[138.54920921643225,-34.814669452133444],[138.54924921557893,-34.814787444984574],[138.54948220833728,-34.81502644611356],[138.54968121571562,-34.81532744110848],[138.54984620803612,-34.81564645581926],[138.55003619161698,-34.81590343889252],[138.550301216428,-34.8161784416817],[138.5510961919358,-34.81735742770309],[138.55134121582455,-34.817606419400704],[138.55171721607678,-34.81818143692374],[138.55242323244624,-34.81907942617454],[138.55248623984812,-34.81914343632047],[138.55272124798728,-34.81935540922473],[138.5530062404457,-34.81970441182909],[138.55329424023705,-34.819935402696615],[138.5538462396123,-34.82050540649925],[138.55448422406778,-34.82107738970973],[138.55481622408956,-34.82133539081559],[138.5550282239734,-34.821538391183765],[138.5554562239256,-34.821862399829854],[138.5563152320624,-34.82237536772897],[138.55681724801764,-34.82280036844219],[138.55714924803942,-34.823032377342315],[138.55781123180293,-34.823559349484356],[138.55808623998803,-34.82387135218113],[138.55818624010294,-34.82417134802927],[138.5582042238459,-34.82431535197185],[138.55818924833522,-34.82443234567614],[138.55807523228623,-34.824601361563566],[138.5583032320086,-34.8250303588639],[138.55846323219248,-34.82515935941689],[138.5585172481725,-34.825187349916234],[138.55854924784956,-34.825178358494384],[138.55860524773402,-34.8251623559579],[138.5587732482868,-34.825021348556334],[138.55898124798625,-34.8250253451435],[138.5590682241193,-34.825054352776135],[138.55932524766206,-34.82522235153027],[138.56032924809642,-34.82564733335772],[138.56044924823425,-34.82566833072883],[138.5608862396083,-34.82567734013708],[138.56110323162886,-34.825735319429384],[138.5612422398376,-34.82583730974403],[138.56137923176618,-34.82602031188782],[138.56141622357995,-34.826228325976444],[138.5613752315818,-34.82649831504517],[138.56146124813813,-34.82654432436101],[138.56151622369487,-34.826545323507844],[138.56158422413273,-34.82647531938045],[138.56168124839098,-34.826143318459344],[138.56175020840544,-34.82601831359426],[138.56186220817438,-34.82593931894439],[138.56209321612914,-34.82588132166563],[138.56239919966345,-34.82587832422524],[138.56294521584914,-34.82592529581569],[138.563928159557,-34.825954285461876],[138.5640581763438,-34.825975282832985],[138.5641341762513,-34.82600327333233],[138.56430316785702,-34.82612927734425],[138.56440816010854,-34.82611928677562],[138.56449615967006,-34.82615528843576],[138.56456217620348,-34.82634228626745],[138.56451916792537,-34.8263852801565],[138.56450816022345,-34.82640328008728],[138.56454118422835,-34.82648327478324],[138.5645311675794,-34.82657127884141],[138.56458716836323,-34.82657227798819],[138.56468016006136,-34.82640228183982],[138.56471318406625,-34.82637527160148],[138.56487916833896,-34.82629727519907],[138.56491318429607,-34.82628928382337],[138.5649671679006,-34.82629927349262],[138.5649971836732,-34.82640827582122],[138.56487318425013,-34.82652327123196],[138.56486118369673,-34.82655028147025],[138.56492617590231,-34.82656928144712],[138.56496016038318,-34.82654227120878],[138.5650141763632,-34.826544287488844],[138.56511216019805,-34.82658228654327],[138.56517916778444,-34.82653827462161],[138.56510415982916,-34.82646427480637],[138.56526118415638,-34.826350277643144],[138.56533916796832,-34.8262892649376],[138.56536416012796,-34.82619025317757],[138.5654111676913,-34.82606526719826],[138.56546518367134,-34.82610226710591],[138.56547318404023,-34.826192269457636],[138.56548316831368,-34.826210270287675],[138.56551516799072,-34.826247270195324],[138.56559215985033,-34.82624926758956],[138.56563718440862,-34.8262042574205],[138.5656481597348,-34.826196265145484],[138.56567017603788,-34.82618725573724],[138.56569318429308,-34.82616026438467],[138.56615315244608,-34.82537727054455],[138.56626812807167,-34.82517125474959],[138.56626300823132,-34.82497300819773],[138.56619100760895,-34.824817996553236],[138.56615801597968,-34.82482700686086],[138.56558515233303,-34.82461725348344],[138.5648281282156,-34.82434926270827],[138.56441315224527,-34.824255282655145],[138.56416115231536,-34.82434528500687],[138.56398598416592,-34.82435890074265],[138.56374313573724,-34.82442727709713],[138.56365536010685,-34.82442975562867],[138.56347116815994,-34.82439427287733],[138.5631251836803,-34.824261294623],[138.56300499198687,-34.8242400013749],[138.5629611842113,-34.824276298912025],[138.5628790077601,-34.82444500003669],[138.5628110082215,-34.82450699390262],[138.56266815990773,-34.82454930340759],[138.56246118363674,-34.82453629741218],[138.5622918718725,-34.824500888405225],[138.56214918363798,-34.82432228934215],[138.56188815991072,-34.82423532130298],[138.56160416030377,-34.82421030935825],[138.56133615963608,-34.82399731842145],[138.56110899178657,-34.82388300739484],[138.56072201620816,-34.8237799990477],[138.5604790077001,-34.8236949915306],[138.5602612161822,-34.82352734441139],[138.560031711894,-34.823424354949964],[138.5597649918609,-34.823198007282144],[138.55928419181203,-34.82291332958647],[138.55892099161053,-34.82279999882087],[138.55872601589294,-34.822709995569824],[138.55830521591304,-34.82237934543042],[138.55805100814757,-34.822090005649216],[138.55794700784816,-34.82191199834],[138.5579372160298,-34.82185834838401],[138.55790227197235,-34.82151360137158],[138.5578010883496,-34.8212470710954],[138.55776118363178,-34.821169352583524],[138.5576113278006,-34.820984001410466],[138.55755417588455,-34.8207683466818],[138.5574261762771,-34.82067634693584],[138.55706799968846,-34.820578000674175],[138.55697318416514,-34.820477360241966],[138.55694201636106,-34.82039599767711],[138.5569929917333,-34.82016199138275],[138.55698998440027,-34.81986007098544],[138.55679199955125,-34.81919399710523],[138.55659216030006,-34.81888417706307],[138.5564187197482,-34.8187060591373],[138.55622499228957,-34.81843499717735],[138.5561143999597,-34.81830825392274],[138.55571440039932,-34.81806423907335],[138.55557113569944,-34.81796137911431],[138.5553971519571,-34.81757937229014],[138.55536400024846,-34.81756000269195],[138.55517900790494,-34.81754799674263],[138.55506022365046,-34.81745327654744],[138.55473395231013,-34.816949207439905],[138.55454220785668,-34.81670941041091],[138.5543891522376,-34.81654039362422],[138.55419100820848,-34.81637700209694],[138.5541205436283,-34.81627262498159],[138.5540500160954,-34.816173002581934],[138.55382601565816,-34.81597899273629],[138.55373401591214,-34.81578799921675],[138.55365801600465,-34.815750000162325],[138.55363033577146,-34.815749888646394],[138.55346115171085,-34.81578239374244],[138.55335212779858,-34.81574439468801],[138.55332000041778,-34.815715996795745],[138.55299414366482,-34.81530439058514],[138.55234192024352,-34.81471918014603],[138.55094051209505,-34.813344463875865],[138.55069593606868,-34.81308119004484],[138.55039388796763,-34.81273575774895],[138.55020652770918,-34.81247229955693],[138.55009913606636,-34.81226141842967],[138.54984400020055,-34.81166199960154],[138.5496541119478,-34.811450433190885],[138.54932876780845,-34.810899873630206],[138.5492911042012,-34.81079442362369],[138.54932809601485,-34.81066042823613],[138.54929711976638,-34.81056942673763],[138.5485159038859,-34.81023951584092],[138.5480039998847,-34.80993800283653],[138.54755411223255,-34.8096324383863],[138.5475214083864,-34.80953165046526],[138.54750400020953,-34.80947800050927],[138.5475460803874,-34.80792844074489],[138.54772211188606,-34.80626484694511],[138.54787094428866,-34.804979096108354],[138.54789600030028,-34.80475343372393],[138.54795200018475,-34.80470942180233],[138.54807699155992,-34.80468799905185],[138.548302016325,-34.80468500161152],[138.5485220156786,-34.80464043570748],[138.54873200018176,-34.804563419566136],[138.5488439999507,-34.804475008115105],[138.54883001639223,-34.80422200274319],[138.5488449919029,-34.80405999797051],[138.54913299169425,-34.80358800768039],[138.5492040003644,-34.803381991885374],[138.54926457599947,-34.80279544865101],[138.5492575999583,-34.802669167647935],[138.54924095980255,-34.802500410765276],[138.54931299190116,-34.80193299790949],[138.54950201590532,-34.80143199908747],[138.54969401576625,-34.801246998650015],[138.54986000003908,-34.80115999373868],[138.55019900757816,-34.801060000818325],[138.55069590369305,-34.800987369771235],[138.55120099173246,-34.80094900109549],[138.5516067199742,-34.8008969420402],[138.55222089577774,-34.80078435141667],[138.55329283189872,-34.79855234471489],[138.5532590083966,-34.7984490036186],[138.55333382389688,-34.798254328274595],[138.55358601628166,-34.79801599264391],[138.55379680028216,-34.79798134176548],[138.55382979191143,-34.79796434008216],[138.55386377639218,-34.797928339321345],[138.55385577602328,-34.797829327561374],[138.55364601635063,-34.79752700067053],[138.55350579225853,-34.79709234303715],[138.55341216024306,-34.796935796249954],[138.55325401625987,-34.79673499742216],[138.55319401619101,-34.7965529944251],[138.55319699204756,-34.79643599982148],[138.5533137600221,-34.79618634262556],[138.55335571159685,-34.79599993654779],[138.55334374431845,-34.79591733381784],[138.55320908792908,-34.79570815420789],[138.5531409921631,-34.7954079919852],[138.55307900818968,-34.79526200863472],[138.5529230081903,-34.79500700406993],[138.55250899179657,-34.79458400165032],[138.5522280004219,-34.79434300222772],[138.55156876768456,-34.793862354164276],[138.5514587203437,-34.793508356725226],[138.55135273613996,-34.79339735610307],[138.55123401573735,-34.793341005483],[138.55115273591014,-34.793141353290764],[138.55116771232008,-34.79299734934813],[138.5511910083584,-34.792952006429914],[138.55131299240077,-34.79286100493141],[138.55133219202708,-34.79215611721099],[138.55134969643143,-34.7916483482926],[138.55143001578267,-34.79152399093937],[138.55151801624356,-34.791508007288655],[138.55162070443203,-34.791356362705926],[138.5516657919428,-34.79112859051202],[138.55168470378612,-34.7910423617156],[138.5516769920996,-34.79095200772895],[138.5516556475901,-34.79093336028632],[138.55155699196166,-34.790922000949536],[138.55153599998653,-34.790894990711195],[138.55153926362618,-34.79087591788925],[138.5516006720335,-34.790563360310784],[138.55165801640442,-34.79048299599344],[138.55192399989278,-34.79035299629368],[138.5521256638683,-34.79016832950475],[138.55227964758774,-34.79014433469325],[138.55247564763306,-34.79016533206436],[138.5525010561788,-34.79013606542702],[138.5525560002593,-34.790050003904526],[138.5526766398151,-34.78999833335638],[138.55292198386257,-34.78997798259775],[138.55311462404075,-34.78998932394808],[138.55343961564586,-34.79007730912048],[138.55364224009736,-34.79019389633123],[138.55367417592254,-34.790212266782646],[138.5536980160507,-34.79022599403436],[138.55373548810235,-34.79018849410369],[138.55377664017988,-34.79014731324787],[138.55375699179183,-34.79008300722495],[138.55371120011182,-34.790038441320974],[138.55369299243773,-34.79001899707902],[138.5536936318557,-34.78997431965911],[138.5537169917459,-34.78995600496563],[138.55383664024885,-34.78994031719185],[138.55390361635887,-34.789897323302796],[138.55388300839422,-34.789869998301754],[138.5538736320625,-34.78982432173501],[138.55345600039414,-34.78966531440267],[138.55321401621393,-34.78959499641189],[138.55309599998043,-34.78951100602808],[138.55295801609964,-34.78938200547515],[138.55301862411022,-34.789185313851135],[138.5529756158321,-34.78913031311339],[138.57757500828006,-34.789280995421564]]]},"properties":{"School_Name":"Roma Mitchell Secondary College","ENTITY_CODE":1902,"zoneType":"secondary"}},{"type":"Feature","geometry":{"type":"Polygon","coordinates":[[[138.56880505620848,-35.08090994513782],[138.57017273618294,-35.081406170358434],[138.5714040636467,-35.08182793351227],[138.57392003218376,-35.08260289820515],[138.5760130243816,-35.08322884613432],[138.57625200032965,-35.08330384509634],[138.5779540158652,-35.08411283114219],[138.58221706496568,-35.08383517895032],[138.58222182417796,-35.08383486868422],[138.5838599042113,-35.08380776671504],[138.58394591986837,-35.083833758920775],[138.58429990381762,-35.083942742363604],[138.5844882560283,-35.08631851288902],[138.5844882884038,-35.086318734122244],[138.58449398381038,-35.086390755428965],[138.58457897603898,-35.087462756301136],[138.5846470079531,-35.08825575869628],[138.58470601606984,-35.08896776814794],[138.58481904016662,-35.09029375555235],[138.58489203184183,-35.091155762928054],[138.58492345595278,-35.091525633401204],[138.58493107231118,-35.091617763548925],[138.58525414386372,-35.0956757573303],[138.58532415968227,-35.09662375248416],[138.58546719955166,-35.09854275734233],[138.58556019214916,-35.099797760358285],[138.58690419207483,-35.10001274868938],[138.58803718406887,-35.10060275071635],[138.5891009921172,-35.10189499465821],[138.58927801556808,-35.102100991567454],[138.58926700786617,-35.10277899855191],[138.5904759997676,-35.10379100385171],[138.59189846374318,-35.10447661370472],[138.59312000028785,-35.105430992246454],[138.5939346241836,-35.10624671241578],[138.59448300828421,-35.10680600439355],[138.5947579840938,-35.10729384973132],[138.59497388793466,-35.107825114337516],[138.5953322560788,-35.10863865185223],[138.59429728029534,-35.109634672602],[138.59426729599897,-35.10988967716685],[138.58649801597073,-35.111946007602114],[138.58445401613994,-35.11272900144223],[138.58290400041938,-35.11281199267927],[138.58038800040595,-35.11449299465596],[138.57838870407545,-35.114840110482646],[138.57569808000244,-35.115194737447155],[138.57490649583815,-35.11521745522134],[138.57394771241707,-35.115239950862986],[138.57160371224154,-35.11459198842948],[138.56763180786174,-35.11523704605281],[138.56428783981198,-35.114474069322796],[138.56257382372303,-35.11390711871849],[138.56115487969396,-35.11397112886448],[138.56100585573574,-35.11397813997911],[138.56071888027213,-35.11399012794203],[138.5551459524238,-35.11422720542117],[138.55440396766903,-35.11425922937991],[138.5539509755571,-35.11427822845741],[138.5535819522454,-35.114293231847114],[138.55209500777846,-35.11435624284627],[138.55197200030761,-35.11438824791924],[138.5507280319731,-35.11444126924914],[138.54824707224464,-35.11450130169368],[138.5480680001382,-35.11186029681522],[138.5478979518291,-35.10933930196717],[138.54751686411203,-35.10404328886665],[138.54478790373878,-35.10417434257181],[138.5440128958785,-35.104210343332625],[138.5400729596994,-35.10440139261016],[138.53765398394432,-35.104536424916034],[138.53479305615463,-35.10469646826738],[138.51008163156212,-35.10588631360247],[138.50713136242246,-35.10601038317259],[138.50628031958115,-35.106046172592755],[138.50293798380096,-35.10626968919473],[138.4991169919557,-35.10653599733837],[138.49900563160463,-35.10649955231247],[138.4992947195757,-35.106032038847445],[138.49943422151216,-35.10563645495836],[138.49964587785507,-35.10503626181401],[138.49981100777188,-35.10456800371037],[138.49995123186397,-35.10345003039453],[138.4997625648905,-35.10202513914879],[138.4997620163041,-35.10202099777081],[138.49987001588863,-35.10201999862397],[138.4996630081414,-35.10133300111704],[138.49949073670825,-35.10102392121695],[138.49945500844194,-35.10095981934012],[138.49933382209827,-35.100642191384],[138.49927859473144,-35.10049744100405],[138.49921492812655,-35.100330571798395],[138.49921183985464,-35.100322476101326],[138.49788207979418,-35.09847728579808],[138.49739482890834,-35.09780796446597],[138.49735775975284,-35.097757043952356],[138.4969067200691,-35.09687215242786],[138.49648361602613,-35.095952868130325],[138.49619679974262,-35.094807107561905],[138.4961129919211,-35.094328993788],[138.49610428828237,-35.093935203147055],[138.49613176796674,-35.09263256304229],[138.49613350365837,-35.09255029306155],[138.4962248639863,-35.09204872137133],[138.49636800008318,-35.09143100583623],[138.49655561574912,-35.09090571722504],[138.4969650878686,-35.08994763887239],[138.4969768932691,-35.089934723708495],[138.4970872958421,-35.08981393936176],[138.49754559935002,-35.08911459506248],[138.49756499233058,-35.08908500287055],[138.49793077718368,-35.08872549798332],[138.4981733756009,-35.0884870643265],[138.49839100793872,-35.08897100570732],[138.49926300768175,-35.08962599814123],[138.49932425331167,-35.089667786039456],[138.50022300788555,-35.09028100856165],[138.50092201583846,-35.09136799483707],[138.50179401558137,-35.09195000458902],[138.50284099191833,-35.09173799481255],[138.50423699244334,-35.09131099670509],[138.50458700768434,-35.09239700182013],[138.50537199981795,-35.09239999926052],[138.50635476186278,-35.09189911735035],[138.50636783980406,-35.09189245157535],[138.50694201556166,-35.091901997878836],[138.5071169921555,-35.092480992204],[138.50737900783497,-35.09277099838283],[138.508251007578,-35.092197997139806],[138.5086870078992,-35.09147699716567],[138.50957062238638,-35.091189555853305],[138.5096630717934,-35.09115948162474],[138.51051900784603,-35.09090799250981],[138.5114780160976,-35.09069600071979],[138.51174000030085,-35.09004700226728],[138.51208899211338,-35.08961600757266],[138.5124369919737,-35.08882300517752],[138.5124369919737,-35.08824499111341],[138.51295999990418,-35.0877419948971],[138.5142259836423,-35.087603263679625],[138.51522899212432,-35.087607999509544],[138.51618899232824,-35.08797400379717],[138.51653801561702,-35.088553997269116],[138.51671299221084,-35.08927699553686],[138.51697500789032,-35.08971200480511],[138.51741100821152,-35.089641001530936],[138.51767199956316,-35.089065003746896],[138.51854499215767,-35.08877999330201],[138.51933001576765,-35.08878400787563],[138.51993891165148,-35.089222198945265],[138.5204639997139,-35.08922299394595],[138.52107500810519,-35.08944199685061],[138.52142399991772,-35.089733002176274],[138.52142399991772,-35.09031099735461],[138.5215990079879,-35.090961994100724],[138.52247199968315,-35.09074900316392],[138.52360499167708,-35.089887994935],[138.5241289915598,-35.089384998718685],[138.52456499188088,-35.089531999202336],[138.52465299234177,-35.090181996801675],[138.52421699202068,-35.0906129914963],[138.52430399962998,-35.09104700161777],[138.52482700756036,-35.09104999815884],[138.52570000015498,-35.09083700812141],[138.5260489919675,-35.090189008815685],[138.52639699182782,-35.089324003999536],[138.52718201633706,-35.089327999687384],[138.52770601621978,-35.08918599403836],[138.52827478435393,-35.08896264381093],[138.52895507201902,-35.08885404887519],[138.5295380161666,-35.08876099332514],[138.53006099172148,-35.088185994687876],[138.53093299236377,-35.087901002229444],[138.53180601643453,-35.08797700033824],[138.5329400003808,-35.0879829943197],[138.5349470083978,-35.08748699123163],[138.53608099234395,-35.087420002531076],[138.53669199983597,-35.087205994461044],[138.53808700840875,-35.08620199942271],[138.5382609921511,-35.0852639939381],[138.5382609921511,-35.08461299719204],[138.53857299214997,-35.0839960038125],[138.53915199996493,-35.08360500646586],[138.53977715199403,-35.08337309019589],[138.54096499184095,-35.08318200404619],[138.5416700162583,-35.082968995123],[138.54209900816272,-35.08246499975991],[138.54305801641442,-35.081818997848416],[138.54377900829468,-35.08117499423054],[138.5440609277697,-35.080290601829745],[138.54427900796986,-35.07907999924254],[138.54505833617338,-35.0789695544014],[138.5455326305265,-35.07975358246182],[138.54576870436233,-35.080143822579316],[138.54641299216587,-35.0810399996962],[138.54665132779655,-35.08057831383809],[138.54735164875967,-35.079353123347914],[138.54737801598276,-35.07930699442221],[138.5494928320286,-35.07649181244716],[138.55102838395283,-35.07470104911408],[138.55116798661334,-35.0745288190497],[138.55173420067285,-35.07383027244907],[138.55287967975346,-35.07241707598723],[138.55295586312263,-35.072315778150596],[138.55359998904828,-35.07145931059864],[138.55368332832302,-35.071348497934764],[138.554118015634,-35.07049999477891],[138.5543599998142,-35.06968799330622],[138.5546017924388,-35.068471525340556],[138.55465215357412,-35.06818801766286],[138.55476311282746,-35.06756337644862],[138.5547811838046,-35.06746164783675],[138.55478115592564,-35.067390313612066],[138.5547808960216,-35.06671424736459],[138.55479555227294,-35.06587636430271],[138.55480883346092,-35.065539625753104],[138.55480954932136,-35.065521472038256],[138.55481708833804,-35.06533033642586],[138.5548816641575,-35.0648019208719],[138.55510409617716,-35.06423238022012],[138.55534000004104,-35.06383400123815],[138.55565660816603,-35.063498466880674],[138.55618041559376,-35.06309333488946],[138.55720594579782,-35.06239829564481],[138.55760118434728,-35.06213042807673],[138.5578383643491,-35.06197291002172],[138.55804300777868,-35.061836999977515],[138.5581955220058,-35.06170067354719],[138.5584853078508,-35.061441647214224],[138.55869299188817,-35.06125600735879],[138.5589959995658,-35.06091499702944],[138.55930099204716,-35.060487998921985],[138.5597769924143,-35.06087200314039],[138.55978634626297,-35.060885043310066],[138.56005100774792,-35.061253991078786],[138.56092284831084,-35.06289101890536],[138.56095785352215,-35.06292003013522],[138.56225001562575,-35.06399099229043],[138.5624169918508,-35.06430099669359],[138.56319655477728,-35.07370434128228],[138.56329203220162,-35.074856023886355],[138.56367311991858,-35.07934001662841],[138.56368614390044,-35.07964302790339],[138.56452112035345,-35.0797869949738],[138.5658840959743,-35.07990099213703],[138.56880505620848,-35.08090994513782]]]},"properties":{"School_Name":"Reynella East College","ENTITY_CODE":1907,"zoneType":"secondary"}},{"type":"Feature","geometry":{"type":"Polygon","coordinates":[[[138.52535905907337,-34.46406228544606],[138.5545844607044,-34.51250372246875],[138.55458622877154,-34.512503771931506],[138.56002953733332,-34.512510452095626],[138.56364599636572,-34.512509100414604],[138.56379090682492,-34.51250959863904],[138.5834317064082,-34.512494398297804],[138.6030115013798,-34.51247633091788],[138.60363669387834,-34.511438897287235],[138.61017099879257,-34.500731896359866],[138.61760988498827,-34.50467590466923],[138.6234168928754,-34.50774949963966],[138.6298169299074,-34.512334863962735],[138.62981739665554,-34.512335197611264],[138.62982009552104,-34.512413265959424],[138.62982062702042,-34.512431286574554],[138.6298207475295,-34.51243537938922],[138.6298211908953,-34.51245038907416],[138.62982134827666,-34.51245039357076],[138.62996609775723,-34.51245447289557],[138.63001225725998,-34.51245555028339],[138.6301653497511,-34.51246391397842],[138.63016606021552,-34.51246395264923],[138.63191873276332,-34.514272400251],[138.63294552561558,-34.5151807739735],[138.63549003863443,-34.517431828316205],[138.63694423518837,-34.51871831299968],[138.63944981115992,-34.52093456987444],[138.6409561126345,-34.522266937069446],[138.6416413213899,-34.52370437565639],[138.64415574938835,-34.524898797641356],[138.64856954734682,-34.52699547256299],[138.65022470730446,-34.52778139639429],[138.65338687110727,-34.52928301150172],[138.65707111114295,-34.53103277564202],[138.66036075474506,-34.53259513365845],[138.66196054884028,-34.53335492678838],[138.66199190370344,-34.535372099842505],[138.66171462203226,-34.53799467761223],[138.661514500394,-34.53988742406534],[138.66136379200543,-34.541312751482224],[138.66112625407345,-34.54355927863776],[138.6609243149053,-34.545469127498166],[138.66093550337087,-34.54615359611154],[138.66073380522096,-34.54643613521944],[138.6606001263948,-34.546623393854475],[138.6603205451571,-34.54693523107602],[138.65903634924814,-34.547232688138024],[138.6574056913197,-34.54764013138691],[138.6568214305646,-34.54903330624205],[138.65652501311888,-34.54974011581368],[138.65629667255348,-34.550284595957294],[138.65592091511826,-34.55111305862073],[138.65525475939967,-34.55202558271441],[138.66798380051205,-34.55074550300253],[138.66965600891774,-34.55057733967243],[138.67497808976714,-34.55105604699895],[138.6752373229442,-34.55107936462093],[138.67760172693818,-34.551313530095285],[138.68037489528524,-34.55158797170748],[138.68311401350104,-34.55185899949316],[138.6844590053788,-34.5523646037434],[138.68443552228155,-34.55252421901747],[138.6840061688497,-34.55544247858745],[138.68369026489393,-34.55758963515348],[138.68362560543744,-34.558029031314675],[138.68290410723887,-34.56298023624885],[138.68289015155926,-34.56307600235556],[138.68464187352367,-34.56324752825077],[138.6867474004722,-34.56345369782986],[138.6892948389857,-34.563703139188476],[138.69144363681448,-34.563913546373044],[138.69403829692988,-34.564167611146274],[138.69423169343793,-34.566751393062304],[138.6943997632385,-34.56899536434457],[138.6945148854537,-34.570532420834525],[138.69473211129798,-34.57343250870326],[138.6948104134699,-34.57447788334758],[138.69498431357522,-34.57679954436344],[138.69514988685785,-34.579010041080494],[138.6952636223184,-34.58038148471769],[138.69545292960913,-34.5843314753173],[138.69587171510761,-34.589276947073415],[138.69597403187618,-34.59338627595582],[138.69613446103665,-34.593739495481316],[138.69615503212913,-34.59378478713819],[138.70085287825782,-34.60412811482058],[138.70079286110172,-34.60414981096494],[138.69956237989993,-34.604594621044896],[138.69923434588839,-34.60471320295193],[138.69762224277235,-34.60520150064872],[138.6953404648906,-34.605892639533636],[138.69439143551642,-34.606180095235175],[138.6924251461037,-34.606833614579614],[138.69162589971552,-34.60710271961477],[138.69042296294947,-34.607560167867405],[138.68967169809048,-34.607869924957015],[138.68879211256603,-34.60826309686439],[138.68786690353488,-34.6086973246218],[138.6869246181767,-34.6091783863734],[138.68672400101195,-34.60928230213648],[138.68620273596753,-34.60966568132608],[138.68479604700008,-34.61070026860244],[138.68423504451175,-34.61111287306062],[138.68348150976396,-34.61166708117082],[138.68304771637906,-34.612158191946946],[138.68247522954823,-34.612806322553695],[138.68195747455786,-34.613388876395504],[138.6814166357692,-34.61399740265796],[138.68082940635213,-34.61465812647134],[138.67991351249862,-34.61516948008739],[138.67981423184142,-34.615224909801725],[138.67983172455456,-34.615347991916224],[138.68004174053397,-34.615598981008134],[138.68044930878864,-34.615596906272174],[138.68102673289752,-34.61559396728774],[138.68236369293015,-34.61576894028434],[138.6831106050704,-34.61556893735656],[138.6832916997522,-34.61552042612669],[138.68332514553913,-34.61551146708052],[138.68332585510416,-34.61551127732355],[138.68361066050363,-34.61543498423708],[138.68361105260806,-34.61543487991571],[138.68361380543286,-34.615434142471656],[138.68380868492295,-34.615381938625546],[138.68468068466598,-34.61586491863102],[138.6850318204622,-34.61631798358803],[138.68519367684678,-34.61650490767528],[138.68523770855347,-34.61689790331553],[138.6850615484518,-34.617295727415865],[138.6849027002994,-34.61771292021507],[138.68494632371392,-34.61788438765433],[138.68495200832854,-34.61790673131054],[138.6849521594147,-34.61790732666174],[138.68495495001105,-34.617903090854895],[138.68502672400416,-34.61779415057953],[138.68502693174753,-34.617793835816826],[138.68507461470176,-34.61772146017722],[138.6850756183452,-34.61771993672568],[138.68516446596743,-34.617583995205166],[138.68516473216675,-34.617583587812305],[138.68530982608763,-34.61736158656794],[138.68531191161549,-34.617358394873975],[138.68539647936404,-34.61722900221662],[138.68539710709092,-34.617228399670864],[138.68570484700115,-34.61693297058008],[138.6857050646371,-34.61693276103807],[138.68570573193404,-34.616932600059386],[138.68609941285763,-34.61683790414594],[138.6863854593215,-34.61687202712233],[138.68644526513697,-34.6168791614441],[138.68645002075198,-34.61687972891633],[138.68645331137134,-34.616880466360385],[138.68650275789605,-34.61689153971275],[138.6866081692317,-34.61691514511779],[138.68668854254224,-34.61693314414924],[138.68669141767487,-34.61693378806382],[138.68722766092787,-34.61705387633526],[138.68731959682202,-34.61711997740497],[138.68820749478016,-34.6176406452995],[138.68822103047626,-34.6176485827159],[138.68822108713357,-34.61764861599079],[138.6882266368499,-34.6176518706373],[138.68824156289793,-34.617632655722446],[138.68824187676125,-34.617632251926864],[138.68830899856152,-34.617545845064626],[138.68832274379963,-34.61752815090341],[138.68839927160911,-34.6174296364685],[138.688399997362,-34.617428701173594],[138.6884653852694,-34.61729276954566],[138.6884697937461,-34.61728360365532],[138.68847859361222,-34.61725274611729],[138.688586493372,-34.61703939814964],[138.68858690795946,-34.61703857616931],[138.68899247162528,-34.61623362358284],[138.68899429545047,-34.61623000291229],[138.68899541150915,-34.616228772639715],[138.68939290645756,-34.61579020385477],[138.68939308991924,-34.61579000240664],[138.6893933723063,-34.61579002039309],[138.68959167461617,-34.61580301649599],[138.68962117147998,-34.61580495003835],[138.68962270662269,-34.61580505076245],[138.68974158080937,-34.61581284069001],[138.68990858851066,-34.61579983559392],[138.69016058844045,-34.615880847423114],[138.6904315649648,-34.61623284656855],[138.69056561251307,-34.61721384594222],[138.6908526203522,-34.617563810821196],[138.69102902866678,-34.61743384439637],[138.6910924812331,-34.617387095837785],[138.6911738366033,-34.61728588793335],[138.69117576115252,-34.61728349393803],[138.69144199375307,-34.61695229431291],[138.6916572932496,-34.616845265096856],[138.69165758462987,-34.61684511940672],[138.69168648344453,-34.61683075363635],[138.69185139932267,-34.61674877053929],[138.6919138923123,-34.61671770435851],[138.69191449665675,-34.61671740398498],[138.69226549755479,-34.61667760718581],[138.69228169164683,-34.616675770770144],[138.6922823013872,-34.616675702421674],[138.6922830837973,-34.61667607204305],[138.69232121055552,-34.61669410075211],[138.69251525817265,-34.61678585768112],[138.69260458963015,-34.61682809883763],[138.6926292877115,-34.616857894276336],[138.69273430424482,-34.61698458357165],[138.6927907115222,-34.61705263077425],[138.69297148964256,-34.61727071457176],[138.69304749494597,-34.617362404051676],[138.69304856693793,-34.617363697276744],[138.69339806237076,-34.617785110594355],[138.69339829889248,-34.61778539567945],[138.69339900126295,-34.61778548651097],[138.69392003248356,-34.61785277468579],[138.69392997089153,-34.61785405801834],[138.6939310995407,-34.617854203708475],[138.69393246561083,-34.6178538250939],[138.6939474923829,-34.61784966213213],[138.69439305069875,-34.61772622568475],[138.69448355757015,-34.61770115168673],[138.69448392899017,-34.617701049164054],[138.69454944909785,-34.617682897247846],[138.69455449969053,-34.617681497902765],[138.69472324488186,-34.61764382800021],[138.69555640110707,-34.61745784100651],[138.69560965446203,-34.617445952868366],[138.69561012121017,-34.61744584854705],[138.69582674990465,-34.617397490201995],[138.69582939660938,-34.6173968993474],[138.69583412884208,-34.61739647127007],[138.69674178670414,-34.617314506159516],[138.69674518973875,-34.61731419859137],[138.69677988018736,-34.617315079926925],[138.69712578282872,-34.617323868102005],[138.69715452426192,-34.6173245983515],[138.69715839044738,-34.6173246972769],[138.69715958564643,-34.61732503722067],[138.69716388260713,-34.617326261197945],[138.69740856115618,-34.61739592718027],[138.69745725854568,-34.61740979292756],[138.69745791864807,-34.61740997998652],[138.697590476919,-34.6174477227342],[138.69825447696257,-34.61778270220992],[138.69824101770882,-34.61780648118412],[138.6980380605081,-34.61816506066896],[138.6979398203665,-34.61847597158879],[138.69641274904916,-34.62471700218788],[138.69615384412464,-34.62469258829225],[138.69613061463622,-34.62469039754376],[138.69582986875355,-34.624662038322356],[138.69582768160228,-34.62467835022562],[138.69582740730903,-34.624680395283974],[138.69532980432712,-34.62839213838646],[138.69532436432803,-34.62844789725261],[138.69532407654492,-34.628450079907225],[138.6950338509315,-34.63142759041091],[138.69502583707276,-34.63150981362696],[138.69508983642686,-34.63149381109048],[138.69495041722803,-34.63158158582149],[138.6949364750384,-34.63159036320468],[138.694912042257,-34.63160574520896],[138.6948981675165,-34.63161448032395],[138.69473708275018,-34.63171589417311],[138.69311494230078,-34.63471719534226],[138.69267233915718,-34.635521492322994],[138.6921970537511,-34.636383339619385],[138.69173587780858,-34.637219552640204],[138.6912777865407,-34.6380501754752],[138.69026688291035,-34.639883117012175],[138.68918264226522,-34.641848923488965],[138.68902707573898,-34.64216317808814],[138.68902038028637,-34.64217575870424],[138.68814315728093,-34.643823903949965],[138.68747134572607,-34.64508593876502],[138.68689057344125,-34.64617695220454],[138.68631111686466,-34.64726556535351],[138.68582467446925,-34.648179439329624],[138.68564900629667,-34.64850942936664],[138.68498733459785,-34.649752415641444],[138.68432684370896,-34.65099323275143],[138.68366171951277,-34.65221314332189],[138.68096990203946,-34.65707022790866],[138.68095032379847,-34.65706261874482],[138.6694399782724,-34.6525891049032],[138.66943539262934,-34.65259657017555],[138.66900085460577,-34.65330397689695],[138.66353403416838,-34.66247339343232],[138.65051541045784,-34.68327697595163],[138.6504966586939,-34.68326880021493],[138.64649431945736,-34.68152373773029],[138.6454306022406,-34.68107031844039],[138.64541849466787,-34.6810756181452],[138.64517873630973,-34.681180570826655],[138.64507517038282,-34.681271125362116],[138.6448446417669,-34.681438696938244],[138.64461159414986,-34.68153057167848],[138.64429591322585,-34.68165502256119],[138.64379276772206,-34.68183482491719],[138.64326106964268,-34.68200438309577],[138.64288925213737,-34.68211234850605],[138.6422519331802,-34.68226261892465],[138.64188889935326,-34.682342364508486],[138.64150133381952,-34.68240311191403],[138.64088612199703,-34.682499541720404],[138.6403873076282,-34.682539671268785],[138.63979546468897,-34.68258728587449],[138.63960907300043,-34.68258510142124],[138.6395877806516,-34.68258485140973],[138.63956701260759,-34.68258460769346],[138.63937261785213,-34.68258232881141],[138.63915144218538,-34.68257973606592],[138.63906562617774,-34.6825787306239],[138.63863774853337,-34.68257120959362],[138.63862074055476,-34.68257091101867],[138.63855162315895,-34.68256731103253],[138.63839367163075,-34.68255908403444],[138.63811761933277,-34.68254470657291],[138.63776746020017,-34.6825061823144],[138.6374712334108,-34.68247359178281],[138.63702252387043,-34.68242422529772],[138.6370209779359,-34.68242667325234],[138.6370070636251,-34.68244870304517],[138.63695064105934,-34.68253803450267],[138.63640269402913,-34.6830135222562],[138.63638679851204,-34.683006668522864],[138.6362437361596,-34.68294498042644],[138.6335595620243,-34.681787570040285],[138.63056729904167,-34.681103904521535],[138.62738645092406,-34.6805756067788],[138.62608824987285,-34.68040812063822],[138.62300432888674,-34.68002733239541],[138.62016290919098,-34.679676486180824],[138.62004609535109,-34.679658984474486],[138.61911049285504,-34.67951880714719],[138.61876208560182,-34.67946660779768],[138.61723308164142,-34.679424604961525],[138.61722587897123,-34.679425060917765],[138.61716105763674,-34.679429162725626],[138.6163495310061,-34.67948051941039],[138.6155032644641,-34.67953407493758],[138.61463280975647,-34.679561776754554],[138.6134992457936,-34.679733550862636],[138.61215974697484,-34.67999345043734],[138.6107726983015,-34.68032829411544],[138.60931654032618,-34.680756559367694],[138.6087422017912,-34.68097521063743],[138.6063944703286,-34.68187396970791],[138.60484756985954,-34.682662268648755],[138.6041906816547,-34.68301927971595],[138.60338355990348,-34.683474804318735],[138.6020100864963,-34.684268733015585],[138.60147764108035,-34.684576509798035],[138.59951986644876,-34.68586946780164],[138.5973568809154,-34.68705464025942],[138.5954106787599,-34.688270449921276],[138.59486307167344,-34.688612544833006],[138.5944697217003,-34.68883311165871],[138.5938569155643,-34.689203168291556],[138.59239466198414,-34.690128764031215],[138.5915155620936,-34.690702866943695],[138.59064000193462,-34.69127465859856],[138.58976730251902,-34.69184458236157],[138.5895527953253,-34.691984667058705],[138.58935755430775,-34.691956779082034],[138.5893380291268,-34.69195399028439],[138.58932806283985,-34.69195256665756],[138.5892742725897,-34.691978871827416],[138.58926889374447,-34.69198150234439],[138.5891965279974,-34.692016890666935],[138.58897552320195,-34.69212562679621],[138.58837928257788,-34.69242526471413],[138.58814516476764,-34.692574728440945],[138.5881053319955,-34.69260015317451],[138.5873252267778,-34.69309807631515],[138.5866980323883,-34.6933859349129],[138.58620626330844,-34.693649357132074],[138.58498828358245,-34.694283950244085],[138.5827865444635,-34.6953641987987],[138.58252926731188,-34.69551188726376],[138.58172888687864,-34.69597183653099],[138.58089883691184,-34.69644959687133],[138.5801490937058,-34.69695922019184],[138.5795229434292,-34.69743833041457],[138.57909184980906,-34.69779415887331],[138.5786198775054,-34.69821620171632],[138.57784608013253,-34.69893556852162],[138.5777322448473,-34.69917289871029],[138.5772603363955,-34.69977380052046],[138.57666166130673,-34.700536131537206],[138.57608553491957,-34.70144571125053],[138.57550693719543,-34.70235915984733],[138.57507508364824,-34.70304094038704],[138.5748375349243,-34.703815125367726],[138.5747730355472,-34.703921673446416],[138.5742981971042,-34.70453430151673],[138.57427780048022,-34.70452551154307],[138.5732124267122,-34.70406639055142],[138.57298190079416,-34.70343774915278],[138.57261960441133,-34.70237595198853],[138.57200140773887,-34.700603644542525],[138.5714205769981,-34.69892905743001],[138.5704872965515,-34.69684945703676],[138.57030970293056,-34.6966132438061],[138.5665606802313,-34.69206407359809],[138.56654071797982,-34.69206871140187],[138.53198579990476,-34.70009719852686],[138.5319842458763,-34.70009203102239],[138.53004344864632,-34.69363890251327],[138.5251588591941,-34.679900733032355],[138.52122690359874,-34.68080933068603],[138.52013762764943,-34.681510036558905],[138.5191739366279,-34.6821299563324],[138.51423496786958,-34.68531484060736],[138.51373420377058,-34.68502766819228],[138.51358751535156,-34.6850475378136],[138.51213616335338,-34.68524413051216],[138.50955012773625,-34.685594420046414],[138.5078518093136,-34.685824465726455],[138.505947871697,-34.686082362511],[138.50391024895885,-34.68635832667542],[138.50315542458327,-34.686460531028615],[138.50223489292603,-34.68658516357442],[138.5011016518198,-34.68673859600938],[138.5009773088558,-34.68680125987021],[138.50058973163084,-34.686996585424026],[138.50022989309514,-34.68717793101666],[138.50004226034207,-34.68727249023317],[138.50012310309876,-34.68734971951392],[138.49962431211236,-34.68760499477463],[138.498090770173,-34.68838984211749],[138.49605332729925,-34.68943257994954],[138.4922349947493,-34.69138675459499],[138.48930590824114,-34.692885824621044],[138.48788853262977,-34.693591705193],[138.485536053646,-34.69476328529731],[138.48381184194307,-34.6956219768727],[138.48246871975573,-34.6962908773221],[138.48166863430015,-34.69668933544443],[138.480969273813,-34.69703763118167],[138.4809407239353,-34.698289884970166],[138.4803600622671,-34.6983536298161],[138.47936226535637,-34.698463169939316],[138.47856832586763,-34.698550328634724],[138.47729327966124,-34.69869030541321],[138.4768765940796,-34.69877540556047],[138.47647922053966,-34.69885656218054],[138.47644188428558,-34.698815591766106],[138.4764381503005,-34.698811494454844],[138.47621391963673,-34.69856543274847],[138.47621466877206,-34.69856339668337],[138.47619566070125,-34.69854539585327],[138.4761276602634,-34.69848138570734],[138.4758486842694,-34.698329390389006],[138.47565370855182,-34.69811338402542],[138.47539770843753,-34.698022382526915],[138.47513969294255,-34.697856400052785],[138.47485668438856,-34.69773141407347],[138.47461268482766,-34.69764440916214],[138.4743076923462,-34.69751540860915],[138.47405668436852,-34.69741042085417],[138.47375268473866,-34.69727742461339],[138.47342369294915,-34.69709542161638],[138.47315169299634,-34.69699143300818],[138.47290570863163,-34.69671544995799],[138.472686700331,-34.69658844769867],[138.47246868488196,-34.696496447053335],[138.4722347325469,-34.69637845420226],[138.47198471652155,-34.69642046783031],[138.47161473273377,-34.69655845890571],[138.47130471663945,-34.69672947308669],[138.4710897723752,-34.696841471956304],[138.47079377311422,-34.69694148286311],[138.47058874837205,-34.697062491141025],[138.47034375685894,-34.69709048164037],[138.4701427646769,-34.69716248406132],[138.469885804986,-34.697168496928555],[138.4695047811208,-34.697165499488165],[138.46915678036123,-34.69716150380032],[138.46883278070834,-34.697094515099764],[138.468578796874,-34.6970215144313],[138.46827780457704,-34.696869518213646],[138.46802180446275,-34.696743514201785],[138.46786878032003,-34.69653953357255],[138.46762078057463,-34.696342545172286],[138.4674437886,-34.69618753442711],[138.46729178878513,-34.696001534842935],[138.46709780501976,-34.6958335360888],[138.46695678053106,-34.695651533091734],[138.46686778901733,-34.69554353080923],[138.4667367802782,-34.69547556184767],[138.466536812424,-34.69557855130904],[138.4664068289121,-34.69581655329125],[138.46626682875126,-34.696080548378575],[138.466233837122,-34.69635155458053],[138.46614686098894,-34.69659255490245],[138.46612686096591,-34.696792557830236],[138.46608986915226,-34.696952564309356],[138.4659968450784,-34.697167552640394],[138.46589386910682,-34.69727157812076],[138.46581886115155,-34.697423574338416],[138.46563985289697,-34.697512578442684],[138.46543390095383,-34.69757057572144],[138.46516289295323,-34.69750658356196],[138.46490887674338,-34.69744758713637],[138.4646198849997,-34.69731758833598],[138.46438990047363,-34.69718159465481],[138.46413790054373,-34.69703759071217],[138.46394388440285,-34.69685259027477],[138.46380190033744,-34.69663961822374],[138.46366788426553,-34.69649261774009],[138.46362487688657,-34.69620161241443],[138.4636448769096,-34.69587360718117],[138.46363185292773,-34.695551614815145],[138.46362884469545,-34.69530360427785],[138.4636608443725,-34.6950286203745],[138.4636768451104,-34.6947496030117],[138.46370986911518,-34.694478596809745],[138.46370484460294,-34.69419959833277],[138.46355681259683,-34.69398261170812],[138.46342782103716,-34.69382661980262],[138.46324481259808,-34.693654606474865],[138.46301082878676,-34.69342161731373],[138.4628408128533,-34.69330160818265],[138.46267783681276,-34.69312461890598],[138.4624888128085,-34.692930627946055],[138.46235281283214,-34.69273463869257],[138.46221082876684,-34.69251663493469],[138.46195783688472,-34.6922096270726],[138.46169082906852,-34.69193762172381],[138.46146282844688,-34.69170063687483],[138.46129882897787,-34.69147464084193],[138.46105681242204,-34.6913216454775],[138.46077582104738,-34.69111165198109],[138.46042481295478,-34.69088665509503],[138.46007786889857,-34.690762668262494],[138.45966986896929,-34.69060066348976],[138.45935585269046,-34.69051967054634],[138.45891786846494,-34.69042067677276],[138.45854484496863,-34.69032869501319],[138.4581918529717,-34.6901956798867],[138.45787889249698,-34.69012369635146],[138.45761889309745,-34.6899097071672],[138.45730590114647,-34.68971369992727],[138.45697988431425,-34.68943971427137],[138.45680689252413,-34.689262724994705],[138.4565428929402,-34.68907472801624],[138.4563739004352,-34.68886171909304],[138.45625790048177,-34.68861672308327],[138.45613988514765,-34.68831972467552],[138.45619886088878,-34.68803473221709],[138.45613284435535,-34.68771372011207],[138.45614686028944,-34.68723072212009],[138.45619482832876,-34.68665872092316],[138.45624881283254,-34.686228725375315],[138.45634983637592,-34.68580072722176],[138.45644583630633,-34.68548872542431],[138.4565087807557,-34.68515972104427],[138.45648378859607,-34.68479371675659],[138.45636878059486,-34.68457071816408],[138.45631678089478,-34.684341724690796],[138.45608279708347,-34.68409972612142],[138.45583978857542,-34.68388971463855],[138.45563380515603,-34.683691727091514],[138.45537879699395,-34.683463733664325],[138.45508279683372,-34.683280750406254],[138.45488478050822,-34.683143738692536],[138.45475278071638,-34.683045744065794],[138.45465278060146,-34.682809740377195],[138.45475278071638,-34.68263474849482],[138.45495876503503,-34.68207173782042],[138.45140385290551,-34.68337178877698],[138.4513748605615,-34.68338281446529],[138.4513228608614,-34.683170822675265],[138.45130286083838,-34.682995812806496],[138.45129386851727,-34.682941811215585],[138.45126084451238,-34.68294380950914],[138.45034388496242,-34.6826378196796],[138.4501548924344,-34.682390826275594],[138.45009387343362,-34.68233701624024],[138.45009779357838,-34.68229000058301],[138.4499408070227,-34.682138005264676],[138.449816487441,-34.6820924033417],[138.44979089273556,-34.68206983215697],[138.4494708923678,-34.68183682500944],[138.44928655563012,-34.68177381850688],[138.44925081027668,-34.68173400192262],[138.44920277658696,-34.68171800028546],[138.4488497854893,-34.68151999385259],[138.4487667843597,-34.681399003561125],[138.4485807802788,-34.68131199864979],[138.44829578871975,-34.68138300192396],[138.4478549986094,-34.68124873224315],[138.44760788469614,-34.681050870601155],[138.44731687667263,-34.680468879734974],[138.44716703163328,-34.68029269265361],[138.447159798386,-34.6802740011442],[138.44698678860948,-34.680036997409445],[138.44669778157743,-34.67970899217619],[138.44648980436102,-34.679498997780456],[138.44621879276315,-34.67928199406873],[138.44601077867458,-34.67909799277811],[138.44574578893707,-34.67889399326316],[138.44552281102892,-34.678745992733354],[138.44524679740186,-34.6785769957317],[138.44493078103073,-34.67839599188147],[138.44456880930318,-34.67815900613317],[138.44423279200976,-34.677948994650365],[138.44377478887543,-34.6777429968418],[138.4434297909521,-34.677586005789465],[138.44311881078454,-34.67746399926409],[138.44287177870967,-34.67737499515988],[138.44262777645076,-34.67729699875747],[138.4422308022098,-34.67720699730506],[138.44187781021287,-34.67702399516122],[138.44165180248876,-34.67688500403966],[138.44153777744657,-34.67687499458526],[138.4411037916068,-34.67678599227969],[138.44085778116175,-34.676660007153544],[138.44068880394525,-34.676597178716804],[138.44056042212583,-34.67653437636034],[138.44029079098732,-34.676370000974714],[138.44007879829792,-34.67622699617891],[138.43984881287247,-34.67605799917726],[138.43959280196634,-34.67564300701912],[138.43910078197553,-34.67572799475113],[138.43907590133188,-34.675720383788644],[138.43895098909695,-34.675631018156935],[138.43854897235724,-34.67526501476857],[138.43799898836266,-34.67469103326454],[138.43755994833305,-34.67404403310559],[138.43708295691295,-34.673531046320704],[138.43674403660805,-34.6729869510869],[138.43673477898687,-34.67294300481575],[138.4366917815006,-34.672881992110206],[138.43665829434485,-34.67285150149553],[138.4364119484527,-34.67248106085225],[138.43644894026647,-34.67221205204453],[138.43679819378167,-34.67153988166018],[138.43656681980292,-34.67178862694351],[138.43654842057322,-34.671808406632636],[138.43645839124179,-34.671905195268494],[138.43645771135436,-34.67190592641731],[138.43567958284655,-34.672742619676114],[138.4356627556317,-34.67276084983331],[138.43566257846533,-34.672761040489604],[138.43550078683188,-34.67281400516214],[138.4348048041984,-34.672691997737445],[138.43500004251803,-34.67196108093907],[138.43486006573949,-34.67188608197705],[138.4348310113421,-34.6717860710703],[138.43488700223338,-34.67139907031083],[138.43489700359396,-34.67104806941285],[138.43481699540803,-34.67083907506321],[138.43463701318763,-34.67064608325012],[138.43458901637007,-34.670447077670474],[138.43444900271936,-34.67038007098347],[138.43416499591785,-34.670365085580215],[138.43406900138336,-34.67032708742511],[138.43361202077824,-34.66992108578944],[138.43354902147018,-34.66983909369918],[138.43351898231526,-34.66975710160892],[138.4335600084877,-34.66946909372365],[138.43318902285523,-34.66914610311011],[138.43311401579922,-34.669072103294866],[138.43306101785174,-34.66903510338727],[138.43293202629206,-34.66896911293418],[138.4327360208507,-34.66896511724633],[138.43261100879113,-34.66878211510249],[138.4325560026574,-34.668772107446785],[138.431150023255,-34.66837313581152],[138.43081502669224,-34.66826714890976],[138.4305900396986,-34.668154150893315],[138.43044104631724,-34.66800615126283],[138.4302860319749,-34.66774215617551],[138.43021102401963,-34.66732514683804],[138.43003702858607,-34.66697015115153],[138.42994103405158,-34.66653514188323],[138.4298800060575,-34.666047149056624],[138.4298760265574,-34.665461142717504],[138.42980003384457,-34.665117153833535],[138.4298130290481,-34.66502715238113],[138.4298329939976,-34.664388142698556],[138.4298469730594,-34.66430714975513],[138.42985894483445,-34.66425314906354],[138.42997395643306,-34.66406615123185],[138.43010897075249,-34.66394314376106],[138.4303639960017,-34.66380415443814],[138.43043097301108,-34.66374214168644],[138.43064796593092,-34.663440128658976],[138.43068293247143,-34.663369126284124],[138.430749946353,-34.66331612383999],[138.43144092785656,-34.66283512414162],[138.43145392126155,-34.66277213112892],[138.4316939098461,-34.66279510790787],[138.4317799398924,-34.662824116439765],[138.4318658979929,-34.66286211459487],[138.43187593532627,-34.66288011632429],[138.4318979084618,-34.66289010599354],[138.43184589527186,-34.662807114756504],[138.4317939198536,-34.662716113258],[138.4317399353498,-34.662697114180446],[138.4316649282939,-34.662650104818454],[138.43165591259037,-34.66260511263579],[138.4317248977859,-34.662480108670024],[138.43174792942352,-34.66244510705599],[138.43191889594038,-34.662214115289146],[138.43203485542426,-34.661973115866545],[138.43203587795347,-34.66196410735762],[138.43212887954417,-34.661768118104135],[138.4322998829333,-34.661176117783555],[138.43236988975866,-34.661016111304434],[138.43260885581412,-34.66072308879944],[138.433469816379,-34.65968707070169],[138.43374181453316,-34.65935007494596],[138.43383182318018,-34.65924407005775],[138.43428675962627,-34.65866705514043],[138.4343767682733,-34.65857005966046],[138.43440177122477,-34.65846205737802],[138.4343527887503,-34.65829006203671],[138.4344137438992,-34.65805705398981],[138.43439574846514,-34.65796605339062],[138.43441775847282,-34.657949051707305],[138.43453977758872,-34.65788805698821],[138.43464876732685,-34.65754806379209],[138.43485973748693,-34.65600205634979],[138.4349417169867,-34.6558230498938],[138.43513366918353,-34.65560203070913],[138.4351796955865,-34.65552203601311],[138.4356037169381,-34.65486402905168],[138.43579165456129,-34.65442604122876],[138.43595966500664,-34.654294025249044],[138.4367596344497,-34.65416702298967],[138.43680562487975,-34.654096019715496],[138.43678562395746,-34.65402301814771],[138.43666659688597,-34.653984020845826],[138.43647164994672,-34.65396202432794],[138.436405657695,-34.653961025181104],[138.43629568319932,-34.653995027648364],[138.43626367273032,-34.65398501999266],[138.43623166226143,-34.653939009777446],[138.4362666297012,-34.653886026219084],[138.43677164399628,-34.653761021354],[138.43714660733008,-34.65363400110823],[138.43765158565225,-34.65355400731153],[138.4380655687711,-34.65356297894829],[138.4381956179335,-34.6535749848976],[138.43865657624008,-34.65349397396767],[138.4387225684918,-34.65348698083943],[138.43893959738455,-34.653518967926004],[138.4393395645693,-34.65364397189177],[138.43941555728225,-34.653654960707854],[138.43951356000287,-34.653647967579616],[138.439647587766,-34.65355097299897],[138.43973453152353,-34.65355297129253],[138.43983158456,-34.653617960800204],[138.4400205447124,-34.65384795342027],[138.44008255836343,-34.65396594627134],[138.4401205547199,-34.654137940713326],[138.4402035558495,-34.654283942949576],[138.4406695512588,-34.654726943593516],[138.44101754302528,-34.65513094603631],[138.44120956896654,-34.65526991827204],[138.4412735539314,-34.65530691907901],[138.44157555436846,-34.655421933375465],[138.44168355755016,-34.65544392989341],[138.44165187533383,-34.65540602256982],[138.44148266159561,-34.65523097582883],[138.44134085919336,-34.65487701616132],[138.4413426479449,-34.65482301367109],[138.44138765271805,-34.65477900264881],[138.44163891880112,-34.65476603442488],[138.44175772643803,-34.65479502407106],[138.44185492516476,-34.65484299390897],[138.44204571184014,-34.655000040719244],[138.44209863604328,-34.65505502257122],[138.44224478217097,-34.65527498685111],[138.4423517268508,-34.65535797808815],[138.44237293376398,-34.65536697040932],[138.44255871841017,-34.65537102095578],[138.44262281219312,-34.655399991716195],[138.44280892599124,-34.655394960009346],[138.44349184057603,-34.65517499483008],[138.44380862496814,-34.65515403523051],[138.4440386850373,-34.65510497271629],[138.44434791152696,-34.65499400986562],[138.44484580858727,-34.65476999324056],[138.44516365058212,-34.65474102158083],[138.44540885793253,-34.654574966261634],[138.4456849435054,-34.65444500343409],[138.4457879095844,-34.65430299778507],[138.44579980851438,-34.654275988446045],[138.44581886245055,-34.65400599937732],[138.44580484651647,-34.65339300078631],[138.44576268899698,-34.653329010425466],[138.44568782673184,-34.65329102935749],[138.4456338440267,-34.65328103878886],[138.44532965284122,-34.65323900717442],[138.44525369520193,-34.65321003641401],[138.44523387684205,-34.653174034753874],[138.44496567472618,-34.652636018037754],[138.44483788735863,-34.651488963344946],[138.44474966746327,-34.65116199413069],[138.4447406886319,-34.65108098230144],[138.4446686736204,-34.65093501693741],[138.4445239520188,-34.65035496770753],[138.44440083752875,-34.65008198209773],[138.44428670186983,-34.64990001597289],[138.44406390562483,-34.6493269778577],[138.44394973399312,-34.64913500407715],[138.44368696917832,-34.648539026055175],[138.44351669783737,-34.648156983258104],[138.44320491457518,-34.64767296813295],[138.44300186474436,-34.647173005329876],[138.44226390805295,-34.645985009000924],[138.44165691243666,-34.64516997321567],[138.4411467881938,-34.644357008569045],[138.44096173379705,-34.643993040346515],[138.4406089612346,-34.643408033154174],[138.44027272360734,-34.642978018720555],[138.4401089111974,-34.642658968036926],[138.44004773751317,-34.642503993264654],[138.4397759219213,-34.64211995217403],[138.43953797839504,-34.6417000209392],[138.43949476237344,-34.641530005905],[138.43946990691074,-34.64142803357686],[138.4394389540446,-34.64137403198595],[138.4392917134419,-34.64118098531418],[138.439046943162,-34.6409960397354],[138.4388888990036,-34.640820992994406],[138.43883776265272,-34.640703000143276],[138.43852780501425,-34.64015597311965],[138.43838487036555,-34.63982802364433],[138.4381868585367,-34.639534984052204],[138.43804574951184,-34.63915401414641],[138.4379946482345,-34.639045011817814],[138.43756767261004,-34.63835004002226],[138.4373797691611,-34.638093982351336],[138.43733980239006,-34.63797600838603],[138.43734374501787,-34.63782101472799],[138.43734483949277,-34.637804994205055],[138.43737290733384,-34.637607006658016],[138.43744382787042,-34.63741899079372],[138.43742473886073,-34.637310987611954],[138.4373617386534,-34.6372550066132],[138.43701469747043,-34.63716698366932],[138.43676777421342,-34.63704503200256],[138.43655465017707,-34.63688700493128],[138.43637572735804,-34.63669403110458],[138.43557181528706,-34.63551395330626],[138.43542782303564,-34.635230996013604],[138.43521977297416,-34.63489296423887],[138.43478597059618,-34.634135962604546],[138.43469596194916,-34.63385498382041],[138.43463869402058,-34.63322300593694],[138.4345526990479,-34.632824035201],[138.43455879465273,-34.63265303900653],[138.43463869402058,-34.63253702556324],[138.43467183493726,-34.632520024779296],[138.43479279555118,-34.632495993095574],[138.4349778508472,-34.63250004544068],[138.43520283784073,-34.63261200563949],[138.43522477320482,-34.63261298679987],[138.43525791592015,-34.63261298679987],[138.4353029206933,-34.632569974924365],[138.43529284558838,-34.63254198442502],[138.43521977297416,-34.632440993257205],[138.43503687155442,-34.63233803976868],[138.4344169553782,-34.63230699697027],[138.4342538732177,-34.63227702706308],[138.43416784227213,-34.63222104606439],[138.43415773299307,-34.63220304523429],[138.43417287937496,-34.632086032644224],[138.43452784268584,-34.63150698256118],[138.43466464485755,-34.631330049042504],[138.4346768720401,-34.63129404828163],[138.43466789230945,-34.631231037282475],[138.43464591917393,-34.631220954983064],[138.43438888663786,-34.63143200338419],[138.4339878249782,-34.6316940001779],[138.43381178538561,-34.63176302314497],[138.43372396658788,-34.631769959615895],[138.4336378996694,-34.63173198034656],[138.43354179541757,-34.63166700792601],[138.4329808999487,-34.631105033270615],[138.43263495234123,-34.63067403857599],[138.4322378692823,-34.63010703311306],[138.43206639195046,-34.62969692427362],[138.43190166762793,-34.62933402894225],[138.43186648165283,-34.62923024358082],[138.43186170085687,-34.62921603609112],[138.43185881673105,-34.62894504787562],[138.43191674296338,-34.62848702405688],[138.43189739674756,-34.62844893327161],[138.43186538627867,-34.62843093334084],[138.43130080448861,-34.628283986816484],[138.43098975147586,-34.62812496059843],[138.43070172920147,-34.627911027172104],[138.4305347062118,-34.62767298741841],[138.4305059072219,-34.62755499366796],[138.43051094432474,-34.62741098972538],[138.4305217487797,-34.6273929897946],[138.43060095387102,-34.627304966850716],[138.43071078177718,-34.62726204670605],[138.43112739361436,-34.62725192663504],[138.4311823988487,-34.62724393615866],[138.43120539361405,-34.627208933645306],[138.43118342047853,-34.62719892509028],[138.43116739635832,-34.62719692679667],[138.43040140779874,-34.627109921885335],[138.43020441759984,-34.62710594418394],[138.43015145562526,-34.627086944207065],[138.4300767768218,-34.62697799763646],[138.4300723962242,-34.626814938858274],[138.4300818507968,-34.626815992863726],[138.42988887427214,-34.6267040317656],[138.42974090342,-34.62655599526295],[138.42971283557893,-34.62641199132031],[138.42957891663377,-34.626157023627684],[138.42953573748434,-34.62612803398156],[138.4292124204169,-34.626048946701474],[138.42904970338122,-34.62596495721698],[138.42860582679748,-34.62550497197685],[138.42825195976025,-34.62497496642152],[138.42799040093632,-34.62467994742161],[138.42774975674592,-34.62428798690104],[138.42732964204936,-34.623764991561075],[138.42716367576304,-34.623491043676665],[138.42679575591944,-34.623051020688024],[138.42657686453072,-34.62272199922086],[138.4265167493486,-34.622531004802],[138.4265099243936,-34.62242300162018],[138.42661398584687,-34.621866003812954],[138.42658478575936,-34.62174801096188],[138.42649083448453,-34.621629036950424],[138.4264148777445,-34.62159995557346],[138.4264206082246,-34.62177204174628],[138.4263936348584,-34.62193295564134],[138.42634684133373,-34.62204996823141],[138.42626763804117,-34.6221199723588],[138.42614598225134,-34.62218999537197],[138.426026444365,-34.62221297215092],[138.42587445893923,-34.622200965302284],[138.4256779795552,-34.62215301255145],[138.4254434678419,-34.62204798882357],[138.42513347243187,-34.62183398075359],[138.42476945834392,-34.62162798294503],[138.42446946429436,-34.62144997563581],[138.42392448232908,-34.621069004830645],[138.42345348668914,-34.62079799862869],[138.42301650880495,-34.62046400031335],[138.4226315072383,-34.62021199318889],[138.42239549725446,-34.62009899517244],[138.42217846836172,-34.6200500261877],[138.42207798441154,-34.620083991782735],[138.42205564705057,-34.620111002021076],[138.42195268097146,-34.6202620170784],[138.42187384100498,-34.620333039238346],[138.4215966222863,-34.62049800278055],[138.42144292185344,-34.62053102498675],[138.42092272340506,-34.620753968720635],[138.42048494152687,-34.62082595315519],[138.42018794132048,-34.620919025792375],[138.41969292838598,-34.62103502124921],[138.41953886192903,-34.62109398080253],[138.41950575698513,-34.6211119807333],[138.4192919395714,-34.62131501887296],[138.41924762817553,-34.621341029964526],[138.41902767918407,-34.62139899037106],[138.4189697178782,-34.62150599440605],[138.4189549716947,-34.62164999834869],[138.4188509462142,-34.62181002281426],[138.41882893620652,-34.621828023644355],[138.41863165462723,-34.621849983290076],[138.41853087749803,-34.62195698732506],[138.41840885838212,-34.6220170197696],[138.41795885022077,-34.62209801181376],[138.4167286532048,-34.62208613626615],[138.41593766259314,-34.62192812718126],[138.41563365396996,-34.621894141801135],[138.41453569776434,-34.621799162601235],[138.4143626879877,-34.6217231653917],[138.41422369596683,-34.62163016559964],[138.4137816809798,-34.62113416161225],[138.41360969283312,-34.62105816530203],[138.41339372154312,-34.62099015766961],[138.41328772564805,-34.620880175979266],[138.41326670219667,-34.62085216659415],[138.41329174022167,-34.62074516255916],[138.41346168600808,-34.62055017335177],[138.4136046917032,-34.62049015889369],[138.41381369054943,-34.620467164128286],[138.41401170327754,-34.62039014798688],[138.41407667389944,-34.620392146280494],[138.41443568775685,-34.62044414867847],[138.4147266652035,-34.62054114505776],[138.4149736604062,-34.620654143074205],[138.41509363626233,-34.620657121628824],[138.4152366437562,-34.62062413629479],[138.4154026460153,-34.62053713138346],[138.41559266466982,-34.62039712222935],[138.4156706286966,-34.62033512926274],[138.415864662824,-34.62007810931726],[138.4159006518936,-34.61997110528222],[138.41588064917266,-34.61989810371449],[138.4158286737544,-34.61983411155495],[138.4156676717257,-34.61974910493723],[138.41550864191038,-34.61961113184822],[138.41538965171117,-34.619554132816916],[138.41511863831454,-34.61950412781323],[138.4150536326191,-34.61948412868952],[138.41494767269705,-34.61941012887428],[138.4148096663331,-34.61927213779887],[138.4146636667948,-34.61906112716923],[138.41464067202946,-34.618754138192855],[138.41460066748687,-34.61863612555669],[138.41449664290576,-34.618481132798024],[138.41424263928639,-34.618223131692105],[138.41419062699595,-34.61814012336794],[138.4141896413389,-34.617834131739755],[138.41413065750396,-34.61763412881197],[138.41410864749616,-34.61760713835872],[138.41398264977954,-34.61746912839749],[138.4137056513947,-34.61724712715318],[138.41341766689186,-34.61706012932149],[138.4131586252704,-34.61694713220436],[138.4129156815136,-34.61672514984576],[138.41287965557171,-34.6164631350656],[138.41288965693218,-34.61579613488368],[138.4128726480543,-34.61564212328534],[138.41287465534117,-34.61558913882766],[138.41295864122833,-34.61531112061169],[138.41320768148933,-34.615028107561045],[138.41332163458583,-34.614868119967696],[138.4133666024868,-34.61483311835366],[138.4135305965599,-34.61480910465639],[138.4137466038228,-34.614895112219585],[138.41381164728978,-34.61488711994457],[138.4139336295334,-34.61483611489473],[138.41397859743438,-34.614792103872446],[138.41395961724265,-34.61470112125971],[138.41397363317674,-34.614602107701046],[138.4141416067498,-34.614434091859835],[138.41420862063137,-34.6144090979015],[138.41429563723398,-34.61442909612583],[138.41445561673333,-34.61453108733974],[138.41457358440346,-34.61457008464163],[138.4146825732422,-34.61459909317358],[138.41511659505488,-34.61465409391127],[138.41526960300985,-34.61464808104404],[138.41542359662174,-34.61459707689352],[138.41546761573795,-34.614580075210256],[138.4156465745299,-34.614430077286215],[138.41582757838012,-34.61424507684876],[138.41588254764156,-34.614219065757254],[138.4159695633448,-34.614230072559735],[138.41627853532623,-34.61446206437273],[138.4164505603452,-34.614529052173964],[138.41658254484867,-34.61451304873816],[138.41693356463236,-34.61442204813898],[138.41701156553142,-34.61438706541071],[138.41700156417096,-34.614351063750576],[138.4169685689444,-34.61435006460374],[138.41668255485604,-34.61444306439586],[138.4165735660173,-34.614432056694],[138.41641256398873,-34.614347049176956],[138.4162965667332,-34.614246058009144],[138.41614855990815,-34.614071047241],[138.41611654854,-34.61405304731022],[138.41599657358302,-34.61405004986989],[138.4158095478724,-34.614100073759346],[138.4157875747369,-34.61410908406691],[138.4154185963912,-34.614417071290745],[138.41529559161836,-34.61451306762393],[138.41514360439385,-34.61450107966107],[138.41511159482434,-34.614482080583514],[138.41484258961384,-34.61435010237528],[138.41478959166636,-34.61430409216007],[138.41462158301965,-34.61408409010863],[138.41447258873905,-34.61397309038574],[138.41410459605038,-34.61388408628153],[138.4136246206798,-34.61388310602047],[138.41346259792067,-34.61385211898005],[138.41340963594598,-34.613788108834115],[138.41341262888977,-34.613707115890634],[138.41350960998057,-34.61337509608376],[138.41349059291656,-34.61330309366281],[138.4134056204731,-34.61322008443932],[138.41329761729128,-34.61320010420138],[138.4128936355329,-34.61319111367891],[138.41271861757025,-34.61321410934363],[138.41231164286808,-34.613332121080475],[138.41197365336143,-34.61332512795224],[138.41188765838876,-34.61329613830611],[138.41180265087166,-34.61324013842159],[138.41179166385427,-34.61321312818325],[138.41180564381546,-34.61313213613914],[138.4122116328606,-34.61269011485689],[138.41228160371315,-34.612556120368595],[138.41236661123014,-34.61228711066161],[138.41249060255927,-34.61212810422859],[138.4126246303225,-34.61202211732683],[138.41308858157288,-34.61183410236191],[138.4131215776987,-34.61182509205429],[138.41330659702191,-34.61183008688897],[138.4134496036164,-34.61181408525181],[138.41367856741203,-34.61180109814211],[138.41381058878767,-34.61177706555907],[138.41395359538217,-34.611744081124414],[138.4141405842206,-34.611685065813106],[138.41418460333682,-34.61166808301556],[138.4142376012843,-34.61161907625933],[138.41424760264476,-34.61149906712819],[138.41418361857916,-34.61133408290158],[138.41404360492845,-34.61128607619145],[138.4140115935603,-34.611267076214574],[138.4139265860432,-34.61117607471601],[138.41369659971838,-34.61054008225892],[138.41337955991878,-34.609496071886156],[138.41313555765987,-34.60892307064313],[138.4129935726953,-34.60856907410346],[138.41272854518627,-34.60798608319112],[138.41235555226694,-34.607365075237965],[138.41198555139215,-34.60664507261197],[138.41139158785154,-34.6057670815855],[138.41124456578416,-34.605566080410256],[138.41086653486275,-34.605089076399736],[138.4101705900008,-34.60399208066997],[138.40991859366818,-34.60367106856489],[138.40977357978693,-34.60344307513776],[138.40972058183945,-34.60338807529939],[138.40948760167157,-34.603176082610105],[138.40926659327874,-34.602900081573466],[138.40867456328056,-34.60232907862405],[138.40853958673256,-34.602100068063635],[138.40790459701964,-34.601548101064],[138.4078185651747,-34.601436084207876],[138.40770359044836,-34.60095610164274],[138.40771757040966,-34.600848099360235],[138.40773961639024,-34.600831096777654],[138.40781561000244,-34.60084106935983],[138.40822959222191,-34.60084106935983],[138.40841855237431,-34.60071907902221],[138.4084525719287,-34.60068307916072],[138.40851257649422,-34.600513082113025],[138.40850556987618,-34.60038707810111],[138.40845556397312,-34.60026007584179],[138.40839157990752,-34.600213068278435],[138.40829255555707,-34.600220079393125],[138.40828156853956,-34.6002290699156],[138.40826857423542,-34.60028307240583],[138.40832055055307,-34.60036508158322],[138.40833854598714,-34.60049206585609],[138.40828156853956,-34.60058006991426],[138.40825857377422,-34.60060708105192],[138.408049574928,-34.60067506799993],[138.40794058518986,-34.600664079183844],[138.4078655772347,-34.60064408095951],[138.40777962093284,-34.6005790716668],[138.40739757453855,-34.60027309982365],[138.40707560825274,-34.60009509341381],[138.40691858572427,-34.599884100770566],[138.40686657343372,-34.59980208979454],[138.40678557959086,-34.59959309544496],[138.40687661076709,-34.599117071695446],[138.40684759234261,-34.599009069413],[138.40680656796883,-34.59894507815278],[138.40674061169,-34.598943079859225],[138.40666060350406,-34.59906808382499],[138.40652558918464,-34.59919109129578],[138.40644959737108,-34.59920709293294],[138.4064166003459,-34.59920709293294],[138.40617858487383,-34.59915708702988],[138.4058446099409,-34.59903210194989],[138.40547263865142,-34.598910113410966],[138.404620618247,-34.59864911486471],[138.40373666201742,-34.5984831332899],[138.40297165731624,-34.59837614724137],[138.40271568328217,-34.598333153352314],[138.40269265164466,-34.597850155360334],[138.4023906512076,-34.59767014975756],[138.40138266677673,-34.59764917127217],[138.4008517016448,-34.5977731581047],[138.39961475341818,-34.59856519912461],[138.39871575782604,-34.59848620357542],[138.39828173691274,-34.59832122114739],[138.39830476855025,-34.597947205698915],[138.39814175833556,-34.59781223005035],[138.39729579846244,-34.59745421803768],[138.39661678873392,-34.59730523814619],[138.39647878236997,-34.59727425020645],[138.3950888261885,-34.597322257815904],[138.3939698456319,-34.596917274212785],[138.39295985391414,-34.59617727426178],[138.39224985534656,-34.59534227712436],[138.3909668807171,-34.59478130071642],[138.38924090544344,-34.593703305862846],[138.38923991978652,-34.593486320137515],[138.38950688173725,-34.59328631631041],[138.38996889764655,-34.59315130289025],[138.3899959078849,-34.59293529742598],[138.38995386098202,-34.592800302891646],[138.3896828835583,-34.592620298188194],[138.38902887768063,-34.592397316682764],[138.38903989977166,-34.59205832263342],[138.38918487768,-34.59175329507843],[138.3899918564391,-34.590964270384745],[138.3889778870199,-34.5913773011215],[138.38804490964492,-34.592004321042566],[138.38763789896996,-34.591948340043814],[138.38751993040057,-34.59188133425613],[138.38756792721813,-34.591385330268736],[138.3874449224453,-34.59118232900124],[138.38650993868282,-34.59082333672757],[138.38647489839786,-34.59046432556812],[138.38688289562924,-34.58985430733037],[138.3868969124626,-34.58965030781542],[138.38670492159497,-34.58958431826164],[138.38575292895462,-34.589652342981196],[138.3841999994305,-34.58961136537215],[138.38384697235995,-34.58983636225827],[138.38344496191553,-34.58984237512544],[138.38372097374406,-34.589408365003976],[138.38393997395065,-34.58862934796599],[138.38442692086574,-34.58824636088082],[138.3844819252007,-34.58801035629284],[138.38435994295708,-34.58780735592467],[138.3829939662986,-34.58758537536471],[138.38236799228912,-34.58738237409722],[138.38062201429454,-34.58621239658481],[138.37961300823383,-34.58567439785514],[138.377952039555,-34.58558742981597],[138.37724306351663,-34.58536143378308],[138.37566210302373,-34.58509346099436],[138.37424415094688,-34.58500647496879],[138.37393112662028,-34.584668480066284],[138.37425210724905,-34.58384746828597],[138.37431109198337,-34.58369946775616],[138.37428108880124,-34.58270845982753],[138.37407610452863,-34.582369465778186],[138.37347411004225,-34.58223547128995],[138.37260212468834,-34.58219347564835],[138.3715831550386,-34.583174493907734],[138.37116314826073,-34.58334452692833],[138.37080917150615,-34.58332251242399],[138.37058316378204,-34.58320951440754],[138.37052417994698,-34.582906521119014],[138.37137514095002,-34.58235450016002],[138.37146912819776,-34.58211449898488],[138.37099616124397,-34.58147349190807],[138.3696841681899,-34.580348508376915],[138.36908516754647,-34.57958449472858],[138.36870217236742,-34.57940352775057],[138.3672572109516,-34.579202543662404],[138.36605723655225,-34.57846154456456],[138.36488624460458,-34.57839455586401],[138.3643332685656,-34.57814857959323],[138.36433027652106,-34.57799958081597],[138.3645172653596,-34.57780954867167],[138.36492321843184,-34.576277544572974],[138.36495022867018,-34.575769536434905],[138.36485324847865,-34.57566854436777],[138.36455423918687,-34.57577053468236],[138.36422825832756,-34.575927562606864],[138.3639312212489,-34.57627554807806],[138.36373926725344,-34.57627856260552],[138.36399823602983,-34.57570456311504],[138.36404024695992,-34.57566255038637],[138.36465720616525,-34.5750635389511],[138.3646881950043,-34.5747895173223],[138.3644691947976,-34.5746545398751],[138.36417022327726,-34.5746785346866],[138.36365323720725,-34.57490552986627],[138.36310825524185,-34.5748835522341],[138.36237424117837,-34.57472656118182],[138.36206227535376,-34.5744955703143],[138.3619772669374,-34.573982546657135],[138.36208322685945,-34.573014553278995],[138.36188922870497,-34.5717745338676],[138.36190948683338,-34.5717102647169],[138.36218221433774,-34.570844520658056],[138.36218823619822,-34.570827518974795],[138.36216020433005,-34.570477518122914],[138.36089120966165,-34.5694105309712],[138.35955421455537,-34.567767546035384],[138.35829824926486,-34.5668225276375],[138.35734326368072,-34.56582054977849],[138.35641627219331,-34.56506656357101],[138.35499828504294,-34.564686573926224],[138.35434529989573,-34.564417565118504],[138.35254435263982,-34.56313558963569],[138.3518983399365,-34.56213359289097],[138.35119129744044,-34.56054558980708],[138.3508853184028,-34.558934573072065],[138.3506563537078,-34.558608565233044],[138.35021433962015,-34.55827157037663],[138.35001530436284,-34.55778657319178],[138.34978035467964,-34.55765857178562],[138.3495393075931,-34.557528572985234],[138.3495843492384,-34.557109566253416],[138.34961431554825,-34.55694658121968],[138.34997230777583,-34.55633756122944],[138.3501312647461,-34.55534555415397],[138.35011929297104,-34.55491054488567],[138.35008027498475,-34.55332851779684],[138.35046323239237,-34.55271152441725],[138.34987123836697,-34.55246151468708],[138.34971425271067,-34.552344520982786],[138.34881025688787,-34.550403518707355],[138.34855125303795,-34.54980151073107],[138.34771923535448,-34.54729849782734],[138.34742723537863,-34.545743480976796],[138.34708325998452,-34.545069488566014],[138.34662321359053,-34.54358847063139],[138.34501724924667,-34.540615464831774],[138.34445022220007,-34.53919144682777],[138.34367123933635,-34.53778444759416],[138.34346720474775,-34.53682744303205],[138.34302927717943,-34.53645244732252],[138.342884226426,-34.53599144584848],[138.34297923530357,-34.53535341822561],[138.34292525259843,-34.53524743222317],[138.34284922301333,-34.53527442267642],[138.34249126765792,-34.53528443213082],[138.34243126129377,-34.53528243383721],[138.34214126860468,-34.535103428280536],[138.34193924130295,-34.53460143031174],[138.34193924130295,-34.53459441829773],[138.3419242765841,-34.53455642014262],[138.34197523037267,-34.53392042678621],[138.34231322077858,-34.5335444139435],[138.34266825603527,-34.53342340566559],[138.3438772083665,-34.533376397202915],[138.34390118968827,-34.53336838694145],[138.3439722190427,-34.5333643912536],[138.3444111673416,-34.533209397595556],[138.34446715823287,-34.533147385743234],[138.34446314365925,-34.53308139618946],[138.344403137295,-34.533035386873564],[138.34409515097047,-34.532971394714025],[138.3435652065691,-34.53321039674239],[138.34311819135155,-34.533038402300406],[138.34321918701596,-34.53260439217894],[138.34330419543232,-34.53246438392415],[138.3437361721867,-34.53211338392549],[138.34389516692852,-34.53202138328015],[138.3442061461967,-34.53181436833836],[138.34438616439002,-34.53153536896207],[138.34440916005474,-34.53121237834853],[138.3443251732682,-34.53122736285246],[138.34407014891826,-34.53168536778543],[138.34329517972878,-34.53191238095155],[138.34288919068365,-34.532627405830056],[138.34212024425392,-34.53343642964745],[138.34172823516997,-34.533482420077576],[138.3412912563864,-34.53326943004009],[138.34082026074645,-34.53288242928062],[138.33994426081904,-34.53151043166105],[138.33904928159916,-34.530343432703205],[138.33792230696895,-34.528401414193866],[138.3366863075271,-34.52692241343857],[138.33576829577032,-34.52499439827284],[138.33508830038477,-34.523909410291026],[138.33389431277237,-34.522708408865924],[138.33281832970226,-34.52113041523643],[138.33206537141984,-34.520242414755614],[138.32972637777016,-34.51810940182742],[138.32821042387206,-34.51725742099313],[138.32762445260641,-34.51669642659874],[138.32748739502733,-34.51662941991174],[138.32593245821647,-34.516116433126854],[138.32478748995072,-34.5155914403926],[138.3228785035402,-34.51513447237795],[138.3220045477717,-34.51452946696128],[138.32084457791495,-34.514036478400726],[138.31965960420746,-34.513714486034644],[138.31860960974575,-34.51312150635238],[138.317524646945,-34.51288450171836],[138.31573267941974,-34.512127518969805],[138.31480474004672,-34.51183651364414],[138.3132367369859,-34.51090653730682],[138.3111637924751,-34.51001256173032],[138.30923984044637,-34.50905056233353],[138.30758587928494,-34.50776956621246],[138.3066588527239,-34.50719858304814],[138.30624789852175,-34.50677258318814],[138.30426496355733,-34.505674590110175],[138.30421492168136,-34.5054605820402],[138.30442994328735,-34.505087565738506],[138.30433694169653,-34.50470457865333],[138.30430595285748,-34.50467157533291],[138.30424941427907,-34.504685876352085],[138.30389894128314,-34.504774582780726],[138.3037899524444,-34.50476357597819],[138.30298498187153,-34.504382587186626],[138.30213697783927,-34.503393594638624],[138.30195195851616,-34.503106585900184],[138.30139098930283,-34.50259058368846],[138.29977904087013,-34.50084359215799],[138.2990880224943,-34.50013058266023],[138.29852402436427,-34.49927057357809],[138.29805704329794,-34.498577582989014],[138.29799200073035,-34.49846758241296],[138.29787001758734,-34.49824356488858],[138.2978070542522,-34.49816057365149],[138.2977330697255,-34.49807858156123],[138.2976600321848,-34.49800458174599],[138.2975860836309,-34.49792157342182],[138.2974280394725,-34.49776458236954],[138.29734306702903,-34.49769058165498],[138.29705606728373,-34.49746858220925],[138.29698208275693,-34.49740357291654],[138.2968970734413,-34.49733858161022],[138.2968010789067,-34.49727357321677],[138.2966420841649,-34.49713458299459],[138.2965680627659,-34.49707858311007],[138.29648305345017,-34.4970225832256],[138.29640804639428,-34.4969575928186],[138.29632307485008,-34.49689258442521],[138.29623908716417,-34.49680959318812],[138.29617711038543,-34.49672760109786],[138.29606111402927,-34.49658959113668],[138.29592511495218,-34.49643359923118],[138.29584211382257,-34.49628759699499],[138.29577907854173,-34.49622258770222],[138.29571509447612,-34.49616758786385],[138.29563008605965,-34.496111587979385],[138.2955231036084,-34.49606459840243],[138.29542707220173,-34.4960076002705],[138.29526709360152,-34.495887590240045],[138.295183106815,-34.495812591278025],[138.2950350981913,-34.495665589895],[138.29486511823063,-34.49551759026451],[138.29478007384137,-34.49547059978829],[138.2947060884153,-34.4954055913949],[138.2946201303148,-34.49536759234047],[138.29453512189843,-34.495311593355325],[138.29448113829392,-34.49526560202588],[138.2943861285171,-34.49519160131132],[138.29436514193776,-34.49518159275624],[138.29435411894747,-34.495172584247314],[138.29434313193008,-34.495172584247314],[138.2942581235136,-34.49512559377109],[138.29399014083242,-34.49496658643875],[138.29389513105548,-34.49490159513249],[138.29379913562173,-34.49482659706973],[138.29349209898123,-34.49455858740885],[138.29338613905918,-34.49447559617181],[138.29328010629195,-34.49437358697139],[138.29307913659295,-34.49419759684156],[138.29299515070568,-34.49411458671875],[138.29291116391914,-34.494004586142694],[138.29282714026033,-34.49390359497488],[138.29275549217232,-34.49382510934129],[138.29340140505087,-34.49375337401898],[138.2934029968509,-34.49375319685248],[138.29421859201443,-34.493658997364776],[138.295339027674,-34.49352952736575],[138.29533891525875,-34.49352938976949],[138.29526308981985,-34.49343719217262],[138.2975132925045,-34.49317871262747],[138.30299870552585,-34.49254842457009],[138.31499965101318,-34.49116856687584],[138.31778925447054,-34.49084768697111],[138.32385252957067,-34.48861634217042],[138.33500371285118,-34.48733964930534],[138.3351041536339,-34.48732814697638],[138.33791282631591,-34.48732845904112],[138.34646431057956,-34.487329226162785],[138.35183446828614,-34.48733060842079],[138.35167218112633,-34.48741793888672],[138.35167181420297,-34.487418135838254],[138.35190429344846,-34.48741830311218],[138.3571991958862,-34.48741629942265],[138.35854446205735,-34.48612258958582],[138.3585898112708,-34.48607897786252],[138.35858989400845,-34.486078898722155],[138.35859029060953,-34.485852375686534],[138.3585902915088,-34.48585161216215],[138.35867238342382,-34.485915714038924],[138.35869452383326,-34.48593300260592],[138.35928248889581,-34.48644524565151],[138.3602759034103,-34.48731072081307],[138.36235311340556,-34.48731363191854],[138.3660194794155,-34.48731884708707],[138.36967888377353,-34.48732389408241],[138.3750584007247,-34.48733281715573],[138.37505840252334,-34.48733300421475],[138.375059354006,-34.4874352985002],[138.375060077061,-34.48751299183107],[138.37506007796026,-34.48751308176327],[138.3774760832547,-34.487508396295425],[138.3860026500024,-34.4874918613603],[138.3888739973372,-34.48748671993616],[138.38932238581947,-34.487485916841536],[138.38977750662673,-34.48748510925037],[138.3898337250464,-34.48747519692273],[138.39016609289092,-34.4874165961989],[138.4053920611948,-34.48742200652032],[138.42057539533823,-34.487427401553305],[138.42773606636638,-34.4874265606872],[138.4367317797479,-34.487425503983786],[138.43673502000524,-34.48742550038651],[138.46100808985148,-34.48741659799754],[138.46098399341668,-34.49997500264419],[138.46099936732696,-34.499974898322876],[138.46191159104717,-34.499968698396685],[138.472535454148,-34.497074912976814],[138.4772662964025,-34.49578630139666],[138.477318607268,-34.49578642820103],[138.4773895898577,-34.49578659997155],[138.4773895898577,-34.49578700466651],[138.4908405023873,-34.495789499385864],[138.5098424964341,-34.48628620234632],[138.52535905907337,-34.46406228544606]]]},"properties":{"School_Name":"Riverbanks College B-12","ENTITY_CODE":1913,"zoneType":"secondary"}},{"type":"Feature","geometry":{"type":"Polygon","coordinates":[[[138.4942564863478,-35.24302436048578],[138.4942930572788,-35.24327304281661],[138.4945013258756,-35.244689271792424],[138.49510399665223,-35.248787431095025],[138.49536788561954,-35.253514392774946],[138.49537360081115,-35.253616765301445],[138.49567764630638,-35.25939363151082],[138.49628573729706,-35.2706433166357],[138.49673733905706,-35.27712444193941],[138.49687187133986,-35.27905517845369],[138.49707596348503,-35.28229513900942],[138.4976055148827,-35.29070177216903],[138.49778230540915,-35.29350832514905],[138.49796436596273,-35.2957202778685],[138.4979962397348,-35.2961075295388],[138.4984027000246,-35.30104584269145],[138.49867050014348,-35.30390237639352],[138.49884379140792,-35.305750809652125],[138.4989235486829,-35.30660155391854],[138.49910707782942,-35.31166159750467],[138.50051360941563,-35.31103418817719],[138.5023344775542,-35.31376549218368],[138.50404154278306,-35.3163829905825],[138.50540248413745,-35.31740369682308],[138.50540719388698,-35.31740722936013],[138.50677284589017,-35.318886686071664],[138.50802469318512,-35.32002472865827],[138.50816659811005,-35.320173084420276],[138.50981321360894,-35.32189454599643],[138.5105283877749,-35.32264222795641],[138.51138455225532,-35.32344802950291],[138.5123828276055,-35.3243875827207],[138.51243062747153,-35.32443257040677],[138.51231203207465,-35.32469926346022],[138.5124160638503,-35.32567323283337],[138.51251192798316,-35.326112267467124],[138.51263892214865,-35.326693871624855],[138.5126520963173,-35.32675420624156],[138.51266197447057,-35.32682345943505],[138.51279715246665,-35.32777117040314],[138.51279238246252,-35.328089454864426],[138.51278816014553,-35.328371162099415],[138.51240416042378,-35.32850617551952],[138.51214316817277,-35.3287651748729],[138.51164121606928,-35.3290411768088],[138.5108627718995,-35.32917410649975],[138.51054019227615,-35.32922919177372],[138.509959022491,-35.32951559526845],[138.50943024001367,-35.32977618192524],[138.50886413387275,-35.330117703968824],[138.508447833201,-35.33036885044203],[138.50832128060267,-35.33044519748785],[138.50784454728807,-35.330553533418765],[138.50725628814723,-35.33068721404368],[138.50669263715554,-35.330547443209866],[138.5062562878975,-35.33043924037861],[138.50586531213446,-35.33027024247764],[138.50478931197722,-35.33016125903481],[138.50355341146087,-35.33009531894379],[138.50338432003036,-35.33008629694501],[138.50284032012473,-35.330109292609734],[138.50277587021026,-35.33013715900262],[138.50253734392334,-35.33024029145622],[138.50208736004367,-35.33059328974849],[138.50137238462787,-35.33126630099895],[138.50093638430678,-35.3315922899522],[138.5008294081507,-35.33168830427178],[138.5002694398828,-35.33227730805129],[138.49999545602554,-35.33252929628998],[138.49948044846394,-35.33298929861718],[138.4992935045916,-35.3330733069875],[138.49900770993793,-35.333210547129],[138.4986666708303,-35.33337431547221],[138.49835849654744,-35.33352230251222],[138.4964005438501,-35.33433432287069],[138.49487919042235,-35.33525412787566],[138.49456460847,-35.33544432279723],[138.49382566432303,-35.336032308544134],[138.49362134375008,-35.33620315365255],[138.49317267198126,-35.33657831753527],[138.49303369614825,-35.33666030872621],[138.49284390322362,-35.33678972116866],[138.49217574381555,-35.33724531591855],[138.49138076830786,-35.33783933251914],[138.49105681092317,-35.33820331603016],[138.4908138239988,-35.33847632502233],[138.49058582427642,-35.33895932301431],[138.49057881585975,-35.339015321999454],[138.49049280020267,-35.3391853190472],[138.49023484855945,-35.339848302856865],[138.49015389158888,-35.3399857696275],[138.49014886437863,-35.33999430509306],[138.48996498089923,-35.340424228695156],[138.48985887978358,-35.340672293191744],[138.4892739202553,-35.34140228458773],[138.48839497594747,-35.34219828442326],[138.4882709765244,-35.34243327097863],[138.4878409917684,-35.34276527189974],[138.48672899264898,-35.343009305634894],[138.48659203219654,-35.34307129950082],[138.48614700358144,-35.34338085334366],[138.486142048317,-35.34338430044505],[138.48613708585788,-35.34339056871971],[138.48612567975636,-35.3434049758589],[138.485990048502,-35.34357629401069],[138.48580505615848,-35.34385229504733],[138.48557510400792,-35.344560271938974],[138.48524214440954,-35.34533727179763],[138.48451394266442,-35.3460325862348],[138.48440115239134,-35.3461402827478],[138.48390320047235,-35.34676426925557],[138.48381318463078,-35.346859266441925],[138.48371662712066,-35.346920098383805],[138.48344019261083,-35.34709425389667],[138.48346785485774,-35.34730743908699],[138.48349923220383,-35.34754926138925],[138.48349123183493,-35.34757425444826],[138.48340022404113,-35.34786326148031],[138.48122028808586,-35.34854328474478],[138.48011833619228,-35.348886293367684],[138.47914233614995,-35.348543321616944],[138.47679632059373,-35.34771836990683],[138.4754673285545,-35.34700541616695],[138.47261935999552,-35.346430492173454],[138.47236736006573,-35.34638048627039],[138.47214735981288,-35.346335476101274],[138.4703403844013,-35.3465635252864],[138.4684324798751,-35.34778452583515],[138.4679094719446,-35.34807351398143],[138.46786004250703,-35.34799709948652],[138.467854496388,-35.347988525350104],[138.46679651234922,-35.3485455420431],[138.46666252865282,-35.34861654441795],[138.46600755240672,-35.34896253159553],[138.461932640579,-35.35028759449682],[138.45760969663024,-35.35023866148498],[138.45733072063626,-35.35009869100173],[138.45677071999285,-35.34981068221714],[138.45561369631514,-35.34923572135142],[138.45482790828146,-35.34876704686167],[138.45482070381252,-35.34876274990097],[138.454766720208,-35.34878974125354],[138.45475302443265,-35.34880857485581],[138.45474272000058,-35.348822745473285],[138.45450275210044,-35.3491417412983],[138.4544707524234,-35.34911774648674],[138.45290275206037,-35.348591773491535],[138.4528207365878,-35.34855079588249],[138.45277974458963,-35.34854280360747],[138.45276073651883,-35.34853980616708],[138.45269974449764,-35.34852080708953],[138.45251974429084,-35.34847479777363],[138.45185475229505,-35.34801681172644],[138.45176675183416,-35.3476518254713],[138.45164572826786,-35.347548836009935],[138.45011769647454,-35.34670386629034],[138.4493197118353,-35.345868888038694],[138.44866569606506,-35.345467900123424],[138.44789769662145,-35.345256926366005],[138.44763670437044,-35.344672955192664],[138.44753766383224,-35.34457793912054],[138.44575071991983,-35.34383699578069],[138.44519168065165,-35.34344202073265],[138.44492367998396,-35.343118011187244],[138.44416725211704,-35.34296099405458],[138.44373733570956,-35.34287175342865],[138.44371472045805,-35.342867058967556],[138.44359072013572,-35.342816054817035],[138.44294209939846,-35.34261406258889],[138.4429701861253,-35.34254099716924],[138.44445588323254,-35.33917797428404],[138.4444699351394,-35.33915699489933],[138.4444861040505,-35.33911901473073],[138.44503907919022,-35.338339979706234],[138.44591602880178,-35.3373599794794],[138.44593825734478,-35.3373113243581],[138.44600603744868,-35.33716295420692],[138.44616192952947,-35.33598296903875],[138.44653598095078,-35.33475599339431],[138.4465668960455,-35.33468598926697],[138.44657018126895,-35.33465700052011],[138.44664000643127,-35.33431500813106],[138.44666989899667,-35.334164973334794],[138.44668303899107,-35.334070308897594],[138.44674800961297,-35.33360301666585],[138.44677392447704,-35.33342399312272],[138.4468020291904,-35.33313698438428],[138.44682217850084,-35.33302602153361],[138.44686787485261,-35.33265602065876],[138.44688408153525,-35.33253597555478],[138.44691791762784,-35.332171025272544],[138.44693018078328,-35.33210198341976],[138.44693806513965,-35.332066980906404],[138.44697409018215,-35.33164802993258],[138.44699712181978,-35.33143796269178],[138.4471019135226,-35.32961484355013],[138.44713611384066,-35.32902003104954],[138.44717604553819,-35.32816701509563],[138.44728404782063,-35.326423982380845],[138.44729901343874,-35.324495431219134],[138.4473189792875,-35.321922987056155],[138.44752881720126,-35.32004495980698],[138.44754203004072,-35.319269884497544],[138.44755801728877,-35.318332987877056],[138.4472249911405,-35.31584501613452],[138.44718794446817,-35.31520800474556],[138.44712206193367,-35.31483800477008],[138.4471688185862,-35.3145099626646],[138.447387014799,-35.31411998335051],[138.44757491734867,-35.31374495076881],[138.4476760955754,-35.3133680323088],[138.44770489276664,-35.3130990244004],[138.44769587796247,-35.31305403131847],[138.44771080580915,-35.31276844710612],[138.44772504117782,-35.31249603436447],[138.4476721160754,-35.31136797874916],[138.447605139066,-35.31105998972669],[138.4475378688776,-35.3103920110824],[138.44747987159883,-35.31012002372006],[138.44738697792673,-35.30868394310943],[138.44738413157245,-35.30863998694582],[138.4473380323244,-35.308331998822666],[138.44732686364387,-35.308016019323816],[138.44733011199514,-35.30722301692862],[138.44734306942712,-35.30713301367757],[138.4472779162429,-35.30570795875525],[138.44723291236903,-35.30540898093966],[138.44707705716053,-35.30474801341006],[138.44705902575345,-35.304622028283916],[138.4469758789337,-35.30411496083673],[138.44696905307944,-35.3040514318281],[138.4469420428411,-35.303798963351426],[138.4469229898042,-35.30371698924762],[138.44689598046523,-35.30352699397554],[138.4468049133162,-35.30257002628565],[138.4466511751117,-35.301520983306716],[138.44663387395417,-35.30102499910436],[138.4465550339877,-35.300708999820415],[138.44639016307565,-35.29960101707326],[138.44630811163006,-35.29942001232365],[138.44620799190534,-35.29905902175642],[138.44612196095977,-35.29856699636974],[138.4460932725865,-35.29846067581951],[138.4459919855418,-35.298090991506],[138.44593584806103,-35.29775699229134],[138.4458490868659,-35.29739402231621],[138.44579185491023,-35.29710503327061],[138.44570111601377,-35.29648998332601],[138.44567698990124,-35.296191984872166],[138.4456708951957,-35.2960469997692],[138.44558592185285,-35.2955950274885],[138.44552617179545,-35.295053032171666],[138.44551788724073,-35.294945047875615],[138.44549985493438,-35.294835952916856],[138.44545992413623,-35.29468197729136],[138.44542211034218,-35.29450097434045],[138.44537787179138,-35.29415700344293],[138.44535516930569,-35.29384100505831],[138.44525508645313,-35.2935420263434],[138.44517913061247,-35.293143962124134],[138.44514438260728,-35.29293838969488],[138.44512401476152,-35.292817973170884],[138.44508302546137,-35.292708989728055],[138.44498619095998,-35.29194101816341],[138.44498688433725,-35.29192301733332],[138.44495699087247,-35.29182302531234],[138.44488107100472,-35.291424960193694],[138.44481194011905,-35.29082798302494],[138.4448018659134,-35.29080099167237],[138.4447838354057,-35.29069200912886],[138.44463586455356,-35.29013904388171],[138.4444839510735,-35.28973098909381],[138.4444396765499,-35.28961623380212],[138.4443820794695,-35.28946701199294],[138.44436193105832,-35.289404000993784],[138.4442888224712,-35.28927603735917],[138.44428991694622,-35.28926702795093],[138.44425787050443,-35.28921204609901],[138.44406890945265,-35.288955987528766],[138.44401598435024,-35.28886400486988],[138.4439760175792,-35.28875502142705],[138.44374884163585,-35.28826397630144],[138.44366894316727,-35.28803699910816],[138.44361203946414,-35.28772901188432],[138.44361313393904,-35.28770202053175],[138.44359378952186,-35.287627891214186],[138.44349505655168,-35.287248954675476],[138.44345508888136,-35.28713997123265],[138.44344497780355,-35.28710297222432],[138.44340395342977,-35.28700299818979],[138.44318619338821,-35.28662004707746],[138.44301694277772,-35.28637397907585],[138.44289386515982,-35.28610001320499],[138.44285389748939,-35.28597302893212],[138.44280889361562,-35.28564803912565],[138.44270808051363,-35.28537497887214],[138.44253098241893,-35.285065012240466],[138.44250108805488,-35.28497402872841],[138.44247407781654,-35.28476703177307],[138.44241396353368,-35.28460295586166],[138.44240388932815,-35.28456695510084],[138.4423948736246,-35.28447597248811],[138.44239308487306,-35.28419697311176],[138.44238698926824,-35.284034969238405],[138.44241505800858,-35.28387296446567],[138.4425421142273,-35.28330804812788],[138.44264617657984,-35.282805033025795],[138.4426778578969,-35.282481024379706],[138.4427559685132,-35.282113021798466],[138.44275994621466,-35.28196901785583],[138.44279144586858,-35.28161975714602],[138.44279483991,-35.281582017096355],[138.44279593618353,-35.281537024014426],[138.44283586608242,-35.281313008288635],[138.4428588986193,-35.28094400745994],[138.4428571089685,-35.280655019313656],[138.4428240040246,-35.28029402784705],[138.44272895827487,-35.27981397243684],[138.4426720914439,-35.27954298422128],[138.4426119753624,-35.27936099921072],[138.44242801544067,-35.278896964323394],[138.44240713678005,-35.27886096266326],[138.44227391211143,-35.27856999510914],[138.44220193397211,-35.278397001520375],[138.44213499293562,-35.278071031452896],[138.44212991986,-35.27789004648844],[138.44215908307524,-35.2776840297941],[138.4421720414066,-35.277612028272415],[138.4422294918976,-35.27745635023035],[138.4423041716003,-35.2772540162598],[138.44238082081824,-35.27690399652215],[138.44240604230504,-35.27681499241794],[138.44245214245245,-35.27675297966624],[138.44254284447675,-35.276645976530574],[138.44254393895164,-35.27663696712227],[138.44258894462416,-35.27659295520067],[138.44275812149021,-35.276453002703875],[138.44283586608242,-35.27641800108984],[138.44289204043537,-35.276373989168235],[138.44293810281124,-35.276311977315856],[138.44298602678373,-35.27619596387257],[138.44299789064019,-35.27617796304253],[138.44312206363236,-35.275712041377574],[138.44312315810737,-35.27567603971744],[138.44313684488952,-35.27557704594386],[138.44314034954755,-35.275521860845174],[138.44315918314987,-35.2752260459452],[138.44317214148123,-35.27518103487682],[138.4431728348585,-35.27514503411601],[138.4432171093822,-35.27478602295656],[138.44324411962054,-35.27393903695696],[138.4431991508202,-35.27361297515864],[138.44317104610695,-35.27347796173848],[138.4431598774264,-35.27344997123913],[138.44314801446933,-35.27313497200129],[138.44309403086493,-35.27276399176475],[138.44308786241493,-35.27262000580856],[138.44320199807385,-35.272134992435895],[138.44323692864145,-35.27204598833163],[138.44325853665225,-35.271978924987366],[138.44328587514303,-35.27189397412758],[138.44337982641787,-35.27170595826334],[138.44349684530323,-35.2714920239377],[138.44351016696066,-35.27143001208532],[138.4435918541808,-35.2712510065287],[138.44364014417738,-35.27113499218609],[138.44375497321346,-35.27095698577625],[138.44385790331967,-35.270832962071495],[138.44405018556768,-35.270675008744604],[138.4443640849346,-35.27047404354221],[138.44455417733343,-35.27036999917607],[138.44462184861948,-35.270308986470525],[138.44464487935772,-35.270281976232184],[138.4448349708573,-35.27019602532624],[138.444981116985,-35.270081991290795],[138.44516003980402,-35.26999496749369],[138.44545992413623,-35.26989299516555],[138.44547105684387,-35.26988498400476],[138.44572703087783,-35.26976403238416],[138.4459623474844,-35.26969671003508],[138.44604888834556,-35.26967195709511],[138.44613816854167,-35.269637048111235],[138.44734306942712,-35.269409979187174],[138.44784206006307,-35.26928604721326],[138.44817395486416,-35.269211972754306],[138.44844000310377,-35.26914500293947],[138.44895914305005,-35.269056998881354],[138.4490580954548,-35.26904996798157],[138.44976192377385,-35.269055998835256],[138.44995884112768,-35.26905995944952],[138.45005585909064,-35.26904075532656],[138.45012513476718,-35.269027028074845],[138.45040308283603,-35.26893395543766],[138.45047006164407,-35.26890002581547],[138.45047006164407,-35.26889003614622],[138.4505370017813,-35.26884702427071],[138.45111195005654,-35.268399009007],[138.45114684465125,-35.26834598767715],[138.45132507319363,-35.26826003677121],[138.45144888106108,-35.26816302330485],[138.4517520128452,-35.267979966302335],[138.45197594133674,-35.26782299323651],[138.45201452135314,-35.26778138700138],[138.45202200461188,-35.267769990792374],[138.45203313642014,-35.26776098138413],[138.45207887144284,-35.26769898841752],[138.45227184616886,-35.267495043761244],[138.4523528400116,-35.26738002946473],[138.45246697477114,-35.26725600486071],[138.45281507625486,-35.267011027736714],[138.452860081028,-35.26698501754447],[138.45293786249238,-35.26695998671397],[138.45314091142404,-35.26678295966582],[138.45349970584687,-35.26652965841697],[138.45351204454528,-35.26652096287211],[138.45370209917257,-35.26640801971428],[138.4538378419429,-35.266301996839616],[138.45402899284386,-35.266170962020226],[138.45408516629743,-35.26612704272878],[138.45411900239014,-35.26608303080718],[138.45419890085861,-35.26600401817086],[138.45426697324228,-35.26593299601092],[138.45448115488148,-35.26575696900886],[138.4546420831657,-35.26554401494428],[138.454784726434,-35.26540328543325],[138.45485699505434,-35.26533198628209],[138.4550701190908,-35.265220024284645],[138.45519290532843,-35.2651500021708],[138.4553041208885,-35.265115980817825],[138.4553149253436,-35.26511696107883],[138.4555820320852,-35.26499600765959],[138.45570697129972,-35.26488197452346],[138.4559640038358,-35.26472502034335],[138.4560209075389,-35.26467201789927],[138.4561681121687,-35.26454897445558],[138.4563790823288,-35.26446302354964],[138.45683412849235,-35.26431903849277],[138.4569613304011,-35.264243650124286],[138.45702491336908,-35.26420598381907],[138.45728088740304,-35.26408503129909],[138.45737089694944,-35.2640150091853],[138.45751704307713,-35.26393697501135],[138.4579551523085,-35.26363997570428],[138.45796759802624,-35.26362933942244],[138.45807899704812,-35.26353395282962],[138.45821401046828,-35.263411020901856],[138.4582489401365,-35.26337502014104],[138.45842027087883,-35.2631831749635],[138.45853294693802,-35.26305696770487],[138.45879505344897,-35.26275599069635],[138.459089134456,-35.26251003421066],[138.459328939579,-35.2622169928199],[138.4594088371482,-35.262101979422766],[138.45955790337462,-35.26191603649585],[138.4599110410618,-35.26154496272983],[138.46009390650863,-35.26130501731268],[138.4601518678145,-35.261198014176955],[138.46028907108382,-35.26104797938069],[138.4605309932108,-35.26068302909846],[138.46059107242013,-35.260504023541785],[138.46067316163715,-35.260353006685875],[138.46068506056713,-35.26031700592506],[138.46068611816986,-35.26030799741608],[138.46079196837468,-35.26007598851601],[138.4609971352097,-35.25947603369195],[138.46113109012776,-35.25905502866658],[138.46115485111557,-35.25899301681426],[138.46117963553183,-35.258962474038924],[138.4612358449583,-35.25884999403195],[138.46129596014055,-35.258706989236146],[138.46131899177806,-35.258662977314486],[138.46132008715233,-35.25863598596192],[138.46137804935756,-35.258185973303966],[138.46142914883626,-35.25797096608716],[138.46143312743698,-35.25783597245214],[138.46138702818882,-35.25755499276863],[138.46137983720973,-35.25742898965609],[138.46142090025444,-35.25715898350023],[138.46142699495988,-35.25696998737499],[138.46146013677594,-35.25660999505516],[138.46145185222122,-35.256510983295186],[138.4614360115628,-35.25597899743275],[138.46141403842716,-35.2556450171038],[138.4614298790857,-35.2551040209338],[138.46149393599637,-35.25480800278706],[138.46159405662047,-35.25443198994435],[138.46163114016508,-35.25432398676253],[138.46164190864727,-35.25430698597859],[138.46165486517998,-35.25424397497943],[138.4617139218601,-35.2541099786925],[138.4618251374202,-35.253734040493555],[138.461838861974,-35.25361704588994],[138.46187306229206,-35.25323903655226],[138.4618708724429,-35.25225596514065],[138.46188492524914,-35.2521659618896],[138.46190905136166,-35.252076957785334],[138.46190401425895,-35.25189597282082],[138.46194000332855,-35.251436970539714],[138.46194792275844,-35.25120296334603],[138.46189211532896,-35.25085997270952],[138.46189715243167,-35.250714989405196],[138.46188996145258,-35.250579993971485],[138.46190616813522,-35.2504449814507],[138.46191083921394,-35.250255985325396],[138.46190186038257,-35.25021099314279],[138.46190616813522,-35.250075999507715],[138.46188707822614,-35.24998499710989],[138.46186908279196,-35.24984900432804],[138.461847839906,-35.249470012930715],[138.46182192504182,-35.249253026306064],[138.46169015997293,-35.248541034840855],[138.46163402339153,-35.248368965755105],[138.46161887611026,-35.24814297152085],[138.46164515609917,-35.24801696750899],[138.46173585812346,-35.24792004577347],[138.4620030026365,-35.247816981668336],[138.46205986946745,-35.24773698787163],[138.46199402290586,-35.247383009318355],[138.46199197245164,-35.24738000468341],[138.4626256329667,-35.24732828287392],[138.46204089736955,-35.247358512685196],[138.46198634899088,-35.24736133745574],[138.46197946198265,-35.247361692687946],[138.46197923985005,-35.24736134644894],[138.46173195326708,-35.24699898621418],[138.4617128273851,-35.24688998388558],[138.4617931269513,-35.24681097124926],[138.4620591751908,-35.246735010012685],[138.46215995232,-35.24665599647699],[138.4621840793319,-35.246584975216365],[138.46218013580472,-35.24635899716992],[138.46213907455876,-35.2462679947721],[138.46206494254318,-35.246177012159364],[138.46205592683964,-35.246122012320996],[138.46216787264927,-35.2460520081936],[138.46248684599118,-35.246059020207554],[138.46253184986506,-35.24599700835523],[138.46249582482255,-35.24574402007045],[138.46234606521875,-35.24562297492031],[138.4621970718374,-35.24547599242305],[138.46219886148833,-35.24541300030967],[138.46222189222658,-35.245368008127],[138.46232088060424,-35.24537997720415],[138.46281983526728,-35.24556995448978],[138.46319388758786,-35.2455689733294],[138.46336813932828,-35.24562702636615],[138.4634451545703,-35.245629005773935],[138.4635920291489,-35.24549697090845],[138.4637698943652,-35.24543703109407],[138.46392611379918,-35.24535000729696],[138.4640359426047,-35.24535296696581],[138.46420008326731,-35.24536502867306],[138.464366047755,-35.24535999696627],[138.46439809509604,-35.245368988388066],[138.46452803633986,-35.24543495905607],[138.46466089498438,-35.24540202948003],[138.46478185649755,-35.245404008887874],[138.46520700829683,-35.24551199318387],[138.46528296503686,-35.245522981999954],[138.46553711434638,-35.245483022423514],[138.46559182820033,-35.24548400268452],[138.4657448361553,-35.24551497173849],[138.46601986412554,-35.24551101292286],[138.46633704781652,-35.245554024798366],[138.46653611904674,-35.24553099316074],[138.46693714563287,-35.24535000729696],[138.46726297990267,-35.24512301211729],[138.46746603063286,-35.244946985115234],[138.46751209300874,-35.24489396288601],[138.46773707910302,-35.244700027684075],[138.468399846176,-35.24386697308228],[138.4685618698345,-35.24363603707343],[138.46868206422596,-35.24329602589086],[138.4688829601805,-35.242848991787525],[138.46901614797696,-35.24245497901404],[138.46945896695786,-35.24160797502799],[138.46951692916298,-35.241509962414796],[138.46973691412734,-35.24042403014482],[138.46979918318584,-35.2398480332601],[138.46988809735785,-35.23948101183919],[138.46992985288045,-35.2391570031931],[138.46988302338286,-35.23857003547869],[138.46996511259988,-35.23768001781855],[138.46998383648497,-35.236725030435764],[138.4699388326111,-35.235686976272916],[138.4698718556017,-35.2350279881511],[138.4698920390864,-35.23474800941307],[138.46985101291398,-35.23392701651858],[138.46985389614042,-35.23382802184568],[138.46975198856353,-35.2336010464511],[138.46971311626737,-35.233446959309674],[138.46974410420705,-35.23313195917251],[138.46973727925206,-35.23282846676028],[138.4697210734688,-35.23210398910777],[138.46953995990134,-35.23050503318069],[138.46947407736684,-35.23016996197413],[138.46943411059578,-35.22931200604421],[138.46929694329936,-35.228787031296406],[138.46926314407892,-35.22811895912264],[138.46917204005763,-35.22750398202311],[138.4687760155008,-35.22577401016241],[138.46874688825835,-35.225620016550465],[138.46874798363262,-35.22525101482245],[138.4685629283365,-35.22447197979801],[138.46852113504247,-35.224056008278126],[138.46825187532386,-35.22318497170903],[138.46813992951422,-35.22253401183514],[138.4680510153421,-35.22221703408883],[138.46797900123,-35.2220619666864],[138.46794987398755,-35.22192597300523],[138.46782493387366,-35.221715998394586],[138.46779682916042,-35.22155301336085],[138.4678040201395,-35.221346016405505],[138.4678159190695,-35.22130100623639],[138.46789906588924,-35.22112299892723],[138.46795665937236,-35.221046564647224],[138.46796588281927,-35.22104596569869],[138.46803077070354,-35.22104175147558],[138.46813246244324,-35.22103514775381],[138.46975330966757,-35.22092735411405],[138.46989940543324,-35.22091376625724],[138.47000542561,-35.22090390609037],[138.47008623419242,-35.220896390456005],[138.47008731247956,-35.220896320308896],[138.47108818956838,-35.22082985771175],[138.4733693568104,-35.22067726704222],[138.47647012839377,-35.220470028169245],[138.4783461717385,-35.22034465098483],[138.47950180506427,-35.22026741900612],[138.47961048183834,-35.220260120108435],[138.47970212275482,-35.22025463064665],[138.4795116247617,-35.217504154892765],[138.47950929641695,-35.21747053823469],[138.47961186049906,-35.217463448879016],[138.47961280568654,-35.217463383228505],[138.48190329620024,-35.21734568985164],[138.48236006456534,-35.21732221934491],[138.48345842906326,-35.217265696054994],[138.48360206518328,-35.21725831441961],[138.48587647222143,-35.217141425936006],[138.48587603425165,-35.21713632588069],[138.4884031885564,-35.2170084845539],[138.48879792258617,-35.21698858345633],[138.49170286499532,-35.21684135634348],[138.4917486872522,-35.21684052447057],[138.49199061657373,-35.21683612948374],[138.49199716723558,-35.21683601077325],[138.4920217699888,-35.21691055647693],[138.49229830971933,-35.21774879117373],[138.4923340325896,-35.21801780447805],[138.49241545630832,-35.218630974839584],[138.49243264415122,-35.21889413715468],[138.49243314777164,-35.21890184794188],[138.49263633250087,-35.22201274229417],[138.49263993968157,-35.22206796786236],[138.49265049502435,-35.22216021851921],[138.4927276955268,-35.2227344185585],[138.49272911555636,-35.22274498109596],[138.49275732728893,-35.22311985179965],[138.49283505119672,-35.22415262784148],[138.4928356303601,-35.224160323340186],[138.49287932482105,-35.22482449785224],[138.4929014112712,-35.22516022466459],[138.49291468976116,-35.22536206400798],[138.49293575278284,-35.225634288791355],[138.4930189409714,-35.226709428297454],[138.4931492248569,-35.22836296228087],[138.49320055636065,-35.229014442862194],[138.4932176111039,-35.229237092517735],[138.49347000493685,-35.23253207269693],[138.49353665729097,-35.23333879964582],[138.49353852068623,-35.2333613528441],[138.49376604916392,-35.236353871234144],[138.4941814792919,-35.24180879543951],[138.4941898366917,-35.24191853791018],[138.49419893333413,-35.242037612645674],[138.49427410496605,-35.243021626546806],[138.49427430191759,-35.24302369948413],[138.49427421288465,-35.243023702182086],[138.49427026665956,-35.24302382448985],[138.4942605494848,-35.24302412576276],[138.49425647016005,-35.24302425166786],[138.4942564863478,-35.24302436048578]],[[138.49383922609945,-35.243037169529714],[138.49383955255337,-35.24304222461893],[138.49406502697946,-35.243030179099435],[138.49383922609945,-35.243037169529714]]]},"properties":{"School_Name":"Aldinga Payinthi College","ENTITY_CODE":1914,"zoneType":"secondary"}},{"type":"Feature","geometry":{"type":"Polygon","coordinates":[[[138.60171199990896,-34.86993500149907],[138.60178226304106,-34.871047654425695],[138.6017887363612,-34.8711501555552],[138.60207606435893,-34.875192738554006],[138.60212572672094,-34.875852163746345],[138.60219874897314,-34.87682176691095],[138.60241001590953,-34.87962700328353],[138.6029399998812,-34.879593999063786],[138.60294417183616,-34.879582643324284],[138.60295075307488,-34.87956473062775],[138.60295401581527,-34.879555852520525],[138.60291999985816,-34.87913899157115],[138.60325199987994,-34.87912300792044],[138.6110780163375,-34.878737005408425],[138.61109766382617,-34.87910064178112],[138.61113001603746,-34.879445000286466],[138.61104601576108,-34.87944899687369],[138.6110550080822,-34.8795629931376],[138.61081999994315,-34.8795740008394],[138.6103820157175,-34.87959599735734],[138.61044720127734,-34.88057851388726],[138.61044598359535,-34.8806569725412],[138.6107150076915,-34.88461499228799],[138.61997401558847,-34.88414899508001],[138.61997401558847,-34.88429000248158],[138.62053299190416,-34.88386000693373],[138.6215696323327,-34.88571030358759],[138.62209222387708,-34.88665593082652],[138.6226600962865,-34.88767472510841],[138.6233156157232,-34.88885447015764],[138.62372271992763,-34.88958903190826],[138.62572499211478,-34.893189001870894],[138.6256217283601,-34.89322241258424],[138.6259350080942,-34.89378899356717],[138.62594899165276,-34.89383100719516],[138.62560899216135,-34.89374599967812],[138.6252620157295,-34.89362199485913],[138.62487622635683,-34.893608927709806],[138.62477122781002,-34.89360306233141],[138.62438899165875,-34.89354200016311],[138.6241729915904,-34.89345599439861],[138.6238910082635,-34.893378997142975],[138.6236729919151,-34.893338999794935],[138.62352303985642,-34.89328185327486],[138.6232940158062,-34.89319599499913],[138.62305500838204,-34.89314600798184],[138.62294499161817,-34.893143991701834],[138.62285699205665,-34.89316900364656],[138.6223310082695,-34.893194995852355],[138.62204400043038,-34.89328899479125],[138.62202596362738,-34.893299263250356],[138.6219971196714,-34.89330912251796],[138.62172201615817,-34.89346200636646],[138.6215209916005,-34.89360299488226],[138.62133968018213,-34.893816429184824],[138.62131126430347,-34.89384987766965],[138.62129401620598,-34.893887007079684],[138.6212529918322,-34.894166005556656],[138.62128636837122,-34.89427034579978],[138.62129163929774,-34.894280009015176],[138.62129299187814,-34.89428399840773],[138.62142799990238,-34.894529992665014],[138.62144601602085,-34.894683006915216],[138.6215209916005,-34.89472100507027],[138.6218689923602,-34.89481800144955],[138.62187359598977,-34.89481872900109],[138.62188278436304,-34.89482127588116],[138.62211900838554,-34.89485899704505],[138.622238015672,-34.89492400633776],[138.62234399987574,-34.895006996675534],[138.62250400005962,-34.89518200744362],[138.62268201636198,-34.895447000778404],[138.62274201643095,-34.89565499688058],[138.62270300833723,-34.89585300241407],[138.62268149295664,-34.895887830458946],[138.62266844829037,-34.89590726211043],[138.62262585639826,-34.895977895763224],[138.6223969924273,-34.8962249997839],[138.622284991759,-34.89631300474133],[138.6222470079931,-34.89633000642459],[138.6221520000148,-34.89637399856116],[138.62195401606505,-34.89640600363413],[138.62186601560416,-34.896412996762365],[138.62173599971663,-34.89639299853803],[138.62161174128892,-34.89634297015192],[138.62159955187792,-34.89633703642505],[138.62147600031722,-34.89628899194338],[138.62122899162478,-34.89613899312002],[138.62111187201538,-34.896080848352426],[138.62103401590718,-34.89604499508039],[138.6208289920644,-34.895895996303125],[138.6207836167706,-34.895863524482024],[138.62063801563193,-34.8957580043284],[138.62041401609406,-34.89556699192309],[138.61999152269073,-34.89548680747015],[138.6199514560949,-34.895475972438135],[138.61978201572754,-34.89546200416811],[138.6197740162579,-34.89542800170085],[138.61941699170086,-34.895473992130974],[138.61909414407955,-34.895537558911144],[138.6188149873219,-34.89555080322697],[138.61872268810168,-34.89555454170869],[138.61869033049447,-34.895556717168745],[138.61834700800807,-34.89557300479032],[138.618163999569,-34.895622991807556],[138.61806099212117,-34.8956729968113],[138.61797599989256,-34.89573299238367],[138.61792099196032,-34.89579800167638],[138.61790899230618,-34.89591299708712],[138.61791500787137,-34.89609799752452],[138.61805401608,-34.89659300236514],[138.6181458728338,-34.89678143551481],[138.61823699214358,-34.897019001325816],[138.6182910081236,-34.89725900160158],[138.6183385094148,-34.89753184242056],[138.6183448271521,-34.89757573293366],[138.61834457624127,-34.89801518934945],[138.61834941099653,-34.89808340382598],[138.61835017272233,-34.898195482735275],[138.61832700798504,-34.898540996869485],[138.61839900770815,-34.8985439934105],[138.61838998391067,-34.89865599228017],[138.61839491219553,-34.89872562678619],[138.61840399984476,-34.89890100627639],[138.61888099216412,-34.89918599873482],[138.61891100793673,-34.899090002401636],[138.62539670359502,-34.90296475392023],[138.6264317117542,-34.903575734432536],[138.62745971239588,-34.90418675271644],[138.628484703906,-34.90479371865513],[138.6307477120373,-34.906141702577486],[138.63049270387523,-34.90645070873319],[138.62984176018915,-34.90722073434938],[138.6319117441318,-34.90841370662724],[138.63200675211,-34.90857069767952],[138.63201244481854,-34.90856803928352],[138.6320169917908,-34.90857500813007],[138.63247100823048,-34.90836299835365],[138.63283555291855,-34.908135541821764],[138.6338526717634,-34.90808666366854],[138.63383968015717,-34.90792066320802],[138.63370368018082,-34.907676666345026],[138.63471068794797,-34.90762666134128],[138.63486169581063,-34.90762064847411],[138.6348726720363,-34.90761964932733],[138.63537155205552,-34.90760096411316],[138.6356416643314,-34.90758264941968],[138.6365889921883,-34.90754000716555],[138.636894655564,-34.907528629842375],[138.63772060821952,-34.9074816213797],[138.63884563222018,-34.90742562149518],[138.63996057572,-34.90737160191787],[138.6399715843212,-34.90737060277104],[138.6399745916541,-34.90741059921976],[138.640061631639,-34.908613598938416],[138.64007561609685,-34.90880758989829],[138.64012361561242,-34.90947458918089],[138.64015161600435,-34.90986860195437],[138.6403226877419,-34.91223260575009],[138.64050771156167,-34.91479661337297],[138.63942176040598,-34.91485163209711],[138.6389597435973,-34.914870632073985],[138.6383217600412,-34.91490864911481],[138.6374417923049,-34.914945649921776],[138.6373097916137,-34.91496065331148],[138.63613481566927,-34.91502066687025],[138.63590601644955,-34.9150209996194],[138.63494700819797,-34.91507300381602],[138.63438700755444,-34.91509799687503],[138.63394399971583,-34.91511919839223],[138.63346547225376,-34.91514317431802],[138.6326988478736,-34.91518872138232],[138.63163686365044,-34.91524871605537],[138.6315618880708,-34.9152507332347],[138.63066883160138,-34.91529145183898],[138.63003081566967,-34.91531761041932],[138.6286830080145,-34.91538302620563],[138.62718294423757,-34.915478782419825],[138.6271079362823,-34.91548479528706],[138.62433299177417,-34.91562582067502],[138.62266300829128,-34.91571184532535],[138.62111007966655,-34.916502868312705],[138.62047705587145,-34.9168248795645],[138.61894508774571,-34.917604913735715],[138.61759913629112,-34.91828893268803],[138.6152367998385,-34.919517184470465],[138.61509001609147,-34.9195949956125],[138.6151995840936,-34.92015606375128],[138.61523187515093,-34.920318601821975],[138.6153122241799,-34.92077496279427],[138.61543923183513,-34.92135697254622],[138.6155672638182,-34.92193896431172],[138.6157180162735,-34.922589997930004],[138.61659001601652,-34.92321200413062],[138.61832320025553,-34.924451578377614],[138.61889199986592,-34.9248550079522],[138.61916060757608,-34.92507301171008],[138.61936729606396,-34.92520828413495],[138.61946567200323,-34.92527242288395],[138.61988165521427,-34.92555875173497],[138.61996059770354,-34.925614456641824],[138.62042863996987,-34.92595390844605],[138.6206190920975,-34.92608676259397],[138.62084163203576,-34.92624676277785],[138.62146540810215,-34.92668872830211],[138.62300198435412,-34.92778768365463],[138.6235543668406,-34.92790101711819],[138.62356117201057,-34.92801544865398],[138.62355494420535,-34.928263022120746],[138.62360425583176,-34.92896589266178],[138.6236872956323,-34.93002588758458],[138.62377830432536,-34.93121590019359],[138.6238713283991,-34.93240789221039],[138.6239533438718,-34.93346390943185],[138.62402435164256,-34.93439090721455],[138.6241013758779,-34.93538491168431],[138.62416639955973,-34.936220908867824],[138.62423142414093,-34.93705690515202],[138.62430940795286,-34.938070908745374],[138.6243884475689,-34.939090906320246],[138.62444777674352,-34.9397526427702],[138.62446678391495,-34.94000700791702],[138.62447673671204,-34.9401045007221],[138.62447699211953,-34.94010699993805],[138.62451100807664,-34.94024299361922],[138.62392301603438,-34.940197304462004],[138.62388723201025,-34.94019452375824],[138.6227038878742,-34.940241150009],[138.62089920033793,-34.940312257604546],[138.61964441585712,-34.940373326068084],[138.61930925561774,-34.94038960739442],[138.61851390869003,-34.94042824406819],[138.61795888039808,-34.94045520664241],[138.61699132768774,-34.94049105991445],[138.61624338402498,-34.940534048407585],[138.61573923217986,-34.940563024563914],[138.61547982723232,-34.940572337943024],[138.61458547214193,-34.94060444643799],[138.61371465590673,-34.94064105783849],[138.61276182419886,-34.940696021704014],[138.61167983995267,-34.940748357750465],[138.61060851177342,-34.94080067581052],[138.60968070370154,-34.94084864654775],[138.60784572789805,-34.94093513434893],[138.60673974434383,-34.94099015307307],[138.6051967676168,-34.941068167461935],[138.60373388810854,-34.94114956779828],[138.6021255360647,-34.941228063324445],[138.60133065588514,-34.94127603316235],[138.60079509251955,-34.94130751932653],[138.60058895981274,-34.941319637691095],[138.60027500828505,-34.94134000643612],[138.60025667200784,-34.94140468208036],[138.60023299195905,-34.941489005213384],[138.60021148826968,-34.94154857540639],[138.60001545494936,-34.9420012833325],[138.5998749241885,-34.94232581718268],[138.59983664004892,-34.94241422773439],[138.59982019234803,-34.94244653497958],[138.59976710266972,-34.94255081137078],[138.59973561560628,-34.94261265864725],[138.5997335516621,-34.942616141721544],[138.59970019041157,-34.942672444677555],[138.5996425924318,-34.94276964969953],[138.59935548836518,-34.94324935437419],[138.59921193588218,-34.943441236423894],[138.59902099182534,-34.94369699911715],[138.5987552961201,-34.944056714445765],[138.59870419214485,-34.94412590288806],[138.59803161616617,-34.94486725362083],[138.59784284756938,-34.94504387327606],[138.59778438444187,-34.94509837399073],[138.5977675077644,-34.9451131084831],[138.59754396777998,-34.94530827485693],[138.59753596831035,-34.94531328857738],[138.596590719686,-34.946042521844845],[138.59647376015596,-34.94611666914892],[138.5954423043189,-34.94674028603532],[138.59505445459945,-34.94692487907986],[138.59456604808474,-34.94715733134575],[138.59452905627097,-34.94717633132257],[138.5942700479244,-34.94730732926979],[138.5929490877303,-34.94797534568562],[138.59183411185484,-34.94853937439257],[138.59127916809916,-34.94884136763494],[138.58998518396913,-34.94949639784045],[138.5895131837865,-34.94973539896944],[138.5894451842479,-34.949770400583475],[138.5852982717979,-34.9518714641967],[138.58508127977734,-34.95198046652524],[138.5842843203652,-34.952384469867354],[138.5833113600313,-34.95287747641436],[138.5814569921465,-34.95382399128414],[138.58069045410127,-34.95420700984556],[138.5801489201366,-34.95448024097033],[138.57841185262498,-34.955360584623236],[138.57745223463303,-34.9558468741339],[138.57745176608626,-34.95584711155493],[138.57700189192383,-34.95607501325122],[138.57564382660144,-34.95676299461644],[138.5741153964085,-34.95752941844785],[138.57295819646367,-34.958123930574914],[138.5722926729685,-34.958426767381354],[138.5722054252402,-34.95727698864209],[138.57188335373382,-34.952854146201844],[138.5715485298408,-34.94827892533209],[138.57154850106258,-34.94827852693243],[138.571117286034,-34.94240906292788],[138.57106825409676,-34.94175268014203],[138.5707316558413,-34.937246647714574],[138.57073164774738,-34.9372465388966],[138.57069397514692,-34.936737594564306],[138.57061051806102,-34.935610118112436],[138.57055159717856,-34.9348141272701],[138.5704664772462,-34.93367375004351],[138.5704471481174,-34.933445879823466],[138.57041857395814,-34.933109018966036],[138.5701958019947,-34.93018783210272],[138.5698172197889,-34.92533090579661],[138.5694961321409,-34.92147019988977],[138.5683335668407,-34.9192137289304],[138.5669258715318,-34.91657939162559],[138.56606243333465,-34.91496392954167],[138.56606129479303,-34.91496179904772],[138.56506912853752,-34.91306805074987],[138.56449884774372,-34.91197556691884],[138.56447900780006,-34.911928003574474],[138.5644809917045,-34.91175600913249],[138.56450191982776,-34.911658810405754],[138.5645340157323,-34.911338001547506],[138.56477328036272,-34.91028729392343],[138.56483253129636,-34.91000656065421],[138.56491035952558,-34.909637805340424],[138.5649674880592,-34.909367122894366],[138.56509630964706,-34.90866638284723],[138.56536021210422,-34.90723085891699],[138.5658497679525,-34.904567873708345],[138.5658858559476,-34.90437156789352],[138.56607161631212,-34.90342754954173],[138.5662341651746,-34.90258606649371],[138.5662817923709,-34.90233950926091],[138.56636099206617,-34.901787006265295],[138.5663879996066,-34.901256000663864],[138.56647334436946,-34.90086115511815],[138.56689200036556,-34.8994279973042],[138.56806099222104,-34.90030500806961],[138.56825832146444,-34.90012098969186],[138.56835146065146,-34.900034133168674],[138.56835324760436,-34.900032466724895],[138.56840800012912,-34.900076995756706],[138.57009439983676,-34.89835338839811],[138.5720201604022,-34.896392612728846],[138.57215734388637,-34.89625293542457],[138.57240008259782,-34.896050588863545],[138.57247539182595,-34.89598781168809],[138.5725428769523,-34.89593251147619],[138.57257651159682,-34.89590494995343],[138.57291705607736,-34.89555172952868],[138.5733649922007,-34.89509100594512],[138.57184899243714,-34.89418400638675],[138.5721990085774,-34.893817984112616],[138.57233174401483,-34.89368524597728],[138.57265427237678,-34.893357619358596],[138.57289843201704,-34.89310959982811],[138.57290389629782,-34.89310395028701],[138.5734677757173,-34.89252087483845],[138.5735833925596,-34.892397206365956],[138.57471200035855,-34.891190003216025],[138.5765166375329,-34.89228324517558],[138.57666799972844,-34.89239000549429],[138.57684905214205,-34.89248461956947],[138.5795786636245,-34.89413822190136],[138.57962281584037,-34.894164969537655],[138.57988799803275,-34.89431046365695],[138.57992480008954,-34.894330655235535],[138.5801801922621,-34.89447316090758],[138.58056864003083,-34.89472533440659],[138.58076542608364,-34.89484351341736],[138.58087724778682,-34.894910667593194],[138.58092786702753,-34.89494342989531],[138.58122067189652,-34.8951329449294],[138.58319894387625,-34.896331375192744],[138.58389900763314,-34.8967180063309],[138.5842380160716,-34.89696100404706],[138.58432319985582,-34.89644640837503],[138.58432915156914,-34.89602050114519],[138.58431415897132,-34.89590414595955],[138.58429599986061,-34.89576322129557],[138.58428913803334,-34.89562465105678],[138.58427967986336,-34.89543366293316],[138.5842129924357,-34.89491000119557],[138.5841280002071,-34.89446700055157],[138.5839687356687,-34.89391200013864],[138.583839744109,-34.89304855025034],[138.58367045392833,-34.89061260428821],[138.58351379202793,-34.888358374439406],[138.5832393603083,-34.884533758326256],[138.5831120639706,-34.88254526735017],[138.58304291240051,-34.88166435262775],[138.58292582426748,-34.87990907294534],[138.5828129917262,-34.878277003081166],[138.58269971222205,-34.877689368969186],[138.58248950378766,-34.87695454911312],[138.58228464002423,-34.87650361105278],[138.58191427222596,-34.87564961483781],[138.58170998402863,-34.87498559410983],[138.5815271329709,-34.87432990919791],[138.5815258559336,-34.874325328950704],[138.58077878371398,-34.87093022724815],[138.58078226588896,-34.87093004648443],[138.58384510856501,-34.870771386290414],[138.58383662615938,-34.87065715800139],[138.5838198304209,-34.87040118037015],[138.583822346724,-34.87040105356573],[138.58420173742036,-34.870381939374965],[138.5845951143731,-34.870362119216395],[138.58502934392914,-34.87034300772359],[138.58503507620787,-34.87042394490908],[138.58503699626044,-34.870423862171435],[138.58520231233695,-34.87041671885646],[138.58522517040535,-34.87070898143429],[138.59285967983044,-34.870350751785736],[138.59285948827483,-34.87038564278316],[138.59751791981626,-34.87016836028158],[138.59785433640855,-34.87015381914341],[138.59785091179026,-34.87010272236273],[138.59849148809178,-34.87007500975386],[138.59849299175823,-34.870094934233805],[138.6010787045186,-34.869965073928995],[138.60108008587736,-34.869965004681205],[138.60107712261117,-34.869920544897184],[138.6010754246912,-34.86989507160024],[138.60107532756433,-34.869893620993764],[138.60170584045227,-34.86986305123878],[138.6017060221153,-34.86986517543744],[138.60171199990896,-34.86993500149907]]]},"properties":{"School_Name":"Adelaide Botanic High School","ENTITY_CODE":1919,"zoneType":"secondary"}},{"type":"Feature","geometry":{"type":"Polygon","coordinates":[[[138.6856441868298,-34.53299142081738],[138.68564461041046,-34.532991660936375],[138.68574840386577,-34.53293830056208],[138.68907860509364,-34.53329223414926],[138.69133296714278,-34.533531827032164],[138.69133359486955,-34.533531893581994],[138.70737478601768,-34.535132197592816],[138.72624400235884,-34.536980795427326],[138.7235457952023,-34.555938996987095],[138.723546011939,-34.555939017671506],[138.72693094590647,-34.55626738982812],[138.73188524630712,-34.556748005516],[138.7309716052555,-34.55865260683231],[138.7298817015793,-34.56113296581367],[138.72961766422384,-34.56191160963306],[138.72956182981466,-34.5621059747109],[138.72847270405214,-34.5653434414466],[138.72791276276382,-34.56741301709701],[138.73405947336607,-34.56806917415304],[138.74551821759178,-34.56925242925615],[138.74624148835403,-34.569327035214485],[138.74614992028262,-34.56856177960242],[138.74662010653276,-34.56447924781901],[138.7474649593405,-34.558248114259015],[138.7474796677525,-34.55824952709395],[138.747492807747,-34.55815328794387],[138.75261490455432,-34.55865320128419],[138.7527274996744,-34.55866419999279],[138.75324799579846,-34.55790240317333],[138.76155639691024,-34.54574252679612],[138.76158410322387,-34.545708803118714],[138.76602009734972,-34.53924980203669],[138.77066670280612,-34.53247284924254],[138.78071709521782,-34.5338389985709],[138.7810846706211,-34.53383392279727],[138.78108776698696,-34.5338338544488],[138.7810888119991,-34.53383384005963],[138.78112949642923,-34.533833301365746],[138.78154109904256,-34.53375250357516],[138.79038281341616,-34.53283328223017],[138.79045290028114,-34.532825995023586],[138.79084058722344,-34.5327864041692],[138.80662558040626,-34.528200457984724],[138.81021120438368,-34.52715834338278],[138.81352649934854,-34.52619479625281],[138.8135622411046,-34.52618644604763],[138.81639399938365,-34.525524897555954],[138.81649964903966,-34.52617815339903],[138.81686729998592,-34.52845140121116],[138.81891900430867,-34.54113479903168],[138.81905444220877,-34.54198254585776],[138.82088879837943,-34.553464302835266],[138.82523302298569,-34.55296911003637],[138.82523310482395,-34.55296910104312],[138.82644909974624,-34.56089340170905],[138.82648703494874,-34.56113917383374],[138.8272073703239,-34.56580608508273],[138.8272074026995,-34.565806298222014],[138.82675450411716,-34.565862355663114],[138.82570331355714,-34.56599246777813],[138.8257025347442,-34.56599256400557],[138.82574970238693,-34.56590669583733],[138.8258328006433,-34.56575550181492],[138.82595089511778,-34.56542019858324],[138.82593152462027,-34.56530580571831],[138.82589919758993,-34.56511490213097],[138.82565620257174,-34.56489660069752],[138.825338246363,-34.56470002958264],[138.8253138855274,-34.56468496863636],[138.82531360583835,-34.564684795966514],[138.8248847946976,-34.56456547481679],[138.82484000935904,-34.564553012911176],[138.8248395992681,-34.564552898697286],[138.8247578095254,-34.56453954376491],[138.82444340024279,-34.56448820416722],[138.82400790084398,-34.564406402733255],[138.8238551006325,-34.56435326808878],[138.82358482288134,-34.56425928353906],[138.82358400449823,-34.564258999353285],[138.82331478614856,-34.56414150832393],[138.82324970131276,-34.564113102337785],[138.82291359498652,-34.564033102245844],[138.82274746502355,-34.56399556724159],[138.82247849668533,-34.56393479915164],[138.82206159616578,-34.56390269785118],[138.82160099668874,-34.56401789740801],[138.82153877799226,-34.56402533390201],[138.8212704886422,-34.56405740012889],[138.8214799020759,-34.56539172694659],[138.82209050127562,-34.56928320225791],[138.82270010132868,-34.5731681970546],[138.823307599666,-34.57703779905512],[138.82330795849555,-34.577037759484995],[138.82339507492281,-34.57702810166552],[138.8234751442626,-34.577019224457615],[138.82347530434186,-34.57701920737048],[138.82352159694426,-34.57709980371294],[138.8234264046049,-34.577171903260705],[138.82148929819266,-34.58161459733577],[138.8215401143848,-34.58161055758114],[138.8216037054467,-34.581605503391245],[138.8244107026918,-34.582330096156966],[138.82531969604725,-34.58756580162043],[138.8247876993929,-34.59096169922299],[138.82136865593884,-34.593367687868465],[138.8187062975577,-34.59524119602435],[138.8186362916316,-34.59529050855008],[138.81856759871573,-34.59533889567348],[138.81873135177057,-34.59645292905941],[138.81880020026904,-34.596921312168774],[138.81868210939194,-34.59732226950706],[138.81846050384922,-34.598074697189475],[138.81780988391904,-34.59844930439186],[138.81721920290397,-34.59878940011066],[138.8156156442467,-34.600651517453514],[138.81542499966406,-34.600872901762955],[138.81309740132406,-34.60118449886551],[138.80951200037862,-34.60156489770185],[138.80689060162,-34.602204804008466],[138.80587280288762,-34.602253600323365],[138.8005562528689,-34.601913117896004],[138.80055468175317,-34.601912930837045],[138.80044259744795,-34.60190580011255],[138.80044262442766,-34.6019059619905],[138.80046097869126,-34.602015705360486],[138.80046144364076,-34.60201982065814],[138.8006446841049,-34.60312895094029],[138.80064791267114,-34.60314849680566],[138.80087349411656,-34.6045730130341],[138.8010438041283,-34.60564849698051],[138.80139635275953,-34.60788659748846],[138.80166909105583,-34.60961803614339],[138.80166910184766,-34.60961810269322],[138.80113635515875,-34.60953555122467],[138.80097636756534,-34.60953601617416],[138.80120538981691,-34.60998246122159],[138.81611330298665,-34.63904519617881],[138.81240806198252,-34.64031901481064],[138.81240748461778,-34.640319212661495],[138.81269381526738,-34.6404082770203],[138.81280479970178,-34.64044279929573],[138.81308510669237,-34.640701306719905],[138.81465380043255,-34.64214800292797],[138.814793701668,-34.64299739641268],[138.81360070241055,-34.64482369915436],[138.8126114967232,-34.645478197860484],[138.81235169607396,-34.64585150194523],[138.8119972354841,-34.64670062563334],[138.81180129929055,-34.64716999799697],[138.8111169709715,-34.64791901095356],[138.80972669642995,-34.64944070162704],[138.80912554730628,-34.64973684567883],[138.80904796728987,-34.64977506416784],[138.80904789804208,-34.64977509834205],[138.8090118424227,-34.64986704412871],[138.8087992049194,-34.65040930204759],[138.80907160237257,-34.65104180333651],[138.8090709629546,-34.65104194093277],[138.80903821953825,-34.6510489943156],[138.80899610338747,-34.6510580666764],[138.80899604223362,-34.65105799203269],[138.80880591116397,-34.65082420607223],[138.8078827597816,-34.649689095275505],[138.8078826392724,-34.64968894688735],[138.80175819678345,-34.651788300889336],[138.79814730095723,-34.653025803098274],[138.79576649692638,-34.65384179756086],[138.79479500338675,-34.6538950949826],[138.79332062154947,-34.65397600159116],[138.7894754945985,-34.65418700322755],[138.78921329725597,-34.65420139867558],[138.7866587154274,-34.65515647329255],[138.7866567899789,-34.65515716666988],[138.78665705258095,-34.65515018703144],[138.78665865517291,-34.65510764909868],[138.78666815740962,-34.65506135469769],[138.78668290269388,-34.65499235421373],[138.78669203710785,-34.65496444105605],[138.78670262662502,-34.65493193416137],[138.78670675181525,-34.654916062925906],[138.78671135364607,-34.65489830671146],[138.78672518072256,-34.6548696731968],[138.7867320128721,-34.654855563733236],[138.78674342796694,-34.654832445760746],[138.78675447523892,-34.65481018484212],[138.78677186273137,-34.65477616258977],[138.78680901012774,-34.6547332847133],[138.7868382542821,-34.654690147832014],[138.78690250904367,-34.654625882278594],[138.78694659830694,-34.65457892058066],[138.78700638073997,-34.65453757155166],[138.78704657414016,-34.654513654081825],[138.78708176730981,-34.654482676034604],[138.78711505031936,-34.654461568046884],[138.78715798575251,-34.65443068892512],[138.78720018643946,-34.65440977609023],[138.78724594034793,-34.654379393394265],[138.78728809067286,-34.65435548221967],[138.7873323436129,-34.654330958606806],[138.7873821858393,-34.654308289396],[138.78744114629194,-34.654270460313455],[138.78754164463123,-34.65421238659235],[138.78757038066863,-34.654197717750435],[138.7876091558379,-34.6541780046112],[138.787642881314,-34.65416189775334],[138.78767985244326,-34.65414425215545],[138.78774000539704,-34.654113659917414],[138.78781790826997,-34.654079500068804],[138.78787854685754,-34.65404774590672],[138.78793335603962,-34.65401440893777],[138.78798668134039,-34.65398415934146],[138.7880314019277,-34.65395287642406],[138.78806631630755,-34.6539277979295],[138.78807953724095,-34.65391669669816],[138.78812518502934,-34.653889270973025],[138.7881734489456,-34.65386655409816],[138.78825225293917,-34.653827057672515],[138.78829830092593,-34.65380669971938],[138.78831481337795,-34.65379940172096],[138.78836268429052,-34.65376817096427],[138.78842142890585,-34.65374047364389],[138.78847980300054,-34.653703059148825],[138.78850906334264,-34.6536824655733],[138.7885179351547,-34.653676201795236],[138.78857480468355,-34.65364216425445],[138.78861487757456,-34.653618817854124],[138.78863621039284,-34.65360640361257],[138.78869370135328,-34.6535749039586],[138.7887035147554,-34.653567944105305],[138.78873008342669,-34.65354908172469],[138.7887857694477,-34.653519014690744],[138.7888379004488,-34.653480587559045],[138.78906091163185,-34.65335788675702],[138.78928136244497,-34.65325381001526],[138.78941737681055,-34.653058201174986],[138.7894413041729,-34.652977651597325],[138.78944348862615,-34.65297030053887],[138.78946524142782,-34.65289710381825],[138.78942163779845,-34.65280101755286],[138.78938288061556,-34.6527156026429],[138.78930093259203,-34.6525160080073],[138.78904797938083,-34.65220536058888],[138.78887935739647,-34.65198620390015],[138.7886462630147,-34.65174805173115],[138.78839083396986,-34.65152730863832],[138.7882189528425,-34.65143416495471],[138.78754207540646,-34.65116792336096],[138.78729305672925,-34.65103925735582],[138.78708471618677,-34.65095646396958],[138.78705574182914,-34.650944901386026],[138.78688562067487,-34.65079790809693],[138.78687550060397,-34.65078021933164],[138.78682318164454,-34.65068877356799],[138.78682650014298,-34.6505627030063],[138.78687341687476,-34.650437681953406],[138.7868975510812,-34.650348069008146],[138.78698760019768,-34.6502416513311],[138.78702317827708,-34.650222132445435],[138.7871199039605,-34.65017206089186],[138.78736103918072,-34.650122376946115],[138.78759677666994,-34.65011690906806],[138.78779654577409,-34.650112274861556],[138.78829696003675,-34.650139360642925],[138.78884982096258,-34.65023767542834],[138.78886068207487,-34.65023960717207],[138.78930633841685,-34.65031619883348],[138.78944598424482,-34.6503401990409],[138.7900610467799,-34.65047544088884],[138.79016048571793,-34.65049730610576],[138.79072378777266,-34.65061560202838],[138.7910193886339,-34.650651565017654],[138.79141838904752,-34.650700107723765],[138.79196061279208,-34.65078196041907],[138.79319534688784,-34.65097138012504],[138.79341475628598,-34.65097023259011],[138.7936331053836,-34.65095638932587],[138.79378675275655,-34.65090504972824],[138.79389951155326,-34.65076305756901],[138.79390380581606,-34.65060105639361],[138.79379966702106,-34.65041902461826],[138.79366176138126,-34.65014643111289],[138.79363430597846,-34.650092185805704],[138.79351022741514,-34.64983784224256],[138.7934341573606,-34.649763801957874],[138.7933405379356,-34.649672679950186],[138.7933054805635,-34.64964846930138],[138.79321226223612,-34.64958409313135],[138.7931264462286,-34.64952483140581],[138.79305278006177,-34.649469061747766],[138.7929558313466,-34.64939568875997],[138.79261375262263,-34.6491555490893],[138.79250120156928,-34.64904861160409],[138.79240114299841,-34.64895353257941],[138.79207941503307,-34.648767807288436],[138.79171217867417,-34.648653103258084],[138.79149843860216,-34.648505205250956],[138.79145104343092,-34.648460870472775],[138.7912432559715,-34.64826650359623],[138.79111612241115,-34.648138103790416],[138.7908920113573,-34.64802194915359],[138.79077015861594,-34.647867200111136],[138.79073243835137,-34.647825208966196],[138.79069982983333,-34.64774816944242],[138.79067096789095,-34.64768001701913],[138.7906084029555,-34.64757080784648],[138.7906771849042,-34.64744610785158],[138.79069940355464,-34.64740285765572],[138.79072302694624,-34.64735690139986],[138.79092411085912,-34.64716270719316],[138.79103639301513,-34.64703850722128],[138.7911694755909,-34.64695088807298],[138.79134440991663,-34.646918155448475],[138.79158311067204,-34.646958359640564],[138.7919799410215,-34.647006822306935],[138.79210392515608,-34.64702196419228],[138.79258050918327,-34.64712058474714],[138.79310200355474,-34.647229990871324],[138.79316776198266,-34.64724817606242],[138.79329905310885,-34.64727540303738],[138.79345510886628,-34.64731877194373],[138.79356791442774,-34.64734580286648],[138.79372405562071,-34.64737990156118],[138.79384860363018,-34.64741560284773],[138.7940033068072,-34.64747086438882],[138.79413316531338,-34.64750507100217],[138.7942497651146,-34.647546691626474],[138.7942817036378,-34.647558092332076],[138.79432785864378,-34.647572506665824],[138.7943826129673,-34.64758209883473],[138.79446979234706,-34.64759008841179],[138.794527670016,-34.64758601628159],[138.79453784674433,-34.647585296823934],[138.79462997419398,-34.647569891437286],[138.79475748726827,-34.64755561200184],[138.79479001035077,-34.64755196974755],[138.79489080996302,-34.64754138202909],[138.79490392207845,-34.64754000516706],[138.79506817065965,-34.647526892152314],[138.7951452056867,-34.64752320133465],[138.79516207427037,-34.6475228173241],[138.79520675708625,-34.64752180109019],[138.79536714937456,-34.64750159871977],[138.7954975987352,-34.647468170919296],[138.79564294896295,-34.647414077597546],[138.79574530440232,-34.64736440534301],[138.79586983892204,-34.64727637610383],[138.79598690727005,-34.64720720474867],[138.7960041355825,-34.64719561608479],[138.79611240226563,-34.647122788985484],[138.79617259209147,-34.647084071372774],[138.796221102422,-34.64705286579709],[138.7963535329892,-34.64697595937298],[138.7963845892774,-34.64696576555758],[138.79649120570468,-34.64690576998527],[138.79662007495654,-34.6468367919843],[138.79662648622343,-34.64683336826528],[138.79674124781036,-34.646776142604836],[138.79687147863592,-34.64669848344823],[138.79690472297466,-34.64668785885755],[138.797021610559,-34.64662047985121],[138.79716564058197,-34.646559396998555],[138.7972880329164,-34.646500164051304],[138.79742219557795,-34.646429968368295],[138.79748790634187,-34.64638910137586],[138.79753447413668,-34.646357875115825],[138.7976388161785,-34.6462548451849],[138.797685681649,-34.646204201662556],[138.79770963239366,-34.64615114166179],[138.79774897773325,-34.64602424732112],[138.79775677935197,-34.64598776362436],[138.79777271533862,-34.64591324490027],[138.79777943057627,-34.64586297099925],[138.7977910552131,-34.64583657859521],[138.79779375857515,-34.64583042903104],[138.79781086188189,-34.645793880583085],[138.79781544212904,-34.64578409236191],[138.7978471801033,-34.645730651947986],[138.79789564276973,-34.64564892066113],[138.79791110931035,-34.64559288120648],[138.79791572732904,-34.64557609985707],[138.79791622555342,-34.64557050427533],[138.79791806916364,-34.645549627413345],[138.79792170602195,-34.64551472022811],[138.79792844644066,-34.64548722255722],[138.7979305265726,-34.6454787041788],[138.79793319486112,-34.64546731336577],[138.797938433412,-34.645444910354286],[138.7979428418887,-34.64540700213138],[138.79794854988575,-34.64536927737021],[138.79790275280982,-34.64529890721877],[138.79778637604045,-34.645258006052075],[138.79767005502913,-34.6452169124305],[138.79761886741687,-34.64522201698247],[138.7975048954346,-34.64523338441313],[138.79731784184503,-34.64519130783253],[138.79713075318182,-34.645148910193996],[138.79692200434704,-34.64504790643571],[138.79675962365775,-34.64496741441462],[138.7965019822807,-34.64492379369807],[138.79476016904664,-34.645008858771746],[138.79452511144484,-34.645004577998805],[138.79433320961004,-34.644927118491694],[138.79422281063432,-34.644882557084316],[138.79408353712563,-34.64477956762289],[138.79406125911987,-34.644763091143716],[138.79402233556243,-34.64465891277854],[138.7939954386386,-34.64458691125691],[138.79397833533199,-34.64452466468151],[138.79393091677844,-34.644352494871725],[138.79403016416086,-34.64415995182026],[138.79412880360144,-34.64398675588404],[138.79420074576785,-34.64389623642211],[138.7942506113767,-34.64383350511213],[138.79451309830085,-34.64368270859006],[138.7947281064171,-34.643550609872705],[138.7949182024132,-34.64347644997815],[138.7950607773331,-34.643420608374356],[138.7953453929756,-34.64332870935243],[138.79551131069854,-34.643273253557766],[138.7958647541551,-34.64324086627289],[138.79631199780056,-34.64322945207749],[138.79689687638984,-34.6433373041732],[138.797366180405,-34.64336519484783],[138.79744238625722,-34.64336084392778],[138.7975061248079,-34.643357204371455],[138.79762536861597,-34.643350399201495],[138.7978387930259,-34.64327649741239],[138.79795824367807,-34.64320090040121],[138.79798449758653,-34.643104206194096],[138.79796280144217,-34.64302602003477],[138.79790886999842,-34.64297934611989],[138.79782524024267,-34.64290700735245],[138.79757122313356,-34.64272748108834],[138.7972921536101,-34.6426058064128],[138.7964607780425,-34.64236918938656],[138.79612552877018,-34.642273773116074],[138.79579849570405,-34.64219006691803],[138.79554372316431,-34.642049476801844],[138.7954525723784,-34.64190181081989],[138.79541403822736,-34.641839385279354],[138.79538602884224,-34.64179401088484],[138.79539062887454,-34.641619190772985],[138.79544230571787,-34.6414451152998],[138.79558736636397,-34.6412924203089],[138.79575335513334,-34.64123697530613],[138.7976900712399,-34.64090267032191],[138.79795105269898,-34.64081026138439],[138.79809461867183,-34.64071567518823],[138.79810128444683,-34.640663265397336],[138.79812414431387,-34.64048290905896],[138.79811040267305,-34.64033593465564],[138.79810591685464,-34.64028828587567],[138.79801810435208,-34.64005349357382],[138.79799287567073,-34.64003786605463],[138.79785628843706,-34.63995325693719],[138.79599789069016,-34.639103615239605],[138.7956956060674,-34.63898141985658],[138.7955861270982,-34.6389367999933],[138.79534650363826,-34.63883905717671],[138.79520939929444,-34.638742042810975],[138.79509276711758,-34.63865951382547],[138.7948613463741,-34.638519322109005],[138.79477294841286,-34.63830391919049],[138.79461707162068,-34.638102104128734],[138.79422931632996,-34.63760007558295],[138.79397137278067,-34.63726611773711],[138.79338463709144,-34.6365373701035],[138.7932909583111,-34.63642101761582],[138.79311623172873,-34.63621934824431],[138.7931156777464,-34.63621871152429],[138.79308632027755,-34.63618498604825],[138.79292672298993,-34.6360077683438],[138.792858538191,-34.635973131854485],[138.7926495627272,-34.63586725107274],[138.7926479403502,-34.635866313079816],[138.79244197491732,-34.63574723564636],[138.79211677736748,-34.63564455195444],[138.79200167044075,-34.63556493407441],[138.79183828610803,-34.6355427639873],[138.7916724736058,-34.63561715230969],[138.79164836907705,-34.635636198151985],[138.79157675426382,-34.63569285903816],[138.79145560029576,-34.63584565205514],[138.79135829095242,-34.63597944599462],[138.7912659944302,-34.63610987557024],[138.79123651285488,-34.636151536664045],[138.7911632082156,-34.63626642955205],[138.7911606325572,-34.63636324426824],[138.79106349768233,-34.63649686463856],[138.7910141293986,-34.63659291493104],[138.79098878920138,-34.63664221126896],[138.79096483485932,-34.636688809640816],[138.79092610195812,-34.63671944414699],[138.79086905526276,-34.636764510973364],[138.79082255941364,-34.636871636416856],[138.7908190196821,-34.63687977078473],[138.79072450273372,-34.63691683544357],[138.79062924834125,-34.63697316537923],[138.79053621887147,-34.63695220398097],[138.79042017664995,-34.636911307310925],[138.7903492723011,-34.6368982401616],[138.79030366768018,-34.63688983060115],[138.79021112204566,-34.63684945373927],[138.79011847478785,-34.636809023817364],[138.7899097430403,-34.6367278024461],[138.7896095646298,-34.63656740206392],[138.78942686825542,-34.63638983092591],[138.78858308114434,-34.63549196758021],[138.7883187317242,-34.635210676731276],[138.78826018765756,-34.635105575661726],[138.7881733140473,-34.63494961882981],[138.78800786487113,-34.634744674127376],[138.7877846315556,-34.634584577716055],[138.78755066393205,-34.63452350115858],[138.7873793853504,-34.63458067106109],[138.78730781010745,-34.634604561551214],[138.7870986853561,-34.63477719990783],[138.7869741742188,-34.63500905862111],[138.78690342455343,-34.635276383897974],[138.78691048333224,-34.63544273779206],[138.7869860488671,-34.636939331085216],[138.78727080120655,-34.637484796885815],[138.7873092058552,-34.63756916228698],[138.78934186343633,-34.63682085170092],[138.78942160991937,-34.63688869835471],[138.79184205156946,-34.63875682586678],[138.7919420930532,-34.63883059905288],[138.79194216320036,-34.63883065121354],[138.79164539771705,-34.6407070956559],[138.79162313769768,-34.641373973529994],[138.79160160972663,-34.642018897154344],[138.79150290013877,-34.64276677426716],[138.7914154032983,-34.64342969602359],[138.79141499950265,-34.643429925350745],[138.79070619793276,-34.64383369666774],[138.7885976978256,-34.64419779619129],[138.78396220529157,-34.64806659509725],[138.78185727819096,-34.64797792284281],[138.78046559800896,-34.64791929693797],[138.7798439263562,-34.64820604307437],[138.77935484085333,-34.64843163441236],[138.779354703257,-34.64843169826423],[138.77933018863735,-34.648382358758795],[138.77932429537998,-34.648370497600354],[138.77932426390373,-34.648370518284764],[138.7772000949085,-34.64978320393169],[138.77698602568455,-34.65054590726777],[138.77692400034243,-34.650766896774826],[138.77383989589453,-34.65113000434616],[138.7739380020372,-34.65153729830763],[138.7739478972777,-34.6525287999641],[138.77214270342313,-34.65670129992503],[138.77191989728544,-34.657135008773594],[138.77142542124625,-34.65610749466509],[138.77145366805246,-34.6546891405913],[138.7703842320467,-34.65328760653779],[138.77038420057045,-34.65328756516897],[138.76895329375952,-34.65254768212981],[138.768538389735,-34.651994045089054],[138.76818948785467,-34.6515284786563],[138.76785160356872,-34.65142854239326],[138.7669997936057,-34.651713421537124],[138.76611381749876,-34.65165788840079],[138.7638343787536,-34.64971893657963],[138.76354246871006,-34.64955864231746],[138.76222449696297,-34.648834917397494],[138.76213352064553,-34.64878496095713],[138.76183685228898,-34.64816505647212],[138.7617349617991,-34.64795214917228],[138.75965758093264,-34.64679906542449],[138.75903427341302,-34.6464530890388],[138.7569894291189,-34.645268377933235],[138.75603615224668,-34.64471608178172],[138.7500934492533,-34.64125396709687],[138.7458068954719,-34.63882959091285],[138.74291048493103,-34.63719144792691],[138.74230239933638,-34.63684752919005],[138.74226011321377,-34.636823612619594],[138.74225993964455,-34.63682382306092],[138.7422578361303,-34.63682637263895],[138.74197994561803,-34.63716317863776],[138.74098383043952,-34.63837048071309],[138.73881480326065,-34.6409993636297],[138.72782169381617,-34.65422916794171],[138.71939840161497,-34.64937506730547],[138.71747732292022,-34.64827599863838],[138.71180975761433,-34.645033530772764],[138.7094165627243,-34.6436643606217],[138.70675156573225,-34.64214150622547],[138.7038913681921,-34.639568062915714],[138.70212351508826,-34.637977449099935],[138.70059129964886,-34.636628110798654],[138.6948981675165,-34.63161448032395],[138.6948882479943,-34.63160574520896],[138.6947890536719,-34.63151839046128],[138.6947701778015,-34.63150176739259],[138.69474718573406,-34.63148152005607],[138.6955609606698,-34.62465722605009],[138.6958038873396,-34.62467835022562],[138.69582740730903,-34.624680395283974],[138.6961264795534,-34.62470640187888],[138.6961300489627,-34.62469258829225],[138.69613061463622,-34.62469039754376],[138.6979241802568,-34.617749102638925],[138.6979242755849,-34.61774873121891],[138.69781139807765,-34.61767870101119],[138.69778000184567,-34.61765479613189],[138.69774790324323,-34.61763579795365],[138.6977357686908,-34.61762780747728],[138.6977148018966,-34.61761400018594],[138.69766860102516,-34.61758319840584],[138.69763600329895,-34.61756139614147],[138.69760288036866,-34.61753374738447],[138.697591199974,-34.61752399693489],[138.69755729913015,-34.61749579959144],[138.6975109957359,-34.6174598968567],[138.69747640331343,-34.61743320138112],[138.69743412348612,-34.61740997998652],[138.6974145011784,-34.61739920341046],[138.69740856115618,-34.61739592718027],[138.69737750306933,-34.617378798692584],[138.69731860377067,-34.617357696100726],[138.69728829661767,-34.61734690243753],[138.6972246021337,-34.61732950235461],[138.69716388260713,-34.617326261197945],[138.6971345961847,-34.6173246972769],[138.69712578282872,-34.617323868102005],[138.69706979463535,-34.61731860077276],[138.69701769600988,-34.61731581197512],[138.6969265047544,-34.6173108962808],[138.69686369790145,-34.61731599723544],[138.69679449956652,-34.61731530026083],[138.69677988018736,-34.617315079926925],[138.69674178670414,-34.617314506159516],[138.6967213945768,-34.61731419859137],[138.69668543968135,-34.61731231361233],[138.696637502219,-34.617309799107886],[138.6965748077812,-34.61731499629002],[138.69650879664368,-34.61731790289883],[138.6964803034233,-34.61731800092497],[138.69645210068393,-34.617318098051726],[138.69640700417995,-34.61732029599483],[138.6963658979679,-34.61732229878504],[138.69635042153482,-34.6173242026498],[138.69632279795883,-34.61732760118781],[138.69625299797758,-34.617337696977074],[138.69614499389638,-34.617346804411454],[138.6961161562357,-34.6173544585414],[138.69608660541257,-34.61736230332758],[138.69599439972183,-34.617370096852426],[138.69591309741156,-34.61738420181939],[138.69585050010062,-34.61739159604525],[138.6958056023467,-34.6173968993474],[138.6957439960886,-34.6174069969353],[138.69570849804882,-34.61741409798219],[138.69561299994007,-34.61743500002518],[138.69558585930008,-34.617445952868366],[138.69555640110707,-34.61745784100651],[138.69555448824906,-34.61745861262483],[138.6954840920173,-34.61748360118719],[138.6954433500307,-34.61749588592636],[138.69541909801308,-34.6175031983139],[138.69534219698483,-34.617513303995736],[138.69529880109883,-34.617522299014865],[138.69527059566155,-34.6175282561241],[138.69521120173567,-34.61754079986798],[138.695168599951,-34.61755049635826],[138.69510850275526,-34.61756380272726],[138.695083399979,-34.617575495712515],[138.69492399064973,-34.61760899905602],[138.6949234969219,-34.61760910337739],[138.6948649996201,-34.61762780208136],[138.69480230428303,-34.61763400110823],[138.69475651260302,-34.617638701864564],[138.69472324488186,-34.61764382800021],[138.69471760433407,-34.617644697644664],[138.69466700397913,-34.61765280413357],[138.6946553703491,-34.617655321335974],[138.69462729621284,-34.6176613971557],[138.69458530326915,-34.61767075909819],[138.6945802041132,-34.61767189584128],[138.69453070542772,-34.617681497902765],[138.6945140221045,-34.617684835286866],[138.69450720164605,-34.61768619955842],[138.69447969767998,-34.617694799775165],[138.69446013472748,-34.617701049164054],[138.694453984264,-34.6177030132834],[138.69445370007827,-34.61770310411492],[138.6944219054467,-34.61771520359372],[138.69439305069875,-34.61772622568475],[138.69437399856122,-34.6177335029987],[138.69434798477175,-34.61774275342526],[138.69433379526845,-34.6177478004206],[138.6943155174472,-34.61775414333903],[138.69428736417058,-34.617763963036396],[138.69424729397747,-34.617777803602735],[138.69422120194702,-34.61778490105229],[138.6942207882588,-34.6177850161655],[138.69417630239445,-34.61779739803143],[138.69414026566085,-34.617809080224845],[138.69413249911565,-34.61781159832657],[138.69410540434103,-34.617820602338895],[138.69407470058707,-34.617826600816954],[138.6940554479006,-34.61783052815633],[138.69404529725273,-34.61783259929496],[138.69400110007075,-34.61784149898597],[138.69398287530953,-34.61784503512024],[138.6939737966535,-34.61784679599282],[138.69396561372218,-34.61784768002639],[138.6939493126107,-34.61784943999959],[138.6939474923829,-34.61784966213213],[138.69394528904388,-34.61784993102947],[138.6939445956666,-34.61785001556575],[138.6939402060757,-34.61785050929353],[138.69392003248356,-34.61785277468579],[138.693907305278,-34.617854203708475],[138.69389483797647,-34.61785484042849],[138.6938779010444,-34.61785570377765],[138.69385369579152,-34.617856904372616],[138.69384377806796,-34.617857386409185],[138.69380440125224,-34.617859300166515],[138.69379375148048,-34.61785988652451],[138.6937808003437,-34.61786059968688],[138.69374760456833,-34.61785919944248],[138.69373775429403,-34.6178588343177],[138.69372089470357,-34.61785821108754],[138.6937135868127,-34.617857406194275],[138.6936962991449,-34.6178555014302],[138.69367109834263,-34.61785270004202],[138.69364349904833,-34.61785030065079],[138.69362169588464,-34.617847503759265],[138.6935908986012,-34.61783990178998],[138.69356890118388,-34.617834499562434],[138.69356326423338,-34.61783312899564],[138.69354710431548,-34.617829199857624],[138.69353641857094,-34.617827681802055],[138.69351470533945,-34.617824597127424],[138.6935037048322,-34.6178231150447],[138.69349099471367,-34.61782140183618],[138.6934701205497,-34.61781596543443],[138.693461805418,-34.61781379986695],[138.69345452360744,-34.6178119301764],[138.69342559511517,-34.61780449997764],[138.69339870088936,-34.61779509936429],[138.6933745037304,-34.61778539567945],[138.69333999674348,-34.61776839669409],[138.69331080205188,-34.617754102869526],[138.69329400181675,-34.61774230286494],[138.69327987076952,-34.61773243190618],[138.69327267259587,-34.61772749013153],[138.69326730004593,-34.617723801112504],[138.6932609292486,-34.61771830355684],[138.69325049711279,-34.617709300443835],[138.6932287865793,-34.617692101808984],[138.69321371124386,-34.61767892584169],[138.6932107983397,-34.617676315109804],[138.69320029875485,-34.61766690370462],[138.69318429711768,-34.61765219978912],[138.6931655525483,-34.61763059627498],[138.69315870241223,-34.61762270112672],[138.69314699773577,-34.61760389270546],[138.69313609885194,-34.617586299268226],[138.69313301327804,-34.61758001390649],[138.69312760385594,-34.617568998110755],[138.69311809712258,-34.61754939558807],[138.69310739519017,-34.617527596021716],[138.69309919517184,-34.61750660224783],[138.69308909938252,-34.61748070267225],[138.69307589463688,-34.61745730321195],[138.69306271417304,-34.6174336861157],[138.69305609965932,-34.61742169725346],[138.69305110032803,-34.617412283150315],[138.69304818832325,-34.617406781098],[138.69304729529654,-34.617405092171225],[138.69303560231128,-34.617383103747216],[138.69302369978402,-34.617362404051676],[138.69301591525232,-34.61734846545926],[138.69301230177632,-34.61734199663579],[138.69300947250917,-34.61733738761029],[138.69300150091863,-34.61732439960133],[138.69299356350223,-34.61731002933436],[138.69298618366554,-34.61729666990533],[138.69298246766687,-34.61728994297647],[138.69297990100165,-34.61728529617943],[138.69297148964256,-34.61727071457176],[138.69296669535674,-34.617262402138124],[138.69295659776878,-34.617244903129745],[138.69294340201645,-34.6172261990298],[138.69293350317866,-34.617212208276726],[138.69293010284207,-34.61720739960174],[138.69291710224252,-34.61718889874862],[138.69290479502035,-34.617171101165354],[138.6928998730308,-34.617164023500834],[138.69289289968765,-34.61715399606004],[138.692878103142,-34.61713250136381],[138.69284999573074,-34.61710540389123],[138.69283635481395,-34.61709222972257],[138.69282979695765,-34.6170858957974],[138.69281089590618,-34.6170698024294],[138.69279339959576,-34.61705489706583],[138.6927907115222,-34.61705263077425],[138.69277490233992,-34.617039297425606],[138.6927621049872,-34.61702310243419],[138.6927570157237,-34.61701652119547],[138.69275135898806,-34.61700920700923],[138.692748233844,-34.617005161858685],[138.69273759936084,-34.61699139593611],[138.69273430424482,-34.61698458357165],[138.69273036881157,-34.61697644470712],[138.69272730122407,-34.616970099990056],[138.69272223174562,-34.61695975598792],[138.6927175993378,-34.616950304113175],[138.69270950184205,-34.61693310098178],[138.69269799681513,-34.61690800000417],[138.69268948743002,-34.61688920687135],[138.6926878983279,-34.616885695918086],[138.6926671006063,-34.616875797080354],[138.6926426948046,-34.6168642030205],[138.6926292877115,-34.616857894276336],[138.69262099866023,-34.61685399391666],[138.69261882679746,-34.616852572987796],[138.6925983959992,-34.61683919916965],[138.69258079536746,-34.61682809883763],[138.6925585029726,-34.616813201567936],[138.69252100304197,-34.61678960425678],[138.69251525817265,-34.61678585768112],[138.692514968591,-34.616785668823525],[138.6925009049928,-34.616776496637954],[138.6924771026362,-34.61675970089942],[138.69245850105904,-34.616746596877874],[138.69244306419614,-34.616739782714774],[138.69242859770168,-34.61673339662889],[138.6924196521453,-34.6167289899509],[138.6924085005519,-34.61672349689184],[138.69238496259607,-34.6167155082141],[138.69236968491305,-34.61671032272318],[138.69234258384324,-34.61670119910099],[138.69232121055552,-34.61669410075211],[138.69231909894734,-34.616693399280905],[138.69230950857707,-34.616690309210355],[138.6922952039606,-34.6166857019835],[138.6922703970613,-34.616678941779696],[138.69226549755479,-34.61667760718581],[138.6922585071245,-34.616675702421674],[138.69224084713744,-34.61667236503757],[138.69222989879086,-34.61667029569753],[138.6921944960792,-34.61666330256929],[138.692148296107,-34.61665519697971],[138.69213165055532,-34.61665266448881],[138.6921134977398,-34.616649902670815],[138.69208089641631,-34.616651998990505],[138.6920415007147,-34.616654702352605],[138.69199790068262,-34.616665599437795],[138.6919535218376,-34.616676891325426],[138.69194131264157,-34.61667999758379],[138.69192210312258,-34.616693402878184],[138.69189070239406,-34.61671740398498],[138.6918625985801,-34.616739803399184],[138.69185139932267,-34.61674877053929],[138.6918064017441,-34.61678480097771],[138.6918060204316,-34.61678500602318],[138.69175700468213,-34.616811396628634],[138.69171430037477,-34.616823100405725],[138.69168648344453,-34.61683075363635],[138.69165360063323,-34.61683979991676],[138.69164102901038,-34.616843175971724],[138.69163379036718,-34.61684511940672],[138.69158360280107,-34.616858595747544],[138.69154939888574,-34.6168753833922],[138.69154569727618,-34.616877200022714],[138.6914940968751,-34.616903397273916],[138.69147287377416,-34.61691709215006],[138.69145520299526,-34.616928494654246],[138.69143788115332,-34.616939635455765],[138.691418198591,-34.61695229431291],[138.69137300226225,-34.61699250030358],[138.69135576135932,-34.617009239384856],[138.69134209975812,-34.617022502586394],[138.6912968962348,-34.61706490382221],[138.6912861826113,-34.617075805404056],[138.69124550087918,-34.61711720029854],[138.6912100118326,-34.61716363859102],[138.691208893076,-34.617165102687295],[138.69119682237556,-34.6171927721287],[138.69119139856423,-34.61720520435665],[138.69117009542367,-34.617254102294964],[138.6911649548988,-34.61726224925337],[138.6911500423406,-34.61728588793335],[138.69114770140538,-34.61728959943542],[138.69112978331293,-34.617317872321905],[138.69111620444937,-34.61733929956898],[138.69108349430792,-34.61737220126605],[138.69106868697043,-34.617387095837785],[138.6910432982097,-34.61741699739645],[138.6910428305622,-34.61741754958018],[138.69102902866678,-34.61743384439637],[138.69100340068644,-34.617464099388656],[138.69096617954563,-34.61750359311628],[138.6909628277723,-34.617507149035646],[138.6909624977211,-34.61750749887193],[138.69092330076978,-34.617540093000855],[138.69090981183842,-34.617547696768725],[138.6908744981596,-34.6175676023629],[138.69084397696804,-34.61757984483393],[138.6908416000599,-34.617580798115284],[138.69078570269812,-34.61760240162948],[138.69073041327806,-34.617615994882215],[138.69072681149316,-34.61761623500121],[138.6906761967491,-34.61761960386161],[138.69064909657857,-34.61762159855789],[138.69060629784246,-34.61761859931886],[138.6905651133893,-34.61761579703136],[138.69055302470235,-34.61761499573544],[138.690512395131,-34.61761230136659],[138.69047830542956,-34.617608802104485],[138.69043289776005,-34.6176043036956],[138.69041386540766,-34.617598451807055],[138.69039970018605,-34.617594096390405],[138.6903815725516,-34.617589097958444],[138.69036380464593,-34.617584199351256],[138.69032640004343,-34.617573197944694],[138.69028109579597,-34.617554796016975],[138.69024449518736,-34.61753999587404],[138.6902216353203,-34.61752388901624],[138.69021639587004,-34.6175201972992],[138.69021245504086,-34.617517412998154],[138.69017860455904,-34.61749349912566],[138.69015860093873,-34.61746180072146],[138.6901448952708,-34.61744000385306],[138.69013120399188,-34.61738710033438],[138.69012150390438,-34.61734960130303],[138.69011919984132,-34.61729439821784],[138.69011898040674,-34.61728929996116],[138.6901173049697,-34.61725039978609],[138.69011799924635,-34.61719699264705],[138.69011800284363,-34.61719671115924],[138.6901237009481,-34.61713049587564],[138.6901348021794,-34.617072899694506],[138.69013881585374,-34.61703040402989],[138.6901411019304,-34.617006198777005],[138.69014018282326,-34.6169886242256],[138.6901384965944,-34.61695639612071],[138.69013670064828,-34.61692140080197],[138.69013239559365,-34.61689946273998],[138.6901283009804,-34.61687859936785],[138.69012199583347,-34.61684669501892],[138.69011980418566,-34.61683560188146],[138.6901196108314,-34.61682883987902],[138.69011909641927,-34.616810792284184],[138.69011718625916,-34.6167823035604],[138.6901084025808,-34.61674479733449],[138.69010120170913,-34.616714099875765],[138.69009729775212,-34.61670083397627],[138.69009169497576,-34.61668179802649],[138.69008910402897,-34.616672946898916],[138.6900844941042,-34.6166571988706],[138.69006120076392,-34.61660010361186],[138.69005269857325,-34.61658139051872],[138.69004129786765,-34.616556300332945],[138.69002349488846,-34.61651730393038],[138.69002212432167,-34.61649191696836],[138.6900213949715,-34.616478398359334],[138.6900199614521,-34.61646317103845],[138.69001950639517,-34.61645833718245],[138.6900175054036,-34.61643740186457],[138.69001080005842,-34.616401795906086],[138.69000973166385,-34.61639098695446],[138.69000642395736,-34.616357507892644],[138.69000479708382,-34.616342198733435],[138.69000437620105,-34.616338137395076],[138.6900025991407,-34.616320999014874],[138.6899955016911,-34.6162766966122],[138.68998839614767,-34.616234300772305],[138.68998787723876,-34.616230988569214],[138.68998238417976,-34.616195903318214],[138.68997890830008,-34.61616825546059],[138.68997790825392,-34.6161602982591],[138.6899629669175,-34.61611878645277],[138.68996160444453,-34.61611500030699],[138.68995100413565,-34.61608560236863],[138.68993519315472,-34.616058599324845],[138.68991530464768,-34.61602440440271],[138.68991516255483,-34.616024299182016],[138.6898959962033,-34.61601029943574],[138.68988302887874,-34.61599982503185],[138.6898742047308,-34.61599269700531],[138.6898692575603,-34.61598879035034],[138.68985266147126,-34.61597565485255],[138.6898525976194,-34.61597560359121],[138.68983719493065,-34.61596030432452],[138.68982030026666,-34.61594380086569],[138.68979500503553,-34.615924699265406],[138.68976893728666,-34.615904992421406],[138.68976471317103,-34.61590179892886],[138.68975545914714,-34.615892636635806],[138.68974239739384,-34.61587970438478],[138.68971410472227,-34.615851799321035],[138.68968380206593,-34.61583840212052],[138.68967485561018,-34.61583441992252],[138.68964470224125,-34.61582099933963],[138.68959737631792,-34.61580495003835],[138.6895928005673,-34.61580339780852],[138.68959167461617,-34.61580301649599],[138.68956859891182,-34.61579521038061],[138.6895463973484,-34.61578770014222],[138.68952314177966,-34.61578411634383],[138.68949310262462,-34.61577948663398],[138.68945279860782,-34.61577420311693],[138.68941889866335,-34.61577740110613],[138.6894065545689,-34.61577856123159],[138.68939500007923,-34.61577964671329],[138.68936929475717,-34.61579000240664],[138.68935776634794,-34.61579467258605],[138.68932860223322,-34.61580648787907],[138.68928629722495,-34.61583339829264],[138.68923900007985,-34.615863502198806],[138.6892013031976,-34.615912303010305],[138.68918299479947,-34.615943304439895],[138.6891511965705,-34.615997103683355],[138.6891393731836,-34.616014234869],[138.68912400376985,-34.61603650298218],[138.6890997013902,-34.616074204360984],[138.68907560225728,-34.61611179961983],[138.6890476962942,-34.61613321877297],[138.68904420422666,-34.61613589965202],[138.6890297773025,-34.616150214160996],[138.68899279897857,-34.61618690290322],[138.68897050118778,-34.61623000291229],[138.68895252913603,-34.616258943095715],[138.68893429987816,-34.61628829876594],[138.68892230292204,-34.61630680231701],[138.68888999297883,-34.61635699887637],[138.68888979962458,-34.61635729835058],[138.68886679136938,-34.61640489766785],[138.68884940117903,-34.616447001228096],[138.6888426760487,-34.616463261870024],[138.6888290980845,-34.616496096117885],[138.6888049953543,-34.61655000417932],[138.68879050098087,-34.6165776007756],[138.68877040113318,-34.61661599643105],[138.68875318810922,-34.61664682339216],[138.6887435959403,-34.61666400134254],[138.68873184899564,-34.61667741383155],[138.68871531136256,-34.6166962959972],[138.68868549703814,-34.61673070226004],[138.6886555001513,-34.616775500189135],[138.6886433979745,-34.61681339762015],[138.68863677626632,-34.616834438158776],[138.68862589896617,-34.61686899820563],[138.68860900430218,-34.61690089895728],[138.688601899658,-34.616914422062905],[138.688591299349,-34.61693460195028],[138.68857700462513,-34.61698999479239],[138.68857689940444,-34.61699040398389],[138.68857631394576,-34.616992423861234],[138.6885626991093,-34.61703939814964],[138.68854560479588,-34.61708725827032],[138.68853219500488,-34.61712480226777],[138.68853102138962,-34.61712668814607],[138.68852049482507,-34.61714360439379],[138.68849370312194,-34.61718980166796],[138.68846461275177,-34.61724730072228],[138.68844599858403,-34.61728360365532],[138.6884165053175,-34.61734109641441],[138.6883989991146,-34.61737910176407],[138.68839133958875,-34.61739576800022],[138.68837620309932,-34.617428701173594],[138.68835040514716,-34.617483903359414],[138.68832274379963,-34.61752815090341],[138.68831934346304,-34.61753359000312],[138.68831589995887,-34.617539098350676],[138.68830899856152,-34.617545845064626],[138.68827110113045,-34.617582896233614],[138.6882495425824,-34.61760463554543],[138.68823519929504,-34.61761910024126],[138.68821776773586,-34.617632655722446],[138.68820749478016,-34.6176406452995],[138.68820099717834,-34.61764569859008],[138.6881972919715,-34.61764861599079],[138.68817470190106,-34.61766640278222],[138.6881561389947,-34.61767503717317],[138.6881373017951,-34.617683799267866],[138.68810390007502,-34.61769960035622],[138.68805950234423,-34.61771450122319],[138.6880250007532,-34.617725899230834],[138.68798410138527,-34.617733700849556],[138.68798351322857,-34.61773382045942],[138.68795622330117,-34.617739356685945],[138.68792439899187,-34.61773939715539],[138.687904181333,-34.61773948438963],[138.68790100133026,-34.617739497879484],[138.68787640037567,-34.61773959590556],[138.6878477057071,-34.61773975598493],[138.68781940404233,-34.61772800004712],[138.68779725913623,-34.617719041900216],[138.68777595959295,-34.61770278575494],[138.68777270044984,-34.61770029823015],[138.68774865527632,-34.61768208965668],[138.68773739666358,-34.61767142639519],[138.6877305977889,-34.61766498724933],[138.68771549907115,-34.617650698820626],[138.68770045880922,-34.61763647154589],[138.68769962693625,-34.61763568373976],[138.68768236894618,-34.617620183924316],[138.68766674682297,-34.61760530104374],[138.68766137427303,-34.617600183002025],[138.6876501543312,-34.61758114435429],[138.6876314520299,-34.61755211783594],[138.6876166033237,-34.617537002030986],[138.68759321465518,-34.617513012615404],[138.68757241963158,-34.61747720880612],[138.6875652700213,-34.61746352562119],[138.68755750797266,-34.61744867241828],[138.68754509013388,-34.61743081098308],[138.6875344862276,-34.617415559380504],[138.68750930521037,-34.61738016836006],[138.6874860136686,-34.61734367297208],[138.68747782084483,-34.61733083604918],[138.6874777650869,-34.61733074791562],[138.687457301913,-34.61730960305567],[138.68743427477204,-34.617285720659424],[138.68742770432516,-34.617278907395644],[138.68738078759338,-34.6172383839442],[138.6873481053309,-34.617217096991396],[138.68734333802468,-34.6172139844378],[138.68731210726799,-34.61719358961244],[138.68727770550174,-34.61717486302945],[138.68726858457762,-34.61716989787243],[138.68726101588322,-34.61716581405102],[138.6872292617211,-34.61714868106674],[138.6871570848317,-34.617120550273114],[138.68709630505055,-34.61709881815591],[138.687036504631,-34.61707620020644],[138.686963362769,-34.61704852986571],[138.68689116519522,-34.617021736363995],[138.6868413103782,-34.61699786206162],[138.68679911059053,-34.616980292906135],[138.6867696020356,-34.61696808640801],[138.6867669993976,-34.616967009919506],[138.6867657637291,-34.616966606123924],[138.6867293007167,-34.61695469730142],[138.68671409408023,-34.61694984096232],[138.6866996743505,-34.61694523643348],[138.68666474827955,-34.61693314414924],[138.68664754604742,-34.616927188838645],[138.6866081692317,-34.61691514511779],[138.68659596003556,-34.61691141113266],[138.68653380159378,-34.616898099367745],[138.68650275789605,-34.61689153971275],[138.68648978337683,-34.61688879767985],[138.68648599633173,-34.616887998182506],[138.68648557185168,-34.616887908250305],[138.6864262255899,-34.61687972891633],[138.6863854593215,-34.61687202712233],[138.6863615013823,-34.61686750083447],[138.68633489224158,-34.616862540174054],[138.6863179885844,-34.61685938894959],[138.68626355531887,-34.616852163796295],[138.68623826368503,-34.616847991841325],[138.68622619838038,-34.61684600164159],[138.68618738543955,-34.61683977203779],[138.68615749826995,-34.61683749855166],[138.686104568671,-34.61683363686279],[138.68608858142295,-34.61683599308657],[138.68607561769568,-34.61683790414594],[138.6860577301802,-34.61683972976965],[138.68603904136876,-34.616841637231744],[138.68598108366018,-34.61685466211293],[138.6859253481764,-34.616862738024906],[138.6858488446485,-34.616876946413925],[138.6858131226776,-34.61688626878623],[138.6857602119643,-34.61690007697695],[138.6857139490396,-34.61691923073789],[138.6856812703744,-34.61693276103807],[138.685674215193,-34.61693718030659],[138.68561311974975,-34.61697544735898],[138.68555086508047,-34.61702540919521],[138.68551990232174,-34.617048699837596],[138.6854644294399,-34.61709092930289],[138.6854360144606,-34.61712572856948],[138.68540959237885,-34.61715808707601],[138.6853898990247,-34.61719580104534],[138.68537268510136,-34.61722900221662],[138.68534615600038,-34.61727404655994],[138.6853420353068,-34.61728104418478],[138.68533647479853,-34.61728917585475],[138.6852975962072,-34.617346039088375],[138.6852881173528,-34.617358394873975],[138.6852415909267,-34.61741904605208],[138.68519715542448,-34.61748358859671],[138.68516374471108,-34.61753785009165],[138.6851443850054,-34.61757667562301],[138.68514093790407,-34.617583587812305],[138.68512904526926,-34.61760743783293],[138.68510290197742,-34.61764825176539],[138.6850903474417,-34.617665872182215],[138.6850518240825,-34.61771993672568],[138.68504093599051,-34.61773382495602],[138.68502022999962,-34.617760236245886],[138.68500313748484,-34.617793835816826],[138.68500016342682,-34.617799680510814],[138.68499282316031,-34.617814110133054],[138.68496551884368,-34.6178598703367],[138.68494788583632,-34.61788239295805],[138.68494632371392,-34.61788438765433],[138.68492836515202,-34.61790732666174],[138.6848940946868,-34.617940501752685],[138.68485880888693,-34.61797526144909],[138.68484601693024,-34.61798375554582],[138.68481591122543,-34.618003748374235],[138.6847623449064,-34.6180141112622],[138.6847465537105,-34.618017257090685],[138.68470603835306,-34.618025327606745],[138.68464771821766,-34.61802346780877],[138.6846194372373,-34.618013221832655],[138.68460999615445,-34.61800980081159],[138.68459531472206,-34.618004562260694],[138.6845641316295,-34.61799343584835],[138.68454383213225,-34.61796033630043],[138.68452403535605,-34.61793042035259],[138.68451842178774,-34.61791509770353],[138.6845092837765,-34.61789015410727],[138.6845025964177,-34.61786977097313],[138.6844956365644,-34.61784855686534],[138.68447450519432,-34.61781540875404],[138.68446036875105,-34.61779306779579],[138.68445502138218,-34.617784615967196],[138.68444729980308,-34.61775080865283],[138.68444429696683,-34.61773712906523],[138.68443955034502,-34.617715503967304],[138.68445199876078,-34.61767220430875],[138.68446464412807,-34.61762915196374],[138.68449089983517,-34.61758949995544],[138.68451300696972,-34.617556531708544],[138.68452457494925,-34.61754056604423],[138.68454439960442,-34.61751320327164],[138.68457015708714,-34.6174781270139],[138.68458642402436,-34.61744935770167],[138.68458809766264,-34.61744639623413],[138.68459069670337,-34.6174419023219],[138.68460919665722,-34.617409916134704],[138.68462449682318,-34.617390617582885],[138.68464078804197,-34.61737006807414],[138.68464822003943,-34.61735959906622],[138.68466909870006,-34.617330186738684],[138.68469140008813,-34.61729819785353],[138.68470948095785,-34.61727280459621],[138.6847129730254,-34.617267899693786],[138.68472762208216,-34.61723104997293],[138.6847417207539,-34.61719465890633],[138.684757699908,-34.617150600219986],[138.68476195639926,-34.617139010656786],[138.68476460490263,-34.617131798993285],[138.68477336070214,-34.61710835726484],[138.68477206387968,-34.617079037567464],[138.68477121671833,-34.617061448626885],[138.68477026793357,-34.617050618990845],[138.6847682129827,-34.61704113024393],[138.68476732984846,-34.61702443612876],[138.68476975711872,-34.617012288086585],[138.6847708336071,-34.617006895751615],[138.68477383104755,-34.616985268855046],[138.6847765344096,-34.616973344744],[138.68477903542419,-34.616962316357785],[138.6847891761796,-34.616936702766566],[138.68479606318783,-34.616909258155715],[138.68479602002037,-34.61690900094959],[138.68478948104973,-34.616869980265335],[138.68479136602878,-34.61685815058314],[138.68479184986404,-34.61685511087461],[138.68478563464942,-34.616830267103126],[138.68478368042258,-34.61682172804029],[138.6847773590879,-34.61679411795416],[138.68476646739862,-34.61675073555796],[138.68475933667412,-34.61671766029173],[138.684755658447,-34.616700595655914],[138.68475052781469,-34.61668262360416],[138.68474521012342,-34.616663993248665],[138.6847418313705,-34.6166559766919],[138.68473357109747,-34.616636375967914],[138.68472470468146,-34.61660474231496],[138.68471476987077,-34.6165712857362],[138.68469775919425,-34.61653687407744],[138.6846909926952,-34.61652550574746],[138.68467321219907,-34.61649563026907],[138.68463682742765,-34.61644074644323],[138.6846132058348,-34.616405810479705],[138.68461168238332,-34.616403555879344],[138.68458491496187,-34.61636543631579],[138.6845681462031,-34.61634235161819],[138.68455328130892,-34.61632188934368],[138.68452215307502,-34.61628373920314],[138.68449563836305,-34.616254746859056],[138.68449471565862,-34.616253738719024],[138.68446455509525,-34.61622416901014],[138.684437140162,-34.61619418741179],[138.68443698637793,-34.616194003950056],[138.68440437875915,-34.616155107372265],[138.68439120908704,-34.61613911113102],[138.68437484322453,-34.61611923341587],[138.68435976069452,-34.61610330642242],[138.68434041267994,-34.61608287382552],[138.68428770521348,-34.616025587011165],[138.68425338168822,-34.61598066227771],[138.68422121563663,-34.615936809536095],[138.68421209920905,-34.615924380905426],[138.68419278536885,-34.61590405622718],[138.68418575087173,-34.615896653907384],[138.6841561290022,-34.6158679808226],[138.68415216928724,-34.61586351838662],[138.68412548999947,-34.61583344775539],[138.6841093084979,-34.615808906156076],[138.6841078453009,-34.61580668572992],[138.68408679756772,-34.61578619827441],[138.684072830197,-34.615772564552174],[138.68404916813472,-34.6157466586813],[138.6840324065704,-34.61573523639203],[138.6840254251333,-34.61573038005298],[138.68400484864492,-34.61571607004055],[138.68396979127294,-34.615686448171004],[138.6839399023047,-34.61566845453552],[138.68393407469785,-34.61566494717954],[138.68392368123295,-34.61565616709839],[138.6839060239439,-34.61564125094293],[138.683896752833,-34.61563423892892],[138.683880098288,-34.61562164212506],[138.68383569066464,-34.61559870581556],[138.68379972407809,-34.61557815540749],[138.68379597660305,-34.6155760141217],[138.68379563396138,-34.61557581806949],[138.68374920736005,-34.615539337070686],[138.68371957559805,-34.615510229613335],[138.6836998102981,-34.615478949393946],[138.68367785604823,-34.61544809005727],[138.68365943163758,-34.615438457418804],[138.6836182148088,-34.61543411459269],[138.6836175043444,-34.61543403994892],[138.68361380543286,-34.615434142471656],[138.68360570613845,-34.61543436730216],[138.68358725834537,-34.61543487991571],[138.68355586930795,-34.6154357513588],[138.6834984475953,-34.61544876904543],[138.68345584131407,-34.61545517311771],[138.68339848525193,-34.61546368160356],[138.6833824107697,-34.615469071240625],[138.68335521886831,-34.6154781876682],[138.68331237606537,-34.61550216719121],[138.6833020599422,-34.61551127732355],[138.6832916997522,-34.61552042612669],[138.68327597780421,-34.61553430986049],[138.68321115826836,-34.61557297081589],[138.68319210882885,-34.615584842766225],[138.6831440967228,-34.615614766807994],[138.6831004490266,-34.615637720204575],[138.68307493256214,-34.615651138988824],[138.6830694314092,-34.615653751519346],[138.68302830001608,-34.615673282995544],[138.68300383485916,-34.61568614509946],[138.68299371838543,-34.61569146369004],[138.68299022721726,-34.61569302311449],[138.68295807015886,-34.61570738169024],[138.6829484797886,-34.61571538205919],[138.68294043085632,-34.615722096397576],[138.68291974644922,-34.61573077035871],[138.6829130240169,-34.61573358973334],[138.68290964526398,-34.61573618068013],[138.68290655429416,-34.61573855129308],[138.68288791224745,-34.61574782060541],[138.68288169523407,-34.615750911575276],[138.68287902964357,-34.6157518540648],[138.68285570033038,-34.6157600999486],[138.68282690223987,-34.61577070295556],[138.6828005044398,-34.61577699281395],[138.68274785992583,-34.61578998352087],[138.68273360117485,-34.61579350166875],[138.68270084247,-34.615799171894196],[138.68266508632473,-34.61580536012923],[138.68265570999313,-34.61580639255095],[138.68262749915982,-34.615809499708575],[138.68259810212078,-34.61581300706456],[138.68259517662614,-34.615813356001524],[138.68259433126343,-34.61581347651071],[138.68258494593852,-34.61581481200392],[138.68256750178887,-34.615817296830755],[138.6825528167592,-34.61581961168571],[138.68254111388137,-34.61582145619519],[138.68251232838134,-34.61582317569895],[138.68251019608874,-34.61582330340269],[138.68246198793042,-34.61582660391457],[138.68243579697446,-34.61583210236961],[138.68239201438007,-34.61584179076601],[138.68233859465045,-34.615846404288106],[138.68230050116722,-34.615849882865746],[138.68229482914307,-34.615850400875274],[138.68223108069992,-34.615848033859606],[138.68218500033754,-34.61584939723184],[138.6821339566169,-34.61585125972783],[138.68208416205448,-34.61585620959636],[138.6820673573227,-34.61585787963742],[138.68202520160185,-34.61585749562687],[138.68197510037066,-34.61585700279841],[138.6819354096915,-34.615856740196364],[138.68190513761203,-34.61585368699804],[138.68187171161026,-34.61585031633899],[138.68180389823135,-34.615840502936805],[138.6817661356987,-34.61583501707236],[138.68175906702743,-34.61583399004655],[138.68170582086702,-34.615820886025006],[138.68167642202934,-34.61581584082836],[138.68164939830115,-34.61581120302458],[138.68161983308892,-34.61580615692856],[138.68158550057046,-34.61579490371179],[138.68155877181994,-34.61578621895882],[138.68155499286866,-34.6157849913842],[138.68155465022699,-34.61578487986827],[138.68151800465228,-34.61578060179329],[138.68147084330485,-34.61577512042544],[138.68142740515066,-34.61576849601926],[138.68140135448903,-34.61576450392869],[138.6813831953782,-34.61576172142628],[138.68133533885486,-34.615751834279706],[138.68132609112627,-34.615750018548454],[138.6813065272745,-34.615746179342636],[138.68128496872635,-34.6157393121195],[138.68125113892893,-34.61572853734208],[138.68121468401057,-34.61571652060093],[138.6812137028502,-34.61571619684497],[138.68118652264002,-34.61570722700685],[138.68115708333278,-34.61569951801829],[138.68114740213093,-34.615696982829434],[138.68113569115928,-34.615693893658204],[138.68112510164224,-34.61569110036396],[138.6810957702537,-34.61568346422047],[138.68105443021784,-34.61567633709325],[138.68102863316494,-34.61567266336266],[138.68102393330798,-34.615671994267075],[138.68102294944958,-34.61567191602609],[138.68097730525847,-34.61566830434873],[138.6809338518159,-34.61566506858799],[138.68093135529784,-34.61566488332767],[138.68089643642145,-34.61566456586695],[138.68084952598485,-34.61566596161481],[138.68083202877517,-34.615668811566366],[138.68080747188742,-34.61567280995217],[138.68077414481104,-34.61567784615562],[138.68075391186358,-34.6156809038506],[138.68069607466418,-34.61568490943097],[138.68065460242804,-34.61568592296692],[138.68062707957608,-34.615687712617785],[138.68060603723893,-34.61568908138594],[138.68054932778932,-34.61569130271141],[138.68050080306966,-34.6156930033294],[138.68046289754477,-34.61569445573451],[138.68045986593017,-34.61569457174704],[138.68040780237823,-34.615697900137945],[138.68036162578846,-34.615700944343075],[138.68032980777446,-34.61570592119125],[138.68032929875824,-34.61570600123093],[138.68032377242423,-34.6157068897611],[138.6803206670652,-34.61570738888486],[138.68027583586115,-34.615714589756465],[138.68023589427116,-34.61572870191799],[138.68020849102913,-34.61573790108321],[138.68017022487606,-34.615744353718924],[138.68014825084117,-34.615747736968444],[138.68014260489736,-34.61574860121692],[138.68011190204265,-34.61575620408553],[138.680078574067,-34.61576450392869],[138.680053212286,-34.61577081986741],[138.68004946211306,-34.61577142601044],[138.68000379903617,-34.615778804048546],[138.67996829829838,-34.61578468291674],[138.67996417041024,-34.615785367300816],[138.67993219501489,-34.61578780356422],[138.67988172416233,-34.61579187119787],[138.67988099751005,-34.615791932351726],[138.67982839886156,-34.61579640018368],[138.67976920458523,-34.615801534413265],[138.6797627105807,-34.61580209828816],[138.679760293203,-34.61580191212852],[138.6797120967359,-34.61579820422372],[138.679677804687,-34.61579560158572],[138.67964178324178,-34.61579293239788],[138.67961109927285,-34.61578430340285],[138.67956574736138,-34.61577151774128],[138.67951880185126,-34.615731002383825],[138.67949048939465,-34.61570659118621],[138.67949024567838,-34.615706380744825],[138.67949016294074,-34.615706195484506],[138.6794713985862,-34.61566449571984],[138.67945433305113,-34.61562650835663],[138.6794525856684,-34.61562261878879],[138.6794519381565,-34.61561824718433],[138.67944589741035,-34.6155775016004],[138.67944041154578,-34.61554007271616],[138.67943954370003,-34.615534153378405],[138.67943796808777,-34.61548633642525],[138.67943799057082,-34.61548600187746],[138.67944135043808,-34.61543720376392],[138.67944266434756,-34.61542011124908],[138.67944529756255,-34.61538586056895],[138.6795699840676,-34.615347991916224],[138.67979043667935,-34.615224909801725],[138.67988971823593,-34.61516948008739],[138.68080561119007,-34.61465812647134],[138.68139284150652,-34.61399740265796],[138.68193368029517,-34.613388876395504],[138.68245143438628,-34.612806322553695],[138.68302392211638,-34.612158191946946],[138.68345771550128,-34.61166708117082],[138.68421125024906,-34.61111287306062],[138.684772251838,-34.61070026860244],[138.68617894080558,-34.60966568132608],[138.6867002058499,-34.60928230213648],[138.6869008239139,-34.6091783863734],[138.68784310837282,-34.6086973246218],[138.68876831740397,-34.60826309686439],[138.6896479029284,-34.607869924957015],[138.69061464265167,-34.60747132474182],[138.69160210545283,-34.60710271961477],[138.69240135094162,-34.606833614579614],[138.69436764035436,-34.606180095235175],[138.6953166706279,-34.605892639533636],[138.69759844850967,-34.60520150064872],[138.6992105516257,-34.60471320295193],[138.69956237989993,-34.604594621044896],[138.70080528973244,-34.604175704245336],[138.70079286110172,-34.60414981096494],[138.69966314803594,-34.60179624290225],[138.6973788655423,-34.59660901809167],[138.69615503212913,-34.59378478713819],[138.69614154589567,-34.59375366519947],[138.69613446103665,-34.593739495481316],[138.69595118909615,-34.59337295070105],[138.695808420822,-34.589089921362756],[138.69547529664771,-34.58490206997453],[138.69509458304867,-34.58028591556251],[138.6948566368244,-34.578572703467444],[138.69496051931253,-34.57679954436344],[138.6947866192072,-34.57447788334758],[138.6947083170353,-34.57343250870326],[138.69449109119103,-34.570532420834525],[138.69437596807654,-34.56899536434457],[138.69420789917524,-34.566751393062304],[138.6940145026672,-34.564167611146274],[138.6914198425518,-34.563913546373044],[138.68927104382362,-34.563703139188476],[138.68672360531025,-34.56345369782986],[138.68461807836172,-34.56324752825077],[138.68286635729658,-34.56307600235556],[138.68288031297618,-34.56298023624885],[138.68360181117475,-34.558029031314675],[138.68366647063112,-34.55758963515348],[138.68398237368763,-34.55544247858745],[138.6844117271196,-34.55252421901747],[138.68443521111612,-34.5523646037434],[138.68309021833898,-34.55185899949316],[138.6803511001233,-34.55158797170748],[138.67757793177623,-34.551313530095285],[138.6752135286814,-34.55107936462093],[138.67497808976714,-34.55105604699895],[138.67337463633044,-34.55089724471202],[138.6716947414193,-34.55073087103284],[138.66965600891774,-34.55057733967243],[138.66798380051205,-34.55074550300253],[138.65525475939967,-34.55202558271441],[138.65592091511826,-34.55111305862073],[138.65652501311888,-34.54974011581368],[138.6568214305646,-34.54903330624205],[138.6574056913197,-34.54764013138691],[138.6603205451571,-34.54693523107602],[138.66057633123273,-34.546623393854475],[138.66073380522096,-34.54643613521944],[138.66093550337087,-34.54615359611154],[138.6609005206426,-34.545469127498166],[138.66110245981076,-34.54355927863776],[138.66133999774274,-34.541312751482224],[138.66149070523193,-34.53988742406534],[138.6616908268702,-34.53799467761223],[138.6619681085415,-34.535372099842505],[138.66193675367833,-34.53335492678838],[138.66033696048237,-34.53259513365845],[138.6570473159809,-34.53103277564202],[138.6533630759452,-34.52928301150172],[138.65020091304177,-34.52778139639429],[138.64854575218476,-34.52699547256299],[138.64413195512566,-34.524898797641356],[138.6416413213899,-34.52370437565639],[138.64093231747256,-34.522266937069446],[138.63942601689723,-34.52093456987444],[138.6369204400263,-34.51871831299968],[138.63546624347248,-34.517431828316205],[138.6329217313529,-34.5151807739735],[138.63189493850064,-34.514272400251],[138.63014226595283,-34.51246395264923],[138.6301653497511,-34.51246391397842],[138.6556236379206,-34.512421090960515],[138.65532846963322,-34.51431965512796],[138.6565922626229,-34.51591715505265],[138.66587445594143,-34.520162452435216],[138.66811486231109,-34.52124165417894],[138.66858245491642,-34.521456953675454],[138.67179596011556,-34.52189745060684],[138.67233705521096,-34.52229594739998],[138.67583805927904,-34.525941851135485],[138.6763239548867,-34.52653605119775],[138.67698285397557,-34.52716904801309],[138.6772160607727,-34.52742794034714],[138.6816230598564,-34.530708749908854],[138.6856441868298,-34.53299142081738]]]},"properties":{"School_Name":"Gawler and District College B-12","ENTITY_CODE":774,"zoneType":"secondary"}}]}