{"type":"FeatureCollection","features":[{"type":"Feature","geometry":{"type":"Polygon","coordinates":[[[138.59128633600005,-34.95968839999995],[138.5924603520001,-34.96092538299996],[138.59272035200001,-34.96091339399993],[138.59599132800008,-34.96075533099997],[138.5971732800001,-34.960698313999956],[138.59761228900004,-34.96067731599993],[138.597948287,-34.960660314999984],[138.59851625600004,-34.960634340999945],[138.59890669600009,-34.96593176899995],[138.5989073280001,-34.96594034399993],[138.60248630400008,-34.965753252999946],[138.60248732800005,-34.96576226399998],[138.60331129500003,-34.96572326599994],[138.60417728000004,-34.965682250999976],[138.60551424000005,-34.96562022099994],[138.60659526300003,-34.96556921599995],[138.60704620800004,-34.965548199999944],[138.608601216,-34.965474180999934],[138.6087052160001,-34.96683219299996],[138.60873926400006,-34.96727519299998],[138.60880224000005,-34.96809618599997],[138.60889929600012,-34.969365194999966],[138.60897929700002,-34.97045719299996],[138.6090583040001,-34.97152819499996],[138.60914534300002,-34.97271620899994],[138.60920335900005,-34.97350519799994],[138.60920736000003,-34.97358620899996],[138.60925436800005,-34.97412520699993],[138.609351392,-34.97527720199997],[138.6094254080001,-34.97614520299993],[138.60761644800004,-34.97623921999997],[138.60743541500005,-34.976248908999935],[138.60742944000003,-34.97624922899996],[138.60738844800005,-34.97625022799997],[138.60720944000002,-34.976260217999936],[138.60642243200004,-34.97630125099994],[138.60613644800003,-34.97631523699994],[138.60522848100004,-34.97636326299994],[138.60417046400005,-34.97641726399996],[138.6039045120001,-34.97643128799996],[138.6023795200001,-34.976509301999954],[138.602206496,-34.97651729399996],[138.60135753500003,-34.97655729199994],[138.60112854400006,-34.97656829799996],[138.6009955520001,-34.97657431099998],[138.5998085760001,-34.97666731099997],[138.5997315840001,-34.97667432199995],[138.59843657700003,-34.97678032699997],[138.59730460800006,-34.976873344999944],[138.5963336000001,-34.97695337599998],[138.5940896630001,-34.97707038899995],[138.59277267200002,-34.97714041099994],[138.59163971200007,-34.97724341899993],[138.5909887040001,-34.97727544199995],[138.59044169600008,-34.977302452999936],[138.589323744,-34.977359468999964],[138.58837075200006,-34.97740645999994],[138.58819475100006,-34.97741548699997],[138.5870797760001,-34.97747048799994],[138.58620080000003,-34.977515497999946],[138.58595680100007,-34.97752850399996],[138.58484480000004,-34.97758552199997],[138.58373081600007,-34.97764253799994],[138.58256982400007,-34.97769953599993],[138.58248182400007,-34.97641854099993],[138.58241379100002,-34.975510542999984],[138.5824107850001,-34.97546854799998],[138.58234678400004,-34.97461553099998],[138.58228675100008,-34.97381253899994],[138.5822787520001,-34.973699540999974],[138.58223977700004,-34.97313954499998],[138.58221475200003,-34.97278754499996],[138.58218374400008,-34.97234052999994],[138.58212172800006,-34.97145654499997],[138.5820247040001,-34.97007953499997],[138.58195065600012,-34.969001538999976],[138.58187667200002,-34.96791952999996],[138.58175763200006,-34.966805533999946],[138.58166659200003,-34.965563535999934],[138.58161059200006,-34.964815544999965],[138.58153158400012,-34.96377153399993],[138.5814405760001,-34.96254851799995],[138.58133852800006,-34.961174521999965],[138.58135052800003,-34.96117352299996],[138.58201555200003,-34.961137522999934],[138.5831624960001,-34.96107650899995],[138.5859884790001,-34.96092645599998],[138.58612643200001,-34.960918463999974],[138.58881542400002,-34.960776420999935],[138.59033436800007,-34.96069640899998],[138.59034537600007,-34.96069640899998],[138.5902783690001,-34.96009140299998],[138.59017238400008,-34.95976341699998],[138.5901493760001,-34.95934141299995],[138.5900943360001,-34.95861741599998],[138.5901203520001,-34.958458407999956],[138.59041635200003,-34.95877041099993],[138.59128633600005,-34.95968839999995]]]},"properties":{"School_Name":"Westbourne Park Primary School","ENTITY_CODE":475,"zoneType":"primary"}},{"type":"Feature","geometry":{"type":"Polygon","coordinates":[[[138.53904742400005,-34.86954076699993],[138.5404784000001,-34.870410765999964],[138.54080640000006,-34.87060973299998],[138.5423513920001,-34.871548719999964],[138.54347737500007,-34.87223271999994],[138.54361638400007,-34.872312731999955],[138.54525840000008,-34.87331570899994],[138.54657337600008,-34.87411668599998],[138.54659337700002,-34.87412669499997],[138.54839238400007,-34.87520467099995],[138.54858137700012,-34.87531866799998],[138.54879439900003,-34.87547066399998],[138.54999136100002,-34.87619464299996],[138.5506983670001,-34.87660362299994],[138.55074835200003,-34.87663263099995],[138.5507683520001,-34.87664763399994],[138.5506064000001,-34.877442652999946],[138.55048240000008,-34.87805664899997],[138.55031843200004,-34.878862657999946],[138.5502464320001,-34.87921965199996],[138.5500154560001,-34.880359676999944],[138.5498724480001,-34.88106267799998],[138.5497804800001,-34.881520663999936],[138.54976048100002,-34.88161867599996],[138.54952950400002,-34.88275666699997],[138.5494385280001,-34.88320268399997],[138.549298528,-34.88389369599997],[138.54929052800003,-34.88393469099998],[138.54914255900007,-34.88466668099994],[138.54904454400003,-34.88547468699994],[138.54908358400007,-34.88575967899993],[138.5490935680001,-34.885836694999966],[138.54900758400004,-34.88588867899995],[138.5488765760001,-34.886108699999966],[138.5486856000001,-34.88705771399998],[138.54848960000004,-34.88804570599996],[138.54826064000008,-34.88916071999995],[138.54912899200008,-34.88975899099995],[138.54896574100007,-34.889956652999956],[138.54882803200007,-34.89012338599997],[138.5489190080001,-34.891007000999934],[138.54681655900004,-34.89106235299994],[138.54626000000007,-34.89107700599993],[138.54625270400004,-34.89114273599995],[138.54497599900003,-34.891201990999946],[138.544968992,-34.89106399899998],[138.5436840010001,-34.89112099799996],[138.54374700800008,-34.891713996999954],[138.5411268160001,-34.891834820999975],[138.54107580800007,-34.891058818999966],[138.53928384000005,-34.89113783199997],[138.53740585600008,-34.89122887199994],[138.53551088000006,-34.89132888299997],[138.53550089600003,-34.89150489199994],[138.53454988700003,-34.89138190299997],[138.5326149440001,-34.89113792499995],[138.53152892800006,-34.89100095099997],[138.53087897600005,-34.89103293799997],[138.53032396800006,-34.89105996699993],[138.5299699520001,-34.89107696899998],[138.52920297600008,-34.891114966999965],[138.52905596800008,-34.891121959999964],[138.5280779840001,-34.891169985999966],[138.52709600000003,-34.89121799399993],[138.52617702400005,-34.89126200499993],[138.52602601700005,-34.89127401199994],[138.52525104000006,-34.89130801399995],[138.52490307200003,-34.89132401699993],[138.52417507200005,-34.89136003599998],[138.52309510400005,-34.89141205899995],[138.52253708800004,-34.891439049999974],[138.52209910400006,-34.89146106499993],[138.52026211200007,-34.891551085999936],[138.51975612800004,-34.89157609799997],[138.51895516800005,-34.89161511499998],[138.5161941760001,-34.891751144999944],[138.51607692800007,-34.88964020299994],[138.5166160010001,-34.88899599499996],[138.52175142400006,-34.88344667999996],[138.52172393700005,-34.88322303399997],[138.52164892700011,-34.88296203599998],[138.52160992100005,-34.882986029999984],[138.5210499520001,-34.883181056999945],[138.52085395200004,-34.88324906299994],[138.52000396800008,-34.883250062999934],[138.51980995200006,-34.88317408299997],[138.5194159680001,-34.88302006999993],[138.51932796800008,-34.88288607399994],[138.51926697600004,-34.88180707999993],[138.51925193600005,-34.88129707199994],[138.51914588800003,-34.87986306299996],[138.51903091200006,-34.87840905599995],[138.5189298560001,-34.87692206299994],[138.51889740700005,-34.876240096999936],[138.5188748480001,-34.87576505399994],[138.51885084800006,-34.875439065999956],[138.51877779100005,-34.87429905899995],[138.51875580800004,-34.87395505099994],[138.51873280000007,-34.87361805499995],[138.51868876800006,-34.87293105799995],[138.5186577600001,-34.87246106599997],[138.51865276800004,-34.87238604799995],[138.51847872000008,-34.869486043999984],[138.51875072000007,-34.86966103499998],[138.51741872000002,-34.86744105399998],[138.52317424000012,-34.86436696399994],[138.52350899200007,-34.86421200799998],[138.52590499200005,-34.861547008999935],[138.5271504640001,-34.862308912999936],[138.52800345600008,-34.862826894999955],[138.5282674560001,-34.86298688299996],[138.52939244800007,-34.86367186399997],[138.52939744000003,-34.86367487899997],[138.53157843200006,-34.865001846999974],[138.53249043200003,-34.86555582899996],[138.53343542400012,-34.86613082799994],[138.53800342400007,-34.868906771999946],[138.53840540800002,-34.86915078599998],[138.53904742400005,-34.86954076699993]]]},"properties":{"School_Name":"Woodville Primary School","ENTITY_CODE":497,"zoneType":"primary"}},{"type":"Feature","geometry":{"type":"Polygon","coordinates":[[[138.60334844400006,-34.89314979499994],[138.60335529600002,-34.893540686999984],[138.6033577810001,-34.89354056999997],[138.60336384100003,-34.89354028399998],[138.60635957300008,-34.89339912199995],[138.60885728000005,-34.893281427999966],[138.6093866880001,-34.893272991999936],[138.60930700900008,-34.89823687499995],[138.60920678500008,-34.90199289199995],[138.6102732480001,-34.90230485899997],[138.6128893440001,-34.905525541999964],[138.61282508800002,-34.90949873099993],[138.61276598400002,-34.909500839999964],[138.61249185200006,-34.90954300799996],[138.61247817600008,-34.90954511099994],[138.61225821200003,-34.90956598499997],[138.61216723200005,-34.909574617999965],[138.61212209400003,-34.90959473199996],[138.61204899200004,-34.90962730699994],[138.61183056000004,-34.90978749899995],[138.6116778720001,-34.90996282499998],[138.6116635200001,-34.90997930599997],[138.611599296,-34.91009735399996],[138.61156073600011,-34.91022801899993],[138.61155302400005,-34.91033552399995],[138.61155317500004,-34.91033920399997],[138.61155759400003,-34.910446528999955],[138.611558144,-34.91045987999996],[138.61155888200005,-34.91046271799996],[138.611655809,-34.91083507899998],[138.6116701410001,-34.91087643999998],[138.61179459100003,-34.91123554799998],[138.6118023040001,-34.91140417599996],[138.61169720100008,-34.91168946799996],[138.61169436800003,-34.91169715999996],[138.61169077300008,-34.911703142999954],[138.61160697600008,-34.911842588999946],[138.6115247680001,-34.911952181999936],[138.61139884700003,-34.912089193999975],[138.61121837000007,-34.91222121399994],[138.611138664,-34.91227952099996],[138.61111360000007,-34.91229785499996],[138.61064950700006,-34.91270795299994],[138.61064844800012,-34.91270888899993],[138.61064764900004,-34.91270920799997],[138.61034777600003,-34.91282902699993],[138.6097027520001,-34.91293442199998],[138.6093635200001,-34.91293653099996],[138.60906348800006,-34.912864343999956],[138.60897548800006,-34.912833245999934],[138.60873651200006,-34.91268781699995],[138.60870167200005,-34.91267056099997],[138.60834076800006,-34.91249179199997],[138.60808377600006,-34.912329489999934],[138.60806569800002,-34.91231466399995],[138.60778566400006,-34.91208499499993],[138.60763581100002,-34.911937885999976],[138.60762892800005,-34.91193112999997],[138.60759138700007,-34.911890814999936],[138.60746898700006,-34.91175937299994],[138.60744848600007,-34.911737356999936],[138.60737964800012,-34.91166343499998],[138.607350902,-34.91164290099994],[138.607069044,-34.91144156799993],[138.60706095900002,-34.91143579299995],[138.60702934100004,-34.91143080499995],[138.60686054400003,-34.91140417699995],[138.60684380400005,-34.91140470499994],[138.60679372800007,-34.91140628499994],[138.60676296600002,-34.91142022799994],[138.60658157400007,-34.911502446999975],[138.6065701440001,-34.91150762799998],[138.60649790800005,-34.91156136699993],[138.60644326200008,-34.911602019999975],[138.60614102400007,-34.91182686399998],[138.60539059200005,-34.91231050899995],[138.60515332800003,-34.912531555999976],[138.60505143800003,-34.91262648199995],[138.60497430400005,-34.91269834299993],[138.6047892480001,-34.91289647799994],[138.6047848830001,-34.91290211299997],[138.60472969400007,-34.91297335999997],[138.60469925000007,-34.91301266199997],[138.60449372800008,-34.91327798599997],[138.60436780700002,-34.91349297399995],[138.60429742400004,-34.91366196699994],[138.60426246400004,-34.913745905999974],[138.60424393100004,-34.91381035599994],[138.6041862080001,-34.91401110299995],[138.60415708800008,-34.91407685199994],[138.60412112000006,-34.91424546099995],[138.60413651200008,-34.91457006199994],[138.6042701440001,-34.91486093799995],[138.60450659200012,-34.91517499399998],[138.6047275840001,-34.91560498999996],[138.60477382300007,-34.91590006399997],[138.6047687040001,-34.91611085399995],[138.6047301440001,-34.91624575599997],[138.60454000000004,-34.91666309699997],[138.6043087050001,-34.91701509599994],[138.60416992000012,-34.91714788899998],[138.6040362880001,-34.91723010299995],[138.60391808000008,-34.917291227999954],[138.60377161500003,-34.917320734999976],[138.6035762880001,-34.917322843999955],[138.6034015680001,-34.91730597199995],[138.6030828790001,-34.917215340999974],[138.6028464640001,-34.91706989399995],[138.60196761600002,-34.91651344999997],[138.6016181110001,-34.91634693199995],[138.6013585600001,-34.916260517999945],[138.60080860900007,-34.91620781199998],[138.6002563840001,-34.91620185499994],[138.59990659200002,-34.91622468399993],[138.59919219200003,-34.91630898899996],[138.59867052700008,-34.916452326999945],[138.59839299200007,-34.916559811999946],[138.59821824000005,-34.916722111999945],[138.597611776,-34.91758841099994],[138.59688707200007,-34.91860224799996],[138.596560704,-34.918880488999946],[138.59616236800002,-34.919040679999966],[138.59576147200005,-34.919127093999975],[138.5952398080001,-34.91915238299998],[138.59469760000002,-34.91912498499994],[138.59423244800007,-34.91914394699995],[138.59390608,-34.91917978099997],[138.59363420800003,-34.91926125599997],[138.59329961600008,-34.91930413899996],[138.59293212800003,-34.91931046499997],[138.59271110400005,-34.91930413899996],[138.5923256310001,-34.91921350699994],[138.5909584960001,-34.91861912099995],[138.58989971300002,-34.918224959999975],[138.5893549120001,-34.91809429399996],[138.58860969600005,-34.91800364499994],[138.58798777700008,-34.91809007699993],[138.58761772700007,-34.918109038999944],[138.58727852800007,-34.91799311799997],[138.58697270400012,-34.91775914799996],[138.58665580800005,-34.91723957599993],[138.5861657920001,-34.916378548999944],[138.5859599360001,-34.91613625399998],[138.58574176000002,-34.91588321099994],[138.58513785600007,-34.91530567899997],[138.5847960640001,-34.91504220099995],[138.584652161,-34.91498740399993],[138.58449283200002,-34.91494313399994],[138.58432579200007,-34.91495156899998],[138.58416902400006,-34.914991621999945],[138.58411507100004,-34.91501901999993],[138.582236544,-34.91233370799995],[138.58149385700005,-34.91112382699998],[138.58133964700005,-34.910683304999964],[138.5811906240001,-34.91016900499994],[138.5810929600001,-34.90960201599995],[138.58104412800003,-34.90895914199996],[138.58105955200006,-34.90837317399996],[138.581146944,-34.90772607899993],[138.5823873920001,-34.90333231099993],[138.58281436800007,-34.90183231299994],[138.58317047700007,-34.90058219499997],[138.5837532800001,-34.898536278999984],[138.58413166900004,-34.897305605999975],[138.58421724800007,-34.897027270999956],[138.58422924800004,-34.89695628599998],[138.58424323200006,-34.89687527499996],[138.58428019200005,-34.89662936599996],[138.5843122230001,-34.896416252999984],[138.5843127170001,-34.89620953799994],[138.58431321600006,-34.89600126099998],[138.58428205100006,-34.895691641999974],[138.58426099400003,-34.89548245199995],[138.58424164500002,-34.895290210999974],[138.5842135680001,-34.89501127099993],[138.58420319900006,-34.894908262999934],[138.5841777400001,-34.89477555899998],[138.58411820900005,-34.89446526199998],[138.58404747200007,-34.89420920099997],[138.58396019200006,-34.89389325999997],[138.583958208,-34.89388726599998],[138.5841611840001,-34.893877257999975],[138.58543715200005,-34.89381324699997],[138.5944277440001,-34.89339734899994],[138.5983980430001,-34.893201327999975],[138.59839814400004,-34.89320132199998],[138.5984238410001,-34.89350696199995],[138.5984247240001,-34.89350691799996],[138.59892594000007,-34.89348175099997],[138.59892752000007,-34.89348167199995],[138.598912895,-34.89326742099996],[138.59890694500007,-34.89318025199998],[138.60334073,-34.89295493599997],[138.603343719,-34.89295478399998],[138.60334502400008,-34.89295471799994],[138.60334837900007,-34.89314605599998],[138.60334844400006,-34.89314979499994]]]},"properties":{"School_Name":"North Adelaide Primary School","ENTITY_CODE":179,"zoneType":"primary"}},{"type":"Feature","geometry":{"type":"Polygon","coordinates":[[[138.65958710400002,-34.93086066199993],[138.65975379600002,-34.932986219999975],[138.6597542400001,-34.93299188199995],[138.659911103,-34.935064066999985],[138.66016569600004,-34.93832940899995],[138.66023772800008,-34.93953940199998],[138.66038428900004,-34.941333345999965],[138.66060288000006,-34.94394711799998],[138.66063888000008,-34.94450990699994],[138.66075974400007,-34.94622356299993],[138.66107414300006,-34.95057344899993],[138.66302357400002,-34.95048713399996],[138.66303289600012,-34.95048672099995],[138.663092032,-34.95112537799997],[138.66347867500008,-34.95140034299993],[138.66348028800007,-34.95140148999997],[138.66400739200003,-34.95137409199998],[138.66405247900002,-34.951751454999965],[138.664113734,-34.95183012299998],[138.66415910400008,-34.951888391999944],[138.66472480000004,-34.95225304599995],[138.6651478650001,-34.95254335799996],[138.66517486400005,-34.952561885999955],[138.66518246300006,-34.95256710099994],[138.66530588800003,-34.95260715399996],[138.66554099500001,-34.95279274199993],[138.66558358400005,-34.95282636099995],[138.6665871040001,-34.95393637899997],[138.6667341440001,-34.955114366999965],[138.6665871360001,-34.955215375999956],[138.6665501430001,-34.955241368999964],[138.6657901430001,-34.95489038699998],[138.66554412800008,-34.95477439199993],[138.66514012800008,-34.95465440099997],[138.66484016000004,-34.95485338599997],[138.66477516800012,-34.95516039499995],[138.6647131520001,-34.95574140499997],[138.6643751680001,-34.95589841499998],[138.6631041930001,-34.95519843099993],[138.66226419200007,-34.955060438999965],[138.66157420800005,-34.95526144099995],[138.65962422500002,-34.955355476999955],[138.6578952640001,-34.95544551599994],[138.65824515200006,-34.95561497699998],[138.6584585600001,-34.95583840099994],[138.65908851200004,-34.95635900899998],[138.65954364800007,-34.956603523999945],[138.66052588800005,-34.95713680499995],[138.6616984000001,-34.95739184599995],[138.66236435200005,-34.95746560499998],[138.6627937600001,-34.957634214999985],[138.66360115300006,-34.95828341599997],[138.6639560000001,-34.95795881599997],[138.66478137600006,-34.95795039799998],[138.66510019100008,-34.95765319499998],[138.66498192000006,-34.95742344399997],[138.66479936000007,-34.95726746999998],[138.66424652900002,-34.95709673399995],[138.66410768000003,-34.95687541899997],[138.66528790300003,-34.95698503099993],[138.66575072000012,-34.95712624099997],[138.6665735360001,-34.957678483999985],[138.66693865600007,-34.95821809299997],[138.6668923840001,-34.95876400999998],[138.66612355200004,-34.959288835999985],[138.66612099100007,-34.959872694999945],[138.665730144,-34.96020573299995],[138.66559129600012,-34.96060831099993],[138.66531104000012,-34.960804336999956],[138.66466307200005,-34.96092027699996],[138.66419766400008,-34.960783265999964],[138.66365254400012,-34.96048817299993],[138.66301228800012,-34.96019729699998],[138.66253916800008,-34.96001814299996],[138.66196063900009,-34.95992960199993],[138.6614952320001,-34.96002656099995],[138.66146697500005,-34.96024998599995],[138.66159296000012,-34.96054929699994],[138.6620146560001,-34.96109099499995],[138.66218179200007,-34.96122167899995],[138.66216892800003,-34.96162636599996],[138.66058758400004,-34.96288682799997],[138.65997049500004,-34.962975368999935],[138.65936364700008,-34.96286575499994],[138.65765376100012,-34.96294586099998],[138.65688236800008,-34.96300276599993],[138.65685578800003,-34.96301662899998],[138.65682579200006,-34.96303227399994],[138.6553190080001,-34.963095506999935],[138.6551596160001,-34.96309972499995],[138.65385318300002,-34.96315624799996],[138.6532593920001,-34.96318193899998],[138.65325876400004,-34.96318195999993],[138.6509426890001,-34.96325780799998],[138.6477440000001,-34.96345594299993],[138.64720915200007,-34.964296951999984],[138.64682650300006,-34.96484586199995],[138.64673603200004,-34.964975642999946],[138.64667311800008,-34.96494590499998],[138.64606697600004,-34.964659403999974],[138.64533724800003,-34.964305370999966],[138.6450254130001,-34.96414096099994],[138.6445179200001,-34.96387339499995],[138.64425578200007,-34.963653008999984],[138.6442411490001,-34.96364070799996],[138.6442376000001,-34.963637723999966],[138.64285360100007,-34.961970743999984],[138.641430624,-34.96025775499993],[138.6409355840001,-34.95966275799998],[138.64046659200005,-34.95909878599997],[138.64018956900009,-34.95876478699995],[138.6397005760001,-34.95817678299994],[138.63954758400007,-34.95799378099997],[138.63910758400004,-34.95746377399996],[138.6382715840001,-34.95645979699998],[138.63809859200012,-34.95625080299993],[138.63743856000008,-34.95545680099997],[138.63683856000011,-34.95473581999994],[138.63658054400003,-34.95442581499998],[138.63573353700008,-34.95340681699997],[138.63566953600002,-34.953329818999975],[138.63498553600004,-34.95250682899996],[138.63447456000006,-34.95189283199994],[138.6343775360001,-34.951775837999946],[138.63400153600003,-34.95153383999997],[138.6332825600001,-34.95110885699995],[138.63225254400004,-34.950510863999966],[138.63009955200005,-34.94926089299997],[138.62973856000008,-34.94905089899993],[138.62886553600003,-34.94854388799996],[138.62816355300004,-34.948136905999945],[138.62648358400008,-34.94716091999993],[138.6254105920001,-34.94653893199995],[138.6250572460001,-34.94629353999994],[138.625027584,-34.94627293899998],[138.62502156800008,-34.94626794399994],[138.62502134600004,-34.94626491799994],[138.62492256100006,-34.94492092199994],[138.62476451200007,-34.94275791999996],[138.62467247900008,-34.94158193099997],[138.6246234880001,-34.94107491999995],[138.62446811200005,-34.94010602499998],[138.62446745600005,-34.94010193099996],[138.62470943900007,-34.94016891999996],[138.625754464,-34.940112900999964],[138.6265374080001,-34.940029891999984],[138.62753142500003,-34.939979885999946],[138.62865840000006,-34.93992286899993],[138.62966937700003,-34.93987184599996],[138.63092934400004,-34.93980883499995],[138.63196831900007,-34.93975681399996],[138.63296131200002,-34.93970682699995],[138.63359632000004,-34.939674802999946],[138.63405529700003,-34.93965078999997],[138.63406630400004,-34.93965078999997],[138.63535529600006,-34.93958578099995],[138.63651225600006,-34.93952676599997],[138.63711126300007,-34.93949675899995],[138.63876224000012,-34.93941374899998],[138.63885923200007,-34.93940873599996],[138.6402022090001,-34.93934072999997],[138.64061219200005,-34.939319713999964],[138.64244515100006,-34.93922769499994],[138.64229014300008,-34.93787569699998],[138.64227612800005,-34.937760681999976],[138.64218713600008,-34.93660968599994],[138.64217113600012,-34.936391681999964],[138.6421021120001,-34.935450678999985],[138.64207011200006,-34.93503067399996],[138.64201507300004,-34.93428667699993],[138.6419730570001,-34.933714675999965],[138.64192307200005,-34.933039666999946],[138.64191907100007,-34.93298066999995],[138.64184704100012,-34.93200266699995],[138.6418040320001,-34.93142067699995],[138.64176201600003,-34.930855666999946],[138.64176702100008,-34.93085548799996],[138.64292051100006,-34.93081428399995],[138.64302592100012,-34.93095974899995],[138.6433870080001,-34.93094265499997],[138.64434259100005,-34.93087540799996],[138.64445574400008,-34.930852226999946],[138.6444943030001,-34.93082271999998],[138.64447632000008,-34.93070045299993],[138.64594892900004,-34.930631613999935],[138.6483389120001,-34.93052157699998],[138.64833113600002,-34.930447483999956],[138.65058387200008,-34.93033787099995],[138.65135731400005,-34.93029363799997],[138.651357952,-34.93029360099996],[138.65951159200006,-34.92986361699997],[138.6595125120001,-34.92986356899996],[138.65953660700006,-34.93018564899995],[138.65958710400002,-34.93086066199993]]]},"properties":{"School_Name":"Linden Park Primary School","ENTITY_CODE":647,"zoneType":"primary"}},{"type":"Feature","geometry":{"type":"Polygon","coordinates":[[[138.7277860160001,-34.751669995999976],[138.72779740800001,-34.75192586899993],[138.72781299200005,-34.751995002999934],[138.72783100800007,-34.75256400799998],[138.72807299200008,-34.75289299299993],[138.72810300800006,-34.75301000699994],[138.72816499200007,-34.753110997999954],[138.7282190080001,-34.75315700699997],[138.7286420160001,-34.75326399299996],[138.728814015,-34.753356991999965],[138.7288425280001,-34.75338570499997],[138.72898400000008,-34.753532002999975],[138.72908000000007,-34.753596992999974],[138.72925699200005,-34.75393400699994],[138.7293620160001,-34.75408800099996],[138.7294060160001,-34.754089000999954],[138.72960700900012,-34.75392200099998],[138.72971699200002,-34.753879006999966],[138.72986000000003,-34.75385499399994],[138.73006476800003,-34.753862097999956],[138.73017500800006,-34.75389700799997],[138.73082601500005,-34.75448499299995],[138.73114300800012,-34.75486999699996],[138.73124499200003,-34.75495200699993],[138.73130400000002,-34.75498099599997],[138.73134800100001,-34.754973004999954],[138.7313583680001,-34.75476698799997],[138.73132243200007,-34.75463630499996],[138.73131100800003,-34.75430500599998],[138.73125500800006,-34.75397100699996],[138.73126899200008,-34.75382700399996],[138.7312966400001,-34.75378874499995],[138.7313380160001,-34.75371100799998],[138.7313858880001,-34.753671880999946],[138.73153900800003,-34.753552000999946],[138.7317969920001,-34.75338799799994],[138.732028,-34.75327300199996],[138.7322229120001,-34.75320934399997],[138.73274278400004,-34.753055330999985],[138.73321401600003,-34.75301500099994],[138.73409900800004,-34.75303200299993],[138.73445801600008,-34.75308400599994],[138.73455500800003,-34.753122004999966],[138.73478099200008,-34.753260996999984],[138.73496601600004,-34.75342299999994],[138.73517334400003,-34.753716021999935],[138.73532601500006,-34.75392899399998],[138.73539897500007,-34.75399764699995],[138.7355449920001,-34.75412300399995],[138.73560800000007,-34.75414200299997],[138.73570499200002,-34.75380099299997],[138.7357830080001,-34.75374900699995],[138.73629900800006,-34.75365900399993],[138.73658601600005,-34.75354700599996],[138.73674099200002,-34.753464995999934],[138.73685360100012,-34.75342222299997],[138.73718044800012,-34.75322529199997],[138.7373190080001,-34.75310100799993],[138.73743820800007,-34.75307000199996],[138.7374950080001,-34.75307699499996],[138.73761401600007,-34.75311499399993],[138.73786099200004,-34.75327300199996],[138.73873600000002,-34.75363199599997],[138.73896201600007,-34.75381399899993],[138.73908700900006,-34.75395400599996],[138.73929001600004,-34.75453499799994],[138.73950800000011,-34.75496299499997],[138.739548,-34.755081006999944],[138.73971321600004,-34.755328833999954],[138.73981100900005,-34.75545500399994],[138.739886016,-34.75558799999993],[138.74015753600008,-34.75584466999993],[138.74036300700004,-34.75604200799995],[138.74123699200004,-34.75642799199994],[138.7416802570001,-34.75659358599995],[138.7420127680001,-34.75671668499996],[138.74216601600006,-34.756796993999956],[138.742263008,-34.756880002999935],[138.7423560000001,-34.757044004999955],[138.74241299200003,-34.75727736399995],[138.74257100800003,-34.75807939499998],[138.7426240000001,-34.75816599299998],[138.74269603100004,-34.75822593399994],[138.74278400000003,-34.75830899899995],[138.7438280010001,-34.75845100399994],[138.7440160000001,-34.75848400899997],[138.74424899200005,-34.75854899899997],[138.74433600100008,-34.75854100699996],[138.7450190090001,-34.75874300799995],[138.74525900800006,-34.75876600299995],[138.74566400000003,-34.75871899499998],[138.7459369920001,-34.758724008999934],[138.7460220160001,-34.75874800399998],[138.7460880000001,-34.75879900799998],[138.74614099200005,-34.75887200899996],[138.74617100800003,-34.75897200099996],[138.7461774400001,-34.759010684999964],[138.74615599900005,-34.75949686499996],[138.7461030080001,-34.759854006999944],[138.7461098240001,-34.76003223599997],[138.7460713600001,-34.760491739999964],[138.74600243200007,-34.760890135999944],[138.745922016,-34.76130200299997],[138.74587200000008,-34.761932000999934],[138.74598601600007,-34.76214199499998],[138.74615500800007,-34.76235200699995],[138.74651100800008,-34.76252100399995],[138.7466416320001,-34.76260443999996],[138.7466940160001,-34.76263300299996],[138.7469070080001,-34.76284399599996],[138.74702057600007,-34.76290302899997],[138.7474470080001,-34.76305199199993],[138.7475129920001,-34.76305400799998],[138.74783500800004,-34.76290700699997],[138.7479210880001,-34.76283489399998],[138.7479980160001,-34.76275549199994],[138.74819264100006,-34.76249750899996],[138.74856499200007,-34.76196999999996],[138.7489280000001,-34.761647008999944],[138.74921500800008,-34.76152500099994],[138.74936800000012,-34.761501006999936],[138.74955299200008,-34.761531994999984],[138.7496700160001,-34.761659995999935],[138.75022601500007,-34.76252699799994],[138.75033900800008,-34.762771993999934],[138.75044028800005,-34.76304523899995],[138.75046400000008,-34.76312599199997],[138.75061200000005,-34.76318300899993],[138.75076400000012,-34.76319499599998],[138.75092224000002,-34.76316269599994],[138.75108300800002,-34.76311999799998],[138.75136201600003,-34.76293799399997],[138.75387500800002,-34.76417899299997],[138.75358899200012,-34.76489699699994],[138.75315638300003,-34.76577469199998],[138.75312201600002,-34.765851004999945],[138.75266099200007,-34.76881200399998],[138.75189500800002,-34.77044999299994],[138.7514700160001,-34.77082400799998],[138.7511817610001,-34.77123511399998],[138.75110102400004,-34.771389700999976],[138.75097299100003,-34.771633992999966],[138.75042899200002,-34.77242000299998],[138.74924499200006,-34.77121300699997],[138.7482480000001,-34.77082400799998],[138.74743900700003,-34.77023400499996],[138.7471900160001,-34.770113995999964],[138.7446809920001,-34.770055998999965],[138.743174016,-34.77070799399996],[138.74092799900006,-34.771905998999955],[138.73974230400006,-34.77227215099998],[138.73923948800007,-34.77244075999994],[138.73786969600008,-34.77291138199996],[138.737359007,-34.77308154499997],[138.73715590400002,-34.77315663599995],[138.73685616000012,-34.77327756999995],[138.73607500800006,-34.773528004999946],[138.73333401600007,-34.77376099399993],[138.73154099200008,-34.77445300499994],[138.72728400000005,-34.78003800699997],[138.72259174400006,-34.77969081799995],[138.722673761,-34.77957482199997],[138.72324470400008,-34.778829809999934],[138.72336009600008,-34.778677664999975],[138.72325571200008,-34.77865679699994],[138.72265772800006,-34.77863581899993],[138.72205375900012,-34.778765817999954],[138.72208566400002,-34.77926757399996],[138.72202774400012,-34.77930982899994],[138.7217087350001,-34.77938484599997],[138.72153174400012,-34.77945283399998],[138.72146473600003,-34.77951484499994],[138.72142675200007,-34.77970384099996],[138.7214037750001,-34.779748833999975],[138.7212787840001,-34.779907840999954],[138.72113478400001,-34.77997784499996],[138.72068278400002,-34.78014985799996],[138.7201258240001,-34.78053585999993],[138.71985481500008,-34.780827864999935],[138.7197068160001,-34.78105088199993],[138.71962185600012,-34.78137387399994],[138.7195418560001,-34.78148986799994],[138.71945283200012,-34.781532880999976],[138.7191888310001,-34.781617869999934],[138.71835385600002,-34.78176488999998],[138.71798188800005,-34.78179389799993],[138.7174548800001,-34.781873910999934],[138.7169288650001,-34.781935902999976],[138.71663286400008,-34.781993918999945],[138.71633392,-34.782123937999984],[138.715753919,-34.78215792199995],[138.71560192000004,-34.782118923999974],[138.7152469120001,-34.781922934999955],[138.7146848960001,-34.78170494899996],[138.71443289600006,-34.78170894599998],[138.71420592100003,-34.78164195699998],[138.71406294500002,-34.78164795099997],[138.7137889280001,-34.78169697599998],[138.71363593700005,-34.781693959999984],[138.713093952,-34.78151297499994],[138.71279894500003,-34.78152496299998],[138.71243395200008,-34.781274991999965],[138.71200793600008,-34.780896980999955],[138.71174393600006,-34.78055898499997],[138.71150595300003,-34.78008597799993],[138.71132492800007,-34.77989298499995],[138.7110779520001,-34.77977099699996],[138.71061993600006,-34.77963899899993],[138.70944195200002,-34.77846002999996],[138.70939993600007,-34.77840503099998],[138.7093699520001,-34.77830501999995],[138.70932694500004,-34.77827802799993],[138.70880595200003,-34.77814101599995],[138.7087189440001,-34.77811302599997],[138.7086859520001,-34.77812101899997],[138.708078945,-34.778344035999964],[138.7077049610001,-34.778463046999946],[138.70723398400003,-34.778500064999946],[138.7067539840001,-34.77846306499998],[138.7066549750001,-34.778489056999945],[138.70639996800003,-34.77862806599995],[138.70623500800002,-34.77867007999998],[138.7060600000001,-34.77866708299996],[138.705940993,-34.77861008399998],[138.70562099200004,-34.77835208299996],[138.7052849910001,-34.77823708799997],[138.70490499200002,-34.77816710199994],[138.70469801600007,-34.77812710499995],[138.70449001600002,-34.77814109099995],[138.70421299200007,-34.778271089999976],[138.70387302400002,-34.77831911599998],[138.70373904000007,-34.77842512199993],[138.7036390400001,-34.77847710699996],[138.70349702400006,-34.778492110999935],[138.70333104000008,-34.77858810699996],[138.7029590400001,-34.778599113999974],[138.70290502400007,-34.778562112999964],[138.7027460480001,-34.77839711299998],[138.70275603100004,-34.77822911399994],[138.70268502400006,-34.77807312199997],[138.702536032,-34.77800813099998],[138.70225302400002,-34.77806512999996],[138.70185904000004,-34.77805713799995],[138.7016370240001,-34.777929135999955],[138.70135206400005,-34.77778315299997],[138.70131408100008,-34.777763154999946],[138.70114006400001,-34.77771514799997],[138.70090307300006,-34.77760214899996],[138.70059305600012,-34.77759915199994],[138.7001050560001,-34.77759617399994],[138.69912508800007,-34.77787517199994],[138.6988160960001,-34.77798619099997],[138.69857510400004,-34.77800019399996],[138.69853011200007,-34.77806218799998],[138.69837308800004,-34.778203195999936],[138.69816112,-34.77834318499998],[138.6977981440001,-34.77846321299995],[138.69760912000004,-34.77855821099996],[138.69737814400003,-34.77861720699997],[138.69689513700007,-34.77869819999995],[138.69666614400012,-34.77868523199993],[138.6966121600001,-34.77866523299997],[138.6964281600001,-34.77860923399993],[138.69633017600006,-34.778579226999966],[138.69621315200004,-34.77849623499998],[138.69607715100005,-34.77826822299994],[138.6959761280001,-34.777968226999974],[138.69593414400003,-34.77789522599994],[138.69571212800008,-34.77762122199994],[138.69545312000002,-34.77750822399997],[138.69495315200004,-34.77742625099995],[138.69489916800012,-34.777380240999946],[138.69483616000002,-34.77728923999996],[138.69436115200006,-34.77708124499998],[138.6942861760001,-34.77705325399995],[138.69392016000006,-34.77683826499998],[138.6932031670001,-34.776293254999985],[138.69299116700006,-34.77607327199996],[138.6928751680001,-34.77591726199995],[138.6927321280001,-34.77557225499993],[138.69252912100012,-34.77539728299996],[138.6925301440001,-34.775370289999955],[138.6920781440001,-34.77510927299994],[138.6916561600001,-34.77498328899998],[138.69144816100004,-34.77498027399997],[138.69129315300006,-34.775067297999954],[138.69113916800006,-34.77510030199994],[138.6909981760001,-34.77507930399997],[138.69081417600012,-34.77501329599994],[138.69070515200008,-34.775002306999966],[138.69035017700003,-34.77477830899994],[138.6901131520001,-34.77468431099993],[138.68992016000004,-34.77452731999995],[138.68947616100002,-34.77441032599995],[138.68934617600007,-34.774345316999984],[138.68894716900002,-34.77418431099994],[138.6889356800001,-34.77418334899994],[138.6873501760001,-34.77190433399994],[138.68745916800003,-34.77178634099994],[138.68812012800004,-34.77107632899998],[138.68825113700007,-34.77092732999995],[138.68828614400002,-34.77088831299994],[138.68846409600008,-34.77068830999997],[138.6884930880001,-34.77065632299997],[138.68867110400004,-34.77045631999994],[138.68870409600004,-34.77042031999997],[138.688958113,-34.77013432799998],[138.68908508900006,-34.76999232199995],[138.69185798400008,-34.76692626099998],[138.6917989760001,-34.76689525599994],[138.69162096000002,-34.76683426099993],[138.69131897600005,-34.76680325499996],[138.69178995200002,-34.76558826699994],[138.69297094400008,-34.76556625199993],[138.6938809280001,-34.76592522699997],[138.69416992000004,-34.76545823099997],[138.6941639040001,-34.76531922199996],[138.69411689600008,-34.76522622199997],[138.69337590400005,-34.76420822299997],[138.69326889600006,-34.76398222699993],[138.6932238720001,-34.76373423499996],[138.69329888000004,-34.763379218999944],[138.69339286500008,-34.763231219999966],[138.69367987200008,-34.76296522599995],[138.69483484800003,-34.76224520599993],[138.6948578240001,-34.761541188999956],[138.6948248000001,-34.76132518299994],[138.694783808,-34.761245188999965],[138.69518380800002,-34.76112218299994],[138.69545081600006,-34.76115119099995],[138.69582982300005,-34.76131719099993],[138.69586979200005,-34.761245188999965],[138.6958607680001,-34.76120918799995],[138.69606476800004,-34.76085717099994],[138.69627779300004,-34.760571177999964],[138.69663075200003,-34.76018317799998],[138.69677376100003,-34.76000716899995],[138.69686275100003,-34.759864163999964],[138.69694275200004,-34.75969015299995],[138.6969807360001,-34.75958214999997],[138.69764371300005,-34.759569143999954],[138.6976096960001,-34.75759014299996],[138.69907260800005,-34.75515112199997],[138.69928563300004,-34.75479610799994],[138.69959760000006,-34.75494009199997],[138.69972659100006,-34.75502310299993],[138.7000336320001,-34.755390105999936],[138.70018963200005,-34.75567210099996],[138.70018662300004,-34.75578010399994],[138.70028060800007,-34.755908105999936],[138.70036361600012,-34.75609008999993],[138.70044662400005,-34.75619509599994],[138.70047961600005,-34.756237090999946],[138.70058761600012,-34.75628409999996],[138.70067462300005,-34.756295088999934],[138.70086163200006,-34.75625309399993],[138.70107257600012,-34.75611308599997],[138.70134259300005,-34.75585708299997],[138.701351584,-34.75584707399997],[138.7014515830001,-34.75574408499995],[138.7016425910001,-34.75552308299996],[138.70184956800006,-34.75517507999996],[138.7018665600001,-34.75512507399998],[138.7019325440001,-34.754933061999964],[138.7019725440001,-34.75468105599998],[138.70204156800003,-34.75453804999995],[138.70212054400008,-34.75444105599996],[138.7023915520001,-34.75413005199994],[138.70276153700001,-34.75380406399995],[138.70326352000006,-34.753425034999964],[138.70340748800004,-34.75333804899998],[138.70422649600005,-34.75296603199996],[138.70470345600006,-34.75269502499998],[138.70484745600004,-34.752635029999965],[138.7050104640001,-34.75264701799995],[138.70537244800005,-34.752996001999975],[138.7054994560001,-34.753143002999934],[138.7059324480001,-34.75368299999997],[138.7063224960001,-34.75418599599993],[138.7066084800001,-34.754497998999966],[138.706806496,-34.75483599299997],[138.70717548900006,-34.755319989999975],[138.70728249600006,-34.75543098999998],[138.7075824960001,-34.755643980999935],[138.70761449600002,-34.75565299099998],[138.70777948800003,-34.75561097699995],[138.70792550400006,-34.75545198799995],[138.7082214720001,-34.75503396199997],[138.70835945700003,-34.75477496199994],[138.70853545600005,-34.75432696599995],[138.70893542400006,-34.75368594099996],[138.7090704320001,-34.75355294399998],[138.70929344,-34.75341295499993],[138.709381408,-34.75338794299995],[138.709532383,-34.75342594199998],[138.70973638500004,-34.75356594999994],[138.70989440000005,-34.75378495299998],[138.7101174080001,-34.75399592699995],[138.7104554230001,-34.75441793099998],[138.71084944000006,-34.754812923999964],[138.71107443300002,-34.75496092299994],[138.71170441700008,-34.75550491599995],[138.71184441600008,-34.755570905999946],[138.7120384320001,-34.75562790499998],[138.71254739200003,-34.755817917999934],[138.71305740700006,-34.75592690199994],[138.71336240000005,-34.75595988699996],[138.713580384,-34.75597289299998],[138.71454240000003,-34.75597287399995],[138.7150653760001,-34.75599187299997],[138.71554736000007,-34.75595585399998],[138.71629337600007,-34.75584285699995],[138.716622335,-34.75577784699993],[138.71695132800005,-34.75574784099996],[138.71719334400007,-34.75567084299996],[138.71756934400003,-34.75551581299993],[138.71782329600012,-34.755429823999975],[138.71816329600006,-34.75537382599998],[138.71886230400003,-34.755386793999946],[138.7189042880001,-34.75543280299996],[138.71891331200004,-34.755486804999975],[138.7189882880001,-34.75554280499995],[138.71908531100007,-34.75557980499997],[138.719314305,-34.755620799999974],[138.71946729600006,-34.75561480599998],[138.7200062720001,-34.75546177499996],[138.72011728000007,-34.75539178899993],[138.72043827200002,-34.754839784999945],[138.7206892480001,-34.75434378299997],[138.7212689920001,-34.754582006999954],[138.721312,-34.75445200699994],[138.72141299200007,-34.754354992999936],[138.72145801700003,-34.75433699299998],[138.7215440000001,-34.754347999999936],[138.72164099300005,-34.754404000999955],[138.72171587200012,-34.75449657399997],[138.72181651200003,-34.75455884499996],[138.722048609,-34.754749523999976],[138.72213001600005,-34.75490899399995],[138.72221001600008,-34.75516499799994],[138.72226000000012,-34.75533499399995],[138.7223107200001,-34.755424182999946],[138.72239100800005,-34.75557799199993],[138.7224561600001,-34.75566068599994],[138.72260800100003,-34.75580999899995],[138.722700991,-34.755836991999956],[138.72280201600006,-34.75587700699998],[138.72292300800007,-34.755869994999955],[138.7229479990001,-34.75576299099998],[138.7230169920001,-34.75561099599997],[138.72319801600008,-34.75538000399996],[138.72332099200003,-34.755300991999945],[138.72345299200003,-34.75524900599993],[138.7240240000001,-34.75513399199997],[138.72401600000012,-34.75509499399993],[138.72391900700006,-34.75500600799995],[138.72369401600008,-34.75484799999998],[138.723415648,-34.75461943199997],[138.72307849600008,-34.75419265599993],[138.72301600000003,-34.75405100099994],[138.72302163200004,-34.75397211699993],[138.723075009,-34.75391700599994],[138.72318499200003,-34.75387399299996],[138.72335664000002,-34.753869072999976],[138.7235020170001,-34.75387099599993],[138.7239621120001,-34.75390701599997],[138.72427600000003,-34.75392999299993],[138.7246780160001,-34.75401000599993],[138.7248497600001,-34.75401451899995],[138.72492899200006,-34.75399699999997],[138.72492099200008,-34.753924997999945],[138.72484000000009,-34.75368000199995],[138.72472700800006,-34.75342499899995],[138.72464300700005,-34.753306006999935],[138.72419500800004,-34.752941000999954],[138.72402201600005,-34.752826005999964],[138.7238840000001,-34.752687994999974],[138.7238000000001,-34.75255100299995],[138.72371600000008,-34.75230399099996],[138.723722016,-34.752234004999934],[138.72376800000006,-34.75215399299998],[138.72384601600004,-34.75209199999995],[138.72399001600002,-34.75202299399996],[138.72452800000008,-34.751916008999956],[138.72495801600007,-34.751874993999934],[138.72512937600004,-34.751839289999964],[138.72518601600007,-34.751829002999955],[138.72539299200002,-34.751832999999976],[138.7255230080001,-34.75186200699994],[138.72563100900004,-34.751908997999976],[138.7258280000001,-34.75191299399995],[138.72588300900009,-34.75187799199995],[138.7258980160001,-34.75176099699996],[138.725882016,-34.75152299499996],[138.72578889600004,-34.75125111899996],[138.7254090240001,-34.75097508099998],[138.725342016,-34.75090300399995],[138.72530400000005,-34.75067700799997],[138.7252729920001,-34.75062200799994],[138.72521760000006,-34.750561697999956],[138.72505801600005,-34.75049200899997],[138.72469500800003,-34.750392071999954],[138.72448400000007,-34.75033699699998],[138.72432201700008,-34.75027100799997],[138.72418300800007,-34.750142006999965],[138.72415529600005,-34.75009231599995],[138.7241420160001,-34.75005999599995],[138.72413500800008,-34.74985100199996],[138.72418099200002,-34.74969800699995],[138.7242535040001,-34.74955692599997],[138.7244569920001,-34.749428998999974],[138.7247660160001,-34.74927100799994],[138.7249240000001,-34.74922000399994],[138.72499443300012,-34.749182874999974],[138.72497548800004,-34.74890944499998],[138.72489401500002,-34.74855999799996],[138.72469984100007,-34.74814876099998],[138.72469699200008,-34.747769991999974],[138.724655008,-34.747598996999955],[138.72453699200003,-34.74738700499995],[138.7243620170001,-34.74715199899998],[138.72418000000005,-34.74700399999995],[138.72405500800005,-34.746802996999975],[138.7240720000001,-34.74655999999993],[138.72418099200002,-34.74617499699997],[138.72427100700008,-34.74608599299995],[138.7243963200001,-34.74602917999994],[138.72460899100008,-34.74597199599998],[138.7248580160001,-34.74598699999996],[138.72550201600006,-34.74618100899994],[138.72566400000005,-34.74626499999994],[138.7257689920001,-34.74639399999995],[138.72587814400003,-34.74670392999997],[138.72588499200003,-34.747377994999965],[138.7259477760001,-34.747646893999956],[138.72609801700003,-34.74794999799997],[138.7262470080001,-34.748349005999955],[138.72665600000005,-34.748558998999954],[138.72657100800006,-34.748689997999975],[138.72660969600008,-34.74878086999996],[138.7266510080001,-34.74899900299994],[138.72671228800004,-34.74909070699994],[138.7268200000001,-34.74920000499998],[138.72692780900002,-34.74942796199997],[138.7271209920001,-34.74975500599993],[138.7272474240001,-34.74985285199995],[138.72734601700006,-34.74993099599993],[138.72752592100005,-34.75022623799998],[138.72759753600008,-34.75034376799994],[138.72770201600008,-34.75048799399997],[138.72781030400006,-34.75074954699994],[138.72783100800007,-34.75096799499994],[138.7278231360001,-34.75131655299998],[138.72781286400004,-34.751388203999966],[138.727796,-34.75142699799994],[138.7277860160001,-34.751669995999976]]]},"properties":{"School_Name":"Greenwith Primary School","ENTITY_CODE":1858,"zoneType":"primary"}},{"type":"Feature","geometry":{"type":"Polygon","coordinates":[[[138.70716124800003,-34.69586881499998],[138.70840025600012,-34.69639980299996],[138.70901923200006,-34.69666777499998],[138.7094472000001,-34.696853773999976],[138.71031222400006,-34.69723178499993],[138.71036121600002,-34.697252763999984],[138.71057622400008,-34.69734676199994],[138.7109652160001,-34.69751276299996],[138.71190022400003,-34.697909753999966],[138.71275222400004,-34.69827274299996],[138.71431718400004,-34.698941702999946],[138.71452617600005,-34.699029707999955],[138.7145651840001,-34.69904570999995],[138.7149061760001,-34.699199703999966],[138.71506518400008,-34.699262714999975],[138.71543830400003,-34.69942416499998],[138.71738716800007,-34.70026767199994],[138.7183961600001,-34.70047365099998],[138.7185883200001,-34.70046610299994],[138.71925715200007,-34.70044064699994],[138.72185561600008,-34.69986019099997],[138.72176409600002,-34.69995559599994],[138.72127110400004,-34.70046961799994],[138.72087312000008,-34.70088361099994],[138.72038614400003,-34.70139063999994],[138.72156115300004,-34.701899612999966],[138.72096617600005,-34.702738642999975],[138.7211261770001,-34.70288260999996],[138.72240217600006,-34.704029609999964],[138.719803296,-34.70815364899994],[138.71971971200003,-34.708286699999974],[138.71947232000002,-34.70825167999993],[138.71734732800007,-34.70820868599998],[138.71373331200004,-34.70813686899993],[138.71346441600008,-34.70856275699998],[138.71334435200004,-34.70855537699998],[138.71330640000008,-34.70861575999993],[138.70873075200006,-34.715879840999946],[138.70873062400005,-34.71587985899998],[138.70429075200002,-34.71826983699998],[138.7042903040001,-34.71827007799993],[138.70236278400012,-34.71743295199997],[138.70135078500005,-34.71699296699995],[138.7009377920001,-34.71681296199995],[138.69783683200012,-34.71546601399996],[138.6972348160001,-34.71520501599997],[138.6967388160001,-34.71498904699996],[138.69684780800003,-34.71482602499998],[138.69558681600006,-34.71426804599997],[138.69566582400012,-34.71414503999995],[138.69556982500012,-34.714103044999945],[138.6956188160001,-34.71402604799994],[138.6968457600001,-34.71209901399993],[138.6969408320001,-34.71213777199995],[138.69699174400012,-34.71205501999998],[138.69701974300006,-34.71201002999993],[138.69811769700004,-34.710284996999974],[138.69818668800008,-34.71017499499993],[138.69887865600003,-34.70908998899995],[138.69948163100003,-34.70814397299995],[138.69961062400012,-34.70794097199996],[138.699371616,-34.70791595999998],[138.6994606400001,-34.70777796899995],[138.7013635190001,-34.70475893499997],[138.7031554240001,-34.70192288499993],[138.70379641600005,-34.70090486699996],[138.70423436800002,-34.70021387399993],[138.70627328000012,-34.69711183099997],[138.70716124800003,-34.69586881499998]]]},"properties":{"School_Name":"Craigmore South Primary School","ENTITY_CODE":1449,"zoneType":"primary"}},{"type":"Feature","geometry":{"type":"Polygon","coordinates":[[[138.863349824,-35.03138448399994],[138.86374185600005,-35.031786487999966],[138.86400582400006,-35.031971487999954],[138.86431580800001,-35.03208248799996],[138.8649488320001,-35.03213946799997],[138.86527683200006,-35.03213846799997],[138.86569283200004,-35.032073459999935],[138.86665177600003,-35.031751448999955],[138.86716579200004,-35.03156544999996],[138.8672107850001,-35.031549447999964],[138.86891772800004,-35.03077240999994],[138.86949072000004,-35.030547412999965],[138.86984873500012,-35.03043539599997],[138.87025868800004,-35.03037038699995],[138.8707596800001,-35.03039639799994],[138.8713656970001,-35.030492375999984],[138.8718986890001,-35.03057738299998],[138.872783679,-35.03073135899996],[138.87795862400003,-35.03163630499995],[138.87929059200007,-35.03186927499996],[138.87961558400002,-35.03198027499997],[138.87967459100003,-35.03200029299995],[138.88008060800007,-35.032241273999944],[138.8806046080001,-35.032657263999965],[138.88096259200006,-35.03301525799998],[138.88394358300002,-35.03592724999993],[138.8842825920001,-35.036258233999945],[138.8845836160001,-35.03674123199994],[138.88482963100012,-35.03718922699994],[138.88508864000005,-35.03764923099993],[138.88543161600012,-35.038133226999946],[138.88562563200003,-35.03834421899995],[138.88594163200003,-35.03856022599996],[138.88616563200003,-35.03869923599996],[138.8865236160001,-35.03883920599998],[138.88677062400006,-35.03891620299993],[138.88712064000003,-35.038969204999944],[138.88729888000012,-35.03896531999993],[138.8877766070001,-35.03890621299996],[138.89063555200005,-35.03841115299997],[138.89107097600004,-35.03826764899998],[138.89134854400004,-35.038130156999955],[138.89383801600002,-35.040109008999934],[138.89385059200004,-35.04595088299993],[138.89392400000008,-35.05041099299996],[138.89379299200004,-35.05086300299996],[138.89234700800012,-35.05329299699997],[138.89226272000008,-35.05387036399998],[138.89223600100001,-35.05415300599998],[138.88930000000005,-35.053966007999975],[138.88720883300005,-35.053898742999934],[138.88132400000006,-35.05365200899996],[138.87494601600008,-35.05349699599998],[138.87439718400003,-35.05352372899995],[138.8733990080001,-35.053574992999984],[138.87128000000007,-35.05372399199996],[138.87009708800008,-35.05391763099993],[138.86902099100007,-35.05410000399996],[138.86793961600006,-35.05432958899996],[138.8675044800001,-35.05443940499998],[138.86522300800004,-35.055045002999975],[138.86364982400005,-35.05549532999993],[138.86220400000002,-35.05589600199994],[138.8603118410001,-35.05639392899997],[138.85936006500003,-35.056641200999934],[138.8541643210001,-35.058067440999935],[138.85206291200006,-35.058637258999966],[138.85090982400004,-35.05889525899994],[138.8502563830001,-35.05904629299994],[138.84941801600007,-35.05922999799998],[138.8476500170001,-35.05951299299994],[138.84651100700012,-35.059566994999955],[138.84525971100004,-35.05953713599996],[138.84477232000006,-35.059499320999976],[138.84395001500002,-35.05944900099996],[138.8427844160001,-35.05926024599995],[138.84174099200004,-35.05902699799998],[138.84075600000006,-35.05874200599993],[138.84021401600012,-35.05852200399994],[138.83899200000008,-35.05803299299998],[138.83813001600004,-35.05765699899996],[138.837227008,-35.057122996999965],[138.836430016,-35.056694999999934],[138.8358169920001,-35.056202990999964],[138.8370645750001,-35.055508574999976],[138.83993881600009,-35.05393661199997],[138.84084000000007,-35.05356600199997],[138.84198800000001,-35.05288399899996],[138.84329401600007,-35.05234000599995],[138.84394601600002,-35.05188100299995],[138.84231299200007,-35.05103999299996],[138.84068601600006,-35.05034500399995],[138.839003552,-35.04890187399997],[138.8393165120001,-35.047962868999946],[138.83935552100002,-35.047847873999956],[138.83948851200012,-35.04725986899996],[138.83986048000008,-35.04556486299998],[138.84003446400004,-35.04472285399993],[138.8403594240001,-35.04393384699995],[138.84098838400007,-35.042775838999944],[138.84141836800006,-35.04160382799995],[138.8418323520001,-35.04085182099993],[138.8418503690001,-35.04082482899997],[138.841945344,-35.04068182499998],[138.8420523200001,-35.04049182999995],[138.84266028800005,-35.03910580899998],[138.84301228800007,-35.03856377899996],[138.84310729600008,-35.03842478699994],[138.84344627200005,-35.038086791999945],[138.84414723300006,-35.03738577099995],[138.84473523100007,-35.03691076599995],[138.84496124800012,-35.03672776399998],[138.8450752000001,-35.036661755999944],[138.8453142080001,-35.03650574599993],[138.84534320000012,-35.03648974299995],[138.845508192,-35.03645573899996],[138.8455902080001,-35.03645573899996],[138.84639619200004,-35.03684174299997],[138.84663920000003,-35.03690275599996],[138.84717020800008,-35.037015734999954],[138.8471841920001,-35.03690473499995],[138.8473271680001,-35.03645572199997],[138.84736316800002,-35.036358725999946],[138.8481681280001,-35.03561770799996],[138.848381151,-35.03525771699998],[138.848432128,-35.034660703999975],[138.8483261120001,-35.03405170199994],[138.84849411200003,-35.03348069899994],[138.84874208000008,-35.032704698999964],[138.8488480640001,-35.032529687999954],[138.84872208000002,-35.032043692999935],[138.84868707200008,-35.03190068899994],[138.84864806400003,-35.03174769299994],[138.8485830720001,-35.03145369199996],[138.848880064,-35.031587686999956],[138.84935603200006,-35.031663684999955],[138.84989603100007,-35.031656673999976],[138.8500600320001,-35.03162566699996],[138.85073305600008,-35.03146665999998],[138.8513600000001,-35.03123200599998],[138.8516620160001,-35.03111199699998],[138.852964992,-35.03027000599997],[138.85354793600004,-35.02976162599998],[138.8536449600001,-35.02958261999993],[138.8537889600001,-35.029356622999956],[138.85387792000006,-35.02896261099994],[138.8539225280001,-35.02759357399998],[138.85400988700007,-35.02696758999997],[138.85483584100007,-35.02567558599998],[138.85587699200005,-35.02509799799998],[138.86092000000008,-35.02597500899998],[138.86224601600009,-35.02687799399996],[138.86247500800005,-35.02706199599993],[138.86261801600006,-35.02726599499994],[138.86280099200007,-35.02755899699997],[138.86283376000006,-35.02768148599995],[138.86283475200003,-35.02768648099993],[138.86290774400004,-35.02790948099994],[138.86291478400005,-35.02856249299998],[138.862776832,-35.03033249899994],[138.86279782400004,-35.03056250999998],[138.8629168320001,-35.03078450899994],[138.863349824,-35.03138448399994]]]},"properties":{"School_Name":"Littlehampton Primary School","ENTITY_CODE":225,"zoneType":"primary"}},{"type":"Feature","geometry":{"type":"Polygon","coordinates":[[[140.7035209920001,-34.20626000699997],[140.7011409920001,-34.208017007999956],[140.70041801600007,-34.20778200299998],[140.6985620160001,-34.207764001999976],[140.69882000000007,-34.205026001999954],[140.6984480000001,-34.20458200199994],[140.69727001600006,-34.202853990999984],[140.69527500900006,-34.20073000599996],[140.69421100800002,-34.19991099199996],[140.6914969920001,-34.19629699899997],[140.691368,-34.19613399499997],[140.69120300800012,-34.19576099799997],[140.69120099200006,-34.19565900799995],[140.69129401600003,-34.194373997999946],[140.6915311030001,-34.19313018799994],[140.69148800000005,-34.19228799299998],[140.69176700800006,-34.18977099499995],[140.69210124800009,-34.18892715399994],[140.69235500700006,-34.188155001999974],[140.6926689930001,-34.18612399699998],[140.69278668700008,-34.184182532999955],[140.69284000000005,-34.18333499299996],[140.69310899200002,-34.18272900699998],[140.69320300800007,-34.18209599199997],[140.69346499200003,-34.18127200199996],[140.69325100800006,-34.180731005999974],[140.69319299200004,-34.18030300899994],[140.69365801700008,-34.17725400599994],[140.693898944,-34.17632487999998],[140.69421801600004,-34.17508800599995],[140.69501900800003,-34.16966600799998],[140.69500848000007,-34.16961750199994],[140.69492300900004,-34.16910699399995],[140.69507001600005,-34.16887200699995],[140.6954720000001,-34.16556200499997],[140.6956159990001,-34.16531199699995],[140.6957289920001,-34.16499999299998],[140.6957713280001,-34.16478676299994],[140.69593936,-34.16397207899996],[140.69619001600006,-34.16276500799995],[140.69636400000002,-34.16226800599998],[140.69638800100006,-34.16164699799998],[140.69683552000004,-34.15846133599996],[140.697092289,-34.15650492299994],[140.69723699200006,-34.155381991999946],[140.6975630070001,-34.15331900099994],[140.69748300900005,-34.15104200299993],[140.6977157120001,-34.14989276499995],[140.69788899200012,-34.14835500799995],[140.69833980800001,-34.14639556099996],[140.69847849600012,-34.14562943999994],[140.69872099200006,-34.144288003999975],[140.6990169920001,-34.14265600799996],[140.69950275100007,-34.13873217799994],[140.6995720960001,-34.13811399999997],[140.6996323520001,-34.13766974099997],[140.69971001600004,-34.13704899199996],[140.69979299200008,-34.13661300199993],[140.69995881600005,-34.135612521999974],[140.7004940160001,-34.13192499099995],[140.7009856960001,-34.128953724999974],[140.70104703900006,-34.12858942299994],[140.7014201280001,-34.12547259799993],[140.70358512000007,-34.12758759299993],[140.7067030720001,-34.13063160099995],[140.7075220800001,-34.131429597999954],[140.70900105600003,-34.132868601999974],[140.7097150410001,-34.13353560099995],[140.71015404700006,-34.13394659699998],[140.71271100800004,-34.13633659399994],[140.7134660160001,-34.137042589999965],[140.71576800000003,-34.13918459499996],[140.71876995200012,-34.14197759499996],[140.71949094400009,-34.14264958899997],[140.72166393600003,-34.14467060299995],[140.7218269110001,-34.14483059099996],[140.72370592000004,-34.14667259899994],[140.72377491200007,-34.146740604999934],[140.72485990400003,-34.147692596999946],[140.7254519050001,-34.14821359399997],[140.72689088000004,-34.14956059599996],[140.72953286400002,-34.152036599999974],[140.73140083300007,-34.15380059299997],[140.7315398400001,-34.153931591999935],[140.73486278400003,-34.15704059099994],[140.73626076800008,-34.15821859699997],[140.73660275200007,-34.15855059799998],[140.73741875200005,-34.15931359299998],[140.73900099200011,-34.16078800699995],[140.72389801600002,-34.18613999899998],[140.726830016,-34.18919100099998],[140.72360400000002,-34.19139100199993],[140.71688400000005,-34.19635100099998],[140.71018700800005,-34.20130300699998],[140.7035209920001,-34.20626000699997]]]},"properties":{"School_Name":"Renmark West Primary School","ENTITY_CODE":378,"zoneType":"primary"}},{"type":"Feature","geometry":{"type":"Polygon","coordinates":[[[138.02357622400007,-33.19334550999997],[138.0235821760001,-33.196426462999966],[138.02358416000004,-33.19752443799996],[138.02358313600007,-33.19866242899997],[138.0235890560001,-33.20138338999993],[138.02359103900005,-33.202664366999954],[138.02359500800003,-33.20396833899997],[138.02383200100007,-33.230115997999974],[138.0210689920001,-33.23010499199995],[138.0137470090001,-33.23009899799996],[138.00979699200002,-33.230090006999944],[138.00049500700004,-33.23018899999994],[137.99786300800008,-33.23017399699995],[137.997586016,-33.22507299199998],[137.99760691100005,-33.20724803799993],[137.9976064000001,-33.205498159999934],[137.99760595200007,-33.20399509099997],[137.99760300800006,-33.20307909899998],[137.99760400000002,-33.20200212199995],[137.99760304000006,-33.20135214399994],[137.9976020480001,-33.19995115699993],[137.997601056,-33.199581156999955],[137.997601088,-33.19869117799993],[137.997601088,-33.19777119099996],[137.9976021120001,-33.19738418899993],[137.99759612800005,-33.19597620999997],[137.9975951680001,-33.19516022999994],[137.99759219300006,-33.194304252999984],[137.9975872010001,-33.19338326899998],[137.9989569920001,-33.193375997999965],[137.99956099200006,-33.193375997999965],[138.0012610560001,-33.193381159999944],[138.00138406500002,-33.193380160999936],[138.00142806300005,-33.193380160999936],[138.0025240000001,-33.19337812599997],[138.00319600000012,-33.19337710899998],[138.00391395200006,-33.193377089999956],[138.0148160000001,-33.19335400099993],[138.02357622400007,-33.19334550999997]]]},"properties":{"School_Name":"Risdon Park Primary School","ENTITY_CODE":685,"zoneType":"primary"}},{"type":"Feature","geometry":{"type":"Polygon","coordinates":[[[140.81446288000006,-37.83231743099998],[140.81244556800004,-37.83624516699996],[140.81139782500009,-37.838294022999946],[140.80627260800009,-37.83654373799993],[140.80553267200003,-37.83629863099998],[140.804250689,-37.83589633099996],[140.80257702400002,-37.83537527799996],[140.8012191350001,-37.83493149999998],[140.8010116160001,-37.83481385899995],[140.80033622400003,-37.83421395899995],[140.80016576000003,-37.834322147999956],[140.800070784,-37.834383973999934],[140.79982211200002,-37.83447889799993],[140.79953990400008,-37.83443695799997],[140.7991717120001,-37.83434477199995],[140.79407081600004,-37.83271277599994],[140.7938778240001,-37.83265078399995],[140.79154784000002,-37.83190778599993],[140.79048188800004,-37.83155978199994],[140.7900648640001,-37.83146078899995],[140.78850489600006,-37.83093879299997],[140.7869652290001,-37.83044590199995],[140.78693990400006,-37.830437794999966],[140.78613127300002,-37.83017996399997],[140.78551292800012,-37.82998280499993],[140.7845080290001,-37.82966190199994],[140.7840849600001,-37.82952679899995],[140.783137645,-37.82922502499997],[140.7826630080001,-37.829073825999956],[140.78235093900003,-37.82897378699994],[140.78188000000011,-37.828822817999935],[140.78136727900005,-37.828658605999976],[140.78068102400005,-37.82843881399998],[140.78068599900007,-37.82842886299994],[140.78068717500003,-37.82842650899994],[140.780954016,-37.827892823999946],[140.7811489930001,-37.82751081699996],[140.78125500800002,-37.82730481899995],[140.78136598300011,-37.82708481699996],[140.78193993600007,-37.825953838999965],[140.78217993600003,-37.82548284599994],[140.78276790400002,-37.82432783699994],[140.7830479040001,-37.82377883099997],[140.78322687900004,-37.82343084499996],[140.78335388800008,-37.823137842999984],[140.78342486400004,-37.82301783299994],[140.78428780800004,-37.821256835999975],[140.7843628160001,-37.82100283199998],[140.78485478400012,-37.82008084699993],[140.78513676800003,-37.81955683399997],[140.78559475200007,-37.81862783799994],[140.78563875200007,-37.818536835999964],[140.78566175900005,-37.818485831999965],[140.78601075100005,-37.817813856999976],[140.78697369600002,-37.815896849999945],[140.7873566410001,-37.81510986099994],[140.7879656330001,-37.81384284999996],[140.78930755200008,-37.81133985699995],[140.78940755200006,-37.81113385899994],[140.78987852800003,-37.81016786299995],[140.79082947200004,-37.80827686599997],[140.79219340800012,-37.80554485999994],[140.79229340900008,-37.805296849999934],[140.79244035200009,-37.80486185899997],[140.79258137600004,-37.80433786499998],[140.79251036800008,-37.80381886599997],[140.79251136000005,-37.80325385699996],[140.79246329600005,-37.799966869999935],[140.79244128100004,-37.79845286699998],[140.79244025600008,-37.79844287699996],[140.79241222400003,-37.79661886899993],[140.792389984,-37.795870599999944],[140.79388988900007,-37.79376875899993],[140.79409430500004,-37.79362745699996],[140.79439049600012,-37.79322341599993],[140.7977097920001,-37.79431188199993],[140.80099561600002,-37.79533631999993],[140.82864265600006,-37.80413451299995],[140.82369999900004,-37.81389309599996],[140.8222442880001,-37.81671913799994],[140.8195731840001,-37.82207973499993],[140.8187405760001,-37.82374885999997],[140.81720105600004,-37.826837601999955],[140.8158263670001,-37.82961284199996],[140.81446288000006,-37.83231743099998]]]},"properties":{"School_Name":"McDonald Park School","ENTITY_CODE":1021,"zoneType":"primary"}},{"type":"Feature","geometry":{"type":"Polygon","coordinates":[[[135.8512980160001,-34.63375599099993],[135.85334099200008,-34.63399399399998],[135.85524300800012,-34.63391000399997],[135.8607430080001,-34.63510700899997],[135.86050214300008,-34.63548660999993],[135.86005913600002,-34.63656560499993],[135.85982217600008,-34.63758759999996],[135.85983318400008,-34.63830062699998],[135.8599021760001,-34.639100621999944],[135.85997718400006,-34.639472619999935],[135.86051814400003,-34.64050564199994],[135.86051417600004,-34.64076564099997],[135.86031718300012,-34.64103364999994],[135.85980419200007,-34.64150064599994],[135.85944019200008,-34.64200364299995],[135.85929516800002,-34.64230064099996],[135.85909520000007,-34.64284465299994],[135.85887321600012,-34.64384566999996],[135.858645216,-34.644418669999936],[135.85864921600012,-34.64496066399994],[135.85910422400002,-34.646104684999955],[135.85910720000004,-34.646703678999984],[135.85907820800003,-34.64680368899997],[135.85819123200008,-34.64824670799993],[135.85759824000002,-34.65002070999998],[135.85755023900003,-34.65044972499993],[135.85767424000005,-34.65111672399996],[135.85766726400004,-34.65147773299998],[135.8568752320001,-34.652989737999974],[135.85669724800005,-34.65377774499996],[135.8567102410001,-34.65403976099998],[135.85677423900006,-34.65426675599997],[135.85683024000002,-34.65465877199995],[135.856827263,-34.65481578099997],[135.85681424000006,-34.65485977399993],[135.856419296,-34.655532766999954],[135.85631427200008,-34.65600577399994],[135.85622627200007,-34.65746479599994],[135.8562142720001,-34.657740796999974],[135.85625228800006,-34.658598807999965],[135.85614227200006,-34.659431826999935],[135.8560192640001,-34.65972982399995],[135.85570528000005,-34.660125834999974],[135.855464288,-34.66066483299994],[135.85498627200002,-34.66214684899995],[135.8549172800001,-34.66291385999995],[135.85485926400008,-34.66313885699998],[135.85446630400008,-34.664150880999955],[135.8542673280001,-34.66455488299994],[135.85402931200008,-34.66513487699996],[135.8539803210001,-34.66530389299993],[135.8539663040001,-34.66537789299997],[135.8539293120001,-34.66594789599998],[135.85391731200002,-34.66727591899996],[135.85395929600008,-34.66774391299998],[135.85396931200012,-34.66780792299994],[135.85398230400006,-34.66789091499993],[135.85391331200003,-34.66891194899995],[135.8538813120001,-34.66942994799996],[135.85394531200006,-34.66965594399994],[135.85411430400006,-34.67083195199996],[135.85417830400002,-34.671035951999954],[135.85421731200006,-34.671116962999974],[135.85432432000005,-34.67131295199994],[135.85445231900007,-34.67146195099997],[135.85464630400008,-34.67177397199998],[135.85479126500002,-34.67203397099996],[135.8548552960001,-34.67213697899996],[135.85506227200005,-34.67277197299995],[135.85505529700004,-34.67312097499996],[135.85490928000002,-34.673615997999946],[135.8549762880001,-34.674473991999946],[135.8549392640001,-34.675769009999954],[135.85490528000003,-34.676052003999985],[135.85470528000008,-34.67653404099997],[135.85468528,-34.676827024999966],[135.854850273,-34.67826205099993],[135.85522028800006,-34.67971006499994],[135.85523827200007,-34.680927087999976],[135.85519027200007,-34.68124308599994],[135.85513929600006,-34.681818084999975],[135.85514729600004,-34.68201708899994],[135.85516627100003,-34.68212409199998],[135.85529728100005,-34.68249710799995],[135.85557327900005,-34.68286910599994],[135.85561427200003,-34.68294510399994],[135.85571628800005,-34.683112103999974],[135.8557112960001,-34.683371103999946],[135.85538528000006,-34.68397612799998],[135.85532729600004,-34.68426813199994],[135.85534428800008,-34.68627514099995],[135.85544928000002,-34.68720315699994],[135.85547827200003,-34.687441159999935],[135.85549328000002,-34.68756916099994],[135.85549728,-34.68759716999995],[135.85511126400002,-34.68847316399996],[135.85503728000003,-34.68879817099997],[135.85504828800003,-34.68904917899994],[135.855254273,-34.69036819299998],[135.85526528000003,-34.69120318999995],[135.8551342720001,-34.69238620899995],[135.8550642880001,-34.693953233999935],[135.85481929600007,-34.69534324899996],[135.85467727900004,-34.696394270999974],[135.85469427300006,-34.69685027799994],[135.85476928000003,-34.697189271999946],[135.85483129600004,-34.69770627299994],[135.85482726400005,-34.69787528899997],[135.85482329600006,-34.69791029099997],[135.85463727900003,-34.69854929999997],[135.85458528000004,-34.699031298999955],[135.854439296,-34.70038431499995],[135.8542273280001,-34.70153233199994],[135.85421030400005,-34.70241232199993],[135.85445328000003,-34.70338434799993],[135.85444528000005,-34.70382435299996],[135.8544212800001,-34.70407635899994],[135.85429331300008,-34.704634356999975],[135.85398329600002,-34.70510436799998],[135.8537683190001,-34.70566537999997],[135.8537313280001,-34.70693938199997],[135.85377331100005,-34.70801639699994],[135.85373231900007,-34.708704411999975],[135.85368032100007,-34.709664413999974],[135.85367030400005,-34.71070243099996],[135.8536173120001,-34.71096644399995],[135.8535293120001,-34.71141244299997],[135.85349731100007,-34.712113461999934],[135.85355731200002,-34.71268244899994],[135.8535693120001,-34.71319547199994],[135.8535253120001,-34.71435847499998],[135.853583328,-34.71492250299997],[135.85377731200003,-34.71544449899994],[135.8549032960001,-34.71735251499996],[135.855185279,-34.71757950899996],[135.85617324800012,-34.71837552799997],[135.8564602560001,-34.71860753599998],[135.85661923200007,-34.71871853599998],[135.85692224100012,-34.71894552999993],[135.85809222400007,-34.719563542999936],[135.85887120000007,-34.719974556999944],[135.8591532160001,-34.72014754999998],[135.86035516800007,-34.72064457099998],[135.86076720000005,-34.720800563999944],[135.86101219300008,-34.72089256399994],[135.8626281600001,-34.72135256599995],[135.86494108800002,-34.72169259599997],[135.8657830720001,-34.721797583999944],[135.86631104000003,-34.72183658199998],[135.8667310720001,-34.721841594999944],[135.86679206400004,-34.72183957899995],[135.8668200630001,-34.72181658299996],[135.86690704000011,-34.72116856499997],[135.8670470720001,-34.720995570999946],[135.86711507200005,-34.72096955999996],[135.86863904000006,-34.72097157699994],[135.86907900800009,-34.720944567999936],[135.8691890240001,-34.720091569999965],[135.870271999,-34.72018456799998],[135.87035798400007,-34.72104455999994],[135.8703859840001,-34.72104455999994],[135.87039200000004,-34.72111657999994],[135.8704230070001,-34.72117400399998],[135.8700009920001,-34.722103999999945],[135.8697100160001,-34.722421994999934],[135.8683907200001,-34.72360888199995],[135.86574230400004,-34.72558009399995],[135.8633783040001,-34.72731348699995],[135.86195049600008,-34.728330839999956],[135.86016000000006,-34.72958399299995],[135.8573850250001,-34.73159053999996],[135.85631094400003,-34.732364504999964],[135.8557430080001,-34.73283399799993],[135.85244499200007,-34.731833999999935],[135.8523670080001,-34.73198100099995],[135.85036300800004,-34.73136400699997],[135.85028601600004,-34.73163699299994],[135.84754300800012,-34.73280800599997],[135.84627644800003,-34.73244270499998],[135.8462637120001,-34.732317422999984],[135.84658444800004,-34.73217069999998],[135.84618700800002,-34.731561994999936],[135.8459600000001,-34.73127999899998],[135.84563382400006,-34.731014079999966],[135.8451340160001,-34.73066600299995],[135.84495500800006,-34.73048499799995],[135.844718015,-34.73018300499996],[135.84456464000004,-34.72981683399996],[135.84451900800002,-34.72955600199998],[135.84455900800003,-34.72919800899996],[135.84474611200005,-34.72873648899997],[135.8447849920001,-34.72849099399997],[135.84478534400012,-34.72840996399998],[135.84475801500002,-34.728316003999964],[135.84435801600011,-34.72768300699994],[135.84477900800005,-34.72750400099994],[135.84466201600003,-34.72737999599997],[135.84350300800008,-34.726978008999936],[135.8431350080001,-34.72777199099994],[135.84311401600007,-34.72820200599995],[135.8378726080001,-34.73040666999998],[135.83451366400004,-34.73181468599995],[135.8328407040001,-34.73251568799998],[135.83196668800008,-34.732884670999965],[135.8276937920001,-34.73467469299993],[135.82615382400002,-34.73488170799993],[135.8238988480001,-34.73471870499998],[135.822803872,-34.73464069099998],[135.8220628800001,-34.734588705999954],[135.82170489600003,-34.73472270099995],[135.8216369920001,-34.73468699599994],[135.81852598400008,-34.73693700399997],[135.8178230090001,-34.73715300899994],[135.81715830400003,-34.737218017999965],[135.8148384640001,-34.73700839399993],[135.81435801600003,-34.73695700199994],[135.81376435200002,-34.73685118099996],[135.8133230080001,-34.736826002999976],[135.80864198400002,-34.737704993999955],[135.8038049920001,-34.73942499399993],[135.80064700700007,-34.73650299299993],[135.7987320640001,-34.73425914599994],[135.79829558400002,-34.73384395099998],[135.79620899200006,-34.73235399799995],[135.79517801600002,-34.73167299399995],[135.79402864000008,-34.73055452099993],[135.7935480000001,-34.72998211299995],[135.79053174400008,-34.726805569999954],[135.79013939200001,-34.72648711099998],[135.78807459200004,-34.72449974899996],[135.7754590080001,-34.71299400699996],[135.77416000100004,-34.711547991999964],[135.77369952100003,-34.710870446999934],[135.7711830070001,-34.70694800399997],[135.77001599900007,-34.70473399799994],[135.76976608000007,-34.70395703499997],[135.769562016,-34.70325299899997],[135.76893724800004,-34.69965981799993],[135.76864297600002,-34.69806348999998],[135.76848700800008,-34.69762300399998],[135.76588662400002,-34.692899602999944],[135.76495968000006,-34.69166605999993],[135.756858017,-34.682302007999965],[135.75543900900004,-34.680901001999985],[135.75480998400008,-34.68031000199994],[135.75132371200004,-34.677734820999945],[135.74538089600003,-34.673203410999974],[135.742227296,-34.670808919999956],[135.7415590070001,-34.67033999999995],[135.7408638720001,-34.669764853999936],[135.74029004800002,-34.66916824699996],[135.73989766400007,-34.66872078799997],[135.7379702080001,-34.66630612999995],[135.73023100800003,-34.656607005999945],[135.73056499100005,-34.65655400399993],[135.73099110400005,-34.65651043599996],[135.7331169910001,-34.65637799399997],[135.73551699200004,-34.65646699699994],[135.74183494400006,-34.65543009099997],[135.74302000000012,-34.655229995999946],[135.744570016,-34.65506199599997],[135.74589900800004,-34.65502899299997],[135.7560580160001,-34.65551474799997],[135.78701900800002,-34.65688700399994],[135.7975353920001,-34.64992354799995],[135.8000940170001,-34.64818700899997],[135.80478000000005,-34.64552400699995],[135.80611699200006,-34.645102003999966],[135.80870784,-34.64460958899997],[135.8212660160001,-34.64188000699994],[135.82155398400005,-34.641812999999956],[135.82222400000012,-34.64152099599994],[135.8248590080001,-34.639741998999966],[135.82497500800002,-34.63966400299995],[135.82732201500005,-34.636718007999946],[135.82786201600004,-34.63637300099998],[135.82909500900007,-34.63587200199993],[135.82977900800006,-34.63580699399995],[135.83081299200012,-34.63579600399993],[135.83298399900002,-34.63623600799997],[135.8333009920001,-34.63623099499995],[135.83389600100008,-34.636156994999965],[135.83449900800008,-34.63592999999997],[135.83748601600007,-34.63427900399995],[135.838895008,-34.63378799599997],[135.83935001700002,-34.633675996999955],[135.83965299200008,-34.633655998999984],[135.84037299200008,-34.63368600499996],[135.8404860160001,-34.63371399599998],[135.84055500800002,-34.633769994999966],[135.84202400000004,-34.63412800799995],[135.8422830080001,-34.634169002999954],[135.84296800000004,-34.63417699499996],[135.84363299200004,-34.63410299499998],[135.84772806400008,-34.633566180999935],[135.84879232100002,-34.63356214799995],[135.8512980160001,-34.63375599099993]]]},"properties":{"School_Name":"Port Lincoln Primary School","ENTITY_CODE":359,"zoneType":"primary"}},{"type":"Feature","geometry":{"type":"Polygon","coordinates":[[[138.54973699200002,-35.08297900399998],[138.55008899200004,-35.08302399599995],[138.55070291200002,-35.08298444299993],[138.55127904000005,-35.08295282599994],[138.55232912000008,-35.08289099899997],[138.55867200000012,-35.08257799799998],[138.56320700700007,-35.08233699799996],[138.56332601500003,-35.083994006999944],[138.56357801500008,-35.084448994999946],[138.56412700700002,-35.08515099599998],[138.5647849920001,-35.08591500899996],[138.56486422400008,-35.086710230999984],[138.56501209600003,-35.08890718099997],[138.56492336000008,-35.08913550799997],[138.564814016,-35.08931199699998],[138.56502601600005,-35.08942899199997],[138.565119008,-35.089524007999955],[138.565140992,-35.08963099299996],[138.5651969920001,-35.09041899999994],[138.5661450890001,-35.09036747799996],[138.56670473600002,-35.090332013999955],[138.56704201600007,-35.09034699799997],[138.56759900800012,-35.090454001999944],[138.56810799900006,-35.09109500899996],[138.56837200000007,-35.09144800699994],[138.56845001500005,-35.09248500699994],[138.57221100900006,-35.092258991999984],[138.57307600000001,-35.10274399699995],[138.57137097600003,-35.10283886499997],[138.57064550400003,-35.10283270399998],[138.5698150080001,-35.10286300699994],[138.56971964800005,-35.102232544999936],[138.56859600000007,-35.09930799099993],[138.5682830080001,-35.09904299699997],[138.56788400100004,-35.09896999699998],[138.56343744000003,-35.09922910699993],[138.5628940160001,-35.09941199899998],[138.56171033600003,-35.10026823499993],[138.5612769920001,-35.100379991999944],[138.5600760000001,-35.10044400199996],[138.559862016,-35.097853003999944],[138.5589300160001,-35.09788800599995],[138.55771900800005,-35.09790448899997],[138.5567950080001,-35.09797399399997],[138.5561228790001,-35.09818829799997],[138.5556654720001,-35.09831467099997],[138.55441299300003,-35.098559000999956],[138.553867007,-35.098629003999974],[138.55338400000005,-35.09867000099996],[138.55295817600006,-35.09868174799993],[138.55260499200006,-35.09865899299996],[138.5522400000001,-35.098566991999974],[138.55172022500005,-35.09828695799996],[138.5512660170001,-35.09793699399995],[138.55092201600007,-35.09813399999996],[138.5505940160001,-35.098193994999974],[138.55000499200003,-35.098211995999975],[138.54969100800008,-35.098181859999954],[138.54937801500012,-35.09810900599996],[138.5490604160001,-35.09799156799994],[138.54862691100004,-35.09781419099994],[138.5484409920001,-35.09776799599996],[138.54699900800006,-35.09783100699997],[138.5466849920001,-35.09360899199993],[138.54645097600007,-35.09111585799997],[138.5464280000001,-35.09073999399993],[138.54639401600002,-35.090308998999944],[138.54610825600002,-35.08718464499998],[138.5460829120001,-35.08686243099993],[138.5460981760001,-35.08606337899994],[138.54605500800005,-35.08454600999994],[138.5463620160001,-35.083026992999976],[138.5464347840001,-35.08299104699995],[138.54682320000006,-35.08281448199995],[138.5470476160001,-35.082609651999974],[138.5472288640001,-35.08245426999997],[138.5475230080001,-35.082314001999976],[138.54799100800005,-35.08224599699997],[138.54835401600008,-35.08235499799997],[138.5493520000001,-35.08286199099996],[138.54973699200002,-35.08297900399998]]]},"properties":{"School_Name":"Reynella East College","ENTITY_CODE":1907,"zoneType":"primary"}},{"type":"Feature","geometry":{"type":"Polygon","coordinates":[[[138.60017200000004,-35.25253799699993],[138.59969401500007,-35.25426700699995],[138.59976300800008,-35.255528003999984],[138.5993800000001,-35.25700400799997],[138.59940099200003,-35.25787500599995],[138.59971900800008,-35.258950003999985],[138.60021200000006,-35.259721990999935],[138.60030000000006,-35.25980100499993],[138.60164499200005,-35.26102000599997],[138.60212,-35.261287996999954],[138.6024150080001,-35.26149599299998],[138.6032009920001,-35.26236900799995],[138.60403801600012,-35.26352799499995],[138.6041929920001,-35.26465000199994],[138.6049969920001,-35.26547099499993],[138.60509100800004,-35.26552999199998],[138.6052400000001,-35.265390002999936],[138.60531900800004,-35.26531600199996],[138.6056510080001,-35.265003999999976],[138.60729900900003,-35.26441399799995],[138.6073740160001,-35.26435000599997],[138.60919500800003,-35.26281200799997],[138.6105409910001,-35.26167399999997],[138.611576,-35.26116900499994],[138.61169600000005,-35.260509997999975],[138.6119550080001,-35.25893999599998],[138.61235100800002,-35.258597005999945],[138.61328000000003,-35.25779499399994],[138.61353200000008,-35.25745200399996],[138.61513900800003,-35.25746199399998],[138.61521600100002,-35.25733299299998],[138.6177340150001,-35.25313099599998],[138.61799200000007,-35.25235898999995],[138.6194640000001,-35.24794700099994],[138.61958700800005,-35.24785999499994],[138.6212089920001,-35.24671299399995],[138.62242300800006,-35.24636900599995],[138.62337500800004,-35.24670500299993],[138.6249310070001,-35.24695900699993],[138.62633200000005,-35.247277004999944],[138.62744400100007,-35.247927999999945],[138.628900992,-35.24950199899996],[138.6305110080001,-35.25050099899994],[138.63209200000006,-35.251153993999935],[138.63294799900007,-35.25159899299996],[138.63387100800003,-35.252011005999975],[138.63533900800007,-35.25218200099994],[138.63676201700002,-35.25121800399995],[138.63855200000012,-35.25070899299993],[138.6396249920001,-35.25095800399998],[138.64167299200005,-35.25199600299993],[138.64257001600004,-35.25264000699997],[138.64266499200005,-35.25272499499994],[138.64411401600012,-35.254076992999956],[138.646722016,-35.25440499699994],[138.64861900800008,-35.254328000999976],[138.65069299200002,-35.25492799399996],[138.65208000000007,-35.25576299099998],[138.658840993,-35.259834007999984],[138.65893600000004,-35.25989200599997],[138.65705900800003,-35.262598999999966],[138.65638899200007,-35.263546994999956],[138.65643299200008,-35.26355700399995],[138.65393900800007,-35.267896992999965],[138.651832,-35.271218001999955],[138.64983200000006,-35.274413007999954],[138.64989200000002,-35.27449799699997],[138.65483200000006,-35.27471200399998],[138.65538800000002,-35.27459099599997],[138.65535900800012,-35.27468900799994],[138.6534049930001,-35.28120400599994],[138.65137200000004,-35.28817900499996],[138.65061200000002,-35.290715003999935],[138.65048700800003,-35.291130994999946],[138.6518800010001,-35.29663899999997],[138.65191100800007,-35.296763005999935],[138.65154899200002,-35.297268997999936],[138.65160601600007,-35.29768199299997],[138.65171600000008,-35.29770400799998],[138.65182000100003,-35.29945699399997],[138.6506320000001,-35.30133300499995],[138.65061801600007,-35.30238700599995],[138.65034601600007,-35.30271599099996],[138.64992800000005,-35.30287499899998],[138.64779801600002,-35.30277800299996],[138.64712899100005,-35.30179999999996],[138.647016,-35.301000004999935],[138.64599001500005,-35.30016800599998],[138.642288,-35.30009500299997],[138.6408849920001,-35.30046300499998],[138.6404380150001,-35.300822996999955],[138.63976700800004,-35.30391900899997],[138.63863900800004,-35.30604599099996],[138.63745001600012,-35.30653500099993],[138.63687801600008,-35.30739399299995],[138.63668400000006,-35.30772199799998],[138.63678300900006,-35.30828299199993],[138.63729200000012,-35.30905100199993],[138.636006016,-35.31036100499995],[138.63419401500005,-35.31693799399994],[138.63407699200002,-35.31727900599998],[138.62791600000003,-35.318305995999935],[138.62233200000003,-35.31910599199995],[138.61503401700008,-35.319946002999984],[138.6140350080001,-35.31992500699994],[138.6110769920001,-35.31992500699994],[138.6093649920001,-35.31967100099996],[138.60840099200004,-35.31956199799998],[138.6056880000001,-35.31911600099994],[138.6008350080001,-35.319309991999944],[138.59634700800007,-35.319441008999945],[138.59543299200004,-35.31941699499998],[138.58947401600005,-35.319441009999935],[138.58547299200006,-35.31883800099996],[138.57953600000008,-35.317427005999946],[138.57981299200003,-35.31672700299998],[138.57944099200006,-35.316138998999975],[138.58156099300004,-35.31310000399998],[138.58210400000007,-35.31021999799998],[138.5793920000001,-35.31122199499998],[138.57760899100003,-35.31172600899998],[138.5765120000001,-35.31198600799996],[138.57603500800008,-35.31235199499997],[138.57391900800008,-35.312906993999945],[138.57372400000008,-35.31282100499993],[138.56883500800006,-35.31570500699996],[138.5662950080001,-35.31743499799995],[138.56287200100007,-35.318690999999944],[138.5618320000001,-35.31899599099995],[138.5601750080001,-35.31986199599993],[138.5557340160001,-35.324315000999945],[138.55515900800003,-35.324751007999964],[138.54961401600008,-35.32733599499994],[138.54593100700004,-35.32990399799996],[138.5426040000001,-35.33304600099996],[138.54170899200005,-35.32770199899994],[138.54170099200007,-35.32659299799997],[138.54149500800008,-35.32558199099998],[138.54133900800002,-35.324883005999936],[138.54158201600012,-35.32265099899996],[138.54365200000007,-35.32115099999993],[138.54546499100002,-35.319864991999964],[138.54622499100003,-35.31863200199996],[138.54735320600003,-35.314237770999966],[138.5473540150001,-35.314219993999984],[138.54521299200007,-35.314118002999976],[138.5435520000001,-35.31460000299995],[138.54205401600007,-35.31521299899998],[138.54012899200006,-35.31461900199997],[138.53734601500003,-35.314345997999965],[138.53669600000012,-35.314282005999985],[138.53353100800007,-35.31360399899995],[138.53309900800002,-35.31390900899993],[138.5311310070001,-35.31529199499994],[138.52973600000007,-35.31686299599994],[138.5280969920001,-35.31809800099995],[138.52766800000006,-35.31842099199997],[138.52729100800002,-35.318715992999955],[138.52697699100008,-35.318961006999984],[138.52660799900002,-35.31924899599994],[138.52636700800008,-35.31943799299995],[138.52595699200003,-35.319720006999944],[138.52573401600011,-35.31987300199995],[138.5251100160001,-35.32030299799993],[138.52378201600004,-35.32107799999994],[138.52377801600005,-35.32108099599998],[138.52376601600008,-35.32108700899994],[138.52232700800005,-35.32179999999994],[138.5222740160001,-35.32181500299998],[138.5211380170001,-35.32212300899994],[138.52076601600004,-35.32222399999995],[138.51914099100009,-35.32243099699997],[138.51883299200006,-35.322452994999935],[138.51750800000002,-35.32254900799995],[138.51633299200012,-35.32270799699995],[138.516324993,-35.32279000799997],[138.5163230080001,-35.322813002999965],[138.51596300800009,-35.32292899799995],[138.51544700800002,-35.323071003999985],[138.51477900800012,-35.32332800699993],[138.5140889910001,-35.32351700299995],[138.5134020150001,-35.32355400299997],[138.51337100800004,-35.32355600099993],[138.5130710080001,-35.32363799299998],[138.51292201600006,-35.323727994999956],[138.51267900800008,-35.323873996999964],[138.5123990090001,-35.32404299499996],[138.5122945920001,-35.32430453799998],[138.51229001600007,-35.324315998999964],[138.512244,-35.32443199399995],[138.51217401600002,-35.324378991999936],[138.50821801600011,-35.32027800399993],[138.50692201700008,-35.319276006999985],[138.50634480300005,-35.31842297299994],[138.505635008,-35.31737400299994],[138.5040340160001,-35.31624500399994],[138.50301500800003,-35.31468399299996],[138.50090579800008,-35.311622470999964],[138.50089100800005,-35.311601003999954],[138.5008768790001,-35.31157909299998],[138.50054601600004,-35.31106600199996],[138.50053666400004,-35.31106876999996],[138.50023764600007,-35.31115728699996],[138.49916099200004,-35.31147599999997],[138.49895808600002,-35.307553782999946],[138.4988906970001,-35.30625113999997],[138.49888800000008,-35.30619900499994],[138.49888581900007,-35.30619910499996],[138.49877900800004,-35.30620399899993],[138.498264048,-35.29936127899998],[138.4975703440001,-35.29014343799997],[138.49719801600008,-35.285195991999956],[138.49722601700012,-35.28519399299995],[138.49629988000004,-35.27084628099993],[138.4962803730001,-35.27054408299995],[138.4951919990001,-35.25368299899998],[138.4947318620001,-35.25354685599996],[138.49472923200005,-35.25354607699995],[138.4947289920001,-35.253546005999965],[138.49472933800007,-35.25354566999994],[138.49473001600006,-35.253545008999936],[138.49506099200005,-35.25352399099995],[138.49506733300007,-35.25352943199994],[138.49506800000006,-35.25353000399997],[138.49536788600005,-35.253514397999936],[138.50135478900006,-35.25320287399995],[138.5077520000001,-35.25286999799994],[138.50786201500011,-35.252864003999946],[138.5090045940001,-35.25280555799998],[138.5206280000001,-35.25221099099997],[138.5266710080001,-35.25189099599993],[138.53340601500008,-35.25154800699994],[138.53977600000007,-35.25121900199997],[138.54617001600002,-35.25089199599995],[138.55266099100004,-35.250560994999944],[138.55894499200008,-35.250249990999976],[138.57173100800003,-35.24957899599997],[138.58155401600004,-35.249069006999946],[138.58256300800008,-35.24809599899993],[138.58321452200005,-35.24745101499997],[138.58435699200004,-35.24631999899998],[138.58485299200004,-35.245844992999935],[138.58567020100008,-35.24506267099997],[138.58588400000008,-35.244857999999965],[138.58922099300003,-35.24729999899995],[138.59110499200006,-35.248046992999946],[138.5932600000001,-35.24851700399995],[138.5950449920001,-35.24885899399993],[138.59669200000008,-35.24951300699996],[138.598182016,-35.25034600499998],[138.60017200000004,-35.25253799699993]]]},"properties":{"School_Name":"Willunga Primary School","ENTITY_CODE":744,"zoneType":"primary"}},{"type":"Feature","geometry":{"type":"Polygon","coordinates":[[[138.51724201500008,-35.02732499199993],[138.51744800000006,-35.02715699299995],[138.51793152800008,-35.02712913399995],[138.51854836500002,-35.02709360499995],[138.5237470080001,-35.026794002999964],[138.52400000000011,-35.030240997999954],[138.5264689920001,-35.03012500299997],[138.52768700800004,-35.03349400099995],[138.52908000000002,-35.03508799799994],[138.53075801600005,-35.03626700299998],[138.53142201600008,-35.03725199799993],[138.5303889920001,-35.037304001999985],[138.52966601600008,-35.03729099699996],[138.5298710080001,-35.03953199399996],[138.52999801500005,-35.04122999799995],[138.53012499200008,-35.04152799599996],[138.53036201600003,-35.04200699799998],[138.53057401600006,-35.042349007999974],[138.53072099100007,-35.04284099599994],[138.53092800000002,-35.043536003999975],[138.53101900800004,-35.04384399199995],[138.531144992,-35.044219005999935],[138.5316300170001,-35.045665002999954],[138.5319910080001,-35.04669500899996],[138.53210201600007,-35.04701100799997],[138.53226201600012,-35.04738999899996],[138.53246000000001,-35.047748990999935],[138.53407801600008,-35.05019300699996],[138.53453801600006,-35.05089099399993],[138.53455699200003,-35.051143998999976],[138.5347460160001,-35.051452006999966],[138.53482700900008,-35.051888995999946],[138.53495699100006,-35.05506799799997],[138.5348670080001,-35.055058007999946],[138.5260060160001,-35.05551799199998],[138.50397001600004,-35.056562002999954],[138.50368601500008,-35.05654400199995],[138.50379801600002,-35.05625499499996],[138.50394899200012,-35.055626993999965],[138.50415299200006,-35.055053993999934],[138.50430499200002,-35.05475100099994],[138.50452099200004,-35.05447599799993],[138.50463801600006,-35.054244006999966],[138.50467500800005,-35.05413300799995],[138.5047470080001,-35.05391300599996],[138.50484000000006,-35.05338299899995],[138.504838016,-35.05270599199997],[138.5050009910001,-35.05205199799997],[138.5051729930001,-35.05178500699998],[138.50534000000005,-35.05135599199997],[138.50540201600006,-35.05123500099995],[138.50549100800004,-35.051061009999955],[138.50553200000002,-35.050792000999934],[138.50570300800007,-35.05056999999994],[138.50581001600005,-35.050311000999955],[138.50611200000003,-35.04973999799995],[138.50628499100003,-35.04947300599997],[138.50639001600007,-35.04924099799996],[138.50648201600006,-35.04912500299997],[138.50647401600008,-35.04900800799993],[138.50654601700012,-35.04881999299994],[138.5065500170001,-35.048694007999984],[138.50663001500004,-35.04853999599993],[138.50669900800006,-35.04835799199998],[138.50687600000003,-35.04794699599995],[138.507232992,-35.04739599299995],[138.5076270080001,-35.04670999399997],[138.50780201600003,-35.04634400799995],[138.50794099200004,-35.04610300899998],[138.5079649920001,-35.046031006999954],[138.50822700800006,-35.04463999199993],[138.50846300900002,-35.044066990999966],[138.50856601600003,-35.04391599499996],[138.50884899200003,-35.04363399899995],[138.50888201600003,-35.04362600699994],[138.5090960000001,-35.04344999799997],[138.5094190090001,-35.04325800399994],[138.50947500900008,-35.043213993999984],[138.50964700800012,-35.04300100299997],[138.51001900800009,-35.04263000399993],[138.51057100800006,-35.04213699699994],[138.51098700800003,-35.041794007999954],[138.51109001600003,-35.04166099199995],[138.5111750090001,-35.04140099399996],[138.5112420160001,-35.04133899999994],[138.51138700800004,-35.041269994999936],[138.5114660160001,-35.04120899999998],[138.5115580160001,-35.04106599499994],[138.5117889920001,-35.040935994999984],[138.51211500800002,-35.040752993999945],[138.51258000100006,-35.04060900799993],[138.51302099200007,-35.04050999699996],[138.51313199900005,-35.040468000999965],[138.5134020160001,-35.04022999899996],[138.5134460160001,-35.04023099899996],[138.51366400000006,-35.040252994999946],[138.51378601600004,-35.04018400799998],[138.51388499300003,-35.040051991999974],[138.51414099300007,-35.03971299799997],[138.51448601700008,-35.039160994999975],[138.51454300900002,-35.03908100099994],[138.51471200000003,-35.03892199399996],[138.5148129920001,-35.03885300699994],[138.5151289920001,-35.03857099299995],[138.51514499200005,-35.03855199299994],[138.51533299200003,-35.038340001999984],[138.51572499100007,-35.03769899599996],[138.51582099200004,-35.03741300399997],[138.51615200000003,-35.03662599599994],[138.51624800000002,-35.03598800499998],[138.516403007,-35.03556699999996],[138.51657401600005,-35.03525599699998],[138.51658899200004,-35.035228005999954],[138.5169100160001,-35.03474800599997],[138.51701500800004,-35.03446499199998],[138.51706601600006,-35.03432699999996],[138.51717001600002,-35.03414899399996],[138.5172300160001,-35.03397899699996],[138.5173400000001,-35.033585002999985],[138.51738000000012,-35.03335099599997],[138.5174839990001,-35.03302500799998],[138.5175240000001,-35.03290000299995],[138.51761401600004,-35.03212999599998],[138.51757100800012,-35.03212000599996],[138.51754400000004,-35.03192999299995],[138.51749999900005,-35.03192899299995],[138.5174910080001,-35.03182600399998],[138.5176380160001,-35.030888997999966],[138.51744800000006,-35.02956700599998],[138.51724201500008,-35.02732499199993]]]},"properties":{"School_Name":"Seacliff Primary School","ENTITY_CODE":913,"zoneType":"primary"}},{"type":"Feature","geometry":{"type":"Polygon","coordinates":[[[138.78070870400006,-34.50450944099998],[138.78424003200007,-34.50455914999998],[138.79029113600006,-34.50381913199993],[138.77986905600005,-34.51885163999998],[138.77991945600002,-34.51885807899998],[138.77998422400003,-34.51886608899997],[138.77998425500004,-34.51886673599995],[138.77995715100008,-34.518903087999945],[138.77072508700007,-34.53238825599993],[138.770724319,-34.53238892199994],[138.7706665920001,-34.532472911999946],[138.76601993600002,-34.539249610999946],[138.76158438400012,-34.54570855199995],[138.76147304000006,-34.54587165099997],[138.7581126880001,-34.550793985999974],[138.75565995300008,-34.554386816999966],[138.74765635200004,-34.56611070399998],[138.74752889500007,-34.566278960999966],[138.74747120000006,-34.56633318199994],[138.74729763200003,-34.56649629999998],[138.7469603840001,-34.566596199999935],[138.74630726400005,-34.56660506099996],[138.74603634400012,-34.569327020999935],[138.74603622400002,-34.569328223999946],[138.74602506300005,-34.56932702199998],[138.73391388900006,-34.56802217899997],[138.73389204800003,-34.568129631999966],[138.73386569700006,-34.568259274999946],[138.73378092100006,-34.56835765599993],[138.73368652800002,-34.56846719699996],[138.73347795200004,-34.568694394999966],[138.73278716800007,-34.568145277999974],[138.73214883200012,-34.567898173999936],[138.73134390400003,-34.56777831299996],[138.72189680000008,-34.566806192999934],[138.7235459200001,-34.55593914499997],[138.7262442560001,-34.53698065899994],[138.72978614400006,-34.51226175499994],[138.7304159040001,-34.507872204999956],[138.73088966500006,-34.50506279499996],[138.73117801500007,-34.50107080899994],[138.73175900800004,-34.497497126999974],[138.7415923840001,-34.49850208399994],[138.74402137700008,-34.49882483499994],[138.75125408100007,-34.49948423099994],[138.75137196700007,-34.500170931999946],[138.76660595200008,-34.50216301199998],[138.7664797120001,-34.50416974399997],[138.77571728100008,-34.50439061599997],[138.78070870400006,-34.50450944099998]]]},"properties":{"School_Name":"Roseworthy Primary School","ENTITY_CODE":387,"zoneType":"primary"}},{"type":"Feature","geometry":{"type":"Polygon","coordinates":[[[138.7392495360001,-34.60473651999996],[138.73942899200006,-34.605478999999946],[138.73963379100007,-34.60543506299996],[138.73963842700005,-34.60543828099998],[138.73981801600007,-34.60556300799993],[138.739991808,-34.606304043999955],[138.739992496,-34.60631163099998],[138.7400520000001,-34.606967991999966],[138.74682956700008,-34.603992468999934],[138.7468216320001,-34.603978945999984],[138.74783923200005,-34.60348183199994],[138.7485973140001,-34.60312906299998],[138.74934099200004,-34.602782994999984],[138.7494225920001,-34.60449391299994],[138.74943862400005,-34.60483692099996],[138.7494406080001,-34.605482921999965],[138.74953660800008,-34.60601992199997],[138.74960864000002,-34.60637092199994],[138.74968064000007,-34.606487915999935],[138.74970464000012,-34.60658491199996],[138.74963529600006,-34.60672110899998],[138.74982166400002,-34.60690090999998],[138.7504476480001,-34.60785689699998],[138.75059964800005,-34.60816388599994],[138.75073529700012,-34.608885903999976],[138.75081568100006,-34.60931390199994],[138.75135267200005,-34.61002689199995],[138.75151968000011,-34.61008488999994],[138.75170467200007,-34.61016188699995],[138.75210368000012,-34.61032287399996],[138.75238169600004,-34.610516882999946],[138.7524896960001,-34.61056387299993],[138.7526516790001,-34.61063887199998],[138.75288467300004,-34.610868882999966],[138.7531736960001,-34.61106387299998],[138.75328969500003,-34.61120088299998],[138.75355267200007,-34.61157585999996],[138.75363868800002,-34.61163985199994],[138.75367868800004,-34.611647861999984],[138.75369267200006,-34.61164985999994],[138.7542786880001,-34.61174185999994],[138.75467168000011,-34.611731851999934],[138.754869664,-34.611680846999946],[138.7550466560001,-34.611593841999934],[138.75537065600008,-34.61129384599997],[138.75555865600006,-34.61119783099997],[138.7564276160001,-34.61051081499994],[138.7567545920001,-34.61011082699997],[138.75684758400007,-34.60988680999998],[138.75697059200002,-34.60978979599997],[138.75703859200007,-34.60968380999998],[138.75709459200004,-34.609630806999974],[138.75716160000002,-34.60958379799996],[138.75718358400002,-34.60956879399998],[138.75733760000003,-34.60950879899997],[138.7575555840001,-34.60951279599993],[138.75768556900005,-34.60955980399996],[138.75777056000004,-34.60961580299994],[138.75786656000002,-34.60970780399998],[138.7579085750001,-34.60978080499996],[138.75807459100008,-34.61008080099998],[138.75830560000009,-34.61030478099997],[138.75832960000002,-34.61032877499997],[138.7583745920001,-34.61069979299998],[138.7586136000001,-34.61113678099997],[138.7586616000001,-34.61137178599995],[138.758660576,-34.61138978699995],[138.7588085760001,-34.61157278899998],[138.75887958400006,-34.61178178299997],[138.7589656,-34.61181978299993],[138.75899760000004,-34.61185578299995],[138.75913360000004,-34.61206577699994],[138.7591536330001,-34.612119777999965],[138.75919260800003,-34.61229179199995],[138.75920060800001,-34.61240077499997],[138.75921062400005,-34.612427784999966],[138.75920963200008,-34.61246378599998],[138.75928460800003,-34.61254677799997],[138.75953161600012,-34.612676775999944],[138.75958563200004,-34.61268678499994],[138.75975862400003,-34.61275379299997],[138.76023859200006,-34.61273577399993],[138.7605976000001,-34.61275976699994],[138.761503585,-34.61274974099996],[138.7616885750001,-34.61274374699997],[138.76217056000007,-34.61268075399994],[138.76234454400003,-34.61270173299994],[138.76241856000001,-34.61275673399996],[138.76245856000003,-34.61289372599998],[138.76232560000005,-34.61332775499994],[138.76231558400002,-34.613359740999954],[138.76223459100004,-34.61352873799996],[138.76221257600002,-34.61355574799995],[138.76215958400007,-34.61387973899997],[138.76193260700006,-34.61420874399994],[138.76191862400003,-34.61432575599997],[138.76192060800008,-34.614677754999946],[138.76193062400012,-34.61471373799998],[138.76201462400002,-34.614823737999984],[138.762073632,-34.61504975299994],[138.76215660800005,-34.61530174199993],[138.7623386240001,-34.61553974399993],[138.7625116160001,-34.61570374599995],[138.76264860800006,-34.615902750999965],[138.76272563100008,-34.616021743999966],[138.762786623,-34.61613573999995],[138.76282860700007,-34.61619073999998],[138.76292563200002,-34.61624673999995],[138.76316963200009,-34.61647673199997],[138.7635626560001,-34.616889725999954],[138.76410764800005,-34.61729572699994],[138.76422464000007,-34.617406726999945],[138.76461964800012,-34.61771970999996],[138.76509264000003,-34.61798070799995],[138.76528662400005,-34.61806571499994],[138.7653186240001,-34.618075705999956],[138.76542563200007,-34.61816770599995],[138.7655456320001,-34.61820770299994],[138.7656526080001,-34.61824370399995],[138.76667260800002,-34.61843369899998],[138.7668686080001,-34.61842868499997],[138.7670556160001,-34.618368689999954],[138.767286624,-34.61828266499998],[138.7674416000001,-34.618204668999965],[138.76783257500006,-34.61786867199993],[138.7682235840001,-34.61751567299996],[138.7683895680001,-34.61743765899996],[138.76855356800002,-34.61743164699993],[138.76861056100006,-34.61747565799993],[138.7688555520001,-34.61761165099995],[138.76920956800006,-34.61786265899997],[138.769365568,-34.61803265599997],[138.76958457500007,-34.61840565199998],[138.76959958400005,-34.61867665999995],[138.76974358300004,-34.61898564599994],[138.76984960000004,-34.61911362999996],[138.77004160100012,-34.61925263899997],[138.77018160000011,-34.61932763799996],[138.77027958400004,-34.61934763599993],[138.77031158400007,-34.61936563699993],[138.77055059200006,-34.61941564099993],[138.77107356800002,-34.61942463299994],[138.77206454400005,-34.619073614999934],[138.7725145280001,-34.61897360399996],[138.7727755200001,-34.618978597999956],[138.77286252800002,-34.61898860699995],[138.77313353600005,-34.61906560299997],[138.77321852800003,-34.61913960399994],[138.77326953600004,-34.61928460699994],[138.77327552000008,-34.619446592999964],[138.773226528,-34.61957759099994],[138.7731285440001,-34.61989358899996],[138.77293955200003,-34.620209605999946],[138.7726795520001,-34.620557591999955],[138.7723016010001,-34.62101461499998],[138.77200560000006,-34.62138761199998],[138.77183062500012,-34.621597624999936],[138.77182262400004,-34.62160261899993],[138.77169862300002,-34.62172662499995],[138.77147363200004,-34.62201063699996],[138.7711516170001,-34.622203628999955],[138.77100566400009,-34.62236263699998],[138.77096864100008,-34.62253363199994],[138.77091065500008,-34.62264962699993],[138.77089766400002,-34.622739629999955],[138.77097663900008,-34.62304763599997],[138.77116364800008,-34.623384631999954],[138.77131264000002,-34.623540641999966],[138.77156966400003,-34.62371663299996],[138.77174166500004,-34.623782640999934],[138.77198064000004,-34.623858620999954],[138.77268665600002,-34.624042620999944],[138.77325465600006,-34.624088592999954],[138.7734516480001,-34.62409159099997],[138.7737376330001,-34.62405159399998],[138.77391363200002,-34.624009598999976],[138.77402460700011,-34.623966604999964],[138.77484559900006,-34.62355657099994],[138.77535657700003,-34.62327657299994],[138.7758656000001,-34.62311456899994],[138.77611555200008,-34.623053555999945],[138.77627756800007,-34.62301855399994],[138.77685555200003,-34.623028543999965],[138.777627552,-34.623123540999984],[138.77803756700007,-34.62328452799994],[138.77821856000003,-34.62343152899996],[138.77831254400007,-34.62359652999993],[138.77839456000004,-34.62378652599995],[138.77846054400004,-34.62419352599994],[138.7785435520001,-34.62435752899995],[138.7786125440001,-34.62462951499998],[138.77864656000008,-34.62497252399993],[138.77864160000001,-34.62514351899995],[138.778608576,-34.625188529999946],[138.77851359900012,-34.625465530999975],[138.7784445750001,-34.62551551699994],[138.77831859100002,-34.62563454599996],[138.77813859200012,-34.62580054699998],[138.7779816320001,-34.62593853899995],[138.77782460800006,-34.62607454999994],[138.7777056320001,-34.62613754299997],[138.77754262500002,-34.626159539999946],[138.77734361600005,-34.62614053999994],[138.77717363300007,-34.62609756399996],[138.77687862400012,-34.62599855199994],[138.7767026240001,-34.62594155399995],[138.77648060700005,-34.625863557999935],[138.77623363300006,-34.62575857099995],[138.77610860900006,-34.62568355299993],[138.77601161600012,-34.62561856199994],[138.775603616,-34.62540357499995],[138.77548563200003,-34.62532058299996],[138.77530163200004,-34.62527157599993],[138.77524662500002,-34.62527157599993],[138.77489664000007,-34.62530957499996],[138.77419263900003,-34.62554060299993],[138.773994656,-34.625590589999945],[138.7738486720001,-34.625777606999975],[138.77374368000005,-34.62587659999997],[138.77368569700002,-34.62593060199998],[138.77351868800008,-34.626136617999975],[138.77343168000004,-34.62632861099996],[138.77339369600008,-34.626484620999975],[138.773403679,-34.626661610999975],[138.77342867100003,-34.626806613999975],[138.77381270400008,-34.62710161499996],[138.77390169700004,-34.627141592999976],[138.7740436800001,-34.62719059999995],[138.77426867200006,-34.62725960499995],[138.77450668900008,-34.62732259699993],[138.77466569600006,-34.627350605999936],[138.77484169600007,-34.62737959699996],[138.7749986880001,-34.627401592999945],[138.7750906880001,-34.627431598999976],[138.775122688,-34.62748659999994],[138.7752076800001,-34.62755157199996],[138.77523868800006,-34.627590588999965],[138.77530668800011,-34.62768258899996],[138.77540569600012,-34.62787857799998],[138.77544067200006,-34.628071587999955],[138.7754726720001,-34.62825057599997],[138.77549171200008,-34.628367587999946],[138.77548672000012,-34.62852957399997],[138.7755607040001,-34.62863058499994],[138.7756267200001,-34.62863857699995],[138.77562972900012,-34.62864558799998],[138.77565872000002,-34.62871157799998],[138.77568771200004,-34.62879358799995],[138.7757007040001,-34.62883158699998],[138.7757257280001,-34.62889058299993],[138.775743712,-34.62893957199998],[138.77576172800002,-34.62899658899994],[138.7757807040001,-34.62904257899993],[138.77581171200006,-34.62908657299994],[138.77584972800003,-34.62914357099993],[138.7758947200001,-34.62919457499993],[138.7759137280001,-34.62921257599993],[138.775927711,-34.629226580999955],[138.7759687030001,-34.629321577999974],[138.77599971200004,-34.62946957899993],[138.77606470500007,-34.62957558299996],[138.77617670400002,-34.62967457599996],[138.7762437120001,-34.62972158499997],[138.77636972900007,-34.62980956999996],[138.77653372800012,-34.63002357899995],[138.7767107200001,-34.630287573999965],[138.77680070400004,-34.630451576999974],[138.77685171200005,-34.63061857499997],[138.7768467520001,-34.630685582999945],[138.77679974400007,-34.63077858199995],[138.77670176000004,-34.630842573999985],[138.7765637440001,-34.63109158399993],[138.77620576000004,-34.63142857999998],[138.77608076800004,-34.631606586999965],[138.77591177600004,-34.63183759699996],[138.77586476800002,-34.63196260099994],[138.7758477760001,-34.63218759799997],[138.7756857920001,-34.632527590999985],[138.775699808,-34.63283459799993],[138.7758248010001,-34.63302559199997],[138.77584982400003,-34.63304259399996],[138.77587881600004,-34.633076596999956],[138.77604182400012,-34.63334059199997],[138.77631180800006,-34.63364959799998],[138.7764828160001,-34.63388358599997],[138.7767218240001,-34.63413457499996],[138.77721280000003,-34.63465858699993],[138.77750182400007,-34.63492158299994],[138.777782816,-34.63519358899998],[138.77807481600007,-34.63544356099993],[138.77832982400002,-34.63561355699994],[138.7786728000001,-34.635845565999944],[138.77882380800008,-34.63592955599995],[138.77894182300008,-34.635976563999975],[138.77907081600006,-34.63606055399998],[138.77928681600008,-34.63614554399993],[138.77976080000008,-34.63637954999996],[138.77990182300005,-34.636381548999964],[138.780067808,-34.63632153299994],[138.78023481500009,-34.636198545999946],[138.78027980800005,-34.63614554399993],[138.78042979200006,-34.635805550999976],[138.78047779200006,-34.635662526999965],[138.7805127690001,-34.63556353399997],[138.78053379200003,-34.63521253299996],[138.7805357750001,-34.63470751999995],[138.78056275200004,-34.63450953299997],[138.7805867520001,-34.634456529999966],[138.78064275200006,-34.63439351899996],[138.78074275200004,-34.634305532999974],[138.780798752,-34.63427952199993],[138.7811817590001,-34.634223522999946],[138.78167273600002,-34.63421451399995],[138.78238870400003,-34.634362513999974],[138.78310870300004,-34.634357481999984],[138.7832167040001,-34.63440448999995],[138.78328070500004,-34.63444148999997],[138.78335571200012,-34.63448847999996],[138.7836357120001,-34.634637478999935],[138.78371872000002,-34.63474448299996],[138.78378672000008,-34.63483548399995],[138.78383772900008,-34.63499549199997],[138.78397571300002,-34.63526348199997],[138.78410870400012,-34.63551846799993],[138.784229728,-34.63573747099997],[138.7843337280001,-34.63587646099995],[138.78438374400002,-34.63604847399995],[138.78452873600008,-34.636303477999945],[138.78490873600003,-34.63678847399996],[138.78512175900005,-34.63700847599995],[138.78521273600006,-34.63725347099995],[138.78526576000002,-34.637326471999984],[138.78550073600002,-34.63752947399996],[138.78553776,-34.637571467999976],[138.78561075200003,-34.637636476999944],[138.78575974400007,-34.63774845699993],[138.78590774400004,-34.637851446999946],[138.7860787520001,-34.63797445299997],[138.78619673700007,-34.638036446999934],[138.78630073500005,-34.638040442999966],[138.78642275200002,-34.638008456999955],[138.78664575900007,-34.637920451999946],[138.78679075200012,-34.63780545499998],[138.78685872000005,-34.637707442999954],[138.78694470400012,-34.63735742299997],[138.7869017280001,-34.63689643899994],[138.78684672000009,-34.636526439999955],[138.78681967900002,-34.63548944099995],[138.78684867200002,-34.63520143299996],[138.78698864000012,-34.63486143999995],[138.7872246400001,-34.63461242999995],[138.7873346560001,-34.63457842699995],[138.78754166500005,-34.63458242299998],[138.78769366400002,-34.63463041099993],[138.7879076480001,-34.63476942099993],[138.78811065600007,-34.63494441299997],[138.788237664,-34.63509141299994],[138.7884806400001,-34.635365416999946],[138.78900665600008,-34.63608741699994],[138.78956166400008,-34.63658439999995],[138.79003366400002,-34.63687238999995],[138.79022764800004,-34.636957397999936],[138.79049865600007,-34.63702538499996],[138.7906846400001,-34.63701038099998],[138.79086566400008,-34.63685838599997],[138.79087366400006,-34.636851373999946],[138.79106566400003,-34.63660238199998],[138.79113363200008,-34.636504368999965],[138.79125363200012,-34.63611037499993],[138.79145161700012,-34.635627357999965],[138.79155360100003,-34.63550235399998],[138.7917835840001,-34.635443357999975],[138.7918825920001,-34.63542735499993],[138.79199158300003,-34.63542935299995],[138.79216659200006,-34.63550634999996],[138.79231459200003,-34.635570359999974],[138.79268758500007,-34.63591135199994],[138.7928225920001,-34.63601034599998],[138.79311558400002,-34.63622533399996],[138.79335859200012,-34.63650934599997],[138.79349459200012,-34.63675533999998],[138.79383161600003,-34.63721134699995],[138.79384662400003,-34.63722733099996],[138.79405462400007,-34.63744133899996],[138.79415961600012,-34.63758734099997],[138.79426460900004,-34.637751342999934],[138.79443062400003,-34.63807031999994],[138.79457763200003,-34.638262313999974],[138.79480163300002,-34.638482315999966],[138.7949826240001,-34.63863031499994],[138.79534860800004,-34.63881731299995],[138.79587763200004,-34.639025308999976],[138.79627763200006,-34.63914929699996],[138.79691462300002,-34.63941330899996],[138.79729260700003,-34.63954628799996],[138.79750758400007,-34.639658286999975],[138.79759360000003,-34.63973228699996],[138.7979145920001,-34.63994527699998],[138.79794662400002,-34.63999128699993],[138.79798860800008,-34.64004528799995],[138.7979736320001,-34.64019029099995],[138.7980766080001,-34.64042627699996],[138.79809561600007,-34.640543288999936],[138.79807062400005,-34.64066929299997],[138.7979476160001,-34.64076628799995],[138.7977386240001,-34.64084328499996],[138.7971466560001,-34.64095030799996],[138.7970696640001,-34.640958299999966],[138.79592064000008,-34.64112631699993],[138.79560169600006,-34.641210325999964],[138.79546969700004,-34.64126232899997],[138.79536969600008,-34.641323323999984],[138.79532368000002,-34.64140431699997],[138.7953176950001,-34.64163832299994],[138.79533667200008,-34.64175631499995],[138.79535667200003,-34.641792316999954],[138.79550569700007,-34.64193931799997],[138.79581868900004,-34.642089315999954],[138.7960886720001,-34.64218431299997],[138.7962396800001,-34.64223232099994],[138.7964016960001,-34.64230730099996],[138.79661868800008,-34.64235630799993],[138.79762569600007,-34.64261730599998],[138.797873696,-34.64273028499997],[138.79805667200003,-34.642841284999975],[138.79815068800008,-34.64297827799993],[138.7981796800001,-34.64313228999998],[138.79811168000003,-34.64324828499997],[138.7980106880001,-34.64331828999997],[138.79782368000008,-34.64338727599994],[138.79751868900007,-34.64337330799998],[138.7973886730001,-34.643352310999944],[138.79666070400003,-34.64325829499995],[138.79638870400004,-34.64320832499993],[138.79592070400008,-34.64316331499998],[138.79570272,-34.64316932799994],[138.7948807040001,-34.64328933699994],[138.79460576000008,-34.64341034499995],[138.79432774500003,-34.643576345999975],[138.793924736,-34.643993353999974],[138.7938667840001,-34.64411835899995],[138.79384979100007,-34.64431636499995],[138.79389676800008,-34.64461536099998],[138.793968768,-34.64476935599998],[138.79401177600005,-34.64482435599996],[138.79415078400007,-34.644908364999935],[138.7942597760001,-34.64492836299996],[138.79473977600003,-34.64491833599993],[138.79532976000007,-34.64487534199998],[138.7959427520001,-34.644796327999984],[138.7963467520001,-34.64480332099998],[138.79658576000008,-34.64483532699995],[138.79680175900012,-34.644928325999956],[138.79722374400012,-34.64503531099996],[138.79750470400006,-34.64514830999997],[138.79761171300004,-34.64522330799997],[138.7977277440001,-34.64536931099997],[138.7978007360001,-34.64551429499994],[138.79779875200006,-34.64600130799994],[138.79765875200007,-34.64632329999995],[138.79743577600004,-34.646509299999934],[138.79692876800004,-34.646716313999946],[138.7966627840001,-34.646873322999966],[138.79559081600007,-34.64738634699995],[138.79526080000005,-34.647497346999955],[138.79502982300005,-34.64754733299998],[138.79438585600008,-34.64756235599998],[138.79375484900004,-34.64748835599994],[138.79331084700004,-34.64738136999995],[138.79241283300007,-34.64711237999995],[138.79153488000009,-34.64689839099998],[138.7913278730001,-34.64686740299993],[138.79104387200005,-34.646889417999944],[138.79091088000007,-34.646958403999975],[138.79070988800004,-34.64714442199994],[138.7905499200001,-34.647412412999984],[138.79051190400003,-34.64760041099993],[138.79082790400003,-34.648030405999975],[138.79155190400002,-34.648536398999966],[138.79207289600004,-34.64873338799998],[138.792319904,-34.648891395999954],[138.7931219200001,-34.649491369999964],[138.79370790400003,-34.65001638099994],[138.79383491200008,-34.65018038299996],[138.79397990400003,-34.650471369999934],[138.7939888960001,-34.650526369999966],[138.79400592000002,-34.65070637499997],[138.7939479040001,-34.65085837199996],[138.79381392000005,-34.650982376999934],[138.7933969280001,-34.65103837699996],[138.7930699520001,-34.651023391999956],[138.7927989430001,-34.65098239599996],[138.7919719360001,-34.650886397999955],[138.79098598400003,-34.65064341999994],[138.78949897600012,-34.65037243099994],[138.7890659840001,-34.65024744599998],[138.78882598400003,-34.65023445899993],[138.78781401600008,-34.65013446699993],[138.7875529920001,-34.650111470999946],[138.78716000000009,-34.65012245999998],[138.78699500800008,-34.65016447399995],[138.7869390080001,-34.65020846599998],[138.78687100700006,-34.65029748899997],[138.7867890240001,-34.650521485999946],[138.7867850240001,-34.65065648099994],[138.7868480310001,-34.65076648199994],[138.78710502400008,-34.65094247299993],[138.78726704100006,-34.65101747099993],[138.78821900800006,-34.65131347099998],[138.78834700800007,-34.65139744299995],[138.78859299200008,-34.65161844399995],[138.78886099300007,-34.651785443999984],[138.78895699200007,-34.65186845299996],[138.78903100800005,-34.65195945399995],[138.78938704000007,-34.65253445299993],[138.7894780470001,-34.652788457999975],[138.7894410230001,-34.65295845399993],[138.78931702400007,-34.653091450999966],[138.78863907200002,-34.65355746599994],[138.78839507200007,-34.653715473999966],[138.7873991040001,-34.654265479999935],[138.78700009700003,-34.65447449199996],[138.7868551040001,-34.65459847999995],[138.78675308800007,-34.654731493999975],[138.78663712000002,-34.65499049399995],[138.78663712000002,-34.65499948599995],[138.78657312000007,-34.655773506999935],[138.78657014400005,-34.65626950999996],[138.7864731520001,-34.656664503999934],[138.78648217600005,-34.65672751499994],[138.7865651520001,-34.65689149899998],[138.78688201600005,-34.657237005999946],[138.786031008,-34.65729000799996],[138.78584499200008,-34.65725300799994],[138.78537100800008,-34.65723900299997],[138.78490499200007,-34.657357994999984],[138.78472601600004,-34.65744200299997],[138.78378800000007,-34.657686998999964],[138.7835120000001,-34.657698006999965],[138.7825929920001,-34.65760700499993],[138.78209504000006,-34.657605580999984],[138.7719140160001,-34.65711599599996],[138.77168665600004,-34.65648139099994],[138.7714910080001,-34.65581600199994],[138.771596992,-34.65478299899996],[138.77037600000006,-34.65327700699993],[138.76896201600005,-34.65252999499995],[138.768170015,-34.65152799699996],[138.7678510080001,-34.65143799499998],[138.76701001600009,-34.651713995999955],[138.76612099200008,-34.651663990999964],[138.763798016,-34.64968800599996],[138.76227100800008,-34.64891500199997],[138.76194899200004,-34.648220993999985],[138.76173699100002,-34.64799199999993],[138.76044409500003,-34.64722837599993],[138.75749600000006,-34.645544005999966],[138.75469936000002,-34.64393430299998],[138.75273257600008,-34.642814922999946],[138.7504518720001,-34.64150789799993],[138.7495959360001,-34.64100449399996],[138.74660416000006,-34.639247068999964],[138.74581001700005,-34.63880199499994],[138.74442809700008,-34.63804160899997],[138.74331190400005,-34.637425614999984],[138.74171539200006,-34.63651158499994],[138.7395711360001,-34.63530788199995],[138.73842582400005,-34.63466361899998],[138.7380528640001,-34.63445608599994],[138.73728006400006,-34.63398581599995],[138.73630044800007,-34.63340310299998],[138.73590896000007,-34.633166709999955],[138.73523014400007,-34.63278475899995],[138.73323382400008,-34.63165655499995],[138.7311910090001,-34.63050200699996],[138.731227009,-34.63034999299998],[138.7312680010001,-34.63008899499994],[138.73133001600002,-34.62969000499993],[138.7313502390001,-34.62931404899996],[138.73136364800007,-34.62906237499993],[138.73134441600007,-34.628549239999984],[138.7313020160001,-34.62814999099993],[138.73115971200002,-34.62745505699996],[138.73105040000007,-34.62707924899996],[138.73022060800008,-34.62452306599994],[138.72995753600003,-34.62372460599994],[138.7297537280001,-34.62314759199995],[138.72946128,-34.62232628399994],[138.729136992,-34.62148100099995],[138.72867241500012,-34.620458448999955],[138.72848188800003,-34.620069875999945],[138.72804185600012,-34.61919556599997],[138.72753299200008,-34.61824899599998],[138.72710243200004,-34.61755964799994],[138.72684300800006,-34.61711999499994],[138.7266030080001,-34.61676000399996],[138.7260080000001,-34.615947853999955],[138.72559299300008,-34.61534199799996],[138.72518800000012,-34.61467999399997],[138.72504300800006,-34.614393002999975],[138.724569792,-34.61340443699993],[138.72427500800006,-34.612671003999935],[138.72398201600004,-34.61175899199998],[138.7238507200001,-34.61119882999998],[138.72376217600004,-34.61068219899994],[138.72372601600011,-34.61025699499993],[138.7237120000001,-34.60990899099994],[138.72376499200004,-34.60908200399996],[138.72391200000004,-34.60846099599996],[138.72444499200003,-34.60676299199997],[138.72466371200005,-34.60618042699997],[138.7250159990001,-34.60514899699996],[138.72540300800006,-34.60415199499994],[138.72586579100005,-34.60298127799996],[138.72598118300004,-34.60268544499996],[138.726101921,-34.60240283799993],[138.726219968,-34.602109205999966],[138.72632595200002,-34.60183925499996],[138.72647990500002,-34.60149424799994],[138.72665190400005,-34.601123229999985],[138.72682089600005,-34.60074222299994],[138.72700188800002,-34.600335222999945],[138.72719286300003,-34.59993823199994],[138.727420864,-34.59943621599996],[138.72767084800012,-34.59891621699995],[138.7281418240001,-34.59794320999998],[138.72891878400003,-34.59641919799998],[138.7291627520001,-34.59595116699995],[138.72945475200004,-34.59539716599994],[138.7297167040001,-34.594889173999945],[138.72998672000006,-34.59434316499994],[138.73023568000008,-34.59388915699998],[138.73049468800002,-34.59338516199995],[138.73070265600006,-34.59291015499997],[138.73091164800007,-34.59240212699996],[138.73096364800006,-34.59227414399993],[138.73611872000004,-34.59918907399998],[138.73645401700003,-34.59965375799993],[138.73744646400007,-34.601036187999966],[138.73829974400007,-34.60244305799995],[138.73883664000005,-34.60356023199995],[138.73888732800003,-34.60366570399998],[138.73905001700007,-34.60408199099993],[138.7390746860001,-34.604162918999975],[138.7392495360001,-34.60473651999996]]]},"properties":{"School_Name":"Gawler and District College B-12","ENTITY_CODE":774,"zoneType":"primary"}},{"type":"Feature","geometry":{"type":"Polygon","coordinates":[[[138.6598585920001,-35.02389460999996],[138.66068361600003,-35.02396359599993],[138.66117856000005,-35.02376958699995],[138.66127158300003,-35.02373256799996],[138.6626945600001,-35.02355555999998],[138.66480454500004,-35.02369952699996],[138.66744249600004,-35.02399449099994],[138.66753849600002,-35.02403648599994],[138.6693024960001,-35.02494846299993],[138.6710294730001,-35.02587841999997],[138.6715694720001,-35.02595843299997],[138.6716284800001,-35.02600142699998],[138.67166246400006,-35.02602641999994],[138.67172051300008,-35.02665442099993],[138.6717455040001,-35.02670642499993],[138.67196051200006,-35.027144412999974],[138.6724515200001,-35.02761640299997],[138.673328512,-35.02845639599997],[138.6733915210001,-35.02851639099998],[138.67355049600008,-35.028641394999966],[138.67585552000003,-35.02940834999998],[138.67603849600005,-35.030077346999974],[138.67593251300002,-35.03015835799994],[138.67563952000012,-35.03045935399996],[138.67561552100005,-35.03050438199995],[138.67559852800002,-35.031117379999955],[138.6755375360001,-35.03133236899998],[138.67543654500003,-35.03141138199993],[138.67524854400006,-35.031489378999936],[138.67512652800008,-35.031522381999935],[138.6741635830001,-35.03145938899996],[138.67378358400003,-35.031352384999934],[138.67335055900003,-35.03118240699996],[138.6727935680001,-35.03109941599996],[138.67260857600002,-35.03105941999996],[138.67196758400007,-35.03083943599995],[138.67156556800012,-35.030706420999934],[138.6715555840001,-35.03069643099997],[138.67150057600008,-35.03069543199996],[138.67136956800005,-35.03069343399994],[138.6712245750001,-35.03075342999995],[138.67099859300004,-35.03099244999993],[138.67072160100008,-35.03136444699993],[138.67063459200006,-35.03148144199997],[138.67049561600004,-35.03174945099994],[138.67047059200002,-35.031839453999964],[138.67046560100005,-35.03187345599997],[138.67033664000007,-35.032692451999935],[138.67028864000008,-35.03285445599994],[138.6702436480001,-35.032907439999974],[138.6699756480001,-35.03305545899997],[138.66985763200012,-35.03308047099995],[138.66962368100008,-35.03312945799996],[138.669280672,-35.033222457999955],[138.6688406720001,-35.03326848599994],[138.66873968000004,-35.033365480999976],[138.66864768000005,-35.03352548799995],[138.66845766400002,-35.03364847599994],[138.66810371200006,-35.033758476999935],[138.66782569600002,-35.03388849499993],[138.667583712,-35.03393750099997],[138.66734870400012,-35.034008504999974],[138.66735468800005,-35.03406849999993],[138.6673967050001,-35.034482510999965],[138.6674667200001,-35.03515550499998],[138.6675337270001,-35.03580650099997],[138.66758272000004,-35.03628350499997],[138.66762377500004,-35.03667749999994],[138.66851993500006,-35.045107504999976],[138.66841392000003,-35.045012508999946],[138.6682469110001,-35.04500449699998],[138.66782192000005,-35.04498551599994],[138.66669494400003,-35.04561653199994],[138.66557696000007,-35.04599955699996],[138.66650595200008,-35.04627953599993],[138.66839596800003,-35.04789051599994],[138.66782899200007,-35.048535518999984],[138.6655760960001,-35.05110056199993],[138.66507811100007,-35.05265857699993],[138.66571011200006,-35.05395257799995],[138.6652751360001,-35.054801579999946],[138.66470716800006,-35.05524659699995],[138.664319169,-35.055653596999946],[138.66400022400012,-35.05652859099996],[138.66382320000002,-35.056839612999966],[138.66323923200002,-35.05746861299997],[138.6633282560001,-35.05798061999997],[138.6635082560001,-35.05827260499996],[138.6633802560001,-35.05840961599995],[138.66282028800003,-35.05873963799996],[138.6627112640001,-35.05880462799996],[138.6624762880001,-35.05909063799993],[138.662424288,-35.059154629999966],[138.66223926400005,-35.05868463699994],[138.66189728000006,-35.05834362699994],[138.66178028800005,-35.05825162599996],[138.6616392640001,-35.05816765399993],[138.66161926400002,-35.05812264399998],[138.661524288,-35.05800365299996],[138.66149328000006,-35.05791265099998],[138.6614842880001,-35.05785764999996],[138.66150828800005,-35.057777655999985],[138.66149827300012,-35.05777164299997],[138.66136828800006,-35.05769364799994],[138.6613262720001,-35.05762965599996],[138.66136425600007,-35.057450649999964],[138.66128223900012,-35.057241655999974],[138.661101249,-35.05704864499995],[138.6608752310001,-35.05690865599996],[138.6606432320001,-35.05658864299994],[138.6604152320001,-35.05651264499994],[138.66023225600009,-35.056400663999966],[138.65979324800003,-35.056401662999974],[138.6595112320001,-35.05629667499994],[138.65912528,-35.05637968499997],[138.65849926400006,-35.05640367899997],[138.65844528000002,-35.05638467999995],[138.65841526400004,-35.05628468699996],[138.6582882880001,-35.05612869599997],[138.65821228800007,-35.056109695999965],[138.6579212800001,-35.05611570899998],[138.657762272,-35.05611870599995],[138.65755228800003,-35.05617770199996],[138.65740928000002,-35.05618371399993],[138.65717027200003,-35.05612569899995],[138.657160287,-35.056121701999984],[138.65672528000005,-35.055981731999964],[138.65599129600002,-35.055939717999934],[138.65547632000005,-35.05593973599997],[138.65515430400012,-35.05607774599997],[138.655066303,-35.056093748999956],[138.65473033600006,-35.05633075299994],[138.65455334400008,-35.05640876699994],[138.654327329,-35.05662976799994],[138.65422732800005,-35.05669076299995],[138.65399433700009,-35.05676676099995],[138.65366435200008,-35.05681476799998],[138.6535093440001,-35.05686575399994],[138.6531643840001,-35.05704877499994],[138.65305238400003,-35.05713677899996],[138.6527743680001,-35.057266778999974],[138.65215641600003,-35.057776804999946],[138.65130739300002,-35.05832882599998],[138.6512614080001,-35.05834081399996],[138.65115241500007,-35.05837082099998],[138.65096640000002,-35.05836682499995],[138.6504314240001,-35.05828481499998],[138.64987344000008,-35.058273844999974],[138.64949142500006,-35.058203840999965],[138.64948144000005,-35.05819984499993],[138.64927843200007,-35.057839833999935],[138.64910444800012,-35.05756583099998],[138.64815142300006,-35.05670286099996],[138.6481464320001,-35.05646585899996],[138.64628944000003,-35.05530387299996],[138.64587043200004,-35.05519087499994],[138.6425104640001,-35.05472591499995],[138.64040646400008,-35.05342795499996],[138.6390574720001,-35.05217996299996],[138.63859408000008,-35.052449396999975],[138.63637971200012,-35.05306696399998],[138.63524934400004,-35.05388690199993],[138.6327835840001,-35.05405003599998],[138.62856067200005,-35.05423808799998],[138.62862432000009,-35.05593146699994],[138.62837971200008,-35.055866124999966],[138.62791366400006,-35.055836616999954],[138.6274991360001,-35.05592303099996],[138.62673696000002,-35.055965191999974],[138.62605580800005,-35.05586938099998],[138.62555513600012,-35.05574598599998],[138.62511225600008,-35.055558376999954],[138.6248419200001,-35.05528015599998],[138.62350556800004,-35.05404498499996],[138.62326355200003,-35.05368665799995],[138.62085461300012,-35.05267751699995],[138.62085347100003,-35.052677038999946],[138.62082259200008,-35.05231871299998],[138.62076080000008,-35.05165054799994],[138.62063785300006,-35.05154860699997],[138.62038079100012,-35.051335466999944],[138.62035913600005,-35.05131751099998],[138.619593645,-35.04987501099998],[138.6194813730001,-35.049663443999975],[138.61948108800004,-35.04966290899995],[138.61950169600004,-35.049504825999975],[138.61950588500008,-35.04949887599997],[138.61951309900007,-35.04948862899994],[138.619589248,-35.04938046799998],[138.619598536,-35.04937561699995],[138.6205496650001,-35.04887880399997],[138.6205136000001,-35.04839401199996],[138.62050814500003,-35.04839073499994],[138.6203111650001,-35.048272345999976],[138.61990617700008,-35.04802894299996],[138.61990336100007,-35.04802724999996],[138.61984931200004,-35.047928182999954],[138.61984416000007,-35.047797497999966],[138.61984424000002,-35.04779742499994],[138.62023108100004,-35.047445867999954],[138.6204510130001,-35.04724599499997],[138.6204518080001,-35.04724527299993],[138.62050329600004,-35.04713567899995],[138.62049533700008,-35.04713609999993],[138.61827094500006,-35.04725370899996],[138.61529872000006,-35.04741225399994],[138.61424060800005,-35.04766187399997],[138.61425946400004,-35.047930064999946],[138.6143417280001,-35.049100119999935],[138.6138495680001,-35.04902706399997],[138.61368745400011,-35.04896389399994],[138.61357187300007,-35.04891885599994],[138.61328140900002,-35.04859212799994],[138.6131187200001,-35.048505732999956],[138.61290859200005,-35.04847636699998],[138.61290758400003,-35.048476224999945],[138.61290226000006,-35.04847797599996],[138.61268371200003,-35.048549855999966],[138.6126677420001,-35.04855851699995],[138.6120939320001,-35.04886973099997],[138.61209344000008,-35.04886999799993],[138.6117901120001,-35.048248583999964],[138.61184160000005,-35.04802726799994],[138.61314857600007,-35.04727527999995],[138.61315205200003,-35.04728082699995],[138.61325260800004,-35.047441299999946],[138.61340684800007,-35.04753501999994],[138.61356179200004,-35.04758334199994],[138.613808768,-35.047582527999964],[138.6139375040001,-35.04753614799995],[138.61400976000004,-35.04747628299998],[138.61411001600004,-35.047378065999965],[138.61409875200002,-35.04718128199994],[138.61422588900007,-35.047131460999935],[138.6144777280001,-35.04698928799996],[138.6157089610001,-35.04608387999997],[138.61613270400005,-35.04583124399994],[138.61654320000002,-35.045715007999945],[138.61675366400004,-35.04567924699995],[138.61692764800011,-35.045682244999966],[138.61722067200003,-35.04569425099993],[138.61821865600007,-35.04532021899996],[138.61831763200007,-35.04517421699995],[138.61828963200003,-35.04499422999993],[138.61756064000008,-35.044352223999965],[138.61721267200005,-35.04461423999993],[138.61646966400008,-35.04468224599998],[138.61574246400005,-35.04469906199995],[138.61556265500008,-35.04475226799997],[138.61484384000005,-35.045369335999965],[138.6146301440001,-35.045518981999976],[138.61455568100007,-35.04535725499994],[138.61453468800005,-35.045121268999935],[138.61486169600005,-35.044560256999944],[138.61504966400003,-35.04439225799996],[138.61578368000005,-35.043754785999965],[138.6168806400001,-35.04295323599996],[138.61686758300004,-35.04220222899994],[138.61790956800007,-35.04124322499996],[138.6185995520001,-35.04086921099997],[138.61928854400003,-35.04029521199993],[138.61938752000003,-35.04007019599993],[138.6193594880001,-35.038811177999946],[138.6257431040001,-35.038514808999935],[138.62418275200002,-35.037235403999944],[138.62418275200002,-35.03668315999994],[138.62494230400011,-35.035426917999985],[138.62486332900005,-35.03495910899994],[138.624861344,-35.03495011699994],[138.62480835200006,-35.034629105999954],[138.62455731300008,-35.033480107999935],[138.6257952320001,-35.03158909299998],[138.625307936,-35.030140579999966],[138.62554022300003,-35.02955509199995],[138.62550022400012,-35.02917709999997],[138.62546320100012,-35.02911810299997],[138.62494422400005,-35.02827409599996],[138.6248031990001,-35.02806610099998],[138.62454720000005,-35.02768710899994],[138.62441961600007,-35.02722342599998],[138.6317490880001,-35.02679700099998],[138.63292604800006,-35.02672300099994],[138.6343460160001,-35.02614796599994],[138.63519702400004,-35.02600795799998],[138.63522700800002,-35.02599297199998],[138.6361099840001,-35.025544939999975],[138.63661094400004,-35.02529095299997],[138.6374939520001,-35.02556993299993],[138.63537036800005,-35.03012372599994],[138.63671702400006,-35.03196170199993],[138.6378936960001,-35.03195328399994],[138.64115087900007,-35.03225048599995],[138.64319785600003,-35.03072022199996],[138.64474275200007,-35.03116074299993],[138.6462078400001,-35.03059586499995],[138.64714508800012,-35.03042303799998],[138.64935686400008,-35.03058742799993],[138.6498943360001,-35.03016070799998],[138.6501498880001,-35.02934805899997],[138.6512931200001,-35.02905085599997],[138.65206559900003,-35.028464904999964],[138.65295388800007,-35.02808548899998],[138.65284316800012,-35.02726345899998],[138.6527221760001,-35.02723184299998],[138.65459408000004,-35.026024088999975],[138.65514764800002,-35.02533483499997],[138.65765296000006,-35.02434206899994],[138.65760864000003,-35.023344641999984],[138.6581825930001,-35.02324063499998],[138.6585536010001,-35.02330562499998],[138.65909859200008,-35.023409613999945],[138.6598145920001,-35.023858608999944],[138.6598585920001,-35.02389460999996]]]},"properties":{"School_Name":"Coromandel Valley Primary School","ENTITY_CODE":104,"zoneType":"primary"}},{"type":"Feature","geometry":{"type":"Polygon","coordinates":[[[138.65006598200011,-34.96969822699998],[138.63595289600005,-34.97036386099995],[138.6357418240001,-34.96766285999996],[138.63567280000007,-34.96672984999998],[138.63561980800011,-34.96600485399995],[138.6355617600001,-34.96521185199998],[138.6354807680001,-34.96411785399994],[138.6354807680001,-34.96410886299998],[138.63685875200008,-34.96403584299998],[138.63866470400012,-34.963938791999965],[138.63907369600008,-34.96391779499993],[138.63992771200003,-34.96387178499998],[138.64042668800005,-34.963844774999984],[138.6409396800001,-34.96381678499995],[138.64256582400003,-34.96372849299996],[138.6442376000001,-34.963637723999966],[138.6454726080001,-34.96421472099996],[138.64682650300006,-34.96484586199995],[138.64686262400005,-34.96486270099996],[138.64721462400007,-34.96502570499996],[138.64733760100012,-34.96508168599996],[138.64802662400007,-34.96572868599998],[138.64867961700008,-34.966551694999964],[138.6491716480001,-34.967650668999966],[138.65012764800008,-34.96865766199994],[138.65037222400008,-34.96968378299994],[138.65006598200011,-34.96969822699998]],[[138.63249571200004,-34.95846754699994],[138.63264323200008,-34.960243713999944],[138.63321571200004,-34.96021986699998],[138.63321571200004,-34.96022987599997],[138.63332678400002,-34.96206187499996],[138.63340976100005,-34.96313387599997],[138.63349571900005,-34.96420375899993],[138.63349580800002,-34.964204877999975],[138.6334968000001,-34.964213868999934],[138.63237881600003,-34.96427288399997],[138.63113283200005,-34.96433891099997],[138.6294158720001,-34.964428931999976],[138.62838288000012,-34.96448293299994],[138.6264839040001,-34.96458296199995],[138.62377097500007,-34.96471699499995],[138.62185100800002,-34.96481202999996],[138.6177750710001,-34.96501406899995],[138.6176650550001,-34.96502007999993],[138.6176200640001,-34.96502207899994],[138.6154050880001,-34.96513209799997],[138.61299312000006,-34.96525112699993],[138.61074515200005,-34.96536216399994],[138.608601216,-34.965474180999934],[138.60854118400005,-34.96464919299996],[138.60854118400005,-34.964512180999975],[138.60850518300003,-34.96385519199998],[138.60848915200006,-34.963566183999944],[138.60841715200002,-34.96261219399997],[138.60839516800002,-34.96229417999996],[138.60834611100006,-34.96171018999996],[138.6082861120001,-34.96077218499994],[138.608248096,-34.96013818999995],[138.60822809600006,-34.95981819499997],[138.60816508800008,-34.95879418299995],[138.60813004800002,-34.95838618399995],[138.60807305600008,-34.95773318899995],[138.6101630390001,-34.957625148999966],[138.61241200000006,-34.95750913599994],[138.61481097600006,-34.95738609199998],[138.61617692800007,-34.957314071999974],[138.61689689600007,-34.95727807199995],[138.6177408960001,-34.95724005399995],[138.61884086400005,-34.957191045999934],[138.6198308810001,-34.95714603599998],[138.620990849,-34.95709401399995],[138.6222888320001,-34.957033001999946],[138.62354979200006,-34.95697398599998],[138.625869759,-34.956873938999934],[138.62587428300003,-34.95687370799993],[138.62786972800006,-34.956771928999956],[138.62825673500004,-34.95675193099993],[138.6288087040001,-34.956722904999936],[138.62977270400006,-34.956671917999984],[138.6300877120001,-34.95665789599997],[138.63136368100004,-34.95659388599995],[138.63259865600003,-34.95653087399995],[138.6327506560001,-34.956522863999965],[138.63289708800005,-34.958442256999945],[138.63249571200004,-34.95846754699994]]]},"properties":{"School_Name":"Highgate School","ENTITY_CODE":1063,"zoneType":"primary"}},{"type":"Feature","geometry":{"type":"Polygon","coordinates":[[[138.54813913600003,-34.913717804999976],[138.54826614400008,-34.915204797999934],[138.5483281590001,-34.91595980099993],[138.5483941760001,-34.91678580699994],[138.54856422300008,-34.91877981099998],[138.54863622400012,-34.91974580699997],[138.54866425600005,-34.92006681999993],[138.54876025600004,-34.92117182399994],[138.54883129600012,-34.922148808999964],[138.54885427200009,-34.92229581099997],[138.5489532800001,-34.92348682199997],[138.54905830400003,-34.92474783799997],[138.54838534400005,-34.92478084199996],[138.5472783360001,-34.92483586099996],[138.54617836800003,-34.92488886299998],[138.5450813760001,-34.924942863999945],[138.54445440000006,-34.924972889999935],[138.54381340800012,-34.92500489499997],[138.54311839900004,-34.92508790399995],[138.5422714560001,-34.92547290799996],[138.54222144000005,-34.92549889999998],[138.54126646400005,-34.92591193199996],[138.541164481,-34.925954925999974],[138.53961849600012,-34.92661195299996],[138.53885251200006,-34.92692395599994],[138.53838953600007,-34.927120962999936],[138.53803654400008,-34.927259988999936],[138.53772854400006,-34.92739498399993],[138.5373855360001,-34.92750098899995],[138.53705958400008,-34.927579983999976],[138.53673856000012,-34.92761000899998],[138.5363605760001,-34.92761400599994],[138.5360965760001,-34.92757300899996],[138.5354865600001,-34.92742299299994],[138.5353985590001,-34.927396001999966],[138.53514255900006,-34.92726202399996],[138.534868576,-34.927012015999935],[138.5343365750001,-34.92676102599995],[138.53414761700003,-34.92672001099993],[138.53371161600012,-34.92662501399997],[138.53199059200006,-34.92640604799993],[138.5307476480001,-34.92624805799994],[138.52903168000012,-34.926029091999965],[138.52783568000007,-34.92607809899994],[138.527620672,-34.92608610899998],[138.5251017280001,-34.92618813699994],[138.5245867210001,-34.926209151999956],[138.52389372800008,-34.92622715299996],[138.5234707200001,-34.92625414499997],[138.52251977600008,-34.92629216199998],[138.52214876800008,-34.926304167999945],[138.5219500710001,-34.92631067899998],[138.52189808000003,-34.92631238299998],[138.5218929250001,-34.926267629999984],[138.5218837760001,-34.926188191999984],[138.52185276800003,-34.92595318599996],[138.52183676800007,-34.92566317999996],[138.52179977600008,-34.92528816699996],[138.521768736,-34.92476716999994],[138.52171974400005,-34.92428616999996],[138.5217107200001,-34.92384516699997],[138.5217107200001,-34.92359617599993],[138.5216887360001,-34.92339617199997],[138.5216407040001,-34.92320016399998],[138.52156470500006,-34.92303116599993],[138.52142470400008,-34.92283415999998],[138.5207447040001,-34.92210618499996],[138.5206047040001,-34.921914192999964],[138.5205016960001,-34.92166518299996],[138.52043670400008,-34.92146417999993],[138.520383712,-34.92128619099998],[138.5203407040001,-34.921108183999934],[138.5203407040001,-34.92094817699996],[138.52037868800005,-34.92081917699994],[138.52045968000004,-34.920703181999954],[138.52059568000004,-34.920606186999976],[138.5208176640001,-34.92051216999994],[138.52098566400002,-34.920463163999955],[138.52115366400005,-34.92042816199995],[138.52132665600004,-34.92037016299997],[138.5214386560001,-34.92029616299993],[138.5216116800001,-34.920173175999935],[138.52174163200004,-34.92003017099995],[138.52183363200004,-34.91989315999996],[138.52193663900005,-34.91972815799994],[138.52219664000006,-34.919416156999944],[138.52253862400005,-34.919119156999955],[138.52269760000001,-34.91900214499998],[138.5228745920001,-34.91888814699996],[138.5230585920001,-34.91879912599995],[138.523083616,-34.91879013499994],[138.5232425910001,-34.91874512299995],[138.52339961600012,-34.91872812299994],[138.52378860800002,-34.91871913099993],[138.52395660800005,-34.91872013099993],[138.5240205440001,-34.91871480299994],[138.52412460800008,-34.91870612599996],[138.5242815680001,-34.91867112399996],[138.524405569,-34.91863112799996],[138.5245465600001,-34.918573110999944],[138.52466556800005,-34.91848011099995],[138.52476857600004,-34.91836011999993],[138.52487158400004,-34.91821311999996],[138.52495856100006,-34.91804410299994],[138.52499657600004,-34.917946108999956],[138.5250345600001,-34.91787410699993],[138.52508857700002,-34.917795111999965],[138.52513254400003,-34.917737113999976],[138.52528355200002,-34.917675120999945],[138.52535955200005,-34.917643115999965],[138.525511552,-34.91760811499995],[138.52563052800008,-34.91759908599994],[138.52575452700012,-34.917613089999975],[138.52591155200003,-34.91766209699995],[138.52603852800007,-34.91772408999998],[138.5261955520001,-34.91779109799995],[138.52636252800005,-34.917845098999976],[138.52649254400012,-34.91786709599995],[138.52660652800012,-34.917872090999936],[138.52671452800007,-34.917859084999975],[138.52683353600003,-34.91781908799993],[138.52701753600002,-34.917739093999955],[138.52720752000005,-34.91766307699993],[138.52737552000008,-34.91761007499997],[138.52754249600002,-34.91758308399994],[138.5276835200001,-34.91757906899994],[138.52788352000005,-34.917615069999954],[138.52800451200005,-34.91764807399994],[138.52806051200002,-34.91766307699993],[138.52807849500005,-34.91766807199997],[138.52834352000002,-34.91775807499994],[138.5284215050001,-34.91778106999993],[138.52861350400008,-34.91783804999994],[138.52883049600007,-34.91789205199996],[138.5289984950001,-34.91795406399996],[138.52911152000001,-34.91802105299996],[138.52919849600005,-34.918119064999985],[138.52925152000012,-34.91824806499994],[138.52932249600008,-34.91838605799995],[138.52945152000007,-34.91856004999994],[138.5295864960001,-34.91864505799998],[138.52974950400005,-34.918712063999976],[138.52991152000004,-34.91874305199997],[138.53004352000005,-34.91874806499993],[138.53021152000008,-34.91874305199997],[138.53038950500002,-34.918735040999934],[138.53059548700003,-34.91869904099997],[138.53075248100004,-34.918659042999934],[138.53090947200008,-34.91861003699995],[138.53101747200003,-34.91857903099998],[138.53114246400003,-34.918539033999934],[138.5312614720001,-34.91851304199997],[138.5314454720001,-34.91849104499994],[138.53165648000004,-34.918482016999974],[138.53172748800012,-34.918489027999954],[138.53182947200003,-34.91850001699993],[138.53197548800006,-34.91854502799998],[138.53206748800005,-34.91860302599997],[138.53221347200008,-34.91867802399997],[138.53236448000007,-34.918767027999934],[138.53245648000006,-34.91883401599995],[138.53261846400005,-34.918923019999966],[138.53272147200005,-34.91892801499995],[138.532792448,-34.91889702699996],[138.53287344000012,-34.91879401999995],[138.53299244800007,-34.91855401899994],[138.53301843200006,-34.91848401599998],[138.53303644800008,-34.91844300099996],[138.53315043200007,-34.91831000399998],[138.53324243100008,-34.918216005999966],[138.53335043200002,-34.91816300399995],[138.53350745700004,-34.918135992999964],[138.53368044800004,-34.91812300599997],[138.53387043200007,-34.91818100299997],[138.534015457,-34.91826599299998],[138.53423740800008,-34.918382005999945],[138.53438640000002,-34.91847100999996],[138.53452140800005,-34.91852397499997],[138.53471142400008,-34.91856898499998],[138.5348794240001,-34.91857398099995],[138.5350304000001,-34.918564989999936],[138.53517840100005,-34.91851598299996],[138.53533340900003,-34.918463979999956],[138.53566342400006,-34.91831198299997],[138.5358534080001,-34.918249970999966],[138.53603241700011,-34.91820096499998],[138.53623737600003,-34.91810297099994],[138.53634636800007,-34.91802295799994],[138.53647638400003,-34.91793896799993],[138.5366283830001,-34.917840972999954],[138.53671436700006,-34.91774795599997],[138.536763392,-34.91765395699997],[138.53676838400008,-34.91756095699998],[138.536734367,-34.917492969999955],[138.53668537600004,-34.917429958999946],[138.53661539200004,-34.91736297099993],[138.53652339300004,-34.91732796799994],[138.5363713920001,-34.91733196399997],[138.53622636700004,-34.91734095499993],[138.53615139200008,-34.91731196599994],[138.53609638500006,-34.91728697299993],[138.5359663690001,-34.91719796899997],[138.53583638400005,-34.91710496999997],[138.535753375,-34.91703496499997],[138.5357283840001,-34.91701097099997],[138.53568537600006,-34.91692596399997],[138.53567436900005,-34.916823972999964],[138.53571238400002,-34.916716968999935],[138.5357833930001,-34.91663296099995],[138.535896384,-34.916507955999975],[138.53607033600008,-34.91637895499997],[138.53616736000004,-34.91631696199994],[138.5362863360001,-34.916263958999934],[138.53641635200006,-34.916249972999935],[138.53654134400006,-34.91626395999998],[138.53671936000012,-34.91630395699997],[138.536811359,-34.91634894899994],[138.53695235200007,-34.91639294199996],[138.53707136000003,-34.91644194799994],[138.53721734400006,-34.91645595299997],[138.53736336000009,-34.91643795099998],[138.53743936,-34.91641094199997],[138.5376713600001,-34.916375939999966],[138.5378883200001,-34.91633594299998],[138.53816432000008,-34.91627394899996],[138.53835932700008,-34.91625592999998],[138.5385643200001,-34.916256929999975],[138.53872131200012,-34.91627892699995],[138.53884630400012,-34.91637292399997],[138.53896531200007,-34.91648392399998],[138.53906230400003,-34.91652392199995],[138.53925132900008,-34.916528934999974],[138.539349312,-34.91650192499998],[138.5394573110001,-34.91644192899997],[138.53950131200008,-34.91641793599996],[138.53967430400007,-34.916359919999934],[138.53987430400002,-34.91629291199996],[138.54004528000007,-34.916227902999935],[138.54017529600003,-34.91612990899995],[138.5402942720001,-34.91602791799994],[138.54039728100008,-34.91592091499996],[138.540462272,-34.91581390999994],[138.54047328000001,-34.91552390399994],[138.5404522880001,-34.91534591599998],[138.5404742730001,-34.91527491299996],[138.54052329600006,-34.915203908999956],[138.54061526400005,-34.91514191599998],[138.54073926400008,-34.91511090999995],[138.54085824000003,-34.91510589599994],[138.5411022400001,-34.915141896999955],[138.5412422400001,-34.91519088499996],[138.5414912650001,-34.91528488399996],[138.54171824000002,-34.915369890999955],[138.5419182400001,-34.91548089099996],[138.54205324800012,-34.91558789499993],[138.5421782410001,-34.915734896999936],[138.54228624000007,-34.91585988199995],[138.54236124800002,-34.915944889999935],[138.54240425600005,-34.91609588799997],[138.5424102400001,-34.916246884999964],[138.5423402550001,-34.91643889599993],[138.54229024000006,-34.91654088599995],[138.54213929600007,-34.91675489399995],[138.5420682890001,-34.91690089499997],[138.54197027200007,-34.917092888999946],[138.541921279,-34.917243886999984],[138.54186729600008,-34.91737288699994],[138.54189427200004,-34.91748888199993],[138.5420132800001,-34.917590890999975],[138.5421712960001,-34.91765188599993],[138.5423882870001,-34.917705886999954],[138.54257427200002,-34.91771489599995],[138.54267529700007,-34.91771889199998],[138.54304128,-34.91761686499996],[138.5430862720001,-34.917603877999966],[138.5433032950001,-34.91752787899998],[138.54353526400007,-34.917421874999945],[138.54369324800007,-34.91735886399994],[138.54393625600005,-34.91731886699995],[138.54419024100002,-34.917288876999976],[138.54432224000004,-34.91726384799995],[138.5444562560001,-34.917239852999955],[138.5445962560001,-34.91719084599998],[138.54471625600002,-34.91714185799998],[138.544856255,-34.917025843999966],[138.54495420800004,-34.91687085199993],[138.5450032320001,-34.91672784699995],[138.54499820800004,-34.91651485699998],[138.54492220800012,-34.91635384999995],[138.54484620800008,-34.916242850999936],[138.5446842240001,-34.91614485599996],[138.54456521600002,-34.91605585299993],[138.54447923200007,-34.91598884599995],[138.5444522240001,-34.91590485599994],[138.5444632320001,-34.91581085699994],[138.54447923200007,-34.915730844999985],[138.5445772160001,-34.915610854999954],[138.54464121700005,-34.91554584499994],[138.54473321600005,-34.91544385499998],[138.544749216,-34.91529685299997],[138.54480419300012,-34.91507884999993],[138.5448851850001,-34.91491786299997],[138.54496118400004,-34.91482084799998],[138.5450691840001,-34.91471382599997],[138.54522617500004,-34.91465582799998],[138.54541017600002,-34.91461583199998],[138.54583318400012,-34.91459383499995],[138.54597920000003,-34.91458983899997],[138.54613014400002,-34.91459383499995],[138.54628716800005,-34.914602825999964],[138.54644416000008,-34.91461681199996],[138.54658416100006,-34.91465680899995],[138.54673116800006,-34.91472781199997],[138.54693116800001,-34.914772821999975],[138.54708214400011,-34.91479581799996],[138.54717916800007,-34.91483581499995],[138.5472881600001,-34.914875811999934],[138.54744515200002,-34.91487980799997],[138.5475821440001,-34.91489780899997],[138.54769315200008,-34.91486482399995],[138.5477511680001,-34.91475781999998],[138.54774716800011,-34.91450481299995],[138.54764214400006,-34.914349819999984],[138.54749216000005,-34.914256819999935],[138.54742115200008,-34.914065807999975],[138.5474241280001,-34.913957823999965],[138.54748111900005,-34.91388682099995],[138.54762713600007,-34.91377280599994],[138.54769312000008,-34.91374679399996],[138.54780313600008,-34.91372179999996],[138.54803312,-34.91373580399994],[138.54813913600003,-34.913717804999976]]]},"properties":{"School_Name":"Lockleys North Primary School","ENTITY_CODE":911,"zoneType":"primary"}},{"type":"Feature","geometry":{"type":"Polygon","coordinates":[[[138.63563939100004,-34.89369159199998],[138.63909939200005,-34.89649156699994],[138.63910092600008,-34.89650429399995],[138.63916210900004,-34.89701184599994],[138.63919040000007,-34.89724655099997],[138.63928643200006,-34.89811155599995],[138.63932041600003,-34.89854556599994],[138.63933718400006,-34.89876618799997],[138.63933744000008,-34.89876956399996],[138.63939747300003,-34.899550559999966],[138.6394504640001,-34.90024257099998],[138.63945446500009,-34.90029157799995],[138.63951945600002,-34.90114657399994],[138.63957049600003,-34.901810575999946],[138.63958748800007,-34.902038568999956],[138.63964748800004,-34.902876582999966],[138.63967952000007,-34.90332357999995],[138.639795552,-34.90493058199996],[138.63980656,-34.905081578999955],[138.6398915520001,-34.90626359899994],[138.6398955520001,-34.90630859099997],[138.63997158400002,-34.90737060199996],[138.63997459100005,-34.907410598999945],[138.64006163200008,-34.90861359899998],[138.6400756160001,-34.90880758999998],[138.6401236160001,-34.909474588999956],[138.64015161600003,-34.90986860199996],[138.64032268800008,-34.912232605999975],[138.64050771200004,-34.914796613999954],[138.639750681,-34.91483496699993],[138.6394217610001,-34.914851631999966],[138.6392180570001,-34.914860009999984],[138.6389597430001,-34.914870631999975],[138.63866565700005,-34.91488815699995],[138.63832176000005,-34.91490864899998],[138.6379883090001,-34.91492266999995],[138.63744179200012,-34.914945649999936],[138.63736042800008,-34.91495489799996],[138.63730979100012,-34.91496065299998],[138.6361348150001,-34.915020666999965],[138.63589680000007,-34.915034670999944],[138.6349368000001,-34.915082677999976],[138.63438878700003,-34.915109205999954],[138.6343788150001,-34.91510968899996],[138.63395484800003,-34.91513270199994],[138.63342883200005,-34.91515370099995],[138.6330517140001,-34.91517179199997],[138.63269884800002,-34.915188720999936],[138.63163686400003,-34.91524871599995],[138.63156188800008,-34.91525073299994],[138.63123212200003,-34.915268252999965],[138.63069587200005,-34.91529674199995],[138.63016691200005,-34.91532774899997],[138.62866889600002,-34.91540376499995],[138.6275394390001,-34.91546078599998],[138.62718294400008,-34.91547878299997],[138.62710793700012,-34.91548479599993],[138.62433299200006,-34.915625820999935],[138.62266300800002,-34.915711845999965],[138.62265360600009,-34.915716619999955],[138.62183525500006,-34.91613217899993],[138.61505168000008,-34.91957688399998],[138.6128314890001,-34.90958912199994],[138.6128409270001,-34.90957698699998],[138.61306457600006,-34.90954956899998],[138.6130594560001,-34.90951373499996],[138.6133550720001,-34.90945260999996],[138.61364038300007,-34.90934090799993],[138.61383833600007,-34.90922287799998],[138.6140516800001,-34.90900787099997],[138.6142290560001,-34.90875282999997],[138.61432160000004,-34.90850622499994],[138.61434217600004,-34.907876003999945],[138.6142933120001,-34.90764203499998],[138.61424192000004,-34.90742913699995],[138.61436528000002,-34.90702233999997],[138.6145298240001,-34.90675675399996],[138.61476374400002,-34.90652700299995],[138.61477401600007,-34.90649749499994],[138.61499235200006,-34.90620428799997],[138.61511849500005,-34.90589256299995],[138.61517244800007,-34.90570708299998],[138.615262432,-34.90526234299995],[138.61527200000012,-34.90512002299994],[138.61527014400008,-34.905007301999945],[138.6151647360001,-34.90459628699995],[138.61505420700007,-34.90425903199997],[138.61498137600006,-34.904100727999946],[138.61489225600008,-34.90396393899994],[138.61485369600007,-34.903871196999944],[138.61479971200004,-34.90370256999995],[138.61476115200003,-34.903586649999966],[138.6147508800001,-34.903458074999946],[138.61468662400011,-34.903316863999976],[138.61471747200005,-34.90322832199996],[138.61471488000007,-34.903038623999976],[138.61465833600005,-34.90246319999994],[138.6146712000001,-34.902147034999984],[138.6145889280001,-34.90153155799993],[138.61447584000007,-34.90120695799993],[138.61439612800007,-34.900728491999985],[138.61397712100006,-34.90005819999993],[138.61384604700004,-34.89989380999998],[138.61382803200001,-34.899838993999936],[138.6138537600001,-34.89972518199994],[138.61391616000003,-34.899663945999976],[138.61427206400003,-34.89957359199997],[138.61461465600007,-34.89954180999996],[138.61490256000002,-34.89957764299993],[138.61515446400006,-34.89963665899995],[138.61544995200006,-34.899844653999935],[138.61565574300005,-34.90022684599995],[138.6161415690001,-34.90085917599998],[138.61641404800002,-34.90101936699995],[138.61672768000005,-34.90113108899993],[138.61722950400008,-34.90124168199998],[138.61751763200004,-34.90124863799997],[138.61757081500002,-34.90124911899994],[138.61783043200012,-34.90121539399996],[138.61830601600002,-34.90102147699997],[138.6185707830001,-34.900840193999954],[138.61871472000007,-34.90062942399993],[138.61873788900004,-34.90047019399998],[138.61866332900001,-34.900247916999945],[138.6185502080001,-34.90001605699996],[138.618426848,-34.899556572999984],[138.61837798400006,-34.89869868999995],[138.61838313600003,-34.89854060899995],[138.61832915200011,-34.89854271699994],[138.6183495680001,-34.898112813999944],[138.6183410870001,-34.89801361699995],[138.61833942400006,-34.89755836899997],[138.61828288000004,-34.89722113299996],[138.6182288970001,-34.89700401699997],[138.61815433700008,-34.89680589999995],[138.6180515200001,-34.89659089299994],[138.61797696100007,-34.89633796099997],[138.6179127040001,-34.89609557399996],[138.61792297600005,-34.89579415299994],[138.61797696100007,-34.895733028999985],[138.61806179200005,-34.89566768699996],[138.6181723510001,-34.89562341699997],[138.61835484900007,-34.89556651099997],[138.61848339200003,-34.89557072899993],[138.61872294400007,-34.895554448999974],[138.6191260490001,-34.89554122199996],[138.61942166400001,-34.89546955199995],[138.61977382400005,-34.89542949999998],[138.61977382400005,-34.89545902499998],[138.61991008100006,-34.89546744299997],[138.62040620800008,-34.895564401999934],[138.62063497600002,-34.895756209999945],[138.62102313600008,-34.89604075799997],[138.62122108800008,-34.89613771699993],[138.6214495690001,-34.89627213799997],[138.62148585600005,-34.89629790899994],[138.6217377600001,-34.896392757999934],[138.62184572800004,-34.89640752099996],[138.62214649600003,-34.89637379599998],[138.62226988800012,-34.896312670999976],[138.62237785500008,-34.89623467499996],[138.6226117760001,-34.89597963399996],[138.62269401600008,-34.89584896899993],[138.6227325760001,-34.89566137899993],[138.62269523200007,-34.89552149999997],[138.62267344100007,-34.89544638999996],[138.622568128,-34.895292137999945],[138.62250377600003,-34.89518713199993],[138.6223341120001,-34.895001631999946],[138.6222312960001,-34.894925763999936],[138.62210275300004,-34.89485409499997],[138.62185856000008,-34.894818258999976],[138.6215166720001,-34.89471919299996],[138.62143184,-34.89467283099998],[138.6214164150001,-34.89453160299996],[138.6212776000001,-34.894270233999976],[138.62124419200006,-34.89416694899995],[138.62128531200005,-34.893884509999964],[138.62131395300003,-34.893832542999974],[138.62150896000003,-34.89359785099998],[138.62170176000006,-34.89346084099998],[138.62201728000002,-34.893290399999955],[138.62232128000005,-34.89319103699995],[138.62282512000002,-34.893167855999934],[138.62291766400006,-34.89314678499994],[138.62303590400006,-34.89314045799995],[138.6232714560001,-34.89319310899998],[138.62365283200006,-34.89333017599995],[138.62387392100004,-34.89337442799996],[138.62414124800011,-34.89344820499997],[138.62437776000002,-34.89353672799996],[138.6247839030001,-34.89360206999993],[138.62492048700005,-34.89360704999996],[138.62495907900006,-34.89360845799996],[138.62503158900006,-34.893611100999976],[138.6251439120001,-34.893615196999974],[138.62524662400006,-34.89361894199993],[138.625248359,-34.893619555999976],[138.6252741190001,-34.89362866299996],[138.62559955200004,-34.89374372399993],[138.6259905600001,-34.893841718999965],[138.62607654400006,-34.89383672399998],[138.62611056000003,-34.893834725999966],[138.62628652800004,-34.89380170399994],[138.62652752000008,-34.89378869799998],[138.62660553600006,-34.89376370399998],[138.626772511,-34.893640697999956],[138.62681852900005,-34.893569713999966],[138.62678451200009,-34.89291270399997],[138.62678352000012,-34.89289270599994],[138.626893504,-34.89250670299998],[138.62702848000004,-34.89234771499997],[138.62742048100006,-34.892057689999945],[138.62755350400005,-34.89199669499993],[138.62764249600002,-34.89192669199997],[138.6278014710001,-34.89173168299993],[138.62787644800005,-34.89141768299993],[138.62787244800006,-34.891155684999944],[138.6277314560001,-34.89074768599994],[138.62774745600007,-34.89057669099998],[138.62783945600006,-34.89040669499997],[138.62807542400003,-34.89019466599996],[138.62828841600003,-34.890036675999966],[138.6287744320001,-34.88987467199996],[138.62907344000007,-34.889727670999946],[138.62944540800004,-34.88959365599993],[138.62956268800008,-34.889550920999966],[138.6297814080001,-34.889755641999955],[138.63025840000012,-34.89007865199994],[138.63037840000004,-34.89015964499998],[138.63076838400002,-34.89043364899993],[138.63169340800005,-34.89100962799995],[138.6339473920001,-34.89240961499996],[138.63398940900004,-34.89243962299997],[138.63506140800007,-34.89320559599997],[138.63563939100004,-34.89369159199998]]]},"properties":{"School_Name":"East Adelaide School","ENTITY_CODE":1036,"zoneType":"primary"}},{"type":"Feature","geometry":{"type":"Polygon","coordinates":[[[138.68427721600005,-34.90226608499995],[138.6843958400001,-34.90388087399998],[138.6844059240001,-34.90388044799994],[138.68733574400005,-34.90375675699994],[138.68769024000005,-34.903805466999984],[138.68796188600004,-34.90398553199998],[138.68802385900005,-34.90402661199994],[138.688056576,-34.90404829899995],[138.68828393600006,-34.90427127899994],[138.69128003100002,-34.90603667299996],[138.6914238070001,-34.90612138999995],[138.6927568650001,-34.90570839999998],[138.6927568960001,-34.905708395999966],[138.69344985600003,-34.90518817599997],[138.693931936,-34.90497146699994],[138.69534918400007,-34.90490784499997],[138.69534939800008,-34.90491045999994],[138.695398016,-34.90550434099998],[138.69416691100002,-34.90556335599996],[138.69340860700004,-34.90605660299997],[138.69213478400002,-34.90931202999997],[138.69207740800005,-34.91050400299997],[138.6916096650001,-34.910320630999934],[138.68986198400012,-34.91224503799998],[138.6891526400001,-34.911879125999974],[138.6886540160001,-34.91201950399994],[138.6882196800001,-34.91200895999998],[138.6878984320001,-34.91193939999994],[138.68776035200005,-34.911895313999935],[138.68762598400008,-34.91220287699997],[138.68591379100008,-34.912259726999935],[138.68501523200007,-34.91220304299998],[138.6850430080001,-34.91255698499998],[138.68493763200001,-34.91257174799995],[138.68495600000006,-34.912867081999934],[138.685060033,-34.91291090799996],[138.68612400000006,-34.91301489699998],[138.6881650240001,-34.91325186299997],[138.68839702500009,-34.91330947299997],[138.69035200000008,-34.91625084299994],[138.6901640320001,-34.91640383799995],[138.68998204800005,-34.916551838999965],[138.6899770560001,-34.91655583399995],[138.6895690560001,-34.91688883399996],[138.68932403200006,-34.917087856999956],[138.68944207900006,-34.91745286199995],[138.68951107200007,-34.91766585299996],[138.6898630720001,-34.91801383699993],[138.69009708900012,-34.917851833999975],[138.6908550720001,-34.91859482999996],[138.69089808,-34.91863182999998],[138.690167104,-34.919980848999955],[138.6898631050001,-34.91987184799996],[138.6895981120001,-34.92036685199997],[138.6899000960001,-34.92047585499995],[138.689385151,-34.92143287799996],[138.68744921600012,-34.92256790899995],[138.68731120000007,-34.92265606099994],[138.68705542300006,-34.922813477999966],[138.68730729600009,-34.922904108999944],[138.68754886400006,-34.923095916999955],[138.6867290230001,-34.924674650999975],[138.6866741440001,-34.92269002599994],[138.68557523200002,-34.92267393099996],[138.68515123300006,-34.92309994999994],[138.68492022400005,-34.92333193999997],[138.68480224000007,-34.92345095099995],[138.6846432640001,-34.92360993999995],[138.6844742720001,-34.92377997299997],[138.68381427300005,-34.92383896899997],[138.68312028800005,-34.924000992999936],[138.68297430400003,-34.924033977999954],[138.68264931200008,-34.92404698299998],[138.68261628800008,-34.924047981999934],[138.6824573120001,-34.92405397599998],[138.6822962880001,-34.92406100599993],[138.68200729600005,-34.92407199599995],[138.68193529600012,-34.92407401199995],[138.68156931200008,-34.924088996999956],[138.68150931200012,-34.92409099499997],[138.6810143360001,-34.92411001399995],[138.68087532900006,-34.92411502699997],[138.68088332800005,-34.92426302599995],[138.68083334300002,-34.92423201999998],[138.68021932800002,-34.92424202899997],[138.67909734300008,-34.92428404299994],[138.67799635200004,-34.924326055999984],[138.6768593930001,-34.924374100999955],[138.67390640000008,-34.924568775999944],[138.67224745600004,-34.92463356299993],[138.6706872950001,-34.92461737599996],[138.6702133120001,-34.924690246999944],[138.66954185600002,-34.924892710999984],[138.66917648000003,-34.92506276299997],[138.66877676800004,-34.92520582399993],[138.6681136960001,-34.92540393999997],[138.66792092800006,-34.92557467699993],[138.66383187100007,-34.92577913799994],[138.65921732700008,-34.92601000999997],[138.659213087,-34.926010221999945],[138.65875654400008,-34.920066374999976],[138.658604512,-34.91811136999996],[138.658560512,-34.91754036699996],[138.658519489,-34.91700937999997],[138.65848249700002,-34.916527361999954],[138.65843750500005,-34.91595134599993],[138.65841545600006,-34.91566635399994],[138.65836044800005,-34.91495735999996],[138.6583514560001,-34.91483335399994],[138.65827942400006,-34.91390935399994],[138.6581014080001,-34.911380347999966],[138.65805638400002,-34.91074135799994],[138.65798435200008,-34.90972234099996],[138.65788032000012,-34.90825834299994],[138.65786432000004,-34.90803332699994],[138.65780134400006,-34.90713333999997],[138.6577962870001,-34.90706033899994],[138.65775731200006,-34.90651333099993],[138.65771129600012,-34.90586333299996],[138.65763027200012,-34.90479432899997],[138.65759225600004,-34.90416832599993],[138.65873222400012,-34.904111290999936],[138.6589822400001,-34.90411230799998],[138.65998723200005,-34.904049278999935],[138.66006822400004,-34.90404528299996],[138.6610432000001,-34.90399625799995],[138.6611092160001,-34.90399326099998],[138.6621561920001,-34.903943236999964],[138.6642831680001,-34.903831200999946],[138.66633913600003,-34.90374819099998],[138.6664431360001,-34.90373316999995],[138.66798112000004,-34.903651158999935],[138.6686400640001,-34.90361713799996],[138.6689520640001,-34.90360413199994],[138.66993507200004,-34.90355011199995],[138.67086905600002,-34.90349808999997],[138.67198803100007,-34.90343907499994],[138.67310102400006,-34.90338005999996],[138.67428201600012,-34.90331804799996],[138.67532796800003,-34.90326202999995],[138.6752889920001,-34.90272602999994],[138.67529823600012,-34.902725535999934],[138.67790995100006,-34.90258598499997],[138.67879292700002,-34.902540973999976],[138.67906892700012,-34.90252397299997],[138.68015088000004,-34.90246895299998],[138.68023888000005,-34.90246493899997],[138.6815078720001,-34.902399929999945],[138.68286985500004,-34.902331885999956],[138.68427683200002,-34.90226086499996],[138.68427721600005,-34.90226608499995]]]},"properties":{"School_Name":"Magill School","ENTITY_CODE":1213,"zoneType":"primary"}},{"type":"Feature","geometry":{"type":"Polygon","coordinates":[[[138.59890800000005,-34.89318700399997],[138.598912895,-34.89326742099996],[138.59892594000007,-34.89348175099997],[138.59892601600006,-34.89348300399996],[138.5984247240001,-34.89350691799996],[138.5984238410001,-34.89350696199995],[138.5983980430001,-34.893201327999975],[138.59839801600003,-34.89320100899994],[138.5944346560001,-34.89339549899995],[138.59442764900007,-34.89339582399998],[138.58543715200005,-34.89381324699997],[138.5841611840001,-34.893877257999975],[138.583958208,-34.89388726599998],[138.58383116800007,-34.89307026899996],[138.58378515200002,-34.89241026199994],[138.583550112,-34.88901826899996],[138.58349011200005,-34.88815724299997],[138.58342006400005,-34.887150249999934],[138.58327404800002,-34.88504124999997],[138.583263041,-34.88489123399995],[138.58305707400007,-34.881993154999975],[138.5830570500001,-34.881992810999975],[138.58289910400003,-34.87977041499994],[138.58448339200004,-34.87969277099995],[138.59345475200007,-34.87925909399996],[138.59348099200008,-34.879162005999945],[138.6023520000001,-34.87874100099998],[138.60284758300008,-34.88586548199993],[138.6032910240001,-34.892240372999936],[138.60334073,-34.89295493599997],[138.60334080000007,-34.89295593899993],[138.59890800000005,-34.89318700399997]]]},"properties":{"School_Name":"Prospect Primary School","ENTITY_CODE":368,"zoneType":"primary"}},{"type":"Feature","geometry":{"type":"Polygon","coordinates":[[[138.5348931840001,-35.062316833999944],[138.5345042240001,-35.06312537699995],[138.533787264,-35.06420337199995],[138.53030739100006,-35.06748641899998],[138.5278114880001,-35.06984148799995],[138.52552153600004,-35.071985507999955],[138.52491814400003,-35.072549239999944],[138.52222364800002,-35.07506655399993],[138.5211706880001,-35.07590056999993],[138.5195657280001,-35.07712959899993],[138.51878076800006,-35.077757618999954],[138.5185217600001,-35.07796561499998],[138.5162998400001,-35.07958364299998],[138.51627459100007,-35.07960147699998],[138.51038300800008,-35.08376373699997],[138.50913504000005,-35.08458676499998],[138.50870803200007,-35.084783751999964],[138.50746006400004,-35.08517177199997],[138.50737804800008,-35.08519278799997],[138.50706707100005,-35.085271800999976],[138.5066570880001,-35.08534979799998],[138.50569408100012,-35.08558182399997],[138.50399113600008,-35.08576182899998],[138.50193414500006,-35.08633584699993],[138.50136118400007,-35.08657386899995],[138.5003981760001,-35.086974891999944],[138.49834624000005,-35.08832690999998],[138.49708729600002,-35.08981393899995],[138.49655561600002,-35.09090571699994],[138.49597699100002,-35.093387991999975],[138.4961100160001,-35.09502799799998],[138.49682499300002,-35.097019004999936],[138.4971761920001,-35.09764550799997],[138.49739993600008,-35.098031565999975],[138.49834099200007,-35.09923199299993],[138.49864032000005,-35.099715156999935],[138.49942601600003,-35.100991990999944],[138.499775999,-35.10202199699995],[138.49052400000005,-35.102529007999976],[138.49019401600003,-35.10247198999997],[138.49007900800007,-35.10242100599993],[138.4897140160001,-35.10220499899998],[138.48924201600005,-35.10146000399993],[138.48899299200002,-35.10119600899998],[138.48861699100007,-35.10100699399993],[138.4882794240001,-35.100988808999944],[138.4765150080001,-35.10142500199993],[138.47634099200002,-35.101375995999945],[138.47632371200007,-35.101320235999935],[138.47638700800007,-35.10105100599998],[138.47654371200008,-35.10092823999997],[138.476536,-35.10074000199995],[138.47677267200004,-35.10027424599997],[138.47699427200007,-35.099997763999966],[138.47717913600002,-35.09989427499994],[138.47759801600012,-35.09938300899995],[138.4782080000001,-35.098810008999976],[138.4783562890001,-35.09856092499996],[138.47851680000008,-35.098353964999944],[138.47880051200002,-35.09798302099995],[138.47900960000004,-35.097691202999954],[138.4796258560001,-35.09673406799993],[138.4798950720001,-35.09625809999994],[138.4801463350001,-35.09585045199998],[138.48042361600005,-35.09543653299994],[138.48097753600007,-35.094712165999965],[138.48124566400008,-35.09449323699994],[138.48149251200005,-35.09436316299997],[138.4816785920001,-35.09420269499998],[138.48209689600003,-35.093963877999954],[138.48243254400006,-35.09366933899997],[138.48298380800009,-35.093086866999954],[138.48372160000008,-35.09247133499997],[138.48435344000006,-35.09192510399998],[138.48513222400004,-35.091352917999984],[138.48569440000006,-35.09087909599998],[138.48573542500003,-35.09084509199994],[138.48600441600001,-35.09065209999994],[138.48625241600007,-35.09043209799995],[138.48645638400012,-35.09022008799997],[138.48664937500007,-35.09000807899997],[138.4867993910001,-35.089786078999964],[138.4869823670001,-35.08953706899996],[138.48723036800004,-35.08929906499998],[138.48751235200007,-35.08904308199993],[138.48806336000007,-35.088595047999945],[138.48835433600004,-35.08841206599993],[138.48866736000002,-35.08824706299998],[138.48891232000005,-35.08810803599994],[138.48914832000003,-35.087932045999935],[138.48937132700007,-35.08781103699994],[138.48954832000004,-35.08775104099993],[138.48971731200004,-35.08761904399995],[138.48993030400004,-35.08744403399993],[138.4901123200001,-35.087231025999984],[138.49030528000003,-35.08701901499995],[138.49072329700005,-35.086613013999965],[138.49093929600008,-35.08638302199995],[138.49118729600002,-35.08616300099993],[138.49167126400005,-35.08574900899998],[138.49192924800002,-35.085565007999946],[138.49217724900006,-35.08535399599998],[138.49243526400005,-35.085169976999964],[138.49269123200008,-35.08504898699994],[138.4929252170001,-35.08490997699994],[138.49319123200007,-35.084833980999974],[138.49340220800002,-35.08475698299998],[138.49356022400002,-35.08460696699996],[138.49367622400007,-35.08439295799997],[138.49374822400011,-35.08416895999994],[138.49376521600004,-35.083988955999985],[138.49375120000002,-35.08391697199994],[138.49372720000008,-35.08378996899995],[138.49373417700008,-35.083555961999934],[138.4937961920001,-35.08333196499996],[138.49384819300008,-35.083080956999936],[138.49394419200007,-35.082802957999945],[138.49413920000006,-35.08252795499993],[138.4941781440001,-35.08244696199995],[138.49427916800005,-35.082241962999944],[138.49438614400003,-35.081964943999935],[138.49451315200008,-35.08175994599998],[138.49471616000005,-35.08157494599993],[138.49519011200005,-35.08113394299994],[138.4953941120001,-35.08091294199994],[138.4955631360001,-35.08076392499993],[138.4956591350001,-35.08052192699995],[138.49573113600002,-35.080297927999936],[138.49585910500002,-35.07933592899997],[138.49589209600003,-35.07898592599997],[138.49591408000003,-35.07864291799996],[138.4959450560001,-35.078328917999954],[138.495966048,-35.077652926999974],[138.49598806400002,-35.077292917999955],[138.496010016,-35.07654492499995],[138.49599904000002,-35.076201916999935],[138.4959850240001,-35.075948910999955],[138.49596003200008,-35.07567890299998],[138.49589203200003,-35.07540691699995],[138.49577702400006,-35.07520593199996],[138.49562601600007,-35.075139923999984],[138.49544201600008,-35.075063926999974],[138.49531401700006,-35.07495292699997],[138.49527302500007,-35.07485293399998],[138.4952540160001,-35.07477192299996],[138.49526000000003,-35.07456392699993],[138.4953019840001,-35.07426792599995],[138.49542099200005,-35.07396393499994],[138.49557200000004,-35.07368691599993],[138.49576598400006,-35.07342991399997],[138.49592697700007,-35.07317191299995],[138.49611097600007,-35.07291391199993],[138.4962609600001,-35.07266490199993],[138.49633497600007,-35.072395911999934],[138.49640995100003,-35.07209991199994],[138.49652793600012,-35.07180489199993],[138.49656694400005,-35.07161689499998],[138.49662992100002,-35.07133889599993],[138.49663593600008,-35.07128089799994],[138.49666192000007,-35.071005895999974],[138.49672592000002,-35.07071888699994],[138.4968119030001,-35.070431896999935],[138.4970909120001,-35.06989689499994],[138.49721990400008,-35.069610884999975],[138.49739289600006,-35.069334863999984],[138.49756688000002,-35.06903187199998],[138.4980348800001,-35.06842886399994],[138.49818688000005,-35.06813386299996],[138.4983168320001,-35.067830870999956],[138.498422849,-35.067561842999964],[138.49849782400008,-35.06726686099995],[138.49862684800007,-35.06700785999993],[138.49878883200006,-35.06671385899995],[138.49915980800006,-35.06607185299998],[138.4993318070001,-35.06579585199995],[138.49951580800007,-35.06552083099996],[138.49957580800003,-35.06542882999997],[138.49968876800006,-35.06525383899998],[138.50007878300005,-35.06468483499998],[138.50028476800003,-35.06440983199997],[138.50045676700006,-35.06416981299998],[138.5006497280001,-35.063938821999955],[138.5008337280001,-35.06367280999996],[138.50121273600007,-35.06309481499994],[138.50128972800007,-35.06307781299995],[138.50135574400008,-35.063079811999955],[138.50136073600004,-35.06307681399994],[138.50137475100007,-35.06306982199993],[138.50154070400004,-35.062778797999954],[138.50164672000005,-35.062538797999935],[138.50174371200012,-35.061866803999976],[138.50175670300007,-35.06180379299997],[138.50183769600005,-35.06166180499997],[138.50198566400002,-35.06149480499994],[138.50214768000012,-35.061210793999976],[138.5022956800001,-35.061033803999976],[138.50237868800002,-35.06082880499997],[138.5025376640001,-35.06065277799996],[138.5025196800001,-35.06051678399996],[138.502544671,-35.060418771999935],[138.502731648,-35.06005278599997],[138.50290963200007,-35.059578778999935],[138.50297564800007,-35.05921978699996],[138.50297260700006,-35.05897577199994],[138.50303660800012,-35.05865277999993],[138.50324960000012,-35.05814377099995],[138.50325660800002,-35.05790878399995],[138.50326960000007,-35.05784677199995],[138.50329360000012,-35.05780176199994],[138.50344156800008,-35.05760675199997],[138.5034995840001,-35.05750875799998],[138.50347958400005,-35.05707576599997],[138.5034925760001,-35.057021763999956],[138.50364566400003,-35.05665812799998],[138.52601923200007,-35.05560146399995],[138.53499107200003,-35.055136336999965],[138.53497206400004,-35.05527732499996],[138.53523216000008,-35.05899134799995],[138.5353861760001,-35.05989934699994],[138.53526320100002,-35.060989347999964],[138.53501219200007,-35.061955343999955],[138.5349492160001,-35.062200358999974],[138.5348931840001,-35.062316833999944]]]},"properties":{"School_Name":"Hallett Cove School","ENTITY_CODE":640,"zoneType":"primary"}},{"type":"Feature","geometry":{"type":"Polygon","coordinates":[[[138.70716124800003,-34.69586881499998],[138.70411328000012,-34.694564861999936],[138.70201728000006,-34.693659896999975],[138.70139827200012,-34.69339989899993],[138.6991392960001,-34.69237392499997],[138.6955803520001,-34.69089797699996],[138.69498233600007,-34.69064998399995],[138.69437235200007,-34.69039300099996],[138.69408332800003,-34.69027101199998],[138.69316035200006,-34.689872022999964],[138.69176534400003,-34.68927003299996],[138.6913043840001,-34.68907803999997],[138.6908373760001,-34.68888404799998],[138.69032038400007,-34.688671058999944],[138.69169929600002,-34.68646102899993],[138.6921702720001,-34.685706025999934],[138.6926412480001,-34.68493999699996],[138.69295923200002,-34.684430006999946],[138.69310121600006,-34.68419899799994],[138.69314921700004,-34.684121999999945],[138.69322220800007,-34.684003007999934],[138.6932721930001,-34.68392197899993],[138.6936872000001,-34.68324898499998],[138.69404518400006,-34.68265398899996],[138.69409017600003,-34.682582984999954],[138.69476313600012,-34.68152996499998],[138.69546111900002,-34.68043794799996],[138.69619209600012,-34.67929292699995],[138.69621446400004,-34.67925890599997],[138.69621708800003,-34.67925492799998],[138.69639875200005,-34.678942795999944],[138.6969050560001,-34.67807292599997],[138.69728902400004,-34.67747691099993],[138.6974380160001,-34.67724691899997],[138.6979120000001,-34.676498908999974],[138.6985979520001,-34.67541689899997],[138.70251091300008,-34.67694782999996],[138.704052928,-34.67755481499995],[138.70987286500008,-34.679829722999955],[138.71575907200008,-34.68207369999993],[138.71560483200005,-34.682396653999945],[138.71549481600005,-34.68258864699993],[138.7151988490001,-34.68306165499996],[138.71518787200012,-34.68314564499997],[138.71514460800006,-34.68318656599996],[138.714939264,-34.683536344999936],[138.71457996800007,-34.68412730999995],[138.7143452800001,-34.68453133099996],[138.7137022400001,-34.68557511999995],[138.71356393500002,-34.68583469299995],[138.713508928,-34.68597969699994],[138.71312496000007,-34.68649571699996],[138.7108140480001,-34.690144748999955],[138.71043308800006,-34.69070274699993],[138.71040409600005,-34.690744740999946],[138.71037007900009,-34.69079274899997],[138.71032409500003,-34.69085975699994],[138.70996710400004,-34.69146675899998],[138.70917983900006,-34.69262463699994],[138.70887513600007,-34.693072780999955],[138.7082831680001,-34.694011804999946],[138.70780294500003,-34.694806693999965],[138.70716124800003,-34.69586881499998]]]},"properties":{"School_Name":"Blakeview Primary School","ENTITY_CODE":1854,"zoneType":"primary"}},{"type":"Feature","geometry":{"type":"Polygon","coordinates":[[[138.7388798400001,-34.99129624099993],[138.74084688000005,-34.99327220799995],[138.7417848330001,-34.99321818799996],[138.74197884800003,-34.99322318199995],[138.74269884800003,-34.993732172999955],[138.7436588480001,-34.99447217299996],[138.74440784,-34.995091145999936],[138.7446288320001,-34.995488155999965],[138.74478188800003,-34.99580115699996],[138.74462288100005,-34.99698315899997],[138.74455792000003,-34.997460144999934],[138.74455689600006,-34.99746915399993],[138.745116896,-34.99771414999998],[138.74653286400007,-34.99833314199998],[138.74738886400007,-34.99843611299997],[138.74761788800004,-34.998534106999955],[138.75011187200005,-34.99960007699997],[138.75150486400003,-35.00088005499998],[138.7538168640001,-35.002332026999966],[138.75505283200005,-35.002718010999956],[138.75548284800004,-35.00285298799997],[138.7549188800001,-35.00322000899996],[138.75486688,-35.003255010999965],[138.75481488000003,-35.00328400099994],[138.75475788800009,-35.00331500599998],[138.75468486400007,-35.00336501199996],[138.75463088000004,-35.00339699899996],[138.75459888000012,-35.00342300899996],[138.75454486400008,-35.00346600399996],[138.75449888000003,-35.00349099799996],[138.75442588900012,-35.00353800599993],[138.75436688000002,-35.003577002999975],[138.7543058880001,-35.003616001999944],[138.75424886400003,-35.00365601699997],[138.7541768640001,-35.003701027999966],[138.75410992000002,-35.00373702899998],[138.75402592000012,-35.00378801399995],[138.75396291200002,-35.00383602199997],[138.75391792000005,-35.00386902599996],[138.75386390300002,-35.003899014999945],[138.75380192000011,-35.003930019999984],[138.75374489600006,-35.003962024999964],[138.75369491200001,-35.00399201399995],[138.75364992000004,-35.004019023999945],[138.7536079030001,-35.00405902099993],[138.7534979200001,-35.00383602199997],[138.75338192000004,-35.00372701999993],[138.7533539200001,-35.004175016999966],[138.75295692800012,-35.00467804899995],[138.75265494400003,-35.00491003999997],[138.7523439360001,-35.00524104099998],[138.7523549440001,-35.00547404899993],[138.75225497600002,-35.006181063999975],[138.75148601600006,-35.00737607199994],[138.75130601600006,-35.00762308299994],[138.75103804800005,-35.00867007199997],[138.75101203200006,-35.00878007299997],[138.75034300800007,-35.00906900699994],[138.74881600000003,-35.00949099099995],[138.74815145600007,-35.00974708599995],[138.74768508800003,-35.010003181999934],[138.7472271040001,-35.01033708799997],[138.74655900800008,-35.01082500699994],[138.74631827200005,-35.01101657399994],[138.7460660160001,-35.01117831999994],[138.7456209920001,-35.01143299199998],[138.74530601700008,-35.01156299099995],[138.74469100700003,-35.01171900199995],[138.74333660800005,-35.01199685299997],[138.742784991,-35.01209599499998],[138.74232300800008,-35.01220100099994],[138.74164899200002,-35.01243400799996],[138.7406083840001,-35.012860117999935],[138.7378700160001,-35.01398599199996],[138.73752432100002,-35.014100912999936],[138.73711945600007,-35.01420799199997],[138.73658345600006,-35.014244417999976],[138.73605401500004,-35.01423899699995],[138.73586902400007,-35.01421407799995],[138.73499075200004,-35.01406167499994],[138.7345367360001,-35.01400071699993],[138.7339803850001,-35.01399636999997],[138.7339263990001,-35.01399836799993],[138.73342137500003,-35.01401636899993],[138.7331803840001,-35.01402040099998],[138.73307539200005,-35.014031390999946],[138.732521377,-35.014089387999945],[138.73236739200001,-35.014113400999975],[138.73219043200004,-35.01414640499996],[138.73203641600003,-35.01419740899996],[138.73187043200005,-35.01425740499997],[138.73067244800006,-35.01476743099994],[138.7296314560001,-35.01518044399995],[138.72789248000004,-35.01585047799995],[138.72726051300003,-35.01610947699993],[138.72665052900004,-35.01635049499998],[138.72590854400005,-35.016652507999936],[138.725321537,-35.01692051699996],[138.72492553600011,-35.017100521999964],[138.72486556800004,-35.01712853099997],[138.72446556800003,-35.01732853499993],[138.72414259200002,-35.01751153699996],[138.72380758400004,-35.01774853999996],[138.72284160000004,-35.01857756199996],[138.7226516170001,-35.01872757899997],[138.72241664000012,-35.01888558699994],[138.72204864000003,-35.01912157299995],[138.7218476480001,-35.019262579999975],[138.7214806400001,-35.01945359299998],[138.7209476800001,-35.01970559899996],[138.71907171200007,-35.02056263099996],[138.71832774400002,-35.02090865499997],[138.71810572800007,-35.02103166099994],[138.71783974400012,-35.02111664999995],[138.7173777280001,-35.02120667199995],[138.71731929500004,-35.02121135099998],[138.71688928000003,-35.02123042499994],[138.7165766720001,-35.02119995499993],[138.71622576000004,-35.021112690999985],[138.7159037770001,-35.02099869399996],[138.7156533120001,-35.02087231999997],[138.71545900800004,-35.020730999999955],[138.71514761600008,-35.02047453299997],[138.71501200000012,-35.02035100899997],[138.7147617600001,-35.01991870099994],[138.71464601600007,-35.01962499499996],[138.71464150400004,-35.019438236999974],[138.71465100800003,-35.01905700899994],[138.71477724800002,-35.01843929299997],[138.71482012900003,-35.01805447499993],[138.7148275840001,-35.01782892199998],[138.7147740150001,-35.017410008999946],[138.71468300800007,-35.017120002999945],[138.71454700800007,-35.01688299899996],[138.71440499200003,-35.01672700699993],[138.71431699200002,-35.01666399599998],[138.71411414300007,-35.01652511699996],[138.71382032000008,-35.01635511999996],[138.71350496000002,-35.01614316499996],[138.71324700900004,-35.01594800899994],[138.7130263680001,-35.015744138999935],[138.712870048,-35.01560394699993],[138.71267571200008,-35.01532172799995],[138.71256489600012,-35.01508579799997],[138.71245001600005,-35.01479499599998],[138.71242499200002,-35.01450700699996],[138.71242368000003,-35.01414472099998],[138.71245907200012,-35.01384479999996],[138.71259465600008,-35.01337894999995],[138.71266899300008,-35.01316499899997],[138.7127200000001,-35.01283599499993],[138.71271513600004,-35.012460499999975],[138.71263190500008,-35.012056144999974],[138.7125140160001,-35.01178199399993],[138.7123341450001,-35.01149531799996],[138.71223536000002,-35.01134996299993],[138.7119819520001,-35.01099228499993],[138.7118696010001,-35.010825728999976],[138.7117636160001,-35.01060150899997],[138.7116866240001,-35.01042853399997],[138.71158572800005,-35.01005618399995],[138.71152662400004,-35.00977372699998],[138.7115079670001,-35.00945319599998],[138.71143299200003,-35.009097994999934],[138.71127958400007,-35.00879572399998],[138.71119536000003,-35.008679006999955],[138.71100185600005,-35.00844736899995],[138.71080089600002,-35.00826449699997],[138.71055459100012,-35.00806974699998],[138.71025299200005,-35.00789299799993],[138.7099500160001,-35.00776099999996],[138.70977459200003,-35.00772675699994],[138.71074454400002,-35.00680775099994],[138.71292547200005,-35.00472370699998],[138.71285248000004,-35.00468071299997],[138.71585443200001,-35.00374864699995],[138.71613942400006,-35.00369364599993],[138.71611843200003,-35.00363365099997],[138.71598140800006,-35.003240654999956],[138.71589193600005,-35.00298544699996],[138.71585801600008,-35.00274799999994],[138.7158817610001,-35.00251865599995],[138.715921696,-35.00226614899998],[138.71599612800003,-35.00190038599993],[138.71601401600003,-35.00165000699997],[138.71662137600003,-35.00170663399996],[138.71711334400004,-35.00171560699994],[138.717812352,-35.00168561899994],[138.71982131200002,-35.00121357299997],[138.72159129600004,-35.00058053999993],[138.72209724800007,-35.00032653499994],[138.7238452160001,-34.99977349599993],[138.72579020800003,-34.99907447399994],[138.72679916800007,-34.99853443999996],[138.73099808000006,-34.99628337799993],[138.7338249920001,-34.994893343999934],[138.73642195200011,-34.994459278999955],[138.73711193600002,-34.99462028399995],[138.737372928,-34.993727269999965],[138.7374139200001,-34.99358626399993],[138.7388798400001,-34.99129624099993]]]},"properties":{"School_Name":"Stirling East Primary School","ENTITY_CODE":413,"zoneType":"primary"}},{"type":"Feature","geometry":{"type":"Polygon","coordinates":[[[138.75123420800003,-34.58788481499994],[138.751352192,-34.58789682199995],[138.75223417600012,-34.587891827999954],[138.75338214400006,-34.587653805999935],[138.75414614400006,-34.58761379099997],[138.7544861440001,-34.587717778999945],[138.75532713500002,-34.588152768999976],[138.7555591360001,-34.588173765999954],[138.75543718400002,-34.59000876399995],[138.75880809600005,-34.590289722999955],[138.76361475200008,-34.59069256099997],[138.76394400000004,-34.590705990999936],[138.76647804800007,-34.592246615999954],[138.76679104000004,-34.59248961299994],[138.7672863350001,-34.59302182099998],[138.76786300800006,-34.593590991999974],[138.7684460480001,-34.59405160499995],[138.7691290560001,-34.59443357499998],[138.77044601600005,-34.59499299699996],[138.773511008,-34.59633452399993],[138.77409100800003,-34.59648700099996],[138.77619299200012,-34.59688800599997],[138.77595712100003,-34.60316450199997],[138.7766860170001,-34.60329899699997],[138.78243600000008,-34.60391641599995],[138.78410208000003,-34.60690039199994],[138.7845370880001,-34.60745139499994],[138.7846100160001,-34.607531000999984],[138.78845100800004,-34.60773400299996],[138.7909840000001,-34.608800008999935],[138.7930409920001,-34.60950500699994],[138.79440345500007,-34.60964455299995],[138.79575996800008,-34.61208122399995],[138.7967660160001,-34.61353123699996],[138.79888905600012,-34.61659021099996],[138.80000806400005,-34.619303198999944],[138.80023209600006,-34.61984719099996],[138.8009031040001,-34.62130619399994],[138.80134713500001,-34.62227217199995],[138.801593152,-34.62323417099998],[138.80161814300004,-34.62333116699995],[138.80162016000008,-34.623534166999946],[138.8013472,-34.624706197999956],[138.80126921500005,-34.62494919599993],[138.80094224000004,-34.62699018999996],[138.80077430400002,-34.62935121499993],[138.8008743360001,-34.63097320299994],[138.8008303680001,-34.63138221899993],[138.8007903680001,-34.63175321799997],[138.8007120000001,-34.63278000599996],[138.80007500800002,-34.63300200499998],[138.79957699200008,-34.63403800499998],[138.79819446400006,-34.63424126499996],[138.7982884800001,-34.63488426799995],[138.79828348800004,-34.63506527299995],[138.7982375040001,-34.63520626099995],[138.79783849600005,-34.63575027299993],[138.79763353600003,-34.63604327499996],[138.79740553500005,-34.636369281999976],[138.7972385280001,-34.63649928199993],[138.79688656100006,-34.63674127999997],[138.79649756900005,-34.63671230999995],[138.79633155200008,-34.63655330199998],[138.7962575680001,-34.63649430499993],[138.79584556800012,-34.636311303999946],[138.79574956800002,-34.63631030499994],[138.79552556800002,-34.636369301999935],[138.79528156800006,-34.63652331399993],[138.79522256000007,-34.63671432599995],[138.79518960000007,-34.63692132199998],[138.79504057500003,-34.637131315999966],[138.79445257600003,-34.63717832399993],[138.7938516160001,-34.63722733099996],[138.79384662400003,-34.63722733099996],[138.79383161600003,-34.63721134699995],[138.79349459200012,-34.63675533999998],[138.79335859200012,-34.63650934599997],[138.79311558400002,-34.63622533399996],[138.7928225920001,-34.63601034599998],[138.79268758500007,-34.63591135199994],[138.79231459200003,-34.635570359999974],[138.79216659200006,-34.63550634999996],[138.79199158300003,-34.63542935299995],[138.7918825920001,-34.63542735499993],[138.7917835840001,-34.635443357999975],[138.79155360100003,-34.63550235399998],[138.79145161700012,-34.635627357999965],[138.79125363200012,-34.63611037499993],[138.79113363200008,-34.636504368999965],[138.79106566400003,-34.63660238199998],[138.79087366400006,-34.636851373999946],[138.79086566400008,-34.63685838599997],[138.7906846400001,-34.63701038099998],[138.79049865600007,-34.63702538499996],[138.79022764800004,-34.636957397999936],[138.79003366400002,-34.63687238999995],[138.78956166400008,-34.63658439999995],[138.78900665600008,-34.63608741699994],[138.7884806400001,-34.635365416999946],[138.788237664,-34.63509141299994],[138.78811065600007,-34.63494441299997],[138.7879076480001,-34.63476942099993],[138.78769366400002,-34.63463041099993],[138.78754166500005,-34.63458242299998],[138.7873346560001,-34.63457842699995],[138.7872246400001,-34.63461242999995],[138.78698864000012,-34.63486143999995],[138.78684867200002,-34.63520143299996],[138.78681967900002,-34.63548944099995],[138.78684672000009,-34.636526439999955],[138.7869017280001,-34.63689643899994],[138.78694470400012,-34.63735742299997],[138.78685872000005,-34.637707442999954],[138.78679075200012,-34.63780545499998],[138.78664575900007,-34.637920451999946],[138.78642275200002,-34.638008456999955],[138.78630073500005,-34.638040442999966],[138.78619673700007,-34.638036446999934],[138.7860787520001,-34.63797445299997],[138.78590774400004,-34.637851446999946],[138.78575974400007,-34.63774845699993],[138.78561075200003,-34.637636476999944],[138.78553776,-34.637571467999976],[138.78550073600002,-34.63752947399996],[138.78526576000002,-34.637326471999984],[138.78521273600006,-34.63725347099995],[138.78512175900005,-34.63700847599995],[138.78490873600003,-34.63678847399996],[138.78452873600008,-34.636303477999945],[138.78438374400002,-34.63604847399995],[138.7843337280001,-34.63587646099995],[138.784229728,-34.63573747099997],[138.78410870400012,-34.63551846799993],[138.78397571300002,-34.63526348199997],[138.78383772900008,-34.63499549199997],[138.78378672000008,-34.63483548399995],[138.78371872000002,-34.63474448299996],[138.7836357120001,-34.634637478999935],[138.78335571200012,-34.63448847999996],[138.78328070500004,-34.63444148999997],[138.7832167040001,-34.63440448999995],[138.78310870300004,-34.634357481999984],[138.78238870400003,-34.634362513999974],[138.78167273600002,-34.63421451399995],[138.7811817590001,-34.634223522999946],[138.780798752,-34.63427952199993],[138.78074275200004,-34.634305532999974],[138.78064275200006,-34.63439351899996],[138.7805867520001,-34.634456529999966],[138.78056275200004,-34.63450953299997],[138.7805357750001,-34.63470751999995],[138.78053379200003,-34.63521253299996],[138.7805127690001,-34.63556353399997],[138.78047779200006,-34.635662526999965],[138.78042979200006,-34.635805550999976],[138.78027980800005,-34.63614554399993],[138.78023481500009,-34.636198545999946],[138.780067808,-34.63632153299994],[138.77990182300005,-34.636381548999964],[138.77976080000008,-34.63637954999996],[138.77928681600008,-34.63614554399993],[138.77907081600006,-34.63606055399998],[138.77894182300008,-34.635976563999975],[138.77882380800008,-34.63592955599995],[138.7786728000001,-34.635845565999944],[138.77832982400002,-34.63561355699994],[138.77807481600007,-34.63544356099993],[138.777782816,-34.63519358899998],[138.77750182400007,-34.63492158299994],[138.77721280000003,-34.63465858699993],[138.7767218240001,-34.63413457499996],[138.7764828160001,-34.63388358599997],[138.77631180800006,-34.63364959799998],[138.77604182400012,-34.63334059199997],[138.77587881600004,-34.633076596999956],[138.77584982400003,-34.63304259399996],[138.7758248010001,-34.63302559199997],[138.775699808,-34.63283459799993],[138.7756857920001,-34.632527590999985],[138.7758477760001,-34.63218759799997],[138.77586476800002,-34.63196260099994],[138.77591177600004,-34.63183759699996],[138.77608076800004,-34.631606586999965],[138.77620576000004,-34.63142857999998],[138.7765637440001,-34.63109158399993],[138.77670176000004,-34.630842573999985],[138.77679974400007,-34.63077858199995],[138.7768467520001,-34.630685582999945],[138.77685171200005,-34.63061857499997],[138.77680070400004,-34.630451576999974],[138.7767107200001,-34.630287573999965],[138.77653372800012,-34.63002357899995],[138.77636972900007,-34.62980956999996],[138.7762437120001,-34.62972158499997],[138.77617670400002,-34.62967457599996],[138.77606470500007,-34.62957558299996],[138.77599971200004,-34.62946957899993],[138.7759687030001,-34.629321577999974],[138.775927711,-34.629226580999955],[138.7759137280001,-34.62921257599993],[138.7758947200001,-34.62919457499993],[138.77584972800003,-34.62914357099993],[138.77581171200006,-34.62908657299994],[138.7757807040001,-34.62904257899993],[138.77576172800002,-34.62899658899994],[138.775743712,-34.62893957199998],[138.7757257280001,-34.62889058299993],[138.7757007040001,-34.62883158699998],[138.77568771200004,-34.62879358799995],[138.77565872000002,-34.62871157799998],[138.77562972900012,-34.62864558799998],[138.7756267200001,-34.62863857699995],[138.7755607040001,-34.62863058499994],[138.77548672000012,-34.62852957399997],[138.77549171200008,-34.628367587999946],[138.7754726720001,-34.62825057599997],[138.77544067200006,-34.628071587999955],[138.77540569600012,-34.62787857799998],[138.77530668800011,-34.62768258899996],[138.77523868800006,-34.627590588999965],[138.7752076800001,-34.62755157199996],[138.775122688,-34.62748659999994],[138.7750906880001,-34.627431598999976],[138.7749986880001,-34.627401592999945],[138.77484169600007,-34.62737959699996],[138.77466569600006,-34.627350605999936],[138.77450668900008,-34.62732259699993],[138.77426867200006,-34.62725960499995],[138.7740436800001,-34.62719059999995],[138.77390169700004,-34.627141592999976],[138.77381270400008,-34.62710161499996],[138.77342867100003,-34.626806613999975],[138.773403679,-34.626661610999975],[138.77339369600008,-34.626484620999975],[138.77343168000004,-34.62632861099996],[138.77351868800008,-34.626136617999975],[138.77368569700002,-34.62593060199998],[138.77374368000005,-34.62587659999997],[138.7738486720001,-34.625777606999975],[138.773994656,-34.625590589999945],[138.77419263900003,-34.62554060299993],[138.77489664000007,-34.62530957499996],[138.77524662500002,-34.62527157599993],[138.77530163200004,-34.62527157599993],[138.77548563200003,-34.62532058299996],[138.775603616,-34.62540357499995],[138.77601161600012,-34.62561856199994],[138.77610860900006,-34.62568355299993],[138.77623363300006,-34.62575857099995],[138.77648060700005,-34.625863557999935],[138.7767026240001,-34.62594155399995],[138.77687862400012,-34.62599855199994],[138.77717363300007,-34.62609756399996],[138.77734361600005,-34.62614053999994],[138.77754262500002,-34.626159539999946],[138.7777056320001,-34.62613754299997],[138.77782460800006,-34.62607454999994],[138.7779816320001,-34.62593853899995],[138.77813859200012,-34.62580054699998],[138.77831859100002,-34.62563454599996],[138.7784445750001,-34.62551551699994],[138.77851359900012,-34.625465530999975],[138.778608576,-34.625188529999946],[138.77864160000001,-34.62514351899995],[138.77864656000008,-34.62497252399993],[138.7786125440001,-34.62462951499998],[138.7785435520001,-34.62435752899995],[138.77846054400004,-34.62419352599994],[138.77839456000004,-34.62378652599995],[138.77831254400007,-34.62359652999993],[138.77821856000003,-34.62343152899996],[138.77803756700007,-34.62328452799994],[138.777627552,-34.623123540999984],[138.77685555200003,-34.623028543999965],[138.77627756800007,-34.62301855399994],[138.77611555200008,-34.623053555999945],[138.7758656000001,-34.62311456899994],[138.77535657700003,-34.62327657299994],[138.77484559900006,-34.62355657099994],[138.77402460700011,-34.623966604999964],[138.77391363200002,-34.624009598999976],[138.7737376330001,-34.62405159399998],[138.7734516480001,-34.62409159099997],[138.77325465600006,-34.624088592999954],[138.77268665600002,-34.624042620999944],[138.77198064000004,-34.623858620999954],[138.77174166500004,-34.623782640999934],[138.77156966400003,-34.62371663299996],[138.77131264000002,-34.623540641999966],[138.77116364800008,-34.623384631999954],[138.77097663900008,-34.62304763599997],[138.77089766400002,-34.622739629999955],[138.77091065500008,-34.62264962699993],[138.77096864100008,-34.62253363199994],[138.77100566400009,-34.62236263699998],[138.7711516170001,-34.622203628999955],[138.77147363200004,-34.62201063699996],[138.77169862300002,-34.62172662499995],[138.77182262400004,-34.62160261899993],[138.77183062500012,-34.621597624999936],[138.77200560000006,-34.62138761199998],[138.7723016010001,-34.62101461499998],[138.7726795520001,-34.620557591999955],[138.77293955200003,-34.620209605999946],[138.7731285440001,-34.61989358899996],[138.773226528,-34.61957759099994],[138.77327552000008,-34.619446592999964],[138.77326953600004,-34.61928460699994],[138.77321852800003,-34.61913960399994],[138.77313353600005,-34.61906560299997],[138.77286252800002,-34.61898860699995],[138.7727755200001,-34.618978597999956],[138.7725145280001,-34.61897360399996],[138.77206454400005,-34.619073614999934],[138.77107356800002,-34.61942463299994],[138.77055059200006,-34.61941564099993],[138.77031158400007,-34.61936563699993],[138.77027958400004,-34.61934763599993],[138.77018160000011,-34.61932763799996],[138.77004160100012,-34.61925263899997],[138.76984960000004,-34.61911362999996],[138.76974358300004,-34.61898564599994],[138.76959958400005,-34.61867665999995],[138.76958457500007,-34.61840565199998],[138.769365568,-34.61803265599997],[138.76920956800006,-34.61786265899997],[138.7688555520001,-34.61761165099995],[138.76861056100006,-34.61747565799993],[138.76855356800002,-34.61743164699993],[138.7683895680001,-34.61743765899996],[138.7682235840001,-34.61751567299996],[138.76783257500006,-34.61786867199993],[138.7674416000001,-34.618204668999965],[138.767286624,-34.61828266499998],[138.7670556160001,-34.618368689999954],[138.7668686080001,-34.61842868499997],[138.76667260800002,-34.61843369899998],[138.7656526080001,-34.61824370399995],[138.7655456320001,-34.61820770299994],[138.76542563200007,-34.61816770599995],[138.7653186240001,-34.618075705999956],[138.76528662400005,-34.61806571499994],[138.76509264000003,-34.61798070799995],[138.76461964800012,-34.61771970999996],[138.76422464000007,-34.617406726999945],[138.76410764800005,-34.61729572699994],[138.7635626560001,-34.616889725999954],[138.76316963200009,-34.61647673199997],[138.76292563200002,-34.61624673999995],[138.76282860700007,-34.61619073999998],[138.762786623,-34.61613573999995],[138.76272563100008,-34.616021743999966],[138.76264860800006,-34.615902750999965],[138.7625116160001,-34.61570374599995],[138.7623386240001,-34.61553974399993],[138.76215660800005,-34.61530174199993],[138.762073632,-34.61504975299994],[138.76201462400002,-34.614823737999984],[138.76193062400012,-34.61471373799998],[138.76192060800008,-34.614677754999946],[138.76191862400003,-34.61432575599997],[138.76193260700006,-34.61420874399994],[138.76215958400007,-34.61387973899997],[138.76221257600002,-34.61355574799995],[138.76223459100004,-34.61352873799996],[138.76231558400002,-34.613359740999954],[138.76232560000005,-34.61332775499994],[138.76245856000003,-34.61289372599998],[138.76241856000001,-34.61275673399996],[138.76234454400003,-34.61270173299994],[138.76217056000007,-34.61268075399994],[138.7616885750001,-34.61274374699997],[138.761503585,-34.61274974099996],[138.7605976000001,-34.61275976699994],[138.76023859200006,-34.61273577399993],[138.75975862400003,-34.61275379299997],[138.75958563200004,-34.61268678499994],[138.75953161600012,-34.612676775999944],[138.75928460800003,-34.61254677799997],[138.75920963200008,-34.61246378599998],[138.75921062400005,-34.612427784999966],[138.75920060800001,-34.61240077499997],[138.75919260800003,-34.61229179199995],[138.7591536330001,-34.612119777999965],[138.75913360000004,-34.61206577699994],[138.75899760000004,-34.61185578299995],[138.7589656,-34.61181978299993],[138.75887958400006,-34.61178178299997],[138.7588085760001,-34.61157278899998],[138.758660576,-34.61138978699995],[138.7586616000001,-34.61137178599995],[138.7586136000001,-34.61113678099997],[138.7583745920001,-34.61069979299998],[138.75832960000002,-34.61032877499997],[138.75830560000009,-34.61030478099997],[138.75807459100008,-34.61008080099998],[138.7579085750001,-34.60978080499996],[138.75786656000002,-34.60970780399998],[138.75777056000004,-34.60961580299994],[138.75768556900005,-34.60955980399996],[138.7575555840001,-34.60951279599993],[138.75733760000003,-34.60950879899997],[138.75718358400002,-34.60956879399998],[138.75716160000002,-34.60958379799996],[138.75709459200004,-34.609630806999974],[138.75703859200007,-34.60968380999998],[138.75697059200002,-34.60978979599997],[138.75684758400007,-34.60988680999998],[138.7567545920001,-34.61011082699997],[138.7564276160001,-34.61051081499994],[138.75555865600006,-34.61119783099997],[138.75537065600008,-34.61129384599997],[138.7550466560001,-34.611593841999934],[138.754869664,-34.611680846999946],[138.75467168000011,-34.611731851999934],[138.7542786880001,-34.61174185999994],[138.75369267200006,-34.61164985999994],[138.75367868800004,-34.611647861999984],[138.75363868800002,-34.61163985199994],[138.75355267200007,-34.61157585999996],[138.75328969500003,-34.61120088299998],[138.7531736960001,-34.61106387299998],[138.75288467300004,-34.610868882999966],[138.7526516790001,-34.61063887199998],[138.7524896960001,-34.61056387299993],[138.75238169600004,-34.610516882999946],[138.75210368000012,-34.61032287399996],[138.75170467200007,-34.61016188699995],[138.75151968000011,-34.61008488999994],[138.75135267200005,-34.61002689199995],[138.75081568100006,-34.60931390199994],[138.75073529700012,-34.608885903999976],[138.75059964800005,-34.60816388599994],[138.7504476480001,-34.60785689699998],[138.74982166400002,-34.60690090999998],[138.74963529600006,-34.60672110899998],[138.74970464000012,-34.60658491199996],[138.74968064000007,-34.606487915999935],[138.74960864000002,-34.60637092199994],[138.74953660800008,-34.60601992199997],[138.7494406080001,-34.605482921999965],[138.74943862400005,-34.60483692099996],[138.7494225920001,-34.60449391299994],[138.74934355200003,-34.60277189499993],[138.74922995100007,-34.60009971799997],[138.74922950400003,-34.60008889499994],[138.74917148800012,-34.599075890999984],[138.74910745600005,-34.59808490199998],[138.7490764150001,-34.59709589099998],[138.7490434240001,-34.59687089399995],[138.74902944000007,-34.59639089399997],[138.7490174400001,-34.59611089599997],[138.74899638400007,-34.59547386699995],[138.7489513920001,-34.594826884999975],[138.74892035200003,-34.594188875999976],[138.7489143680001,-34.59395287199993],[138.74891270400008,-34.59310503499995],[138.74887388700006,-34.59248715299998],[138.7487440010001,-34.59233199399995],[138.74845395700004,-34.59215025399993],[138.74843600000008,-34.59213900199995],[138.74796137600003,-34.59218390099994],[138.74725635200002,-34.592516900999954],[138.74711801700005,-34.592496994999976],[138.7471176560001,-34.59249654299998],[138.7467510030001,-34.59203584499994],[138.74673600100004,-34.59201699499994],[138.74668538000003,-34.591878907999956],[138.74650137600008,-34.59137691199993],[138.74604601600004,-34.59074700599996],[138.74603296400005,-34.59073847399998],[138.74581500800002,-34.59059600899997],[138.74580525600004,-34.59059511199996],[138.74545617900003,-34.59056302099998],[138.7454560000001,-34.59056300399993],[138.74453039900004,-34.59113992799996],[138.74437241600003,-34.59121535199995],[138.74403638400008,-34.59137594999993],[138.7438963830001,-34.59154494799998],[138.743846017,-34.59227499599996],[138.7435129920001,-34.59264099899997],[138.7433840000001,-34.59265899999997],[138.74280243200008,-34.59246097499994],[138.74238246400012,-34.592574971999966],[138.74228099200002,-34.59276700199996],[138.74228947200004,-34.59291496499998],[138.7425034570001,-34.59344197399997],[138.74258899100005,-34.59350400499994],[138.742591456,-34.593580965999934],[138.74238950400002,-34.59377297699996],[138.74114051200002,-34.594304000999955],[138.74018601600005,-34.59430899499995],[138.73940656000002,-34.59518202999993],[138.73892355200007,-34.595142031999956],[138.7380265910001,-34.59476803699994],[138.73779360000003,-34.594782040999974],[138.73682899200003,-34.595610008999984],[138.7364769930001,-34.59523499499994],[138.73588000000007,-34.594134004999944],[138.73124400000006,-34.59130300499993],[138.73133763200008,-34.59085153099994],[138.731369792,-34.59059099499996],[138.73145027300006,-34.58997059799998],[138.73148656,-34.58907412499997],[138.73147171200003,-34.58806082499996],[138.73147977600001,-34.587541991999956],[138.73150073600004,-34.587041547999945],[138.7316044800001,-34.58637210699993],[138.73169164900003,-34.58601196799998],[138.73182348800003,-34.58557712499993],[138.73200809600007,-34.58512221099994],[138.732142016,-34.58461099999994],[138.73231401600003,-34.58421299099996],[138.73248899200007,-34.58387299799995],[138.73285843300005,-34.58349208399994],[138.73328470400008,-34.583102046999954],[138.73358515200005,-34.58279139499996],[138.73397401600005,-34.58242100599995],[138.7346066880001,-34.58191701199996],[138.73547852800004,-34.58123863499998],[138.73623430400005,-34.58060702599994],[138.7367390400001,-34.58024070799996],[138.73710928000003,-34.57989399899998],[138.7372974220001,-34.57971335999997],[138.73825254400003,-34.57879632099997],[138.73871830400003,-34.57833975999995],[138.73943299200005,-34.57771000099996],[138.74014243200008,-34.57710778899997],[138.74168310400012,-34.575859926999954],[138.7428726720001,-34.57486508899996],[138.74642300800008,-34.57172299299998],[138.7465469110001,-34.57256629799997],[138.74657395200006,-34.573028464999936],[138.74658176100002,-34.57317786999994],[138.7465360000001,-34.57381499199994],[138.74679955200008,-34.57523442299998],[138.74705500800007,-34.57671085299995],[138.74758911900005,-34.58091085099994],[138.74798617600004,-34.58440984899994],[138.74801200000002,-34.584802991999936],[138.74831424,-34.58701886699998],[138.74987699300004,-34.58737599099993],[138.75016220800012,-34.58747183999998],[138.750503008,-34.587503992999984],[138.75123420800003,-34.58788481499994]]]},"properties":{"School_Name":"Gawler East Primary School","ENTITY_CODE":1008,"zoneType":"primary"}},{"type":"Feature","geometry":{"type":"Polygon","coordinates":[[[140.78446508800005,-37.83530190699997],[140.78349910400004,-37.83722577799995],[140.78280512000003,-37.83858678599995],[140.7827111360001,-37.83875678199996],[140.78198918400005,-37.84017876599995],[140.78094796800008,-37.84220137099993],[140.780497824,-37.84314411299994],[140.77836745600007,-37.842971932999944],[140.77729385600003,-37.84250606599994],[140.77691363100007,-37.84261867599997],[140.77632092800002,-37.842762180999955],[140.7755017600001,-37.84300502999997],[140.77448966400004,-37.84345985199997],[140.77337696000006,-37.843351663999954],[140.77305263900007,-37.84346647499996],[140.77287091200003,-37.84356361899995],[140.7724291840001,-37.84417297099998],[140.77069020800002,-37.845285727999965],[140.76991296000006,-37.84598780299996],[140.76813763200005,-37.84720212399998],[140.76422672,-37.849117724999985],[140.76422585600005,-37.849117724999985],[140.76421769700005,-37.84912172199995],[140.76386848000004,-37.84929071899995],[140.75565440000003,-37.84503843799996],[140.75012156800005,-37.83888080599996],[140.74770598400005,-37.836178436999944],[140.74416649600005,-37.83806169999997],[140.74286086400002,-37.83654492199997],[140.74223462400005,-37.83587375999997],[140.742052897,-37.83574128199996],[140.74159718400006,-37.83560880299996],[140.74078358400004,-37.83550283499994],[140.74028313600002,-37.83558673299996],[140.7396932480001,-37.83584946999997],[140.73936054400008,-37.83586271499996],[140.7388964480001,-37.835463097999934],[140.73863363200007,-37.83513190999997],[140.7369701440001,-37.833295007999936],[140.73517321600002,-37.831327606999935],[140.73445670500007,-37.830603665999945],[140.7315798400001,-37.827362576999974],[140.73175036800012,-37.82691657799995],[140.73662905600008,-37.81744942499995],[140.7376103680001,-37.81577809899994],[140.73811359900003,-37.81479782099996],[140.75036758300007,-37.81872333499996],[140.7520869760001,-37.81927308099995],[140.75585571200008,-37.82047855999997],[140.75705510500006,-37.82086273099998],[140.760150048,-37.82185183299998],[140.7613522250001,-37.82223600399993],[140.7625583360001,-37.822640913999976],[140.7651209600001,-37.82344146499997],[140.7662448640001,-37.823801344999936],[140.76756448000003,-37.82422525399994],[140.76899036800012,-37.82468447999997],[140.77055881600006,-37.82518124099994],[140.7712491520001,-37.82541985499995],[140.77207692800005,-37.82567358199998],[140.7744421430001,-37.82643306299997],[140.78068717500003,-37.82842650899994],[140.78068793600005,-37.828426752999974],[140.78068599900007,-37.82842886299994],[140.78067734400008,-37.828438295999945],[140.78136727900005,-37.828658605999976],[140.78190112000004,-37.82882907099997],[140.78235093900003,-37.82897378699994],[140.78268345700008,-37.82908076399997],[140.783137645,-37.82922502499997],[140.7841084160001,-37.829533365999964],[140.7845080290001,-37.82966190199994],[140.7855361920001,-37.82999260999998],[140.78613127300002,-37.83017996399997],[140.78696672,-37.83044299199997],[140.7869652290001,-37.83044590199995],[140.78567286400005,-37.83296604199995],[140.78560576000007,-37.833111765999945],[140.7853121920001,-37.833685801999934],[140.78446508800005,-37.83530190699997]]]},"properties":{"School_Name":"Reidy Park Primary School","ENTITY_CODE":290,"zoneType":"primary"}},{"type":"Feature","geometry":{"type":"Polygon","coordinates":[[[138.66136918400002,-34.86429020799994],[138.66138294400002,-34.86467241699995],[138.6614910090001,-34.865064006999944],[138.6601418880001,-34.864649939999936],[138.6587140160001,-34.86499799899997],[138.65745100800007,-34.865321008999956],[138.65690124800005,-34.86554622799997],[138.65653401600002,-34.86595000899996],[138.65628000000004,-34.866320008999935],[138.65614601700008,-34.866672008999956],[138.65642000000003,-34.867145996999966],[138.657078016,-34.867400001999954],[138.6573565120001,-34.86764651499993],[138.65763801600008,-34.86812100199995],[138.65762000000007,-34.86837199299998],[138.65752601600002,-34.86863900299994],[138.6572260160001,-34.86902400599996],[138.6567010880001,-34.86913903899995],[138.655970496,-34.86913759599997],[138.65541699200003,-34.869325999999944],[138.65518201600003,-34.86981399299998],[138.65546099200003,-34.870480990999965],[138.65626800000007,-34.87134399799993],[138.65538776900007,-34.87172142199995],[138.65515247300004,-34.87182231199995],[138.65496956900006,-34.871900737999965],[138.65385955200009,-34.87288998799994],[138.6527632640001,-34.87331717199993],[138.65202326400004,-34.87336212599996],[138.651897533,-34.87338505099996],[138.65109843200003,-34.873530753999944],[138.65065370800005,-34.87363692499997],[138.65019353900004,-34.873746782999945],[138.65004601600003,-34.873782001999984],[138.65004554300003,-34.873782164999966],[138.64958022100006,-34.873942589999956],[138.64957900800005,-34.87394300799997],[138.6489310080001,-34.87413999599994],[138.64880390100006,-34.874194501999966],[138.6483060170001,-34.874408004999964],[138.64819559400007,-34.87454253599998],[138.64767276700002,-34.87517951099994],[138.64739448400007,-34.87563925499995],[138.64736800000003,-34.875683006999964],[138.64736686800006,-34.87568527899998],[138.6471407250001,-34.87613923099997],[138.6470940160001,-34.876232992999974],[138.64715958500005,-34.87630895899997],[138.64761215600004,-34.87683328299994],[138.64767424000001,-34.87690520999996],[138.64792123900008,-34.87725983699994],[138.64794787200003,-34.87729807599993],[138.6481787250001,-34.877494970999976],[138.6483980160001,-34.87768200599993],[138.6487476320001,-34.87810050199994],[138.6488558970001,-34.87823009699997],[138.64886,-34.87823500899998],[138.64896420700006,-34.878526146999945],[138.6491344000001,-34.87900162899996],[138.6490481620001,-34.87907738999996],[138.64891257200009,-34.87919650499998],[138.6489120000001,-34.87919700799995],[138.64865600000007,-34.879685000999984],[138.6486545450001,-34.87968693799996],[138.6483759990001,-34.880057997999984],[138.64836935800008,-34.880073471999935],[138.64817488000006,-34.88052654699993],[138.6481433670001,-34.88087361999993],[138.64814113800003,-34.880898188999936],[138.64811999900007,-34.881130997999946],[138.64812135300008,-34.88115347099995],[138.64814601600006,-34.88156299199994],[138.64804984800003,-34.881902587999946],[138.64786000000004,-34.88257299899993],[138.6478597050001,-34.88257457699996],[138.64768960000004,-34.88348214399997],[138.64783699200007,-34.88322399599997],[138.64775792000012,-34.88354158499993],[138.64759517700008,-34.88408736799994],[138.64754400000004,-34.88425899699996],[138.64714981200007,-34.88440704699997],[138.6466103780001,-34.884609646999934],[138.64655334400004,-34.884631068999965],[138.6454847550001,-34.884659847999956],[138.64547900800005,-34.884660001999976],[138.6441940530001,-34.884977280999976],[138.6441024510001,-34.88499989899998],[138.64409801600004,-34.885000994999984],[138.64402173400003,-34.885117753999964],[138.643733558,-34.88555883699996],[138.64372723300005,-34.885568518999946],[138.64372607000007,-34.88546956999994],[138.64372601600007,-34.88546499299997],[138.64369490800004,-34.88548266099997],[138.64367851400004,-34.885491970999965],[138.64327481600003,-34.885721253999975],[138.64299836700002,-34.88581458599998],[138.6429816740001,-34.88582022199995],[138.64292899200007,-34.88583800799995],[138.6424013410001,-34.885754686999974],[138.64239822000002,-34.88575419399996],[138.64239699200004,-34.88575399999996],[138.64239648000012,-34.88575401799994],[138.64229382300005,-34.88575750599995],[138.64179135400002,-34.88577458399993],[138.64169100800007,-34.885777993999966],[138.64132383300011,-34.88604701199995],[138.64091456300002,-34.88634687199993],[138.64070436500003,-34.886500876999946],[138.64069600000005,-34.88650700499994],[138.64061395200008,-34.88662205099996],[138.64025929600007,-34.887119336999945],[138.63988674100005,-34.88764170099995],[138.63978280700007,-34.88778742799997],[138.6396689920001,-34.88794700899996],[138.6395864860001,-34.88796830599995],[138.6394944100001,-34.88799207399995],[138.63845632800007,-34.88826003799994],[138.63834800000006,-34.88828800099998],[138.63830183900006,-34.88825311699998],[138.637865056,-34.887923032999936],[138.63766525300002,-34.887772025999936],[138.63765200000012,-34.88776200899997],[138.63690134400008,-34.88720271699998],[138.63637625600006,-34.88710137299995],[138.63520745800008,-34.88735127899997],[138.63519001600002,-34.887355008999975],[138.6349051640001,-34.88709876599995],[138.6335670090001,-34.88589500699993],[138.6335672990001,-34.885894263999944],[138.63356768100005,-34.885893289999956],[138.6336191680001,-34.88576152999997],[138.62784976700004,-34.88060547499998],[138.6264550080001,-34.87935899299998],[138.6266682690001,-34.87919535899994],[138.62700631100006,-34.87893597999994],[138.63285206400008,-34.87445055599994],[138.6328810880001,-34.874428558999966],[138.63408601600008,-34.873510514999964],[138.63494300800005,-34.87285751999997],[138.63606697600005,-34.872001506999936],[138.63702496000008,-34.87127247799998],[138.64673248000008,-34.86392390799995],[138.64877977600008,-34.86237412599996],[138.65012275200002,-34.861357494999936],[138.65103660800003,-34.860591743999976],[138.6517080960001,-34.86009712699996],[138.65250291200005,-34.85949008599994],[138.65372256000012,-34.85856826899993],[138.65465440000003,-34.85784882199994],[138.6555744640001,-34.857230552999965],[138.66120476700007,-34.861524790999965],[138.661437728,-34.86185079799998],[138.66164329600008,-34.862300457999936],[138.66168438400007,-34.86282881799997],[138.6615473600001,-34.86363819299993],[138.66136918400002,-34.86429020799994]]]},"properties":{"School_Name":"Klemzig Primary School","ENTITY_CODE":898,"zoneType":"primary"}},{"type":"Feature","geometry":{"type":"Polygon","coordinates":[[[138.60374505800007,-34.63401163899994],[138.604048991,-34.63410299499998],[138.60445957500008,-34.63391042999996],[138.60521100800008,-34.63355800399995],[138.60576499100011,-34.633433998999976],[138.60601018600005,-34.63352186099996],[138.6061249920001,-34.633562998999935],[138.60622201600006,-34.63367399899994],[138.60635100800005,-34.63403199299995],[138.60665500800008,-34.63422200599996],[138.60680899200008,-34.63424500199994],[138.6071755910001,-34.63421181299998],[138.60775900800002,-34.63415899499995],[138.60784590600008,-34.63412454099995],[138.608373797,-34.633915239999965],[138.60878300800005,-34.63375299399996],[138.60905538600002,-34.63395075699998],[138.6090860160001,-34.633972995999954],[138.6092809920001,-34.63492800299997],[138.6096630070001,-34.63523199499997],[138.60974099200007,-34.63524000599995],[138.60988601600002,-34.635147004999965],[138.61030642600008,-34.63487896699996],[138.6121540150001,-34.633701008999935],[138.61238000000003,-34.63367799599996],[138.6123960000001,-34.633788994999975],[138.61247599900003,-34.63385400399994],[138.6126129920001,-34.63390800499997],[138.61264936200007,-34.63394144899996],[138.61272499200004,-34.63401099399994],[138.612736992,-34.63439799599996],[138.6127860160001,-34.63601299099997],[138.61284783200006,-34.63808966199997],[138.6129140160001,-34.64031300199997],[138.61294898500012,-34.64201954299995],[138.61302898300005,-34.64592357699996],[138.61302899200007,-34.645923995999965],[138.6144075840001,-34.64570726399995],[138.61526800000001,-34.645571995999944],[138.6170540160001,-34.64529199799995],[138.61382854700003,-34.65038191499997],[138.61305943500008,-34.65159560199993],[138.6128000000001,-34.65200500199995],[138.6126416510001,-34.65225475999995],[138.61191347400006,-34.653403286999946],[138.61136264000004,-34.65427209699993],[138.61135001600007,-34.65429200799997],[138.61133200100005,-34.65442200799998],[138.61133600100004,-34.65452299999998],[138.61211239800002,-34.654851461999954],[138.61690724000005,-34.65687996199995],[138.6224550080001,-34.65922699399994],[138.62314601600008,-34.65813299699994],[138.628471009,-34.66049300499998],[138.62811699100007,-34.66168000199997],[138.63382601600006,-34.664233001999946],[138.62786332100006,-34.67349953899998],[138.62783600000012,-34.67354199899995],[138.60427500900005,-34.71093199599994],[138.59858899100004,-34.71997300299995],[138.5983590080001,-34.72026600499993],[138.59785801600003,-34.722091992999935],[138.59700099200006,-34.723473997999974],[138.58932175300004,-34.73206209399996],[138.58931200000006,-34.73207300099995],[138.58759001600004,-34.73198999199997],[138.58627801600005,-34.73203899899994],[138.586250768,-34.732033773999945],[138.58520899200005,-34.731833999999935],[138.58343923400002,-34.73237739299998],[138.58283801700009,-34.73256199299993],[138.5828180210001,-34.732504296999934],[138.5751929920001,-34.71050200099995],[138.57510499300008,-34.71024999499997],[138.57480300800012,-34.70935500199994],[138.5745060160001,-34.70846100799997],[138.57420000000002,-34.70757300699995],[138.57375900800002,-34.70626300499998],[138.57374700800005,-34.70622800199993],[138.5735990080001,-34.705783002999965],[138.5732830080001,-34.70486000099993],[138.57304800000009,-34.70414599299994],[138.5730289920001,-34.70408899499995],[138.57298400000002,-34.703951003999975],[138.57268601600003,-34.70308599899994],[138.5723049920001,-34.70195599999994],[138.57216000000005,-34.70151899299998],[138.57209500800002,-34.701319008999974],[138.57177100800004,-34.70038799599996],[138.57145900700004,-34.69944799299998],[138.57114,-34.69851100499994],[138.57085500800008,-34.69769700399996],[138.57051900800002,-34.69686000899998],[138.57033199900002,-34.696463997999956],[138.57023299200011,-34.69627400299993],[138.56997200000012,-34.69577400399993],[138.56983500800004,-34.695536999999945],[138.56962499300005,-34.69519800599994],[138.56916,-34.69444599899998],[138.56875100800005,-34.69387899299994],[138.56819699200003,-34.69319299499995],[138.56800800000008,-34.69295900599997],[138.56787299200005,-34.69281000799998],[138.56759001600005,-34.69249700599994],[138.56749600000012,-34.692392998999935],[138.56697699100005,-34.69186500799998],[138.5660670090001,-34.69105100899998],[138.56584099200006,-34.69084900799993],[138.56504700800008,-34.690232994999974],[138.56432700800008,-34.68972600199993],[138.56367100800003,-34.68930599699996],[138.56206400000008,-34.68834699399997],[138.56089299200005,-34.68765300399997],[138.56025001600005,-34.68726899799998],[138.559344,-34.686735994999935],[138.55761001500002,-34.68570900499998],[138.55718700800003,-34.685461991999944],[138.55677401600008,-34.68519799699993],[138.55623100800005,-34.68482100499995],[138.55523699200012,-34.68406200499993],[138.554872992,-34.68375999299997],[138.55467100700002,-34.68380400399997],[138.55419200000006,-34.68332699999996],[138.5538640000001,-34.68300199199996],[138.55357801600007,-34.682732002999956],[138.55245900800003,-34.68140999299993],[138.551331999,-34.679707992999965],[138.5508700160001,-34.67881899399998],[138.55004499200004,-34.67669800599998],[138.54917100800003,-34.67413699499997],[138.54737100800003,-34.668829992999974],[138.54699500800007,-34.667344997999976],[138.54624400000012,-34.66511400899998],[138.54553699200005,-34.66276199299995],[138.54496800000004,-34.66072699299997],[138.54388000100005,-34.65734299099995],[138.54315699200004,-34.65536500799993],[138.5421480000001,-34.653386007999984],[138.54098700800012,-34.65157300799996],[138.53917001600007,-34.64933099299998],[138.5361340170001,-34.64642499399997],[138.534646016,-34.644818990999966],[138.53239001600002,-34.641347003999954],[138.5314249920001,-34.63944499999997],[138.53151401600007,-34.639445998999975],[138.53226800000004,-34.63943199499994],[138.53332899200007,-34.639698005999946],[138.53525900800003,-34.637735007999936],[138.53509200000008,-34.637167002999945],[138.53520400000002,-34.63703700299993],[138.53575699200007,-34.63698200199997],[138.53683500800003,-34.63718999899993],[138.53699299200002,-34.63705400499998],[138.53742499200007,-34.635892000999945],[138.5379020160001,-34.63528199999996],[138.5388569910001,-34.63548999599993],[138.5393929920001,-34.63576300099993],[138.53953801600005,-34.63600300099995],[138.5397460160001,-34.63665799299997],[138.53946899200002,-34.63775500699995],[138.53947599900005,-34.63791900899997],[138.54057500800002,-34.639592999999934],[138.54086800000005,-34.639793002999966],[138.54332499200007,-34.63956199399996],[138.54445001600004,-34.63931000499997],[138.54582601700008,-34.63822899499996],[138.54680000000008,-34.63810299199997],[138.5470529920001,-34.63790200799997],[138.5468800000001,-34.63695199599994],[138.54690099200002,-34.63679999899995],[138.5471780150001,-34.63652100099995],[138.54799100800005,-34.636459007999974],[138.54812700800005,-34.63639100199998],[138.5481880000001,-34.636225998999976],[138.54819600000008,-34.63604299799994],[138.5483900160001,-34.63598499999995],[138.54854099300007,-34.63585799799995],[138.5486510080001,-34.63562800599993],[138.54877500700002,-34.63552399899993],[138.5489260160001,-34.63539699699993],[138.54907801600007,-34.63535100499996],[138.54936899100005,-34.635360995999974],[138.5496460170001,-34.63539399999996],[138.54993801600006,-34.63547299499993],[138.55020201500008,-34.63559699999996],[138.5505350080001,-34.63569900799996],[138.55081299200003,-34.635835001999965],[138.551312993,-34.63598100399997],[138.55157699200004,-34.63615199999998],[138.55179999900008,-34.63628799399993],[138.55180099300003,-34.63654000099996],[138.55176099300002,-34.63673500899995],[138.5517769920001,-34.63704399599993],[138.5517360010001,-34.637204001999976],[138.55180700800008,-34.63740999999993],[138.5518910090001,-34.637489993999964],[138.55221001600012,-34.63756800799996],[138.5525560000001,-34.63756699099997],[138.55276400000002,-34.637589005999985],[138.5529449920001,-34.63769099599995],[138.55318099200008,-34.63783899699996],[138.5534449920001,-34.63792899899994],[138.55366700900004,-34.63792799999993],[138.55379100800008,-34.63784700699995],[138.55388700800006,-34.63767499299996],[138.55392700800007,-34.637446000999944],[138.55399500800002,-34.63722799699997],[138.5540910080001,-34.63713599699997],[138.55432601600012,-34.63703200799995],[138.55451900800006,-34.636928001999934],[138.55472601600002,-34.63682399399994],[138.5549329920001,-34.63674300099996],[138.55503001600005,-34.63672000599996],[138.55536400000005,-34.63685499999997],[138.55572400000005,-34.636933994999936],[138.55586300800007,-34.63694500299994],[138.55604300800007,-34.63694400299994],[138.55619500800003,-34.63693099799997],[138.5563620160001,-34.63699900399996],[138.55655699300007,-34.63710099399998],[138.55673801600005,-34.63722599899995],[138.55682201600007,-34.63740900099998],[138.55694899200012,-34.63776399799997],[138.55704601600007,-34.637854998999956],[138.55721299200002,-34.63791099799994],[138.55735200000004,-34.63791099799994],[138.55753200000004,-34.63797800599997],[138.55770000000007,-34.638114997999935],[138.5578390080001,-34.63820599899998],[138.55803401600008,-34.638353999999936],[138.5581180160001,-34.63849099199996],[138.55828400000007,-34.63861599599994],[138.55849299200008,-34.638763995999966],[138.55871600000012,-34.63883100399994],[138.5588820150001,-34.63889899099996],[138.5591460160001,-34.638978003999966],[138.55939500800002,-34.63893099499995],[138.5595609930001,-34.63885000299996],[138.55976800000008,-34.638688996999974],[138.55996000000005,-34.638435991999984],[138.5600830080001,-34.63819499199997],[138.56022000100006,-34.63797700699996],[138.56033001600008,-34.637873998999964],[138.5603849910001,-34.63780399399997],[138.56046800000001,-34.637736006999944],[138.56062000000009,-34.637677990999975],[138.56081299200002,-34.63761899399998],[138.56095100800007,-34.63757300299994],[138.56111699200005,-34.637525994999976],[138.56133900800012,-34.63750200099997],[138.56151801600004,-34.637375996999936],[138.5618500160001,-34.63728199899998],[138.5620560000001,-34.63712099299994],[138.56216700800007,-34.63701800399997],[138.5622760000001,-34.636856997999985],[138.56238601600012,-34.636650000999964],[138.5623569920001,-34.63643299699993],[138.56230000000005,-34.63629600399997],[138.56224400000008,-34.63615799399997],[138.56218700800002,-34.63596400299997],[138.562158016,-34.63579300699996],[138.56222700900003,-34.635677992999945],[138.56246201600004,-34.63558499399994],[138.5626550080001,-34.63549299299996],[138.56291801600003,-34.63538800499998],[138.56316601600008,-34.63531800199996],[138.5635550080001,-34.63539699599994],[138.5638190080001,-34.63550999399996],[138.56405500800008,-34.63559999699993],[138.56430499200007,-34.63571399399996],[138.56441699200002,-34.635861992999935],[138.56476400100007,-34.635985998999956],[138.56501401600008,-34.636076000999935],[138.5652080000001,-34.63604099999998],[138.565332,-34.63591499599994],[138.56540000000007,-34.63574300099998],[138.565468,-34.63555900199998],[138.56552201600005,-34.63533000799998],[138.56553401600002,-34.63510099599995],[138.5655609920001,-34.63499800699998],[138.5657409920001,-34.634939989999964],[138.56599001600011,-34.63492700299997],[138.56615801600003,-34.63521199699994],[138.56620099200006,-34.63533799999993],[138.56613200000004,-34.635475990999964],[138.5661329930001,-34.63556799099996],[138.5661329930001,-34.63563599799994],[138.56635500800007,-34.635657993999985],[138.56665999900008,-34.63565599699996],[138.56693699100003,-34.635644008999975],[138.5671440000001,-34.63560800699997],[138.56735200000003,-34.635607008999955],[138.56756000000007,-34.635651999999936],[138.5677129920001,-34.635696991999964],[138.5678380160001,-34.635777004999966],[138.56801900800008,-34.635935993999965],[138.56815900900006,-34.63607300499996],[138.5682969920001,-34.63608399399993],[138.56842099100004,-34.635980004999965],[138.56864099200004,-34.63567000099994],[138.5688740160001,-34.63535899799996],[138.56894300800002,-34.63525600799994],[138.56906700800005,-34.63519799199997],[138.56923299200002,-34.635186003999934],[138.5695240010001,-34.63524200399996],[138.56967699200004,-34.635286995999934],[138.56999600000006,-34.63531999899993],[138.57024601500007,-34.63541000099997],[138.57048201500004,-34.63542099099993],[138.57070201600004,-34.63528199999996],[138.57089599900007,-34.63522400299996],[138.57109001600008,-34.63520000799997],[138.5712289920001,-34.63530299799993],[138.5712990080001,-34.63535899799996],[138.5714940150001,-34.63555300699994],[138.571592,-34.63572400299995],[138.57167600000002,-34.63590700499998],[138.57167699100012,-34.636043996999945],[138.57184400000006,-34.63607799999994],[138.57201001600004,-34.63605400499995],[138.57231401600006,-34.63605400499995],[138.57246201600003,-34.63605400499995],[138.57290601600005,-34.63589499799997],[138.5731129930001,-34.63591499599994],[138.5734260160001,-34.63587200199993],[138.5743920000001,-34.63611100399993],[138.57463200000007,-34.63613000299995],[138.5753360010001,-34.635935993999965],[138.57600201500009,-34.635961005999945],[138.57613500800005,-34.636030991999974],[138.57663801700005,-34.636927001999936],[138.57691001700005,-34.637875995999934],[138.57738300800008,-34.63833300199997],[138.57796099200004,-34.63859300099995],[138.5782790080001,-34.638593999999955],[138.57916300800002,-34.63797399099997],[138.57973900900004,-34.63793599199994],[138.57994400000007,-34.63799800399994],[138.58133001600004,-34.63890799999996],[138.58212000000003,-34.63908299199994],[138.58330499200008,-34.63870300199994],[138.58472201600011,-34.63851999999997],[138.58667200000002,-34.638409998999975],[138.58697200000006,-34.63834099299993],[138.58771001700006,-34.638112999999976],[138.58780000000002,-34.63811699599995],[138.58810800000003,-34.63806599199995],[138.58899600000007,-34.638569005999955],[138.5902480000001,-34.63895900499995],[138.59052000000008,-34.638999000999945],[138.591936991,-34.63776899299995],[138.59221500800004,-34.636391999999944],[138.59250400000008,-34.635961006999935],[138.59390354000004,-34.634743621999974],[138.59405600000002,-34.634611004999954],[138.59425544300007,-34.634565420999934],[138.5945460150001,-34.63449900599994],[138.5948478360001,-34.63451112499996],[138.59506899200005,-34.63452000299998],[138.59514946100012,-34.63458347999995],[138.59524899200005,-34.63466199099997],[138.59551632300008,-34.63500247199994],[138.59585200100003,-34.635430000999975],[138.59610899300003,-34.63554999199994],[138.59648300800006,-34.63554699399998],[138.5969150080001,-34.63511699899993],[138.59683478600004,-34.63437648799993],[138.59680201600008,-34.634074004999945],[138.5972363730001,-34.63362078499995],[138.59733200000005,-34.63352100399993],[138.5974942260001,-34.633490292999966],[138.5978452050001,-34.63342384899994],[138.5982670080001,-34.63334399599995],[138.599544379,-34.63284747899996],[138.600036992,-34.63265599999994],[138.60061699200003,-34.63263600099998],[138.60110201500004,-34.632797005999976],[138.60142499200003,-34.63355300899997],[138.6014380470001,-34.63356523599998],[138.60167280300004,-34.633785141999965],[138.60171001600008,-34.63382000099995],[138.601895043,-34.63382359399998],[138.6019910330001,-34.63382545699994],[138.60320400000012,-34.63384900899996],[138.60374505800007,-34.63401163899994]]]},"properties":{"School_Name":"Virginia Primary School","ENTITY_CODE":455,"zoneType":"primary"}},{"type":"Feature","geometry":{"type":"Polygon","coordinates":[[[138.52096099200003,-34.99066500199996],[138.5210320000001,-34.991600990999984],[138.524388992,-34.99142200399996],[138.5266009920001,-34.99126799099997],[138.52672099300003,-34.99143800699994],[138.5297720000001,-34.99573200499998],[138.52978899200002,-34.995754999999974],[138.53035100700004,-34.99654500599996],[138.53046099200003,-34.99669899999998],[138.53035801600004,-34.99670499399997],[138.53001699200001,-34.99672499199994],[138.52932800100007,-34.99675899599998],[138.52969001600002,-35.00172400699995],[138.5307600000001,-35.001677996999945],[138.530828992,-35.00167499999998],[138.5310089930001,-35.00412599099997],[138.53128099200012,-35.00763399799996],[138.53142601600007,-35.00949900099994],[138.53045088500005,-35.00954994299997],[138.53045027200005,-35.00954528799997],[138.52965328000005,-35.00958730199994],[138.52796428800002,-35.009674306999955],[138.52790131200004,-35.00967732299995],[138.526326336,-35.00975835299994],[138.52441036800008,-35.00986237799998],[138.5233923520001,-35.009921392999956],[138.52313917800006,-35.009932411999955],[138.52243299200006,-35.00995500799996],[138.52232952500003,-35.00866610299994],[138.5222863680001,-35.00809339099993],[138.52226832000008,-35.00785638699995],[138.5185243850001,-35.00805244999998],[138.51619446300003,-35.008175456999936],[138.51565046400003,-35.00820348299993],[138.5153944640001,-35.00821548999994],[138.51447846400004,-35.00826349699997],[138.5134584960001,-35.00831649999998],[138.51223024,-35.00838598499996],[138.51223064300007,-35.008388217999936],[138.51221600000008,-35.008389000999955],[138.51200499200002,-35.008401007999964],[138.5116500160001,-35.008420006999984],[138.51164899200012,-35.008420006999984],[138.51118400000007,-35.008445000999984],[138.51081801600003,-35.00846599899995],[138.5107680000001,-35.008306990999984],[138.51075500800005,-35.00820599999997],[138.51073200000008,-35.00810099299997],[138.51070000000004,-35.007933993999984],[138.51069699200002,-35.00789399699994],[138.51069500800008,-35.00785999399994],[138.51063401600004,-35.00773400899993],[138.5105840000001,-35.00760299199993],[138.51055699200003,-35.00750699599996],[138.5105220160001,-35.00739399699995],[138.5104920000001,-35.00729899999993],[138.5104560000001,-35.00721199399993],[138.5104040000001,-35.007031007999956],[138.5104009920001,-35.00684399299996],[138.51036899200005,-35.006657992999976],[138.5103560010001,-35.00653500499993],[138.51029100800008,-35.00634900699998],[138.51030000000003,-35.00614600599994],[138.51025900900004,-35.00604299799994],[138.51020000000005,-35.00587200299998],[138.5101689920001,-35.00568800199994],[138.51008201500008,-35.00557999899996],[138.51007600000003,-35.00537300299993],[138.51004700800002,-35.00513400099993],[138.5099710080001,-35.004942006999954],[138.50999100800004,-35.00483899999995],[138.509970016,-35.00476699799998],[138.5099559990001,-35.00452999399994],[138.5099710080001,-35.00448799999998],[138.50996601600002,-35.00437000499994],[138.50998800000002,-35.00413100399993],[138.510014016,-35.004058003999944],[138.5100110080001,-35.00400500199993],[138.5100110080001,-35.00399700899993],[138.510003008,-35.00377700699994],[138.51002300800008,-35.00364299199998],[138.51000499300005,-35.00351700699997],[138.5099780160001,-35.00334599399997],[138.51000499300005,-35.00319599599993],[138.5100110080001,-35.00305199199994],[138.51000499300005,-35.00291599899998],[138.50999199900002,-35.002815005999935],[138.50999001600007,-35.00280399999997],[138.5099929920001,-35.002673999999956],[138.5099820160001,-35.002541002999976],[138.50997699200002,-35.00248100799996],[138.50998000100003,-35.00241100399995],[138.50996499200005,-35.002174999999966],[138.50996800100006,-35.002063000999954],[138.50989200000004,-35.00187500399994],[138.50989600000003,-35.00181700599995],[138.50987100800012,-35.00168900399996],[138.50985199900003,-35.00163700099995],[138.50980700800005,-35.001412003999974],[138.50984000000005,-35.00122500599997],[138.50981900800002,-35.001109991999954],[138.50979500800008,-35.00087100899998],[138.509834016,-35.00078999699997],[138.50983699100004,-35.00068299299994],[138.509815999,-35.000579003999974],[138.5098460170001,-35.00039899899997],[138.50985199900003,-35.00035900199998],[138.5098719990001,-35.00014900899998],[138.50988800000005,-35.000023004999946],[138.50986499200008,-34.99987400699996],[138.50990000000002,-34.99972500699994],[138.50991401500005,-34.99960499799994],[138.5099160000001,-34.99949599599995],[138.50992899200003,-34.99935299099997],[138.5099409920001,-34.99915600299994],[138.50995001500007,-34.99895300199995],[138.50991699200006,-34.998867993999966],[138.50988000000007,-34.99869400299997],[138.50989100800007,-34.99865999899998],[138.50993600000004,-34.99852100999993],[138.50987001600004,-34.998362001999965],[138.50987801600002,-34.99828899999994],[138.5098640000001,-34.998198997999964],[138.50980601600008,-34.99801100099995],[138.50983001600002,-34.99796499099995],[138.50979401600011,-34.997838006999984],[138.50974800000006,-34.99775499799995],[138.5097360000001,-34.99762100299995],[138.50970400000006,-34.99750199199997],[138.50966700800006,-34.99729799199997],[138.50959001600006,-34.99708799899997],[138.50948000000005,-34.99690799399997],[138.50949801500008,-34.99672499199994],[138.509484992,-34.99660999599996],[138.5094640000001,-34.99648399199998],[138.50942499100006,-34.99630999999994],[138.50937699200006,-34.99619300599994],[138.50936700800003,-34.995931008999946],[138.509348992,-34.99581599399994],[138.50928700800011,-34.995572996999954],[138.5092249920001,-34.99532900099996],[138.50921600000004,-34.99522599199997],[138.5092329910001,-34.99513299299997],[138.50922201700007,-34.99490499899997],[138.50921699200012,-34.99466699599998],[138.5091960000001,-34.994485991999966],[138.50919299100008,-34.99433299799995],[138.5091670070001,-34.994126000999984],[138.5091329920001,-34.99399000699998],[138.50913199900003,-34.993867000999956],[138.50914000000012,-34.99377599899998],[138.5091150080001,-34.99364799699998],[138.5090630090001,-34.99349100699993],[138.50906400000008,-34.99330199299993],[138.50902800000006,-34.99318399899994],[138.50905500800002,-34.993097992999935],[138.50901500800012,-34.992939003999936],[138.5089790080001,-34.992864004999944],[138.50898400000005,-34.99268899499998],[138.50898499200002,-34.99258900299998],[138.50896899200006,-34.99252099699993],[138.5089529930001,-34.992402004999974],[138.50894099200002,-34.992282993999936],[138.5089310080001,-34.99222100099996],[138.5088910080001,-34.99202800899997],[138.50887299200008,-34.99194699699996],[138.50885100900007,-34.991847004999954],[138.5088580160001,-34.991726995999954],[138.50883401500005,-34.99161799299998],[138.50881500900005,-34.99154599099995],[138.508808992,-34.991487993999954],[138.50864700800003,-34.99092500199998],[138.50966399900005,-34.99087399199993],[138.51072700800012,-34.99081899699996],[138.51226000000008,-34.990748992999954],[138.5123880000001,-34.99065199699993],[138.51291600000002,-34.990629000999945],[138.513122016,-34.99075100899995],[138.5134020160001,-34.99073800399998],[138.51362499200002,-34.99059399999993],[138.513934016,-34.99057499899993],[138.5209289920001,-34.99020200299998],[138.52096099200003,-34.99066500199996]]]},"properties":{"School_Name":"Paringa Park Primary School","ENTITY_CODE":668,"zoneType":"primary"}},{"type":"Feature","geometry":{"type":"Polygon","coordinates":[[[138.53673891200003,-34.96194674999998],[138.53686838400006,-34.963774178999984],[138.53691344000003,-34.96432381499994],[138.53697568000007,-34.96518493399998],[138.5370117760001,-34.965690723999955],[138.53704448100007,-34.96615052299995],[138.53711696000005,-34.967189075999954],[138.53713897600005,-34.96750107899993],[138.53716864000012,-34.96792543099997],[138.53722281600005,-34.96870385699998],[138.5375198710001,-34.97279396599998],[138.53754524800001,-34.973190124999974],[138.5377099520001,-34.97505869899993],[138.5373865140001,-34.97522574699997],[138.53695705600012,-34.975447549999956],[138.53691708700012,-34.97546771499998],[138.5353067840001,-34.975547967999944],[138.5324252480001,-34.975690732999965],[138.51266740200003,-34.97667341299996],[138.51212764700006,-34.97670025899998],[138.51028323200012,-34.97721096999993],[138.5102832240001,-34.977210946999946],[138.50958313600006,-34.97531523799995],[138.51107638500002,-34.97437630799993],[138.51111481500004,-34.97401331899994],[138.511352256,-34.973546933999955],[138.51118060700003,-34.97314875799998],[138.51106816000004,-34.97252852699995],[138.5103490250001,-34.96875306599998],[138.50880278400007,-34.96437779699994],[138.5119620800001,-34.96415176399995],[138.51388105600006,-34.96407798699994],[138.51655062400005,-34.96390181099997],[138.51652832000002,-34.96356019099994],[138.516649152,-34.96269414999995],[138.51739324800008,-34.96279069999997],[138.5204877440001,-34.96258527699996],[138.52114617600012,-34.962395836999974],[138.52334230400004,-34.96106668599998],[138.52753769700007,-34.95848791599997],[138.53647478400012,-34.95801956899993],[138.53652316800003,-34.958713245999945],[138.5366010240001,-34.95972599099997],[138.5366148810001,-34.96009482499994],[138.53657024000006,-34.960278992999974],[138.53660553600002,-34.960603814999956],[138.5366931200001,-34.96182030199998],[138.53673891200003,-34.96194674999998]]]},"properties":{"School_Name":"St Leonards Primary School","ENTITY_CODE":391,"zoneType":"primary"}},{"type":"Feature","geometry":{"type":"Polygon","coordinates":[[[138.60726014800002,-34.94775897399995],[138.60726086400007,-34.94776816399997],[138.60939683100003,-34.947658144999934],[138.6102868470001,-34.947612135999975],[138.61164681600007,-34.94754211299994],[138.61324678300002,-34.94745910299997],[138.6140627840001,-34.94741707199995],[138.6158887360001,-34.94732205599996],[138.61594572800004,-34.94738806299995],[138.61595574400008,-34.94747305299995],[138.61599372800003,-34.94747105399995],[138.61602275200005,-34.947839055999964],[138.61604774300008,-34.94783705799995],[138.61604972800012,-34.947869063999974],[138.6160537280001,-34.94792106699998],[138.61609174400007,-34.94844306299996],[138.61609875200008,-34.94854105799993],[138.61610774400003,-34.94865705199993],[138.6161317760001,-34.94897005399997],[138.61618377600007,-34.94963505599998],[138.6162157760001,-34.950059056999976],[138.6162598080001,-34.950623065999935],[138.6163078080001,-34.95124005899993],[138.6163368000001,-34.95161405599998],[138.61638784000002,-34.95227705899998],[138.61640083200007,-34.952448053999944],[138.61912278400007,-34.952305029999934],[138.6195437760001,-34.95228401399993],[138.6196747240001,-34.95234266499995],[138.61977376000004,-34.95238702199998],[138.62031580100006,-34.952359497999964],[138.62060076800003,-34.95234502699998],[138.621651777,-34.95229032399993],[138.62166073600008,-34.952293004999945],[138.6216717950001,-34.95243264299995],[138.62168225100004,-34.95256467699994],[138.6216827510001,-34.95257100499998],[138.62530844900004,-34.95239869899996],[138.62551007000002,-34.95238911699994],[138.6255136640001,-34.952388946999974],[138.62551369200003,-34.95238930399995],[138.6255356800001,-34.95266794499997],[138.62558288000002,-34.953285638999944],[138.62562569600004,-34.95384595099995],[138.6257087360001,-34.95485995499996],[138.62570972800006,-34.954864949999944],[138.6257487360001,-34.95536095299997],[138.62578172700012,-34.95577194899994],[138.625869759,-34.956873938999934],[138.62354979200006,-34.95697398599998],[138.6222888320001,-34.957033001999946],[138.620990849,-34.95709401399995],[138.6198308810001,-34.95714603599998],[138.61884086400005,-34.957191045999934],[138.6177408960001,-34.95724005399995],[138.61689689600007,-34.95727807199995],[138.61617692800007,-34.957314071999974],[138.61481097600006,-34.95738609199998],[138.61241200000006,-34.95750913599994],[138.6101630390001,-34.957625148999966],[138.60807305600008,-34.95773318899995],[138.60813004800002,-34.95838618399995],[138.60816508800008,-34.95879418299995],[138.60822809600006,-34.95981819499997],[138.608248096,-34.96013818999995],[138.6082861120001,-34.96077218499994],[138.60834611100006,-34.96171018999996],[138.60839516800002,-34.96229417999996],[138.60841715200002,-34.96261219399997],[138.60848915200006,-34.963566183999944],[138.60850518300003,-34.96385519199998],[138.60854118400005,-34.964512180999975],[138.60854118400005,-34.96464919299996],[138.608601216,-34.965474180999934],[138.60704620800004,-34.965548199999944],[138.60659526300003,-34.96556921599995],[138.60551424000005,-34.96562022099994],[138.60417728000004,-34.965682250999976],[138.60331129500003,-34.96572326599994],[138.60248732800005,-34.96576226399998],[138.60248630400008,-34.965753252999946],[138.59890669600009,-34.96593176899995],[138.59890390400005,-34.96593190899995],[138.59851625600004,-34.960634340999945],[138.59795708800004,-34.96065402499994],[138.597699776,-34.95980246999994],[138.59753420900006,-34.95768630999993],[138.59747923200007,-34.95696331199997],[138.5974081920001,-34.95604831999998],[138.5973641920001,-34.95537832399998],[138.59729216000005,-34.954347319999954],[138.597253152,-34.95384432299994],[138.5972281600001,-34.95356031099993],[138.59864412800005,-34.95348429499995],[138.5986171190001,-34.95316429999997],[138.59934908800005,-34.95312827999993],[138.59991808000007,-34.953099271999974],[138.5998800960001,-34.95249928099997],[138.599850048,-34.95209227999993],[138.59981107200008,-34.95157328099998],[138.59973907100004,-34.95059727699993],[138.59971302400004,-34.95024827399993],[138.59964003200002,-34.94926126299998],[138.5995969930001,-34.94867825299997],[138.5995859840001,-34.94853726399998],[138.59957999900007,-34.94845225699993],[138.59951798400004,-34.94761426399998],[138.59950400000002,-34.94742426799996],[138.5994609600001,-34.946836263999955],[138.5993249280001,-34.94501025799997],[138.59925292800006,-34.94387626399998],[138.59922291200007,-34.943407270999955],[138.5993538880001,-34.94322826399997],[138.59970588800002,-34.94264623599997],[138.59971689600002,-34.94262923399998],[138.59981990400001,-34.94242523599996],[138.60021587100005,-34.941504248999934],[138.60022387200002,-34.94148724799993],[138.60026086300002,-34.94135425199994],[138.600271872,-34.94131723299995],[138.60059283200007,-34.94130522599994],[138.60135683200008,-34.941264229999945],[138.60215382400008,-34.941220200999965],[138.6037688,-34.941139188999955],[138.60519676700005,-34.94106816699997],[138.60673743400002,-34.94099026999993],[138.60673974400004,-34.94099015299997],[138.60674073600012,-34.94099914399993],[138.60692681600005,-34.943306148999966],[138.60698579100006,-34.94409215899998],[138.6070208000001,-34.94456516699995],[138.60702281600004,-34.94459916999995],[138.6070908480001,-34.94549516199993],[138.60714083200003,-34.94616417799995],[138.60716182400006,-34.946450169999935],[138.60718486400003,-34.94676017399996],[138.607203872,-34.947019173999934],[138.60720688000004,-34.94704716499996],[138.60721088100001,-34.94710817699996],[138.60724288000006,-34.947537172999944],[138.60726014800002,-34.94775897399995]]]},"properties":{"School_Name":"Unley Primary School","ENTITY_CODE":447,"zoneType":"primary"}},{"type":"Feature","geometry":{"type":"Polygon","coordinates":[[[138.49877792000007,-34.81212214999994],[138.4989719040001,-34.81218312599998],[138.499021921,-34.812168122999935],[138.49918291200004,-34.81211913499993],[138.499271904,-34.812092124999936],[138.50005689600005,-34.81210011699994],[138.50130688000002,-34.81210908799994],[138.50130988800004,-34.81222408499997],[138.50127190400008,-34.81414608699998],[138.501266944,-34.81586510699998],[138.50126496000007,-34.81700711199994],[138.50125798300007,-34.817782113999954],[138.50117404800005,-34.81962110699993],[138.50104803300007,-34.82033113699998],[138.5008270400001,-34.82071512199997],[138.50023008000005,-34.82140115799996],[138.49991110400003,-34.82189114899995],[138.49956611200002,-34.82260014399998],[138.49968912000008,-34.823298147999935],[138.49986713600003,-34.82426414399998],[138.50004816000012,-34.82521715299998],[138.50005516800002,-34.82524915799996],[138.5002181760001,-34.82600815799998],[138.50037817600003,-34.826750155999946],[138.50047219200007,-34.827186144999985],[138.50086620800005,-34.82901914299998],[138.50128521600004,-34.83096615799997],[138.501356256,-34.83131114499997],[138.5016622720001,-34.83280315099995],[138.501356288,-34.83284814299998],[138.50057228800006,-34.832963176999954],[138.50003929600007,-34.83304119099995],[138.49966928000003,-34.83309519299996],[138.49881232000007,-34.833220197999935],[138.49876832000007,-34.833226209999964],[138.49791836800011,-34.83335021599993],[138.4969603520001,-34.83349024199998],[138.49621536000006,-34.833596245999956],[138.49612438400004,-34.83360925299996],[138.49545939100005,-34.83370426899995],[138.4953363840001,-34.833721251999975],[138.4948293760001,-34.83379427099993],[138.494773376,-34.83380128199997],[138.49409043200012,-34.83389929499998],[138.4934364170001,-34.83399229499997],[138.4928124160001,-34.83408131699997],[138.49269046400002,-34.83406431599997],[138.49185644800002,-34.834190337999985],[138.49155744000007,-34.834235328999966],[138.49148745600007,-34.83424633699997],[138.48989049600004,-34.83449036999997],[138.4898594880001,-34.83449536499995],[138.48898550400008,-34.83462839899994],[138.4881035200001,-34.83476341199997],[138.4854585920001,-34.83516845099996],[138.4859285440001,-34.833984450999935],[138.48245718400005,-34.83298735599993],[138.48269856000002,-34.83229647299993],[138.48236454400012,-34.832199496999976],[138.48234553600003,-34.832194501999936],[138.48271254400004,-34.83152149099993],[138.48280454300004,-34.831361483999956],[138.48307552000006,-34.83073548099998],[138.48308652800006,-34.83072648999996],[138.48319052800002,-34.83054848299997],[138.4832975050001,-34.83028047299996],[138.4835405120001,-34.82983445699995],[138.48381347300005,-34.82911045999998],[138.4839074890001,-34.82888646099997],[138.4840654400001,-34.828394472999946],[138.48406745600005,-34.82838746099998],[138.48413743900005,-34.82817944699997],[138.48434844700012,-34.82770643899994],[138.48479740800008,-34.82658844699995],[138.48486742400007,-34.82644542299994],[138.48545539200006,-34.82494242799993],[138.4854723840001,-34.82489743599996],[138.4855903680001,-34.82459442399994],[138.48566035200008,-34.82446140899998],[138.48639532800007,-34.82331340999997],[138.4867253120001,-34.822887392999974],[138.48710230400002,-34.82234539799998],[138.48770828800002,-34.82145638099996],[138.48783526400007,-34.82122437199996],[138.4879922560001,-34.82089436899997],[138.488373216,-34.82009135799996],[138.48839321600008,-34.82004634799995],[138.488502239,-34.81979635699997],[138.4888921920001,-34.81883933299997],[138.48897520000003,-34.81862432599996],[138.48904819200004,-34.81836532699998],[138.48906720000002,-34.81831134299995],[138.48926320100009,-34.81775634299993],[138.48931216100004,-34.81759533799993],[138.48971014400001,-34.81601630799997],[138.4898951360001,-34.81501031399995],[138.4899061440001,-34.814948320999974],[138.48993609500008,-34.814678312999945],[138.49012009600006,-34.81330330099996],[138.4901990720001,-34.81251129799995],[138.4902030720001,-34.81236929099998],[138.4902250560001,-34.81236929099998],[138.4911990390001,-34.81239628199995],[138.4915370230001,-34.81240527399996],[138.49264003300004,-34.81240525499993],[138.49432899200008,-34.812327222999954],[138.4946629760001,-34.81209221699993],[138.4964549760001,-34.81208618599993],[138.4965659510001,-34.81207919299993],[138.49675795300004,-34.81206618699997],[138.49832294400005,-34.812084150999965],[138.49867190400005,-34.81208814699994],[138.49877792000007,-34.81212214999994]]]},"properties":{"School_Name":"Largs Bay School","ENTITY_CODE":219,"zoneType":"primary"}},{"type":"Feature","geometry":{"type":"Polygon","coordinates":[[[138.63683739600003,-34.924192440999946],[138.63706601600006,-34.92719670099996],[138.637075556,-34.927196176999985],[138.63803001600002,-34.92714367999997],[138.63923996800008,-34.92707669099997],[138.63924692400008,-34.92707632599996],[138.63924967900005,-34.92707618099996],[138.63927798400005,-34.92707469399994],[138.6403739850001,-34.92701366199998],[138.6414219510001,-34.92695564599995],[138.64152598400005,-34.92803665699995],[138.64161696000008,-34.92890064299996],[138.64163196900006,-34.92909065699996],[138.64163238600008,-34.929096337999965],[138.6417270080001,-34.930381660999956],[138.64176201600003,-34.930855666999946],[138.6418040320001,-34.93142067699995],[138.64184704100012,-34.93200266699995],[138.64191907100007,-34.93298066999995],[138.64192307200005,-34.933039666999946],[138.6419730570001,-34.933714675999965],[138.64201507300004,-34.93428667699993],[138.64207011200006,-34.93503067399996],[138.6421021120001,-34.935450678999985],[138.64217113600012,-34.936391681999964],[138.64218713600008,-34.93660968599994],[138.64227612800005,-34.937760681999976],[138.64229014300008,-34.93787569699998],[138.64244515100006,-34.93922769499994],[138.64061219200005,-34.939319713999964],[138.6402022090001,-34.93934072999997],[138.63885923200007,-34.93940873599996],[138.63876224000012,-34.93941374899998],[138.63711126300007,-34.93949675899995],[138.63651225600006,-34.93952676599997],[138.63535529600006,-34.93958578099995],[138.63406630400004,-34.93965078999997],[138.63405529700003,-34.93965078999997],[138.63359632000004,-34.939674802999946],[138.63296131200002,-34.93970682699995],[138.63196831900007,-34.93975681399996],[138.63092934400004,-34.93980883499995],[138.62966937700003,-34.93987184599996],[138.62865840000006,-34.93992286899993],[138.62753142500003,-34.939979885999946],[138.6265374080001,-34.940029891999984],[138.625754464,-34.940112900999964],[138.62470943900007,-34.94016891999996],[138.62446745600005,-34.94010193099996],[138.62446144000012,-34.94002593299996],[138.6243884480001,-34.93909090699998],[138.62430940800004,-34.938070908999975],[138.62423142400007,-34.93705690499996],[138.62416639900005,-34.93622090899993],[138.6241013760001,-34.93538491199996],[138.62402435100012,-34.934390907999955],[138.62395334400003,-34.933463908999954],[138.62387132900005,-34.93240789299995],[138.6237783040001,-34.931215899999984],[138.62368729600007,-34.93002588699994],[138.62360425600002,-34.92896589299994],[138.6235172160001,-34.92810288599998],[138.62147195800003,-34.92664025299996],[138.62145993500008,-34.92663165499994],[138.62341718400012,-34.92486486799993],[138.62342720000004,-34.92486386999997],[138.6245051520001,-34.92480785099997],[138.62501017600005,-34.92478285799996],[138.62561212800006,-34.92475185199993],[138.62671712000008,-34.92469982999995],[138.62749587000008,-34.924663719999955],[138.62781708800003,-34.92464882599995],[138.62845055800005,-34.924615555999935],[138.62892211200005,-34.92459079099996],[138.6300190720001,-34.92453377399994],[138.6323290250001,-34.924416760999975],[138.63234003200012,-34.924415762999956],[138.63317504000008,-34.92437175099997],[138.633225024,-34.92436873499997],[138.63463900800002,-34.924298730999965],[138.63561497600006,-34.92424872599997],[138.6368369600001,-34.92418671299998],[138.63683739600003,-34.924192440999946]]]},"properties":{"School_Name":"Rose Park Primary School","ENTITY_CODE":169,"zoneType":"primary"}},{"type":"Feature","geometry":{"type":"Polygon","coordinates":[[[138.67615612800012,-34.809930657999985],[138.675197184,-34.81188666399993],[138.6745221750001,-34.81096366099996],[138.67343215900007,-34.80984668699995],[138.67328915200005,-34.80946168299994],[138.67241516700005,-34.80893870699998],[138.67164316800006,-34.808526711999946],[138.66986201600002,-34.80799761199995],[138.67070019200003,-34.807950732999984],[138.67160016000003,-34.80789970999996],[138.67180214300004,-34.80789070099996],[138.67193516800012,-34.80788470599998],[138.6730671360001,-34.80782169599996],[138.67286710400003,-34.805391663999956],[138.67264003200012,-34.80263466499997],[138.67261603200006,-34.80233466899995],[138.6726110400001,-34.802265664999936],[138.6726000320001,-34.80213666399993],[138.67259104000004,-34.80201267699994],[138.672581024,-34.801887671999964],[138.6725710400001,-34.80176166899997],[138.67256102400006,-34.80163666399994],[138.67255104000003,-34.80151167799994],[138.6725410250001,-34.80137766499996],[138.6725270400001,-34.80120666899995],[138.67250499200009,-34.800927669999965],[138.67249398400008,-34.800789678999934],[138.67243699200003,-34.800057670999934],[138.67236195200007,-34.79910765899996],[138.67231795200007,-34.79855265799995],[138.67231596800002,-34.79853365899993],[138.6722689610001,-34.797940660999984],[138.67226396900003,-34.797873652999954],[138.67223494400002,-34.79749865799994],[138.67222294300007,-34.79745464699994],[138.67221593700003,-34.79738871199993],[138.67219292800007,-34.79718765499996],[138.672032897,-34.79495764599994],[138.67197088000012,-34.79409064499998],[138.67196886400006,-34.79405865699994],[138.67183184100008,-34.792152657999964],[138.671830848,-34.79214165099995],[138.67197184000008,-34.79213465799995],[138.67205382400005,-34.79213064299995],[138.67490576000012,-34.79198859999997],[138.67841971200005,-34.79181353499996],[138.6804166720001,-34.79171450399997],[138.6814156800001,-34.79166449799993],[138.68232864000004,-34.79161948799998],[138.6830206400001,-34.79158546699995],[138.68364764800003,-34.79155346099998],[138.6841666240001,-34.79152745099998],[138.6846626240001,-34.79150345599993],[138.68488160100003,-34.79149344699994],[138.684724576,-34.78950443799994],[138.68461353600003,-34.78811342399996],[138.68448150400002,-34.78624542299997],[138.6844675200001,-34.786065435999944],[138.68833340800006,-34.785910369999954],[138.6886924160001,-34.785896383999955],[138.688849408,-34.78589035299996],[138.68918643200004,-34.78587634799993],[138.68949142400004,-34.78586435999995],[138.68964540800005,-34.78585834699993],[138.69000540700006,-34.78584334399994],[138.6903344000001,-34.78583033799998],[138.69044137600008,-34.78582634299994],[138.6905733760001,-34.78582032999998],[138.69068137600004,-34.785816333999946],[138.69079939200003,-34.78581233799997],[138.69056732900003,-34.78293932499997],[138.69054627200012,-34.78270380199996],[138.6905873290001,-34.78270631699996],[138.69170332800002,-34.78306331199997],[138.69243331200005,-34.78348030199993],[138.69288131200005,-34.783824308999954],[138.6932763200001,-34.78421329099996],[138.69409833500004,-34.785686279999936],[138.69426332800003,-34.78590528199993],[138.69440602500003,-34.786076797999954],[138.6944563520001,-34.78613728999994],[138.69449469000006,-34.78619199099995],[138.69463436800004,-34.78639127699995],[138.69479936000005,-34.786598254999944],[138.6948725620001,-34.78668290999997],[138.69488456600004,-34.78669679199993],[138.69497836800008,-34.786805269999945],[138.69517334400007,-34.78700225799997],[138.6953523520001,-34.78719826599996],[138.6955240110001,-34.78736023499994],[138.69554736100008,-34.78738226599995],[138.69571905300006,-34.78755313099998],[138.69575536000002,-34.78758926299997],[138.6960063670001,-34.78783226099995],[138.69619836800007,-34.78804025499994],[138.69637936000004,-34.78824725199996],[138.6965873590001,-34.78854325299994],[138.69667903200002,-34.78866512099995],[138.6969243520001,-34.788991247999945],[138.69734937600003,-34.79011924899993],[138.6974604820001,-34.79040672299993],[138.69746339200003,-34.79041424999997],[138.69687638300002,-34.79051424299996],[138.69636438400005,-34.790656266999974],[138.6958564150001,-34.79087025699994],[138.69536140900004,-34.79111329199998],[138.695124447,-34.79125827499996],[138.69458345600003,-34.79166028099996],[138.69397049600002,-34.792233299999964],[138.6934644800001,-34.79268231299994],[138.69301852800004,-34.79303131599994],[138.6925135040001,-34.79336531399997],[138.69198153600007,-34.79365933499997],[138.69150454500004,-34.793916336999985],[138.6909045760001,-34.79416636499997],[138.69018659300002,-34.79447437099998],[138.68938160000005,-34.794913375999954],[138.68898560000002,-34.79517339399996],[138.6886596480001,-34.79541639099995],[138.6876316800001,-34.79628540999994],[138.68662070400012,-34.79748143499995],[138.68619273600007,-34.798142439999936],[138.68597372800002,-34.798539449999964],[138.68582172900005,-34.79881445199993],[138.68562678400008,-34.799271439999984],[138.68541478400005,-34.79984947199995],[138.6853727680001,-34.80001946799996],[138.68517580900004,-34.80080445999994],[138.6851488000001,-34.80093947399996],[138.68509980800002,-34.80123245799996],[138.6850638080001,-34.80152745899994],[138.68503984000006,-34.801825475999976],[138.68501382400007,-34.802378458999954],[138.68500684800006,-34.802502464999975],[138.6849688320001,-34.802785477999976],[138.68492182400007,-34.80308748999994],[138.684890848,-34.80320548299994],[138.6848038720001,-34.803473491999966],[138.68475385600004,-34.803588488999935],[138.6846954880001,-34.80370033899993],[138.684563872,-34.803952494999976],[138.6844878720001,-34.80412648599997],[138.6843108800001,-34.804385486999934],[138.6841498880001,-34.80460151099993],[138.68397689500011,-34.80480850799995],[138.6837928960001,-34.80500449699997],[138.68359590500006,-34.80519451099997],[138.6833889280001,-34.80537050099997],[138.68316694400005,-34.80553951599995],[138.68284294500006,-34.805759518999935],[138.6824419200001,-34.805985514999975],[138.681911968,-34.806225533999964],[138.68135296000003,-34.806414547999964],[138.68076099200005,-34.80651455999998],[138.68003299200006,-34.80672457199995],[138.6796059840001,-34.80685257299996],[138.67934403200002,-34.80695058599997],[138.67868502500005,-34.80725559599995],[138.67841503900001,-34.80740659299994],[138.67820105600003,-34.80752760099995],[138.67795107200004,-34.80773061999997],[138.67708908800012,-34.808385612999984],[138.67684208000003,-34.80860763099997],[138.67676009600007,-34.808681630999956],[138.67632812800002,-34.80957462699996],[138.67615706200002,-34.80992872599995],[138.67615612800012,-34.809930657999985]]]},"properties":{"School_Name":"Keithcot Farm Primary School","ENTITY_CODE":1847,"zoneType":"primary"}},{"type":"Feature","geometry":{"type":"Polygon","coordinates":[[[138.60811004800007,-34.75608946099993],[138.60700512000005,-34.75732548299993],[138.60617612800002,-34.756829497999945],[138.6059091200001,-34.757145495999964],[138.60552912000003,-34.756892526999934],[138.60540112,-34.75673851399995],[138.60504336000008,-34.757003046999955],[138.60482489600008,-34.75735323299995],[138.60378582400006,-34.75679294199995],[138.6036739210001,-34.75687611799998],[138.60352473700004,-34.75705120199996],[138.60305580800002,-34.75784784899997],[138.60265084800005,-34.758627013999956],[138.6021925760001,-34.75955497399997],[138.60197411100012,-34.760443546999966],[138.60181427200007,-34.76090754599994],[138.60235779200002,-34.761078262999945],[138.60248032000004,-34.76103885799995],[138.60290128000008,-34.760487317999946],[138.6035034240001,-34.76083311999997],[138.60368992000008,-34.76096006699993],[138.6038551040001,-34.761122015999945],[138.6040309440001,-34.76215944099994],[138.60396166400005,-34.762277618999974],[138.60257625500003,-34.76383154499996],[138.60332224,-34.764278023999964],[138.60277033500006,-34.76488957799995],[138.60507734400005,-34.766316537999955],[138.60581132800007,-34.76677154499998],[138.60740025600012,-34.76772050399995],[138.60700736,-34.76807451899998],[138.60663936000003,-34.768337514999985],[138.60659433600006,-34.76835551599993],[138.6062983370001,-34.768412532999946],[138.60605833600005,-34.76838953799995],[138.60580636800012,-34.76842953499994],[138.60547939200012,-34.76841453099996],[138.6043083840001,-34.76846355599997],[138.60428739200006,-34.76846555399993],[138.6042423680001,-34.76847156599996],[138.60411036800008,-34.76851356099996],[138.60386640000002,-34.76863554999994],[138.60307542400005,-34.76878157099998],[138.6029454080001,-34.76876157299995],[138.6028054090001,-34.76868657299997],[138.6026844160001,-34.76871158499995],[138.60261740700003,-34.76875457999995],[138.60254041500002,-34.76878057199997],[138.6024204160001,-34.76877759299998],[138.60231241600002,-34.76873959399995],[138.602224416,-34.768738595999935],[138.60216745600007,-34.768826599999954],[138.6021044480001,-34.769141598999965],[138.60204745600004,-34.76920359299993],[138.60176044900004,-34.769287600999974],[138.601618432,-34.769293594999965],[138.60154345600006,-34.76926558699995],[138.60141545600004,-34.76916359599994],[138.60135043200012,-34.76915158999998],[138.600784448,-34.76908661699997],[138.60058944000002,-34.76903761199998],[138.60055545500006,-34.76904662099997],[138.60030646400003,-34.76938361599997],[138.60016348800002,-34.76938961099995],[138.6001094720001,-34.76937061099994],[138.59988748800004,-34.76913162799997],[138.5998004800001,-34.76911262899995],[138.5997234880001,-34.769128630999944],[138.59961148800005,-34.76922562699997],[138.5993784650001,-34.769347633999985],[138.59927648000007,-34.76947163999995],[138.59918947200003,-34.76945164099993],[138.59907248000002,-34.76935063099995],[138.59897548800006,-34.769303640999965],[138.59886646400003,-34.769309634999956],[138.59864451200008,-34.769413622999934],[138.59856752000007,-34.76942165299994],[138.59848150400012,-34.76939264499998],[138.59839651200002,-34.76930965399998],[138.59826752000004,-34.76922664399996],[138.59814851200008,-34.76919665599996],[138.59811552000008,-34.76920464799997],[138.59803651200002,-34.769284658999936],[138.59797449600012,-34.76952665799996],[138.59790752000004,-34.76958865199998],[138.59776649600008,-34.76954064499995],[138.5976005120001,-34.76923165699998],[138.59754752000003,-34.76919365799995],[138.59748150400003,-34.76919265999993],[138.59744851200003,-34.769209641999964],[138.5973695030001,-34.76930765499998],[138.59730752000007,-34.76955866299994],[138.59723753600008,-34.76972867799998],[138.5972145280001,-34.76974665999995],[138.5970825290001,-34.76978867399998],[138.59692953600006,-34.76976767699995],[138.59682252800008,-34.769693676999964],[138.5966965440001,-34.76953766599996],[138.59662054400007,-34.76950967499994],[138.59653353700003,-34.76950767699998],[138.59620553600007,-34.769888666999975],[138.59609254400004,-34.769994689999976],[138.5959145280001,-34.77012668699996],[138.5958155520001,-34.77015168099996],[138.59568457600005,-34.770148683999935],[138.59564057600005,-34.77013869299998],[138.59555558400007,-34.77007468399995],[138.59543558400003,-34.77004469599996],[138.5953155840001,-34.77004267899997],[138.5952275840001,-34.77007668199997],[138.59454256000004,-34.770721702999936],[138.59448758400003,-34.77074971199994],[138.59415651200004,-34.76728369899996],[138.5941435200001,-34.76714271099996],[138.59294844800002,-34.76345070399998],[138.59038732800002,-34.755857730999935],[138.58894361600005,-34.75157527599998],[138.58859724700005,-34.75054774899996],[138.58827436800004,-34.74953984999996],[138.5880825600001,-34.74860750499994],[138.58597241600012,-34.74258003899996],[138.58612423700004,-34.74251084599996],[138.58679836800002,-34.74220360099997],[138.58714565200012,-34.74241212299995],[138.59285407700008,-34.74583965599993],[138.59285424000007,-34.74583975799993],[138.5931940800001,-34.74604166699993],[138.59330710400002,-34.74610467799994],[138.5951190720001,-34.74721162599997],[138.5956150720001,-34.74750662699995],[138.59744204700007,-34.74859660899995],[138.59806806400002,-34.748919600999955],[138.59873206400005,-34.74933459299996],[138.6013530560001,-34.75094555399994],[138.6023420470001,-34.75155353799994],[138.6031270730001,-34.752036535999935],[138.60438905600006,-34.75281052099996],[138.60577507200003,-34.75366050399998],[138.607363071,-34.75462548199994],[138.60680105500012,-34.755250486999955],[138.60804204800002,-34.75600147499995],[138.60811004800007,-34.75608946099993]]]},"properties":{"School_Name":"Settlers Farm Campus R-6","ENTITY_CODE":1851,"zoneType":"primary"}},{"type":"Feature","geometry":{"type":"Polygon","coordinates":[[[138.7993846720001,-35.00484604799993],[138.79970700800004,-35.00487100399994],[138.80027699100003,-35.00484599199996],[138.80124224000008,-35.00469371899993],[138.8015792640001,-35.00463189199996],[138.80488457600006,-35.00401369599996],[138.80679401600003,-35.003636997999934],[138.80731913600005,-35.00344850299996],[138.807970016,-35.003185006999956],[138.80844201600007,-35.00293000299996],[138.8089000000001,-35.002574006999964],[138.80908300800002,-35.00298700099995],[138.8102599990001,-35.003135999999984],[138.8106271680001,-35.003318243999956],[138.81153500800008,-35.004006997999966],[138.81233542300004,-35.00485561299996],[138.81329200000005,-35.005666004999966],[138.81463001600002,-35.006386006999946],[138.81600300800005,-35.007738005999954],[138.817191008,-35.00908500799994],[138.8176180160001,-35.00939399499998],[138.81833785600008,-35.00939197899993],[138.81952700800002,-35.009423003999984],[138.82023401700008,-35.009549006999976],[138.8210200000001,-35.00992300299998],[138.82144099200002,-35.009985883999946],[138.82196800000008,-35.01000599399998],[138.822732416,-35.009981462999974],[138.82289686400009,-35.00995717199993],[138.82338700800005,-35.009846006999965],[138.8239371840001,-35.00968919899998],[138.82476099200005,-35.00947700499995],[138.82536105600002,-35.00940742699993],[138.8258760000001,-35.00938300699994],[138.82589600000006,-35.009312002999934],[138.82664582400002,-35.00883546199998],[138.82689241600008,-35.00867663899993],[138.82752867200008,-35.00832780299993],[138.82773001600003,-35.00819499199997],[138.82819996800004,-35.00794143099995],[138.82855046400005,-35.00774714399995],[138.8287449920001,-35.00765799299995],[138.82934499200007,-35.00764600399998],[138.82999199900007,-35.00770699999998],[138.83073299300008,-35.00743800799995],[138.83098700800008,-35.00733100499997],[138.83167801600007,-35.00745099599993],[138.83190300700005,-35.007562994999944],[138.83252444800007,-35.007786807999935],[138.83280051200006,-35.00789632799996],[138.83314000000007,-35.00803100799993],[138.83329900800004,-35.00807000599997],[138.83453600000007,-35.00844100499995],[138.8349940160001,-35.00860500799996],[138.83559520000006,-35.00884443499996],[138.83644300800006,-35.00916100599994],[138.83657600000004,-35.00924999199998],[138.8368350080001,-35.009500998999954],[138.83687100800012,-35.00956600899997],[138.8369889920001,-35.009714007999946],[138.83715699200002,-35.01025999899997],[138.8374851520001,-35.01111406999996],[138.83771001600007,-35.011784991999946],[138.837978528,-35.01226434399996],[138.838196992,-35.01270899199994],[138.8383520010001,-35.01294599499994],[138.83852851200004,-35.01369282199994],[138.83862201600004,-35.01392799399997],[138.83879401600007,-35.01461299299996],[138.83893833600007,-35.014876210999944],[138.8393689930001,-35.015258994999954],[138.839607999,-35.01536899599995],[138.84024201600005,-35.01555699299996],[138.8394678720001,-35.015818767999974],[138.8397328960001,-35.016235739999956],[138.8476030070001,-35.02795968799995],[138.84997705600006,-35.03145267399998],[138.8500600320001,-35.03162566699996],[138.84989603100007,-35.031656673999976],[138.84935603200006,-35.031663684999955],[138.848880064,-35.031587686999956],[138.8485830720001,-35.03145369199996],[138.84864806400003,-35.03174769299994],[138.84868707200008,-35.03190068899994],[138.84872208000002,-35.032043692999935],[138.8488480640001,-35.032529687999954],[138.84874208000008,-35.032704698999964],[138.84849411200003,-35.03348069899994],[138.8483261120001,-35.03405170199994],[138.848432128,-35.034660703999975],[138.848381151,-35.03525771699998],[138.8481681280001,-35.03561770799996],[138.84736316800002,-35.036358725999946],[138.8473271680001,-35.03645572199997],[138.8471841920001,-35.03690473499995],[138.84717020800008,-35.037015734999954],[138.84663920000003,-35.03690275599996],[138.84639619200004,-35.03684174299997],[138.8455902080001,-35.03645573899996],[138.845508192,-35.03645573899996],[138.84534320000012,-35.03648974299995],[138.8453142080001,-35.03650574599993],[138.8450752000001,-35.036661755999944],[138.84496124800012,-35.03672776399998],[138.84473523100007,-35.03691076599995],[138.84414723300006,-35.03738577099995],[138.84344627200005,-35.038086791999945],[138.84310729600008,-35.03842478699994],[138.84301228800007,-35.03856377899996],[138.84266028800005,-35.03910580899998],[138.8420523200001,-35.04049182999995],[138.841945344,-35.04068182499998],[138.8418503690001,-35.04082482899997],[138.8418323520001,-35.04085182099993],[138.84141836800006,-35.04160382799995],[138.84098838400007,-35.042775838999944],[138.8403594240001,-35.04393384699995],[138.84003446400004,-35.04472285399993],[138.83986048000008,-35.04556486299998],[138.83948851200012,-35.04725986899996],[138.83935552100002,-35.047847873999956],[138.8393165120001,-35.047962868999946],[138.839003552,-35.04890187399997],[138.84068601600006,-35.05034500399995],[138.84231299200007,-35.05103999299996],[138.84394601600002,-35.05188100299995],[138.84329401600007,-35.05234000599995],[138.84198800000001,-35.05288399899996],[138.84084000000007,-35.05356600199997],[138.8399280000001,-35.05394499199997],[138.8358169920001,-35.056202990999964],[138.834898016,-35.05547299899996],[138.8314969910001,-35.05205699299995],[138.8307935680001,-35.05157915799998],[138.82989401600003,-35.051006008999934],[138.82884473600006,-35.05053233499996],[138.8281622390001,-35.05023899899993],[138.82500499200012,-35.04926199499994],[138.82403728000008,-35.04890768399997],[138.82210601600002,-35.04815399299997],[138.82035900800008,-35.04716200499996],[138.819987007,-35.04690300499993],[138.8180466880001,-35.04696921599998],[138.81745088000002,-35.046980926999936],[138.8160408320001,-35.04700231199996],[138.81466601600005,-35.04703568599996],[138.81424300800006,-35.04704399299993],[138.81358099200008,-35.04711399799993],[138.80461900800003,-35.04494600099997],[138.8039355840001,-35.04534645199993],[138.8030755520001,-35.04591386499993],[138.80272601600007,-35.04618699899993],[138.8022910080001,-35.046004995999965],[138.80142288000002,-35.04555178299995],[138.80086208000012,-35.045278019999955],[138.79825200000005,-35.04400200099997],[138.796791008,-35.04489199899996],[138.79656099200008,-35.04498399999994],[138.795814016,-35.04512300899995],[138.79447100800007,-35.04578699199993],[138.7932870080001,-35.047387999999955],[138.79290876800007,-35.04842416799994],[138.79274499100006,-35.04887599199998],[138.79159801600008,-35.04964000599995],[138.79076201700002,-35.050070999999946],[138.79036400000007,-35.05067300799993],[138.78996400000005,-35.052149992999944],[138.78806201600003,-35.05303599599995],[138.78718400000002,-35.05323100299995],[138.78661001600005,-35.05392499399994],[138.78590499100005,-35.05394299499994],[138.7851430080001,-35.05386100299995],[138.78480899200008,-35.05385199299997],[138.78500899200003,-35.050664997999945],[138.7835700160001,-35.049586003999934],[138.78383100700012,-35.04956700499997],[138.7856790080001,-35.04862799999995],[138.78664400000002,-35.04763799099993],[138.78661299200007,-35.04690300499993],[138.78632400000004,-35.046092001999966],[138.78570300700005,-35.045360992999974],[138.78452800000002,-35.04457400299998],[138.7837540160001,-35.04433400199997],[138.78259500800004,-35.04369299499996],[138.78216400000008,-35.04309699899994],[138.7821230080001,-35.042974991999984],[138.7811609910001,-35.042524997999976],[138.78036601600002,-35.04214500799998],[138.77934400000004,-35.04106099999996],[138.77793699200004,-35.04026300399994],[138.77630499200006,-35.039937994999946],[138.77587200000005,-35.039975993999974],[138.7747253110001,-35.039752791999945],[138.77484832000005,-35.03965577799994],[138.77488131200005,-35.03962878599998],[138.7749493130001,-35.03954877299998],[138.774974336,-35.03946875999998],[138.7749643200001,-35.039413760999935],[138.77496531200006,-35.039386768999975],[138.77492531200005,-35.039250756999934],[138.7748503040001,-35.03915078299997],[138.774842303,-35.039078779999954],[138.77486329500005,-35.03868177099997],[138.7749242870001,-35.03844876299996],[138.7749423040001,-35.038187765999965],[138.77497830400011,-35.03809776299994],[138.77512729600005,-35.03783076999997],[138.775378272,-35.03748376599998],[138.77551724800003,-35.03720676599994],[138.77556524800002,-35.03703676899994],[138.7754962560001,-35.036773754999956],[138.7754342720001,-35.03664677099994],[138.77540524800008,-35.03647475799994],[138.77549024000007,-35.03616976699993],[138.7756182390001,-35.035927749999985],[138.775720223,-35.03577675399998],[138.77578822400005,-35.03570574999998],[138.77594521600008,-35.03557375299994],[138.77623321600004,-35.03546175399998],[138.77637920000006,-35.03533774799996],[138.77642518400012,-35.03525775299994],[138.7764182080001,-35.03524274999995],[138.7764291850001,-35.03524274999995],[138.776546208,-35.03482772099994],[138.77670620800006,-35.034577730999956],[138.77677100800008,-35.03453699399995],[138.776928192,-35.03448273299995],[138.77700518400002,-35.03447572199997],[138.7771792000001,-35.03452372999993],[138.7773320010001,-35.03453599399995],[138.7774651520001,-35.034483731999956],[138.7776781760001,-35.03431671399994],[138.77782300800004,-35.03416499599996],[138.77786544000003,-35.03409952499993],[138.77792700800012,-35.03403299799993],[138.7779915530001,-35.03390989899998],[138.77803216000007,-35.03379971399994],[138.7780517440001,-35.03365580199994],[138.77805088000002,-35.03355666099998],[138.77805417600007,-35.033367701999964],[138.77802412800008,-35.03328570899998],[138.777971008,-35.03321300399995],[138.77779600000008,-35.03303799499997],[138.7777260160001,-35.03294699299994],[138.77766412800008,-35.03280171199998],[138.77773414400008,-35.03264971599998],[138.77776112000004,-35.032469711999966],[138.7778581440001,-35.03213771099996],[138.77799513600007,-35.03190570099997],[138.7782770880001,-35.03162268999995],[138.77830582400009,-35.031520401999956],[138.7783720000001,-35.03135399599995],[138.77862809600003,-35.030817697999964],[138.77864300800002,-35.03064699899994],[138.7787140800001,-35.03048569699996],[138.77877008000007,-35.03042368499996],[138.77893699300012,-35.030310002999954],[138.77905001600004,-35.030265990999965],[138.77923500800011,-35.03024299599997],[138.7794820160001,-35.030234004999954],[138.7795729920001,-35.030234004999954],[138.77965100900008,-35.030208992999974],[138.77995500800012,-35.02988999699994],[138.780278016,-35.02970599699995],[138.78039801500006,-35.02971800199998],[138.78042032000008,-35.02975590899996],[138.78042800000003,-35.029834996999966],[138.78059600000006,-35.030050003999975],[138.7806500150001,-35.030145999999945],[138.78064716900008,-35.030222830999946],[138.780692992,-35.03033764199995],[138.78073599900006,-35.030398006999974],[138.78085808100002,-35.030508193999935],[138.78090768000004,-35.030552944999954],[138.78102899100008,-35.03064200399996],[138.7811049920001,-35.03073100699993],[138.78113600100005,-35.03081299899998],[138.781188992,-35.03086799999994],[138.78126499200005,-35.03090499999996],[138.78146099200012,-35.03095300799998],[138.7815979830001,-35.03093554299994],[138.78165900800002,-35.030921002999946],[138.78185500900008,-35.03097800199998],[138.78194934300006,-35.03099115499998],[138.78210908800008,-35.031036108999956],[138.7821960000001,-35.03105597799998],[138.78224601700003,-35.031085004999966],[138.7824540160001,-35.03111499299996],[138.78297654400012,-35.03107063099998],[138.78344281600005,-35.03103570299993],[138.78389100800007,-35.03105200199997],[138.78400201600004,-35.03102800599993],[138.78417900700003,-35.030940001999966],[138.7845369910001,-35.03088799799997],[138.78485100800003,-35.03082600499994],[138.78520300800005,-35.03079599899996],[138.78561100800005,-35.03068599699998],[138.78605100900006,-35.03062200599993],[138.78628099200012,-35.03061699199998],[138.78642822400002,-35.03064477999993],[138.78650041600008,-35.030649144999984],[138.78669699300008,-35.03066100399997],[138.78686156800006,-35.03062024899998],[138.78692355200008,-35.030607001999954],[138.78706201700004,-35.03053300199997],[138.78718508800011,-35.030428161999964],[138.78725248000012,-35.03035971199995],[138.7873320000001,-35.03025799999995],[138.78740300800007,-35.030121006999934],[138.7874089920001,-35.030072351999934],[138.78750201600008,-35.02984800199994],[138.78753900800007,-35.029792002999955],[138.78755500800003,-35.02972099999994],[138.7874830080001,-35.02954900499998],[138.7874200000001,-35.02944799599993],[138.7871710080001,-35.02919900399996],[138.78705801600006,-35.02904499199997],[138.78443801600008,-35.02827899899995],[138.78421401600008,-35.02798299899996],[138.7838750080001,-35.02655799899998],[138.78470860900006,-35.023963299999934],[138.7850140160001,-35.02259600199994],[138.78461900800005,-35.021994992999964],[138.7843009920001,-35.02135899999996],[138.7840920000001,-35.020611007999946],[138.78392944000007,-35.01956769999998],[138.78359401500006,-35.017536991999975],[138.78347801600012,-35.01671755299998],[138.78326300700007,-35.015239994999945],[138.78303046400003,-35.01363983799996],[138.78289564800002,-35.01277657199995],[138.7828552310001,-35.01262864599994],[138.7827096320001,-35.012092146999976],[138.78248966500007,-35.01151141299994],[138.782251007,-35.01102800799998],[138.78189680000003,-35.010443703999954],[138.78171689600003,-35.01018597999996],[138.78154496000002,-35.009966015999964],[138.78140000000008,-35.00978582499994],[138.7810760010001,-35.009431993999954],[138.78023699200003,-35.00868100599996],[138.77982758400003,-35.00840065699998],[138.77952771200012,-35.00820228099997],[138.7793350080001,-35.008065991999956],[138.7790592010001,-35.00790831599994],[138.77890601600006,-35.00782900699994],[138.77801788800002,-35.00742085899998],[138.77730899200003,-35.007177990999935],[138.77653302400006,-35.006967775999954],[138.77596144000006,-35.00685074499995],[138.774323008,-35.006545993999964],[138.77269599900012,-35.00618300599996],[138.773144096,-35.00590360099994],[138.77356467200002,-35.005665153999985],[138.77388499300002,-35.00555500499996],[138.77437001600003,-35.00543699399998],[138.77476169500005,-35.00539359299995],[138.77498547200003,-35.00538476799994],[138.7755785920001,-35.00537152199996],[138.77588326500006,-35.005367099999944],[138.7761474570001,-35.005331783999964],[138.77632272000005,-35.00530969399995],[138.77652220900006,-35.00526775499998],[138.77667859300004,-35.00522799999993],[138.77683494400003,-35.005166190999944],[138.777053345,-35.00508007399998],[138.77740899200012,-35.004896996999946],[138.77863900800003,-35.00416299099993],[138.7805756150001,-35.00301140299996],[138.7813510090001,-35.002536007999936],[138.78159078300007,-35.00234016699994],[138.78185699200003,-35.002094005999936],[138.78198099200006,-35.001960991999965],[138.7831110080001,-35.000497992999954],[138.78332201600006,-35.000243007999984],[138.78349958400008,-34.999973369999964],[138.78358700800004,-34.99984299999994],[138.78366300800008,-34.99969300199996],[138.78374492800003,-34.99939270999994],[138.78376112,-34.999229336999974],[138.7837500160001,-34.998918999999944],[138.78368832,-34.99859569299997],[138.78359126300006,-34.99825568299997],[138.7834240960001,-34.99776334099994],[138.78332201600006,-34.99748600799995],[138.78320099200005,-34.997252000999936],[138.7829639360001,-34.99652199199994],[138.78278243300008,-34.995833698999945],[138.78274739200003,-34.99556655899994],[138.78272310400007,-34.99542083499995],[138.78271504000008,-34.99533031399994],[138.78268700800004,-34.99492999299997],[138.78271299200003,-34.99477699799996],[138.78282000000002,-34.99445500499996],[138.78300300800004,-34.994151993999935],[138.78311699200003,-34.99401799799995],[138.78326233600012,-34.99387536299997],[138.783440992,-34.99373899899996],[138.78358854400005,-34.99365016199994],[138.78386499200008,-34.99349999799995],[138.78403878400002,-34.99342938299998],[138.7842540160001,-34.993349000999956],[138.78442067100002,-34.993305007999936],[138.78467504000002,-34.99324612199996],[138.78492000000006,-34.993203997999956],[138.78515200000004,-34.99319500699994],[138.7856887680001,-34.99324392099993],[138.78717600000004,-34.993380006999985],[138.7874007360001,-34.99341833899996],[138.78755801600005,-34.99344999199997],[138.7879049930001,-34.993583006999984],[138.78807744000005,-34.993678855999974],[138.7883389760001,-34.993853274999935],[138.7887790090001,-34.99431699499996],[138.78920979100008,-34.99467900299993],[138.78942700800008,-34.99482800199996],[138.7903205760001,-34.99532369099995],[138.7927442880001,-34.99674112399998],[138.79355040100006,-34.99722904299995],[138.79376611200007,-34.99739683799993],[138.793941345,-34.99757125599996],[138.79408425600002,-34.99773022599993],[138.79435100800004,-34.998052995999956],[138.79449132900004,-34.998275569999976],[138.794587008,-34.998482990999946],[138.79468816000008,-34.99896219699997],[138.7947380160001,-34.99919999499997],[138.7948230080001,-34.999454999999955],[138.7949685760001,-34.999748187999955],[138.79511414400008,-34.99993142999995],[138.7952435520001,-35.00007273399996],[138.79539721700007,-35.00021403699998],[138.79580300800012,-35.000457995999966],[138.7960254080001,-35.00058494299998],[138.7961256320001,-35.00062723399998],[138.79647401600005,-35.00080999499994],[138.79690300800007,-35.00112399599993],[138.79699596800003,-35.00123845599995],[138.7973278720001,-35.00168023599997],[138.79747699200004,-35.00221699399998],[138.797508224,-35.00252562999998],[138.79763276800008,-35.00315006099993],[138.79771312000003,-35.00347719699994],[138.79778521600008,-35.00374631599993],[138.79783801600001,-35.00387300299997],[138.7979584640001,-35.00404240699993],[138.7982209930001,-35.00431300699995],[138.79868640000007,-35.00460980299994],[138.79905200000007,-35.00477900399994],[138.7993846720001,-35.00484604799993]]]},"properties":{"School_Name":"Hahndorf Primary School","ENTITY_CODE":163,"zoneType":"primary"}},{"type":"Feature","geometry":{"type":"Polygon","coordinates":[[[138.6087437120001,-34.98992324499994],[138.60865971200008,-34.990104248999955],[138.608624576,-34.99016659399996],[138.6084306890001,-34.99017824799995],[138.60834169600002,-34.99017625099998],[138.60730771200008,-34.99015425399995],[138.60694172700005,-34.99010025299998],[138.60616172700009,-34.990136253999935],[138.60604873600005,-34.99014228499993],[138.60497376000012,-34.99019528699995],[138.60378675200002,-34.990255300999934],[138.6037587510001,-34.99025130499996],[138.60271680000005,-34.990308321999976],[138.60254880000002,-34.99031631399998],[138.6015096960001,-34.990368484999976],[138.60145280000006,-34.990371332999985],[138.60135779200004,-34.99037532899996],[138.59942582400004,-34.99047136299998],[138.59874886400007,-34.99050536599998],[138.5971208960001,-34.99058739499998],[138.59543689600002,-34.990676417999964],[138.59424492800008,-34.99074042799998],[138.59380892800004,-34.99076342199993],[138.59265596800003,-34.99082445399995],[138.59269196800005,-34.99195944799993],[138.59268195200002,-34.99195944799993],[138.59143299200002,-34.99202946999998],[138.58756704000007,-34.99221252799998],[138.58674505600004,-34.992249527999945],[138.58653609600003,-34.99225951699998],[138.58576908800012,-34.992293537999956],[138.5854320960001,-34.99230252999996],[138.5847890880001,-34.992337549999945],[138.5837091200001,-34.99239055299995],[138.583627072,-34.99141354899996],[138.5835550710001,-34.99052255299995],[138.58352608000007,-34.990158564999945],[138.58349404800003,-34.989767548999964],[138.58343404900006,-34.98902555099994],[138.5833710400001,-34.98819956299997],[138.58330201600006,-34.98729456099994],[138.58323302300005,-34.98638456499998],[138.5831649920001,-34.98548855499996],[138.58309696000003,-34.98458754899997],[138.58309596800007,-34.98457855799995],[138.5830209600001,-34.98367355599993],[138.5829549120001,-34.98276855499995],[138.58295392000002,-34.982759563999934],[138.5828889280001,-34.98186355299998],[138.58282588800012,-34.98099455199997],[138.58282188700002,-34.980941549999955],[138.5864448640001,-34.98076250799994],[138.5886118080001,-34.98065548499994],[138.59186576000002,-34.980492425999955],[138.59183872000006,-34.97999442499997],[138.59180374400012,-34.979487431999985],[138.59172572800003,-34.97837443499998],[138.5917047040001,-34.97807743599998],[138.59163971200007,-34.97724341899993],[138.59277267200002,-34.97714041099994],[138.5940896630001,-34.97707038899995],[138.5963336000001,-34.97695337599998],[138.59730460800006,-34.976873344999944],[138.59843657700003,-34.97678032699997],[138.5997315840001,-34.97667432199995],[138.5998085760001,-34.97666731099997],[138.6009955520001,-34.97657431099998],[138.60112854400006,-34.97656829799996],[138.60135753500003,-34.97655729199994],[138.602206496,-34.97651729399996],[138.6023795200001,-34.976509301999954],[138.6039045120001,-34.97643128799996],[138.60417046400005,-34.97641726399996],[138.60522848100004,-34.97636326299994],[138.60613644800003,-34.97631523699994],[138.60642243200004,-34.97630125099994],[138.60720944000002,-34.976260217999936],[138.60743222400004,-34.97624602899998],[138.60743541500005,-34.976248908999935],[138.60926067200012,-34.977895709999984],[138.60944937600004,-34.97806713199998],[138.60980614400012,-34.97853647599993],[138.6098678720001,-34.97866856699994],[138.61005545600005,-34.979166196999984],[138.61005843200007,-34.97917520699997],[138.61008444800007,-34.97924019799996],[138.6102964800001,-34.979830181999944],[138.6105314890001,-34.98043019199997],[138.61063248000005,-34.980711188999976],[138.61080448000007,-34.98121018899997],[138.61094447900007,-34.981673187999945],[138.61096348800004,-34.98175418099993],[138.61106950400006,-34.982279192999954],[138.61111151900002,-34.98251619699994],[138.61111651200008,-34.98254218899996],[138.61113952000005,-34.98287618799998],[138.61113849600008,-34.98291218899993],[138.6111485130001,-34.982930188999944],[138.61113955200005,-34.98361518799993],[138.6111345280001,-34.98379419599996],[138.61113254400004,-34.98385818699995],[138.61106953600006,-34.98453319599997],[138.61091257600003,-34.98539520299994],[138.61090057500007,-34.98544920499995],[138.61086457600004,-34.98555720799993],[138.61069456000007,-34.98613020899995],[138.61050460800004,-34.98660419699996],[138.61044659300012,-34.98672021099998],[138.610439616,-34.986735213999964],[138.61027260800006,-34.98706020399993],[138.6093456640001,-34.98880823099995],[138.60901065500002,-34.98942422599998],[138.6087437120001,-34.98992324499994]]]},"properties":{"School_Name":"Colonel Light Gardens Primary School","ENTITY_CODE":723,"zoneType":"primary"}},{"type":"Feature","geometry":{"type":"Polygon","coordinates":[[[138.50560080000002,-34.763214938999965],[138.506971743,-34.76338793299993],[138.5069937600001,-34.76338793299993],[138.5070457600001,-34.76345192499997],[138.507055744,-34.76349793399993],[138.5070497600001,-34.76368692999995],[138.50710176000007,-34.76379593099995],[138.50721974400005,-34.763852930999974],[138.50741574500012,-34.76389292699997],[138.50743676800005,-34.76390191799993],[138.50770774400007,-34.76398890599995],[138.50808675200005,-34.76407790899998],[138.50993776000007,-34.76465588599996],[138.51101072000006,-34.764948870999945],[138.51122473700002,-34.76507087799996],[138.511276736,-34.76515286999995],[138.51157273600006,-34.765491863999955],[138.511625728,-34.76554786299994],[138.51170172800005,-34.76556684399998],[138.51201673600008,-34.76560985699996],[138.51219072000004,-34.76566685499995],[138.51225971200006,-34.76590785399998],[138.5123617280001,-34.76584284599994],[138.5124057280001,-34.76582584499994],[138.51248371200006,-34.765827860999934],[138.5126587200001,-34.76590485799994],[138.51281072000006,-34.76599885599995],[138.5132907200001,-34.76625484099998],[138.51340972800006,-34.766338830999985],[138.51356073600004,-34.76648683099995],[138.51368073700007,-34.76656282899995],[138.51373472000012,-34.76662683999996],[138.513763712,-34.76675384099997],[138.51373472000012,-34.76698782999995],[138.51365174400007,-34.76719282799996],[138.5136507520001,-34.76723883799997],[138.51369974400006,-34.767419840999935],[138.5136947520001,-34.76758182799995],[138.51370476800003,-34.767608837999944],[138.513778752,-34.76771883799995],[138.51399075200004,-34.767903838999985],[138.51426675200003,-34.768188830999975],[138.51430774400012,-34.768270840999946],[138.51433574400005,-34.76842483599995],[138.5144297600001,-34.76857083699997],[138.51449276800008,-34.76866183899995],[138.51468374400008,-34.76884582099996],[138.51496675200008,-34.76924882499998],[138.5149957440001,-34.76938481899998],[138.5150177910001,-34.76973581999994],[138.51502678400004,-34.769799810999984],[138.5150688000001,-34.76987281199996],[138.51529078400006,-34.77009381299996],[138.5153328,-34.770166813999936],[138.51531779200002,-34.77028380799993],[138.51528479900003,-34.770318809999935],[138.5151757750001,-34.77031681099993],[138.515163776,-34.77032582199996],[138.51522080000007,-34.77062381999997],[138.5152307840001,-34.77064181999998],[138.51531680000005,-34.77068880999997],[138.51533779200008,-34.77073481899998],[138.51535379200004,-34.770923815999936],[138.51535280000007,-34.77096982399996],[138.51540880000005,-34.77128582399996],[138.51557683200008,-34.771478815999956],[138.51573881600007,-34.77157181499996],[138.51574780800001,-34.77160781699996],[138.5157818240001,-34.77194281399994],[138.51572083200006,-34.772148810999965],[138.51558182400004,-34.77242481299993],[138.5155288320001,-34.77273981299993],[138.515461823,-34.77277381499994],[138.51547081700005,-34.77282881599996],[138.5155138560001,-34.77288381599993],[138.51551984000002,-34.77302782099997],[138.5154808640001,-34.77324380799996],[138.51544886400006,-34.77357680799997],[138.51537484800008,-34.773872807999965],[138.5151908800001,-34.77415681999997],[138.51501088100008,-34.77433382799995],[138.5149738870001,-34.774477831999945],[138.5148158730001,-34.77465483999998],[138.5148378880001,-34.77499782999996],[138.51490588900003,-34.775304837999954],[138.51478892800003,-34.77553682699994],[138.51476390400012,-34.77563583899996],[138.51471091200006,-34.77595883099997],[138.51448592000008,-34.77653183099994],[138.5144819520001,-34.77666682599994],[138.5145479360001,-34.777028833999964],[138.5145439370001,-34.77714582799996],[138.51433395200002,-34.77759284299998],[138.514021984,-34.77815385599996],[138.51396899200006,-34.77847784599993],[138.51372697600004,-34.77888684499993],[138.51367702400012,-34.77910285099995],[138.513633023,-34.779128861999936],[138.5136110080001,-34.77912786299993],[138.5135490250001,-34.778991849999954],[138.51351702400007,-34.778990851999936],[138.51342102400008,-34.77926885099998],[138.51318304000006,-34.78026385499993],[138.51317004800012,-34.780353856999966],[138.5132290560001,-34.78055386099993],[138.51332204800008,-34.78073584499998],[138.5133400320001,-34.780852857999946],[138.51331203200004,-34.78105985499997],[138.51318304000006,-34.781363864999946],[138.5129610880001,-34.78222487299996],[138.51251811200007,-34.78314487899996],[138.51245712000002,-34.783340866999936],[138.51240009700007,-34.783799871999975],[138.51229113600004,-34.78413087299998],[138.51218812800005,-34.78467889799998],[138.51214816000004,-34.78528188699994],[138.512149184,-34.78558889499993],[138.51203417600004,-34.785775892999936],[138.51201116800007,-34.78583788599997],[138.5119701760001,-34.78608989299994],[138.51184416,-34.78628588199996],[138.51184217500008,-34.78634889299997],[138.51193920000003,-34.78675589299996],[138.5119441930001,-34.78697289899998],[138.5118412160001,-34.78710589499997],[138.51183520000006,-34.78732188299995],[138.51169920000007,-34.78749089899998],[138.51172121600007,-34.78782489799994],[138.51158524700008,-34.78798388599995],[138.51152822400002,-34.78809088999998],[138.51140924800006,-34.78876488299994],[138.51106927900003,-34.78954190099995],[138.51100927900006,-34.789702905999945],[138.51092928100002,-34.789827910999975],[138.51089328000012,-34.78995291499996],[138.5108132800001,-34.790050909999934],[138.51080128,-34.790086910999946],[138.5107872960001,-34.79017691299998],[138.5107543040001,-34.79054591499994],[138.51058428800002,-34.790775905999965],[138.51057929600006,-34.790938909999966],[138.51060931200004,-34.79110091499996],[138.51061628900004,-34.79113791399993],[138.51068931200007,-34.79124691599998],[138.51074428800007,-34.79125790599994],[138.51041833600004,-34.792656930999954],[138.51041737700007,-34.79302693099993],[138.510151392,-34.794246931999965],[138.51006639900004,-34.79453392299996],[138.5098324160001,-34.79541293099993],[138.50969744000008,-34.79588791899994],[138.50967344000003,-34.79598593199995],[138.50964841600012,-34.79609393499993],[138.50964742300005,-34.79611193499994],[138.50974544000007,-34.79613193399996],[138.5097554240001,-34.796158925999976],[138.50971942400008,-34.79625791899997],[138.50970841600008,-34.79626592999995],[138.50968643200008,-34.79626592999995],[138.50961043200004,-34.796254921999946],[138.5094804160001,-34.79622593299996],[138.50483151900005,-34.79626800099993],[138.50377753600003,-34.79626702099995],[138.50135555200006,-34.796306055999935],[138.49927958400008,-34.79632609199996],[138.4991478400001,-34.796320134999974],[138.49893561600004,-34.79632109599993],[138.49781062400007,-34.79631611999997],[138.49665664000008,-34.79630912699997],[138.4966266560001,-34.79630912699997],[138.4956416650001,-34.79630215299994],[138.49558464000006,-34.79630215299994],[138.49481369600005,-34.79629817499995],[138.4938786880001,-34.79629417899997],[138.49332272000004,-34.796292198999936],[138.49295372900008,-34.796291200999974],[138.49161872000002,-34.79628624299994],[138.49169632000007,-34.79687727999993],[138.49169574400003,-34.79687724299998],[138.49152976000005,-34.796876244999964],[138.49140576000002,-34.79687324799994],[138.49055376,-34.796869251999965],[138.49026179200007,-34.79686725299996],[138.4900807680001,-34.79686625499994],[138.48996777600007,-34.79686625499994],[138.48987379200003,-34.79686525499994],[138.4897097920001,-34.79686427499996],[138.48954579100007,-34.796863275999954],[138.48938179200002,-34.796863275999954],[138.489348768,-34.796862275999956],[138.48926678400005,-34.796862275999956],[138.4891847670001,-34.79686127799994],[138.48906179200003,-34.79686127799994],[138.48902179100003,-34.79686127799994],[138.4888577920001,-34.79686027899993],[138.48869379200005,-34.79685929799996],[138.488529824,-34.79685829999994],[138.48828019200005,-34.79685661599996],[138.4881048000001,-34.79652529899994],[138.488033792,-34.796343296999964],[138.4875868160001,-34.79630631499998],[138.48707382400005,-34.79628731599996],[138.48671481600002,-34.79624334099998],[138.48475884800007,-34.79623037199997],[138.4846178560001,-34.79620036599994],[138.4837988800001,-34.79618338199998],[138.48352588800003,-34.796186397999975],[138.48335987300004,-34.79622839299998],[138.4831448650001,-34.79613339599996],[138.4823408640001,-34.79596441699994],[138.48223286300004,-34.79594340099993],[138.48188688000005,-34.79582842299993],[138.481799872,-34.79579042399996],[138.481788864,-34.79579042399996],[138.4817458880001,-34.79577142399995],[138.48168089600006,-34.79575142599998],[138.4816718720001,-34.79570643399995],[138.48168287900012,-34.795698422999976],[138.48168387200008,-34.79565343199994],[138.48169587200005,-34.79563543099994],[138.48205686400001,-34.79513441299997],[138.48236883200002,-34.794702401999984],[138.48240384000007,-34.79462240799995],[138.48302585600004,-34.79392238599996],[138.48328880000008,-34.793567389999964],[138.48336982400008,-34.79339839199997],[138.48355081700004,-34.793212393999966],[138.48401779200003,-34.79257336699993],[138.48412278400008,-34.792368367999984],[138.4842577930001,-34.79222638099998],[138.4844637440001,-34.791933376999964],[138.48460976,-34.791783359999954],[138.48464774400009,-34.791731357999936],[138.48525971200002,-34.79089536099997],[138.485395712,-34.79074434499995],[138.48545372800004,-34.79061934099997],[138.48543571200003,-34.790502328999935],[138.48540470400008,-34.790456337999956],[138.48538131200007,-34.79043604299994],[138.48519171200007,-34.79027135599995],[138.48472572800006,-34.789766361999966],[138.48424172800003,-34.78915236599994],[138.48391471900004,-34.788784362999934],[138.48366470400003,-34.788383375999956],[138.48351769600004,-34.788190364999934],[138.48317868700008,-34.78782339899993],[138.4824946870001,-34.78697939199998],[138.48210067200012,-34.786628409999935],[138.48156169600009,-34.78603141499997],[138.48114668800008,-34.78564441299994],[138.4808296970001,-34.785313429999974],[138.48066969600006,-34.78518343099995],[138.48030969600006,-34.78478841799995],[138.48004268800003,-34.78458443699998],[138.47988368000006,-34.784428444999946],[138.47974467300003,-34.78432643699995],[138.47932969700003,-34.78397545499996],[138.47921168000005,-34.78390043699994],[138.47883468800012,-34.78370346699995],[138.47874969600002,-34.78364746799997],[138.47856867200005,-34.78347245799995],[138.47846569600006,-34.78328146399997],[138.47833769600004,-34.78316147299995],[138.47829468800012,-34.78314245499996],[138.47809868800005,-34.78313845799994],[138.47805568,-34.78311945899998],[138.47798768100006,-34.78293545799994],[138.47841068800005,-34.782576465999966],[138.47863564800002,-34.78234747299996],[138.47883766400003,-34.78218946399994],[138.47893964800005,-34.78204644099998],[138.4791546560001,-34.78183544899997],[138.47978761600007,-34.78112743499997],[138.4799926080001,-34.78086042499996],[138.4802565760001,-34.780451426999946],[138.48061158300004,-34.78002542799993],[138.4806522240001,-34.77997666099998],[138.48072156800004,-34.77989341099993],[138.48094956700004,-34.77958240799995],[138.4809615680001,-34.77953741599998],[138.48085356800004,-34.77949040699997],[138.4813145280001,-34.77883241799998],[138.4848623680001,-34.77375932899997],[138.48705625600007,-34.77130728299994],[138.48723728000004,-34.771103283999935],[138.48731526500012,-34.77106027099995],[138.48758227200005,-34.770894270999975],[138.4876102400001,-34.77061527199993],[138.48761324800012,-34.77058828099996],[138.48801622400003,-34.77033725399997],[138.48946819100001,-34.769533244999934],[138.49045916800003,-34.76896122499994],[138.49093715200001,-34.768683205999935],[138.49161814400009,-34.76821017999998],[138.4922971200001,-34.76780018299996],[138.49305606400003,-34.76724816099994],[138.49337907200004,-34.76704715899996],[138.494317055,-34.76639014999995],[138.49488502400004,-34.76602312899996],[138.49523302400007,-34.765724130999956],[138.49601299200003,-34.76519911999998],[138.49637996800004,-34.765000096999984],[138.4964259840001,-34.764937085999975],[138.49641596800006,-34.76488310299993],[138.49628899200002,-34.76473610199997],[138.49626899200007,-34.76470010099996],[138.4962929930001,-34.76463708999995],[138.49631494400012,-34.76461109799993],[138.49653494400002,-34.76456109199995],[138.496898944,-34.76446010099994],[138.49741593600004,-34.764327066999954],[138.49850790300002,-34.76399806399996],[138.49980688000005,-34.76365503599993],[138.50014889600004,-34.76355402599995],[138.5005988480001,-34.76347301499993],[138.5007968640001,-34.76342302799998],[138.50108585700002,-34.763408004999974],[138.501288863,-34.76339699799996],[138.50133286400012,-34.763389004999965],[138.50135484800012,-34.76338600899993],[138.50205881600004,-34.76330499799997],[138.50346281500003,-34.76310799099997],[138.50460079900006,-34.76305996499997],[138.5048297930001,-34.763054969999985],[138.5052968000001,-34.76315494499994],[138.50560080000002,-34.763214938999965]]]},"properties":{"School_Name":"North Haven School","ENTITY_CODE":1375,"zoneType":"primary"}},{"type":"Feature","geometry":{"type":"Polygon","coordinates":[[[138.58133852800006,-34.961174521999965],[138.5814405760001,-34.96254851799995],[138.58153158400012,-34.96377153399993],[138.58161059200006,-34.964815544999965],[138.58166659200003,-34.965563535999934],[138.58175763200006,-34.966805533999946],[138.58058966400006,-34.96687755399995],[138.57963065600006,-34.96692054899995],[138.57953968000004,-34.966924562999964],[138.57838169600006,-34.966985575999956],[138.57757369600006,-34.96702758899994],[138.5763377280001,-34.96709159899996],[138.57623372800003,-34.967097611999975],[138.57491075200005,-34.967166617999965],[138.57478675200002,-34.96717262899995],[138.5731897920001,-34.96725264199995],[138.57293385600008,-34.96726559299998],[138.5729328000001,-34.96726564699998],[138.572704799,-34.96727665499998],[138.57188480000002,-34.967316669999946],[138.57018083200012,-34.96739868099996],[138.56887084800007,-34.967464706999976],[138.56799084800002,-34.96750969999994],[138.5671658880001,-34.96755173099996],[138.56688889600002,-34.96756571699996],[138.5657288960001,-34.96762475099996],[138.5647189120001,-34.96767575599995],[138.56391392000012,-34.967715752999936],[138.56384192000007,-34.966780761999985],[138.56376489500008,-34.96562876799993],[138.56370588800007,-34.96480675699996],[138.56360185500012,-34.96331676699998],[138.56357587200011,-34.96309476699997],[138.56357385700005,-34.96307075399994],[138.56355881600007,-34.962885752999966],[138.56354784000007,-34.96273275899995],[138.56341980800005,-34.961137762999954],[138.56333379300008,-34.96006676099995],[138.56330380800011,-34.95968675199998],[138.56323676800002,-34.95853274099994],[138.5642847370001,-34.95785373599995],[138.5653496970001,-34.95716472099997],[138.56553270400002,-34.957046728999956],[138.56677465600012,-34.95624269999996],[138.56714163200002,-34.95600567799994],[138.56804764800006,-34.95541869199997],[138.56902060900006,-34.95478967299994],[138.56986256000005,-34.95424364599995],[138.57185750400004,-34.952953640999965],[138.57341846400004,-34.95194261599994],[138.57382848100008,-34.95167960099997],[138.5745704320001,-34.95120459499998],[138.5755984000001,-34.95054456999998],[138.575641409,-34.95051657999994],[138.5758154240001,-34.95040458099993],[138.57599340800004,-34.95029158299997],[138.57642339200004,-34.94977755999997],[138.57692236800006,-34.949182563999955],[138.57737433600005,-34.94920356099993],[138.57737535900003,-34.94921255199995],[138.5774903670001,-34.95071956199996],[138.57749139200007,-34.95073456499995],[138.5775454080001,-34.95145354899995],[138.57762140800003,-34.95243956199994],[138.577710431,-34.953615551999974],[138.577710431,-34.95362456099997],[138.57785347200002,-34.95550554899995],[138.57786348800005,-34.95563856399997],[138.58087840000007,-34.95411051999997],[138.58089142400001,-34.954290524999976],[138.5809514240001,-34.95508652399997],[138.58100444800004,-34.956047523999985],[138.5810064320001,-34.95608452499994],[138.58109145600008,-34.95700051499995],[138.58113248000006,-34.95753451699994],[138.58116147200008,-34.957961516999944],[138.581222496,-34.95891552399996],[138.58133049700007,-34.960272517999954],[138.5813224960001,-34.96049851399994],[138.58132089600008,-34.96072550899993],[138.58131955200008,-34.96091552199994],[138.58133852800006,-34.961174521999965]]]},"properties":{"School_Name":"Black Forest Primary School","ENTITY_CODE":548,"zoneType":"primary"}},{"type":"Feature","geometry":{"type":"Polygon","coordinates":[[[138.61973840100006,-34.88048975099997],[138.6197993930001,-34.88145574699996],[138.61984140800007,-34.88211775099995],[138.61996444800002,-34.88407175799995],[138.61997401600001,-34.88407751799997],[138.6201112320001,-34.88416013199998],[138.61997401600001,-34.88426462599995],[138.6190421880001,-34.88497423299998],[138.6174180800001,-34.88621102299993],[138.61235817600004,-34.89006405499998],[138.60974470400004,-34.89301282599996],[138.60965990400007,-34.893244686999935],[138.60938492800005,-34.89327208599997],[138.60884784000007,-34.89328052199994],[138.60635957300008,-34.89339912199995],[138.60336390400005,-34.893541907999975],[138.60336384100003,-34.89354028399998],[138.6033485040001,-34.89315133399998],[138.60334844400006,-34.89314979499994],[138.60334080000007,-34.89295593899993],[138.59890800000005,-34.89318700399997],[138.598912895,-34.89326742099996],[138.59892594000007,-34.89348175099997],[138.59892601600006,-34.89348300399996],[138.5984249920001,-34.89350999499993],[138.5984247240001,-34.89350691799996],[138.59839814400004,-34.89320132199998],[138.5983980430001,-34.893201327999975],[138.5944277440001,-34.89339734899994],[138.59442764900007,-34.89339582399998],[138.59421299200005,-34.889938995999955],[138.59828694300006,-34.88974444999997],[138.598215008,-34.888842000999944],[138.59769171200003,-34.888860482999974],[138.597560992,-34.88703399599996],[138.59655100800012,-34.88708100499997],[138.59646601600002,-34.88607199599994],[138.59962400000006,-34.88591300699994],[138.59997401600003,-34.88467099099995],[138.59988953700008,-34.88354916999998],[138.59929123200004,-34.88357921399995],[138.59919660800006,-34.88232715199996],[138.59711200000004,-34.88242200199994],[138.59701200000006,-34.88079200399994],[138.5936049920001,-34.88095298999997],[138.59348099200008,-34.879162005999945],[138.60234262400002,-34.87873696899993],[138.6022776000001,-34.877887965999946],[138.60227158400005,-34.87781396599996],[138.60224585600008,-34.877476970999965],[138.60220057700008,-34.876883970999984],[138.60209955200003,-34.87555596799996],[138.60195452800008,-34.873651946999985],[138.6032204810001,-34.87359193399993],[138.60372150500007,-34.87356792099996],[138.6048444480001,-34.87351391899995],[138.60584444800008,-34.87346191599994],[138.60681843300006,-34.87341888499998],[138.60944240000003,-34.87329286199997],[138.61111036800003,-34.87320583899998],[138.613318337,-34.87309080499995],[138.61392134400012,-34.873059799999965],[138.61508329700007,-34.873003780999966],[138.61611529700008,-34.872954756999945],[138.61707827300006,-34.87290874799993],[138.61919923100004,-34.87280671999997],[138.61933728000008,-34.874781723999945],[138.61941129600007,-34.87583772199997],[138.61945356800004,-34.87644074899998],[138.61948531300004,-34.87689373999996],[138.61949734400002,-34.877053745999945],[138.61957632000008,-34.878169739999976],[138.61964035200003,-34.87906974599997],[138.61971635200007,-34.88013875099995],[138.61973840100006,-34.88048975099997]]]},"properties":{"School_Name":"Nailsworth Primary School","ENTITY_CODE":305,"zoneType":"primary"}},{"type":"Feature","geometry":{"type":"Polygon","coordinates":[[[138.72929040000008,-34.81632483299995],[138.73086438400003,-34.81667980999998],[138.73094137700002,-34.81667479599997],[138.73144153600003,-34.816732645999934],[138.73271507200002,-34.816290995999964],[138.73443328000008,-34.81676420699995],[138.7352347520001,-34.81679123499998],[138.73550371200008,-34.81682729199997],[138.73584956700006,-34.81703008899996],[138.73608012800003,-34.817106715999955],[138.73675100800006,-34.81719660699997],[138.73692000000005,-34.81723290499997],[138.73680492800008,-34.817502246999936],[138.73610755200002,-34.81731852199994],[138.73590444800004,-34.81780975299995],[138.7351578890001,-34.81807113999997],[138.73472422400005,-34.81935553899996],[138.7341917440001,-34.82031097099997],[138.73410140800001,-34.82066815099995],[138.73342323200006,-34.82092839099994],[138.73350572900006,-34.82199184499996],[138.73278643100002,-34.82187479499993],[138.73278643100002,-34.82192435699994],[138.73273702400002,-34.822086601999956],[138.73272784000005,-34.82230377299993],[138.73155705600004,-34.82237544299994],[138.73145251200003,-34.82207759199997],[138.73127721600008,-34.822114073999956],[138.73140505600009,-34.82348240799996],[138.73140310400004,-34.82353774199993],[138.73122742400005,-34.82352873199994],[138.73115606400006,-34.82344311399993],[138.73046588800003,-34.82384669199996],[138.73009619100003,-34.82345885799998],[138.73020403200007,-34.82338929799994],[138.73015267200003,-34.823338718999935],[138.7295970560001,-34.82367745399995],[138.72955862300012,-34.82365491999997],[138.7294817600001,-34.823690976999956],[138.7286738240001,-34.824523272999954],[138.728246656,-34.82406954199996],[138.72763180900006,-34.82472751299997],[138.72804902400003,-34.82516466799996],[138.72799961600003,-34.82521874399998],[138.72772515200006,-34.82524579099993],[138.72769561600012,-34.825581399999976],[138.72693465600003,-34.825660393999954],[138.72689625600003,-34.826228252999954],[138.72698406400002,-34.82694029899994],[138.7263323200001,-34.83159280799998],[138.726874048,-34.83157593599998],[138.72680473600008,-34.832086017999984],[138.7262527360001,-34.83213661499997],[138.7261002880001,-34.833024318999946],[138.72685232000003,-34.83369581399995],[138.72733104000008,-34.83391768399997],[138.7272146240001,-34.83458364799998],[138.7268406720001,-34.83453737899998],[138.72681241600003,-34.834516288999964],[138.72678675200007,-34.83464486499997],[138.7271923840001,-34.834697570999936],[138.72700604800002,-34.83573734399994],[138.72655039900008,-34.83561115599997],[138.72652844800007,-34.835597650999944],[138.72577772900001,-34.83559337699995],[138.72557328000005,-34.83555708099993],[138.72552355200003,-34.83557439599997],[138.72537977700006,-34.836082387999966],[138.7261222410001,-34.836224079999965],[138.72652844800007,-34.83655306399993],[138.72625945700008,-34.83665220699993],[138.7261936000001,-34.83669277699994],[138.7262869120001,-34.83682797499995],[138.7261222410001,-34.836918106999974],[138.72650649500008,-34.83732821399997],[138.7261441920001,-34.83765719999997],[138.7261880960001,-34.837688742999944],[138.72539212800007,-34.83831517099998],[138.7251945280001,-34.838869504999934],[138.7250627520001,-34.84016291399996],[138.7228919360001,-34.84002183399997],[138.72125904000006,-34.83989325799996],[138.72088528000006,-34.839919546999965],[138.72025702400003,-34.83954806699995],[138.7200899830001,-34.83759405999996],[138.72005795200005,-34.83737205999995],[138.71997395300002,-34.83678703399994],[138.71993696000004,-34.83607704199994],[138.7198869440001,-34.83550204399995],[138.71982694400003,-34.834751034999954],[138.71962787200005,-34.83222504499997],[138.71958387200004,-34.83170704499997],[138.71955187100002,-34.83133404899996],[138.719466849,-34.830373047999956],[138.71944083200003,-34.83006304399993],[138.71940684800006,-34.82966503399996],[138.71937484800003,-34.829283045999944],[138.71919376000005,-34.82720101899997],[138.71911977600007,-34.82635001899996],[138.71906876800006,-34.82604502799995],[138.718974752,-34.824862027999984],[138.71896172800007,-34.824700021999945],[138.71894073500005,-34.82444301999993],[138.71888969600002,-34.823784030999946],[138.71885670400002,-34.823443021999935],[138.71880566400012,-34.822426020999956],[138.71876368000005,-34.821909019999964],[138.71868966400007,-34.82100801499996],[138.71853462500007,-34.819054007999966],[138.71852460700006,-34.81892101099993],[138.7184126080001,-34.81755500799994],[138.71836259300005,-34.816896000999975],[138.71828358400012,-34.81599801099998],[138.7203045440001,-34.815907970999945],[138.72151552000003,-34.81585295299993],[138.72206352000012,-34.81582794099995],[138.72320147200003,-34.81577393899994],[138.72400848000007,-34.81573490399995],[138.72403049600007,-34.815733904999945],[138.72479644800012,-34.81569588699995],[138.72812038400002,-34.815534844999945],[138.7288193920001,-34.816013846999965],[138.72929040000008,-34.81632483299995]]]},"properties":{"School_Name":"Tea Tree Gully Primary School","ENTITY_CODE":432,"zoneType":"primary"}},{"type":"Feature","geometry":{"type":"Polygon","coordinates":[[[138.60640857600004,-34.74086745699998],[138.61076476800008,-34.743479416999946],[138.608926848,-34.745506424999974],[138.60781587200006,-34.74676044699993],[138.60618892800005,-34.748597478999955],[138.605174432,-34.74975302599995],[138.60438998400002,-34.750646519999975],[138.6031270730001,-34.752036535999935],[138.6023420470001,-34.75155353799994],[138.6013530560001,-34.75094555399994],[138.59873206400005,-34.74933459299996],[138.59806806400002,-34.748919600999955],[138.59744204700007,-34.74859660899995],[138.5956150720001,-34.74750662699995],[138.5951190720001,-34.74721162599997],[138.59330710400002,-34.74610467799994],[138.5931940800001,-34.74604166699993],[138.59285424000007,-34.74583975799993],[138.59285407700008,-34.74583965599993],[138.5876787840001,-34.74270815199998],[138.58714565200012,-34.74241212299995],[138.58679836800002,-34.74221928999998],[138.58612423700004,-34.74251084599996],[138.58598841600008,-34.742569586999934],[138.5853331520001,-34.740623608999954],[138.584748224,-34.738377190999984],[138.58268908800005,-34.73253063599998],[138.5828180210001,-34.732504296999934],[138.58343923400002,-34.73237739299998],[138.58480195200002,-34.732099011999935],[138.586250768,-34.732033773999945],[138.5882875840001,-34.73194205799996],[138.58932175300004,-34.73206209399996],[138.5893440000001,-34.732064675999936],[138.59082422300003,-34.732373682999935],[138.5923104000001,-34.732721925999954],[138.59268108800006,-34.73283155699994],[138.5931817920001,-34.732996594999975],[138.59790889600004,-34.73554709699994],[138.6004913920001,-34.73724861699998],[138.6009487670001,-34.73754752199994],[138.60483078400011,-34.73992549299993],[138.60608176000005,-34.74067146899995],[138.60640857600004,-34.74086745699998]]]},"properties":{"School_Name":"Burton Primary School","ENTITY_CODE":1844,"zoneType":"primary"}},{"type":"Feature","geometry":{"type":"Polygon","coordinates":[[[138.677564479,-34.691110282999944],[138.67430748800007,-34.695730787999935],[138.673670656,-34.695431568999936],[138.67075699200007,-34.69404756499995],[138.66672684800005,-34.690663840999946],[138.6662285440001,-34.69021763899997],[138.6657256310001,-34.689860977999956],[138.66506662400002,-34.68954497999994],[138.66363350300003,-34.68892780099998],[138.66260361600007,-34.68848598399995],[138.661179553,-34.68777904299998],[138.654716,-34.685088846999975],[138.65049161600007,-34.683276975999945],[138.65629040600004,-34.67395939399995],[138.6613666390001,-34.66580282799998],[138.66213763100006,-34.66456398499997],[138.6622169740001,-34.66459803999993],[138.66718473600008,-34.66673024299996],[138.6714388160001,-34.66867377899996],[138.67304588900004,-34.669217955999954],[138.675094144,-34.670150855999964],[138.67632310400006,-34.670720951999954],[138.6790646400001,-34.671964817999935],[138.68165840000006,-34.67300490599996],[138.6831868160001,-34.673663284999975],[138.68773564900005,-34.67545907999994],[138.6901010240001,-34.67613220199996],[138.69062870400012,-34.676311762999944],[138.6915243840001,-34.67668726299996],[138.69155667200005,-34.676700799999935],[138.6912734120001,-34.67710469499997],[138.6905566040001,-34.67812677599994],[138.69011923300002,-34.67875041399998],[138.68975293100004,-34.67920904799996],[138.68955337800003,-34.67945889999993],[138.68897699100012,-34.68018057499995],[138.68772201500008,-34.68142756799995],[138.68677180300006,-34.682155232999946],[138.68601396000008,-34.68273558299995],[138.6828460170001,-34.68516157099998],[138.6816409920001,-34.686130007999964],[138.68093401600004,-34.68681600799994],[138.67949299300005,-34.68850757399997],[138.67878355200003,-34.68941943799996],[138.67769184000008,-34.69097560299997],[138.677564479,-34.691110282999944]]]},"properties":{"School_Name":"John Hartley School B-6","ENTITY_CODE":1901,"zoneType":"primary"}},{"type":"Feature","geometry":{"type":"Polygon","coordinates":[[[138.53494700900012,-35.08747792599996],[138.53353801600008,-35.087816937999946],[138.53294000000005,-35.08797392899993],[138.53180601600002,-35.08796793499994],[138.5309329920001,-35.08789193699994],[138.53006099200002,-35.088176930999964],[138.52953801600006,-35.088751927999965],[138.52831798400007,-35.088926716999936],[138.52770601600002,-35.08917692899996],[138.5271820160001,-35.08931893499994],[138.52639699200006,-35.08931493899996],[138.5261047360001,-35.09005876799995],[138.52570000000003,-35.090827942999965],[138.5248270080001,-35.09104093399998],[138.52430399900004,-35.09103793699995],[138.5242169920001,-35.09060392599997],[138.52465299200003,-35.090172930999984],[138.52456499200002,-35.089522934999934],[138.5241289910001,-35.089375933999975],[138.52300620800008,-35.090348570999936],[138.5224720000001,-35.090749002999985],[138.52159900800007,-35.09096199399994],[138.52143427200008,-35.09037574799993],[138.52142400000002,-35.089733001999946],[138.52107500800003,-35.08944199699994],[138.52046400000006,-35.089222993999954],[138.5199409920001,-35.08921999699993],[138.51933001600003,-35.08878400799995],[138.5185449920001,-35.088779992999946],[138.51767200000006,-35.08906500399996],[138.51741100900006,-35.08964100099996],[138.51697500800003,-35.08971200499997],[138.51671299200007,-35.08926792999995],[138.51653801600003,-35.08855399699996],[138.51618899200002,-35.08797400399993],[138.51522899200006,-35.08760799899994],[138.51469932800012,-35.087624001999984],[138.5140807360001,-35.08762163399996],[138.5134750090001,-35.08766100199995],[138.5136440000001,-35.08711699099996],[138.514055008,-35.08677400099998],[138.51424099200005,-35.08638999599998],[138.51411299200004,-35.085830999999985],[138.51456499200003,-35.08558300799996],[138.51487001600003,-35.085175008999954],[138.51492399900008,-35.08481999399993],[138.5153243520001,-35.08451420799997],[138.51532201600003,-35.08398699399993],[138.5156390080001,-35.083495005999964],[138.5158600000001,-35.08317700899994],[138.51649100800012,-35.08274799399993],[138.51776899200001,-35.08177200799997],[138.520156992,-35.08082299499995],[138.52030044800006,-35.08019195899993],[138.52084348800008,-35.07970526199995],[138.52156755200008,-35.07915509099996],[138.52585299200007,-35.076789994999956],[138.53223056000002,-35.07646036199998],[138.53223072000003,-35.07646025099996],[138.53338252800006,-35.076405342999976],[138.53488147200005,-35.07633532099993],[138.53651344000002,-35.07623530899997],[138.5432498880001,-35.075907137999934],[138.5433060160001,-35.07649099699995],[138.5434903050001,-35.076897146999954],[138.54349900800003,-35.07732999199993],[138.54363401600006,-35.07748899899997],[138.54392099200004,-35.07820300599997],[138.54379100800008,-35.078558002999955],[138.5442790080001,-35.07907093399996],[138.5440510080001,-35.080321940999966],[138.54377900800012,-35.08116592899995],[138.54305801700002,-35.08180993299993],[138.54209900900003,-35.08245593399994],[138.541670016,-35.08295992999996],[138.5409649920001,-35.08317293899995],[138.53974400000004,-35.08338393099996],[138.53927363200012,-35.08355629599998],[138.538572992,-35.08398693899994],[138.53826099200012,-35.08460393299998],[138.53826099200012,-35.08525492899997],[138.53808700800005,-35.08619293399994],[138.53669200000002,-35.08719692999995],[138.53608099300004,-35.08741093699996],[138.53494700900012,-35.08747792599996]]]},"properties":{"School_Name":"Woodend Primary School","ENTITY_CODE":1056,"zoneType":"primary"}},{"type":"Feature","geometry":{"type":"Polygon","coordinates":[[[138.6124519990001,-35.04673200899998],[138.61272399900008,-35.04673800299997],[138.612726016,-35.04673800299997],[138.61283401600008,-35.04678499299996],[138.6129729920001,-35.046931993999976],[138.6130980160001,-35.047148998999944],[138.6131640000001,-35.04727400399997],[138.61315205200003,-35.04728082699995],[138.6118489920001,-35.048024992999956],[138.61179100800007,-35.04825000799997],[138.6120939320001,-35.04886973099997],[138.61209699200003,-35.04887599299997],[138.6126677420001,-35.04855851699995],[138.612736992,-35.04851999799996],[138.61290226000006,-35.04847797599996],[138.61290859200005,-35.04847636699998],[138.61291001600011,-35.04847600399995],[138.61312400000008,-35.048505991999946],[138.6132809920001,-35.04859099899994],[138.61357001600004,-35.04891099499997],[138.61368745400011,-35.04896389399994],[138.61381200100004,-35.04901999599997],[138.61390300800008,-35.04903999499993],[138.6143470080001,-35.04910300699993],[138.61425946400004,-35.047930064999946],[138.61423900800003,-35.04765599199993],[138.6143800010001,-35.04753400299995],[138.61529900800008,-35.04741199499995],[138.6162350080001,-35.047350999999935],[138.61830000100008,-35.047242997999945],[138.6185969920001,-35.04722799299998],[138.62049699200008,-35.04713199699995],[138.62049533700008,-35.04713609999993],[138.6204510130001,-35.04724599499997],[138.6204489920001,-35.04725100799993],[138.62023108100004,-35.047445867999954],[138.61984400000006,-35.04779200399997],[138.61984424000002,-35.04779742499994],[138.6198500160001,-35.04792799699993],[138.61990617700008,-35.04802894299996],[138.6199089920001,-35.04803400199995],[138.6203111650001,-35.048272345999976],[138.6205080000001,-35.04838899799995],[138.62050814500003,-35.04839073499994],[138.62054899200007,-35.048876991999975],[138.61959900800002,-35.04937499299996],[138.619598536,-35.04937561699995],[138.61951309900007,-35.04948862899994],[138.61950601500007,-35.04949799899998],[138.61950588500008,-35.04949887599997],[138.6194813730001,-35.049663443999975],[138.61948099200004,-35.049665997999966],[138.619593645,-35.04987501099998],[138.62038079100012,-35.051335466999944],[138.62038700800008,-35.051346999999964],[138.62063785300006,-35.05154860699997],[138.620764,-35.051649993999945],[138.62085461300012,-35.05267751699995],[138.62085500800004,-35.05268199699998],[138.62040300900003,-35.05309199399994],[138.619908,-35.05358000599995],[138.6194240000001,-35.05408799799994],[138.619580992,-35.054231002999984],[138.61998899200012,-35.05437199099998],[138.62031900800002,-35.054477995999946],[138.62047401600012,-35.054580004999934],[138.62068899200005,-35.05480300399995],[138.62078499200004,-35.05508200199995],[138.62076899200008,-35.05544299299993],[138.62070499200001,-35.05568700799995],[138.62004300800004,-35.05653700899995],[138.61986400000012,-35.05681199299994],[138.6196590090001,-35.05712699199995],[138.61967600000003,-35.057753994999985],[138.6196409920001,-35.058025999999984],[138.61954300800005,-35.05831199199997],[138.61920201600003,-35.058998008999936],[138.619084992,-35.059300002999976],[138.61904400000003,-35.05940500799994],[138.61893801600002,-35.05963200399998],[138.61906800000008,-35.06004399799997],[138.6192289920001,-35.060544996999965],[138.6193760000001,-35.06075700699995],[138.61977401700005,-35.06105300699994],[138.61988800000006,-35.06113799499997],[138.6205220160001,-35.06147700899993],[138.6209670080001,-35.06171599099997],[138.6212169920001,-35.061884007999936],[138.621642016,-35.06193099899997],[138.62217600000008,-35.06189499699997],[138.62217600000008,-35.06190200899994],[138.6227449920001,-35.06183699999997],[138.622747999,-35.06183600099996],[138.62281299200004,-35.06189399799996],[138.62280099200007,-35.062079997999945],[138.622412993,-35.062343992999956],[138.62240400000007,-35.062350004999985],[138.6223700160001,-35.06246200399994],[138.6223110090001,-35.06265799299996],[138.62246300800007,-35.062873998999976],[138.62246400000004,-35.062873998999976],[138.6234609920001,-35.06339499599994],[138.62346300800004,-35.06339599499995],[138.6237590080001,-35.063588005999975],[138.6237660160001,-35.06359200299994],[138.62457900700008,-35.063922005999984],[138.62458300700007,-35.063924002999954],[138.62489199900006,-35.06410700599997],[138.62515600000006,-35.064326008999956],[138.62542400000007,-35.06448699599997],[138.62545500900012,-35.064612000999944],[138.62535900700004,-35.064794002999975],[138.625334016,-35.064820994999934],[138.62521900900003,-35.06494400099996],[138.62502800100003,-35.064941003999934],[138.6245449920001,-35.06482900499998],[138.62453600000003,-35.06482700699996],[138.62430099200003,-35.06481499999995],[138.62430000000006,-35.06481499999995],[138.62356899200006,-35.06477700099998],[138.62306700800002,-35.06472100099995],[138.62261599900012,-35.06473700399994],[138.62243001700006,-35.06475999999998],[138.62227801500012,-35.06483499899997],[138.6221200000001,-35.06507000499994],[138.62207299200008,-35.06539900799993],[138.62188400000002,-35.06589399499995],[138.622046016,-35.06617600799996],[138.62235999900008,-35.06640000599998],[138.62236601600011,-35.066405000999964],[138.62327699200011,-35.06668499899996],[138.62412000000006,-35.066877991999945],[138.62448300800008,-35.06704399199998],[138.62449200000003,-35.06704700699993],[138.6247870080001,-35.06740500099994],[138.62513100800004,-35.06787599199998],[138.62513100800004,-35.067876989999945],[138.62524499200003,-35.06794100099995],[138.62524601600012,-35.06794100099995],[138.6252980160001,-35.067970008999964],[138.62530799900003,-35.067976003999945],[138.62548099200012,-35.068027007999945],[138.62568601600003,-35.06801200399997],[138.6260880000001,-35.06789299299993],[138.62649500800012,-35.067864003999944],[138.62649699200006,-35.067864003999944],[138.62657401600006,-35.06791600799994],[138.62678300700009,-35.068367999999964],[138.62685100800002,-35.06851100399996],[138.62686000000008,-35.068514999999934],[138.62696700800007,-35.06855899399994],[138.62769100800006,-35.06871000899997],[138.62804099200002,-35.06885599199995],[138.6280500160001,-35.06885900799995],[138.62812800000006,-35.06895300599996],[138.6281160000001,-35.069138006999935],[138.628008001,-35.06954099199993],[138.62775001600005,-35.07039600599995],[138.62700399900007,-35.07147000499998],[138.62692601600008,-35.07164999199995],[138.6269360010001,-35.07181800899997],[138.62703801600003,-35.07196299399993],[138.6270390080001,-35.07196399299994],[138.62740601500002,-35.07215300699994],[138.627483008,-35.07214599499997],[138.62749001600002,-35.07214499699995],[138.6276529920001,-35.07277399599997],[138.62702400000012,-35.07381900599995],[138.62612201500008,-35.07365999799998],[138.6255260160001,-35.07364199799997],[138.62486201600007,-35.07364499499994],[138.6243280000001,-35.07353499499993],[138.62324899300006,-35.07343400199994],[138.62151900800006,-35.07291799999996],[138.62021500800006,-35.072694001999935],[138.61972201600008,-35.072389991999955],[138.61917299200002,-35.07240499499994],[138.61901299200008,-35.072219995999944],[138.618764993,-35.07124800599996],[138.61828399900003,-35.070774996999944],[138.6177670080001,-35.07058700099998],[138.6164000000001,-35.06997500199998],[138.6153900170001,-35.06954600599994],[138.61349001600001,-35.06882600399996],[138.61241105400006,-35.06842301699993],[138.6124110080001,-35.06842299999994],[138.61187900800007,-35.06727300299997],[138.6109189650001,-35.066373168999974],[138.61071500800006,-35.06618200299994],[138.60985927800004,-35.065375367999934],[138.60947620800005,-35.06501427599994],[138.60942499200007,-35.064965997999934],[138.6089760000001,-35.06456499199993],[138.60873401600008,-35.06429899799997],[138.6084689920001,-35.06400899199997],[138.60845073500002,-35.06399418299998],[138.60785500800012,-35.06351099099993],[138.60785699200005,-35.06350999199998],[138.60748991700007,-35.063226447999966],[138.60725500800004,-35.063044994999984],[138.60666099200012,-35.062450996999985],[138.6066540160001,-35.06244300499998],[138.6059199990001,-35.06168100799994],[138.60460000000012,-35.06015200099995],[138.6038470090001,-35.05950699899995],[138.60357801500004,-35.05924999599995],[138.603699999,-35.058915997999975],[138.60348899100006,-35.058839999999975],[138.60332000000005,-35.058778005999955],[138.6027049920001,-35.05855099299998],[138.60270062000006,-35.05854845899995],[138.60223607700004,-35.05827911299997],[138.60221001600007,-35.05826400199993],[138.60206700800006,-35.05818099299995],[138.60206661000007,-35.05818073199998],[138.6019072910001,-35.05807590399996],[138.60183600000005,-35.05802899699995],[138.60097153300012,-35.057462130999966],[138.60054628000012,-35.05718327499994],[138.600337695,-35.05704649699993],[138.60031100800006,-35.057028997999964],[138.59974201600005,-35.05673299799997],[138.59931001600012,-35.05657099299998],[138.59943921100012,-35.05634011999996],[138.5996340150001,-35.05599199899996],[138.59979401600003,-35.055860001999974],[138.5999420160001,-35.05578700099994],[138.60039900800007,-35.05562599499996],[138.60040300800006,-35.05563899999993],[138.60048300800008,-35.05558499899996],[138.60066996400008,-35.05545810199993],[138.60070400100005,-35.05543500099998],[138.60079900800008,-35.055329994999965],[138.60087500800012,-35.05522400899997],[138.60095801600005,-35.05510100199996],[138.60097069200003,-35.05507132699995],[138.60100201600005,-35.05499799399996],[138.60101611700009,-35.05492619599994],[138.60102499200002,-35.054880999999966],[138.60104499200008,-35.054704991999984],[138.60104899200007,-35.05450099199993],[138.601017113,-35.05434967399998],[138.60101001600003,-35.05431599199994],[138.60095421500012,-35.05419441999993],[138.6007360000001,-35.05371899599993],[138.60068601600005,-35.05351499699998],[138.6006590080001,-35.05327499599997],[138.60069500800012,-35.05304800099998],[138.60081460700007,-35.05267078399993],[138.60086400000012,-35.05251499899998],[138.6008773960001,-35.05247017499994],[138.60093900900006,-35.05226400899994],[138.60106899200002,-35.051429990999964],[138.60108601600007,-35.05136999599995],[138.6011399990001,-35.051238996999984],[138.60119600000007,-35.051150992999965],[138.6012870080001,-35.05104800299995],[138.60139200000003,-35.05097899899994],[138.60156201600012,-35.05091300899994],[138.60153801600006,-35.05080900199994],[138.6015289920001,-35.05045400599994],[138.60152422600004,-35.05009789899998],[138.60152400000004,-35.05008100799995],[138.60151380900004,-35.04979597899995],[138.6014855080001,-35.04900442999997],[138.6014849920001,-35.048990007999976],[138.60179299200001,-35.049060992999955],[138.60239401600006,-35.04908900099997],[138.60243900800003,-35.049053999999956],[138.6028740160001,-35.048782993999964],[138.6029769910001,-35.048669994999955],[138.60304099200005,-35.04854099499994],[138.60313299200004,-35.048334996999984],[138.60308099200006,-35.04817900499995],[138.6031279990001,-35.04809000199998],[138.6031420160001,-35.04797300699994],[138.6034030080001,-35.047670994999976],[138.60352499200008,-35.04762900099996],[138.60365299300008,-35.04763099799993],[138.603655999,-35.04763099799993],[138.60377500800007,-35.04768799699997],[138.60409801600008,-35.04792000499998],[138.604356993,-35.048051003999944],[138.60495401700007,-35.048252005999984],[138.6053460160001,-35.048340990999975],[138.6053790080001,-35.04836200699998],[138.60549401600008,-35.04854099499994],[138.6055849930001,-35.04870399799995],[138.60580700800006,-35.04898699299997],[138.6059820160001,-35.049369997999975],[138.60614899300003,-35.04966100299998],[138.60633200000007,-35.04983099899994],[138.60646000000008,-35.04989299299996],[138.60658,-35.04991299099993],[138.60667699200008,-35.049883002999934],[138.60682400000007,-35.04983699299993],[138.60705699200003,-35.04971500499994],[138.6073929920001,-35.04947899999996],[138.60772099200005,-35.04915199399994],[138.60779801600006,-35.049126000999934],[138.6080390090001,-35.04913099699996],[138.60833001600008,-35.04929000399994],[138.6086230080001,-35.04979100199995],[138.60885699200003,-35.05004800499995],[138.60915900800012,-35.050217001999954],[138.609394016,-35.050419002999945],[138.60952400100007,-35.05046699299993],[138.6096590080001,-35.050367998999945],[138.6096920000001,-35.05034400399995],[138.60992099100008,-35.05000599099998],[138.61024499200005,-35.04979599799998],[138.61046700800011,-35.04970199899998],[138.61063500700004,-35.04958800199995],[138.61074601600012,-35.04954500799994],[138.61105001600004,-35.04949899899998],[138.61132899200004,-35.049457003999976],[138.6114080000001,-35.04938699999997],[138.61147900800006,-35.04920799299998],[138.6114409910001,-35.049016999999935],[138.6111100160001,-35.048695006999935],[138.61093699100002,-35.04854099499994],[138.61069801600001,-35.04824799099998],[138.61066700800006,-35.04819400899993],[138.61065200000007,-35.047949993999964],[138.610687008,-35.04787799099995],[138.61075500800007,-35.04780800599997],[138.61087699200004,-35.04775600299996],[138.61096499200005,-35.047739999999976],[138.6111400000001,-35.04774299699994],[138.6114230080001,-35.04780299199996],[138.61153401500007,-35.04778700799994],[138.61165599900005,-35.04773500599998],[138.61188000100003,-35.04755000499995],[138.6120800000001,-35.047463997999955],[138.61221500800002,-35.04735000199997],[138.6123190080001,-35.04716200499996],[138.61226899200005,-35.046989990999975],[138.61227200000008,-35.04690899899998],[138.61231801600002,-35.04681100399995],[138.61239699200007,-35.04674899199995],[138.6124519990001,-35.04673200899998]]]},"properties":{"School_Name":"Craigburn Primary School","ENTITY_CODE":1226,"zoneType":"primary"}},{"type":"Feature","geometry":{"type":"Polygon","coordinates":[[[138.48869100800005,-34.860639472999935],[138.4889790090001,-34.86110245399993],[138.49212092900007,-34.859483388999934],[138.4925499200001,-34.86004839799995],[138.49277299200003,-34.860295002999976],[138.49574329600011,-34.85957311399994],[138.49699299200006,-34.85926399799996],[138.49739155200007,-34.859225684999956],[138.49798899200005,-34.859229994999964],[138.4984980160001,-34.85942100799997],[138.49865801600004,-34.85952399699994],[138.49896601600005,-34.85984500899997],[138.50089801600006,-34.86025600499994],[138.50098000000003,-34.86033500099995],[138.50227280000001,-34.86088322899997],[138.50215779300004,-34.86109522099997],[138.5027889920001,-34.866296217999945],[138.5029939200001,-34.867892249999954],[138.50307894500008,-34.86857724899994],[138.50326396800006,-34.87006124599998],[138.503372,-34.870987243999934],[138.50349798500008,-34.87193424099996],[138.50353900800008,-34.87224524499993],[138.5035670090001,-34.87247124099997],[138.50356201600005,-34.873738268999944],[138.50356307200002,-34.87426825599994],[138.50356505600007,-34.87517225899995],[138.50356604800004,-34.87564826399995],[138.50356908800006,-34.876685262999956],[138.5035680960001,-34.877235267999936],[138.50360611200006,-34.87808425199995],[138.50361612900008,-34.87847025399998],[138.5036521280001,-34.878939265999975],[138.50369014500006,-34.87972026199998],[138.5036891520001,-34.87984826299993],[138.50372515200002,-34.880076257999974],[138.50381919900008,-34.88147628199994],[138.50382419200002,-34.881534278999936],[138.50393721600005,-34.88320527299993],[138.50399923200007,-34.88412527799994],[138.50406124800008,-34.88504328499994],[138.50427231900005,-34.88815528199996],[138.50429331200007,-34.88844327099997],[138.50436131200001,-34.88939130399996],[138.5043803200001,-34.88964930499998],[138.50443033600004,-34.89033730099993],[138.5044543360001,-34.890669301999935],[138.5045283830001,-34.89170130499997],[138.50457337500006,-34.892020300999945],[138.50351436800008,-34.892051307999964],[138.50275440000007,-34.89207332199993],[138.50197542400008,-34.89209633699994],[138.5013574080001,-34.89211433699995],[138.50123840000003,-34.892118332999985],[138.49979945600012,-34.892180362999966],[138.49829648000002,-34.89224439099996],[138.4982864650001,-34.89224539099996],[138.4977534730001,-34.89230139099993],[138.49727948800012,-34.89238841499997],[138.4968754890001,-34.89253040199998],[138.49651750500004,-34.89271640099997],[138.49490953600002,-34.89376943899998],[138.49490256,-34.89377350999996],[138.4942385600001,-34.89416247199995],[138.49409356800004,-34.89421145999995],[138.49388758500004,-34.89428146399996],[138.49343856000007,-34.89435046899996],[138.49294256000007,-34.89437048599996],[138.4917680320001,-34.89441912199993],[138.49015161700004,-34.89448551899994],[138.48905663900007,-34.89453052899995],[138.48877363200006,-34.89457354299998],[138.48896867200006,-34.89584854399993],[138.48904566400006,-34.896093537999946],[138.48915568000007,-34.896333539999944],[138.4897496650001,-34.897399546999964],[138.488896704,-34.89742855399993],[138.48833971200008,-34.89745154999997],[138.48736870400012,-34.89749358199998],[138.48697868800002,-34.896520573999965],[138.48688668800003,-34.896311579999974],[138.48656566400007,-34.895376571999975],[138.48650166400012,-34.894960580999964],[138.48649802700004,-34.89491893299993],[138.48645267300003,-34.89439956799998],[138.48647664100008,-34.893634573999975],[138.48646893900002,-34.89360666699997],[138.48626201700006,-34.89285682499997],[138.48608641400006,-34.892220479999935],[138.48596364800005,-34.89177560199994],[138.48583961600002,-34.89120559799994],[138.48560761600004,-34.89055158599996],[138.48557745300002,-34.890474695999956],[138.48527260800006,-34.88969758899998],[138.4848815680001,-34.88853458699998],[138.48412177900002,-34.88658366799996],[138.4840995520001,-34.88652659699994],[138.48405543,-34.886377308999954],[138.48400054400008,-34.88619159899997],[138.48389219700005,-34.88586961799996],[138.48360953600002,-34.88502961399996],[138.48352122300003,-34.88471580399994],[138.48346150400005,-34.884503602999985],[138.483314983,-34.88408862199998],[138.48328249500003,-34.88399661099993],[138.4832395200001,-34.88387661999997],[138.4832142670001,-34.88378624199993],[138.48269747200004,-34.88193661799994],[138.4825529640001,-34.88147485899998],[138.482518464,-34.881364615999985],[138.48245948800002,-34.88114761099996],[138.48231644800012,-34.88008060499993],[138.4823156110001,-34.88007714399998],[138.48199644800002,-34.87875761399994],[138.48192640000002,-34.87818860999994],[138.48179641600007,-34.87777062099997],[138.48170249300006,-34.87734202799993],[138.48170240000002,-34.87734160599996],[138.48169040000005,-34.87729161899995],[138.48157337600003,-34.87646860899997],[138.48153638300005,-34.87624261299993],[138.48102636800002,-34.87469963999996],[138.48079833600002,-34.87391063299998],[138.48057334300006,-34.87339163399997],[138.4801893440001,-34.87235563399997],[138.47977232000005,-34.871346625999934],[138.4794033290001,-34.870176629999946],[138.47861628700002,-34.86799664599994],[138.4782902400001,-34.86687164199998],[138.47797625600003,-34.86532365499994],[138.47782121600005,-34.864674656999966],[138.47760822400005,-34.86378363999995],[138.47739219100004,-34.86261664199998],[138.4772432000001,-34.86212665099998],[138.4770301750001,-34.861211639999965],[138.47683014400002,-34.86060367599998],[138.47658716800004,-34.85961566399993],[138.47649414400007,-34.85906366099994],[138.4763981440001,-34.85864767099997],[138.47634713700006,-34.85815066699996],[138.4762101120001,-34.85734667599996],[138.4760040960001,-34.855760671999974],[138.48362499200005,-34.856523537999976],[138.48460198300006,-34.85662151399998],[138.48551395200002,-34.856716491999975],[138.48623296000005,-34.85679648599995],[138.48728697600006,-34.85689945799993],[138.48827292800001,-34.85699846999995],[138.4882559680001,-34.85784545499996],[138.48823497600006,-34.85871045899995],[138.4882699520001,-34.859262462999936],[138.4884099840001,-34.85999347099994],[138.48851798400005,-34.86027746499997],[138.48869100800005,-34.860639472999935]]]},"properties":{"School_Name":"West Lakes Shore School","ENTITY_CODE":1246,"zoneType":"primary"}},{"type":"Feature","geometry":{"type":"Polygon","coordinates":[[[138.706926048,-34.831256236999934],[138.70701708800004,-34.83241724199996],[138.70839705600008,-34.83233922699998],[138.71330595200004,-34.83206013599994],[138.71431497600008,-34.83200511699994],[138.71438297600002,-34.83274613399993],[138.71451798400005,-34.83330812799994],[138.714629983,-34.83377414399996],[138.714659008,-34.83389211699995],[138.71477798500007,-34.83415711099997],[138.71499600000004,-34.83446911499993],[138.71510300900002,-34.83465811099995],[138.71515299200007,-34.834846106999976],[138.7151520000001,-34.83501911899998],[138.715111008,-34.83520311999996],[138.71500803200001,-34.83539211599998],[138.7148840320001,-34.83557713399995],[138.71456201600006,-34.83589213399995],[138.71411907200002,-34.83632714299995],[138.71422105600004,-34.83642913299997],[138.71433107200005,-34.83659113799996],[138.714391072,-34.83669312799998],[138.71449206300008,-34.83689612899997],[138.71460710500003,-34.83819012999993],[138.71557907200008,-34.838085141999954],[138.71576409600004,-34.840073133999965],[138.71394112100006,-34.840280148999966],[138.71141718400008,-34.84050520099993],[138.71070617600003,-34.840525199999945],[138.70977923200007,-34.84059122599996],[138.70968022500006,-34.84059821999995],[138.70950220800012,-34.84064223099995],[138.7086722250001,-34.840938249999965],[138.7078942400001,-34.84149926199996],[138.70786524800008,-34.84152425499997],[138.70688128000006,-34.84219528699998],[138.70639027200002,-34.842535279999936],[138.70537532700007,-34.84296729199997],[138.70518531200003,-34.84297032699993],[138.70490931200004,-34.84301032399998],[138.70403638400012,-34.843065674999934],[138.7039702080001,-34.84225108399994],[138.7019998410001,-34.84234763499995],[138.7019336630001,-34.84160545299994],[138.7013553600001,-34.841399380999974],[138.70135334400004,-34.841375366999955],[138.7013513600001,-34.84135237299995],[138.70133136000004,-34.84111235299997],[138.7013073600001,-34.84082234699997],[138.70129536000002,-34.84068235799998],[138.70125430400003,-34.840182357999936],[138.70135331200004,-34.84017836199996],[138.70136832000003,-34.84017736299995],[138.70135731100004,-34.84007035899998],[138.70124531200008,-34.84007635299997],[138.70115232000012,-34.83896934999996],[138.70110028800002,-34.83834035099994],[138.70107427200003,-34.838022353999975],[138.7009102720001,-34.83803136299997],[138.70069628900012,-34.83804335099995],[138.70047830400006,-34.83805537599994],[138.7003663040001,-34.83806336799995],[138.70033929600004,-34.83769937999995],[138.70025728000007,-34.83662636199995],[138.70020224000007,-34.83595936299997],[138.70014124800002,-34.83527336499998],[138.700105247,-34.83483735599998],[138.7003042240001,-34.83387235899994],[138.70057417600003,-34.83326835299994],[138.7005461760001,-34.83276333999993],[138.69969721600012,-34.83279835999997],[138.69953321600008,-34.83283436099998],[138.69736326400005,-34.83295638699997],[138.69648425600008,-34.833019416999946],[138.69435027200007,-34.83314343999996],[138.69188633600004,-34.833262488999935],[138.6880784000001,-34.83347653299995],[138.6867664,-34.83355156899995],[138.68288748800012,-34.833773624999935],[138.68297747200006,-34.83369462999997],[138.68353648000004,-34.833204620999936],[138.6848204160001,-34.83209859699997],[138.68491740800005,-34.83203258999998],[138.68522742400012,-34.83188758699998],[138.6855144000001,-34.83179758499995],[138.6862454080001,-34.83165757699993],[138.6868623680001,-34.831568553999944],[138.6879393920001,-34.83146854299997],[138.6882543360001,-34.83143853699994],[138.68866134400002,-34.83132252299998],[138.68900633500004,-34.83116852899997],[138.68934633600009,-34.83092151699998],[138.68968931200004,-34.83055349699998],[138.69053827200003,-34.829529484999966],[138.69104729600008,-34.829083485999945],[138.69189126300012,-34.82857545799993],[138.69238921700003,-34.82833947199998],[138.69271721600012,-34.828067447999956],[138.69384617600008,-34.82783342299996],[138.69445120000012,-34.82775542699994],[138.6951941760001,-34.82770941799998],[138.6954511680001,-34.82769441499994],[138.69644716800008,-34.82763739699993],[138.69736211200006,-34.82758337699994],[138.69841612800008,-34.82752436199996],[138.6995170880001,-34.827460333999966],[138.7007000960001,-34.82739232799997],[138.70080409700006,-34.82738931199998],[138.70135305600002,-34.82735932399993],[138.70199107200006,-34.82732330399995],[138.70436201600012,-34.82719626399995],[138.70577200000002,-34.82709725299998],[138.70659699200007,-34.82705222299995],[138.7066070080001,-34.82718422099998],[138.706926048,-34.831256236999934]]]},"properties":{"School_Name":"Ardtornish Primary School","ENTITY_CODE":1540,"zoneType":"primary"}},{"type":"Feature","geometry":{"type":"Polygon","coordinates":[[[138.59448758400003,-34.77074971199994],[138.59454256000004,-34.770721702999936],[138.5952275840001,-34.77007668199997],[138.5953155840001,-34.77004267899997],[138.59543558400003,-34.77004469599996],[138.59555558400007,-34.77007468399995],[138.59564057600005,-34.77013869299998],[138.59568457600005,-34.770148683999935],[138.5958155520001,-34.77015168099996],[138.5959145280001,-34.77012668699996],[138.59609254400004,-34.769994689999976],[138.59620553600007,-34.769888666999975],[138.59653353700003,-34.76950767699998],[138.59662054400007,-34.76950967499994],[138.5966965440001,-34.76953766599996],[138.59682252800008,-34.769693676999964],[138.59692953600006,-34.76976767699995],[138.5970825290001,-34.76978867399998],[138.5972145280001,-34.76974665999995],[138.59723753600008,-34.76972867799998],[138.59730752000007,-34.76955866299994],[138.5973695030001,-34.76930765499998],[138.59744851200003,-34.769209641999964],[138.59748150400003,-34.76919265999993],[138.59754752000003,-34.76919365799995],[138.5976005120001,-34.76923165699998],[138.59776649600008,-34.76954064499995],[138.59790752000004,-34.76958865199998],[138.59797449600012,-34.76952665799996],[138.59803651200002,-34.769284658999936],[138.59811552000008,-34.76920464799997],[138.59814851200008,-34.76919665599996],[138.59826752000004,-34.76922664399996],[138.59839651200002,-34.76930965399998],[138.59848150400012,-34.76939264499998],[138.59856752000007,-34.76942165299994],[138.59864451200008,-34.769413622999934],[138.59886646400003,-34.769309634999956],[138.59897548800006,-34.769303640999965],[138.59907248000002,-34.76935063099995],[138.59918947200003,-34.76945164099993],[138.59927648000007,-34.76947163999995],[138.5993784650001,-34.769347633999985],[138.59961148800005,-34.76922562699997],[138.5997234880001,-34.769128630999944],[138.5998004800001,-34.76911262899995],[138.59988748800004,-34.76913162799997],[138.6001094720001,-34.76937061099994],[138.60016348800002,-34.76938961099995],[138.60030646400003,-34.76938361599997],[138.60055545500006,-34.76904662099997],[138.60058944000002,-34.76903761199998],[138.600784448,-34.76908661699997],[138.60135043200012,-34.76915158999998],[138.60141545600004,-34.76916359599994],[138.60154345600006,-34.76926558699995],[138.601618432,-34.769293594999965],[138.60176044900004,-34.769287600999974],[138.60204745600004,-34.76920359299993],[138.6021044480001,-34.769141598999965],[138.60216745600007,-34.768826599999954],[138.602224416,-34.768738595999935],[138.60231241600002,-34.76873959399995],[138.6024204160001,-34.76877759299998],[138.60254041500002,-34.76878057199997],[138.60261740700003,-34.76875457999995],[138.6026844160001,-34.76871158499995],[138.6028054090001,-34.76868657299997],[138.6029454080001,-34.76876157299995],[138.60307542400005,-34.76878157099998],[138.60386640000002,-34.76863554999994],[138.60411036800008,-34.76851356099996],[138.6042423680001,-34.76847156599996],[138.60428739200006,-34.76846555399993],[138.6043083840001,-34.76846355599997],[138.60547939200012,-34.76841453099996],[138.60580636800012,-34.76842953499994],[138.60605833600005,-34.76838953799995],[138.6062983370001,-34.768412532999946],[138.60659433600006,-34.76835551599993],[138.60663936000003,-34.768337514999985],[138.60700736,-34.76807451899998],[138.60740025600012,-34.76772050399995],[138.60741532800012,-34.76772951299995],[138.60820630400008,-34.76820150399993],[138.60964732800005,-34.76906249399997],[138.60981232000006,-34.76916148599997],[138.6113433280001,-34.77009146299997],[138.61594332800007,-34.77288141199995],[138.61609932800002,-34.772976408999966],[138.61379440000007,-34.77560544399995],[138.6123024310001,-34.77732846099997],[138.6114614720001,-34.77827948999993],[138.6104175370001,-34.77934249899994],[138.6085116160001,-34.78147053599997],[138.60829161700008,-34.78171654799996],[138.60816460700005,-34.78183154499993],[138.6071306560001,-34.783002558999954],[138.60135388800006,-34.78947864899993],[138.60057593600004,-34.79035166399996],[138.597431808,-34.79384520399998],[138.59701078400008,-34.79406953499995],[138.5967761920001,-34.79416717899994],[138.5967954890001,-34.79315110299996],[138.59679868800004,-34.79288190999995],[138.59668620700006,-34.79126939399998],[138.59658016000003,-34.79127731199998],[138.59610892700005,-34.788006733999964],[138.59607891200005,-34.78748072399998],[138.5959048950001,-34.78569271599997],[138.59553379200008,-34.78186169999998],[138.5952787210001,-34.77852970199996],[138.59527174400012,-34.778455701999974],[138.59525974400003,-34.77834370299996],[138.5947726400001,-34.77362270699996],[138.59461459200008,-34.77208171199993],[138.59448758400003,-34.77074971199994]]]},"properties":{"School_Name":"The Pines School","ENTITY_CODE":1777,"zoneType":"primary"}},{"type":"Feature","geometry":{"type":"Polygon","coordinates":[[[138.74682956700008,-34.603992468999934],[138.7400520000001,-34.606967991999966],[138.7399969280001,-34.606330646999936],[138.739992496,-34.60631163099998],[138.73981801600007,-34.60556300799993],[138.73964499200008,-34.60543700499994],[138.73963842700005,-34.60543828099998],[138.73942899200006,-34.605478999999946],[138.73929359900012,-34.604856696999946],[138.73908777600002,-34.60419606199997],[138.7390746860001,-34.604162918999975],[138.73883664000005,-34.60356023199995],[138.73876073600002,-34.603368056999955],[138.73829974400007,-34.60244305799995],[138.73744646400007,-34.601036187999966],[138.73735100800002,-34.600297001999934],[138.7373230080001,-34.60003200799997],[138.73731401600003,-34.599576999999954],[138.7373769930001,-34.598629004999964],[138.737443008,-34.59843125799995],[138.73753385600003,-34.59818718799994],[138.7377174400001,-34.59766903999997],[138.73786800000005,-34.59728499899995],[138.73811087900003,-34.59689181799996],[138.73817299300003,-34.59676799699997],[138.7382889920001,-34.59662499299998],[138.73850800000002,-34.59641300099997],[138.73873200000003,-34.59620099099993],[138.73908899200012,-34.59594400799995],[138.7394750080001,-34.59568900399995],[138.73935100800009,-34.59536199699994],[138.74325699200006,-34.59455199299998],[138.74420201600003,-34.593647990999955],[138.74464768000007,-34.59326973999998],[138.74524399900008,-34.592764004999935],[138.7454023680001,-34.592573898999945],[138.74568601600004,-34.59223499799998],[138.74817744000006,-34.59352905399993],[138.7489143680001,-34.59395287199993],[138.74892035200003,-34.594188875999976],[138.7489513920001,-34.594826884999975],[138.74899638400007,-34.59547386699995],[138.7490174400001,-34.59611089599997],[138.74902944000007,-34.59639089399997],[138.7490434240001,-34.59687089399995],[138.7490764150001,-34.59709589099998],[138.74910745600005,-34.59808490199998],[138.7492249280001,-34.60005713099997],[138.74934355200003,-34.60277189499993],[138.7485973140001,-34.60312906299998],[138.7468216320001,-34.603978945999984],[138.74682956700008,-34.603992468999934]]]},"properties":{"School_Name":"Gawler Primary School","ENTITY_CODE":141,"zoneType":"primary"}},{"type":"Feature","geometry":{"type":"Polygon","coordinates":[[[138.48660531200005,-34.87668853799994],[138.4870523520001,-34.878388539999946],[138.48951801600003,-34.87665699499996],[138.49141001600003,-34.87569399599994],[138.49151625600007,-34.87567144399998],[138.49224825600004,-34.87632244099996],[138.49167900800012,-34.87670500199994],[138.49039385600008,-34.87726571899998],[138.49001699200005,-34.87752399699997],[138.48975865600005,-34.87776442399996],[138.48951817600005,-34.878110540999955],[138.4894228810001,-34.87831150599993],[138.489352993,-34.878518001999964],[138.48929600000008,-34.87876799399993],[138.48926406400005,-34.88064124799996],[138.4892867520001,-34.880905482999935],[138.48936400000002,-34.88117800699996],[138.48959529500007,-34.88151209899996],[138.4898980150001,-34.88176199499998],[138.49025001600012,-34.88192200199995],[138.49064339200004,-34.88199964699993],[138.49112601500008,-34.88203899699994],[138.4925430080001,-34.88203100399994],[138.4925813760001,-34.88299145099995],[138.49207801700004,-34.884346999999934],[138.4921089600001,-34.88451544399993],[138.49213942400002,-34.88479645799998],[138.49252006300003,-34.88615746599993],[138.49304544100005,-34.88697746099996],[138.49316345600005,-34.88716645599993],[138.4936560000001,-34.88887500499993],[138.49388099300006,-34.89208899099998],[138.49450854300005,-34.89336845199995],[138.49490256,-34.89377350999996],[138.49490953600002,-34.89376943899998],[138.49651750500004,-34.89271640099997],[138.4968754890001,-34.89253040199998],[138.49727948800012,-34.89238841499997],[138.4977534730001,-34.89230139099993],[138.4982864650001,-34.89224539099996],[138.49829648000002,-34.89224439099996],[138.49979945600012,-34.892180362999966],[138.50123840000003,-34.892118332999985],[138.5013574080001,-34.89211433699995],[138.50197542400008,-34.89209633699994],[138.50275440000007,-34.89207332199993],[138.50351436800008,-34.892051307999964],[138.50457337500006,-34.892020300999945],[138.50458137600003,-34.89211230199993],[138.504688417,-34.89352429599995],[138.50484844800008,-34.89566030599997],[138.50494576000006,-34.89698133599995],[138.5050604800001,-34.89853831399995],[138.50509152000006,-34.89895831899997],[138.505096513,-34.89902430799998],[138.50512451200007,-34.899424315999966],[138.5051715200001,-34.900105319999966],[138.50521654400006,-34.900757314999964],[138.5052845450001,-34.90173331899996],[138.50536656000008,-34.90291332399994],[138.5054505920001,-34.904091310999945],[138.50548259200002,-34.904577324999934],[138.50551360000009,-34.90501431399997],[138.50554864100002,-34.90593131999998],[138.505611648,-34.90680633399995],[138.5052336320001,-34.90682499999997],[138.50405065600012,-34.90688334999993],[138.50172771300004,-34.90699137099995],[138.501357696,-34.90700739199997],[138.50129369600006,-34.907010388999936],[138.49947673600002,-34.907097412999974],[138.49902672000007,-34.90712042699994],[138.49890672000004,-34.90712642099993],[138.49798876800003,-34.907165418999966],[138.4978907520001,-34.90717044999997],[138.49661376000006,-34.90723446099997],[138.49634176000006,-34.907247465999944],[138.4953377920001,-34.90729749099995],[138.49523280000005,-34.907302484999946],[138.49416678500006,-34.90735550599993],[138.49407279900004,-34.90736050199996],[138.49322083200002,-34.90740051699993],[138.49280883300003,-34.90743152299996],[138.49207881600012,-34.907457533999946],[138.49106684800006,-34.90750753999998],[138.4903678720001,-34.90754156099996],[138.48985385600008,-34.90756555499996],[138.48974486400004,-34.90714856499994],[138.48933081600012,-34.905283579999946],[138.489069824,-34.90451157499996],[138.48898784000005,-34.90433858199998],[138.48889980800004,-34.903976573999955],[138.4884648000001,-34.90259556799998],[138.48844780800005,-34.90253956799995],[138.48841078400005,-34.90242457199997],[138.4883397750001,-34.90190956899994],[138.4882807680001,-34.90166457299995],[138.48824476700008,-34.90105956799994],[138.4882177600001,-34.90086158199995],[138.48819875200002,-34.90077956999994],[138.48804675200006,-34.90037057199993],[138.48793273600006,-34.89943957899993],[138.4877547200001,-34.89859457199998],[138.48774473600008,-34.89854256899997],[138.48771174400008,-34.89834757799997],[138.48736870400012,-34.89749358199998],[138.48656566400007,-34.895376571999975],[138.48650201600003,-34.89496100599996],[138.48649802700004,-34.89491893299993],[138.48645094300002,-34.89442239699997],[138.48646893900002,-34.89360666699997],[138.48646908800004,-34.89359992399994],[138.48626201700006,-34.89285682499997],[138.48609820800004,-34.89226897799995],[138.48608641400006,-34.892220479999935],[138.48583961600002,-34.89120559799994],[138.48557745300002,-34.890474695999956],[138.4848815680001,-34.88853458699998],[138.48412329600012,-34.88658838699996],[138.48412177900002,-34.88658366799996],[138.48405543,-34.886377308999954],[138.48389219700005,-34.88586961799996],[138.48352122300003,-34.88471580399994],[138.483447231,-34.88448567699993],[138.483314983,-34.88408862199998],[138.4832142670001,-34.88378624199993],[138.48320675200011,-34.88376367799998],[138.4825529640001,-34.88147485899998],[138.48245948800002,-34.88114761099996],[138.4823156110001,-34.88007714399998],[138.48231289600005,-34.88005694299994],[138.48199644800002,-34.87875761399994],[138.48192640000002,-34.87818860999994],[138.48179641600007,-34.87777062099997],[138.4817020160001,-34.87734199399995],[138.48170249300006,-34.87734202799993],[138.4848293760001,-34.87756858299997],[138.48462499200002,-34.876471995999964],[138.48413033600002,-34.87549356699998],[138.48627001600005,-34.87521099899993],[138.48660531200005,-34.87668853799994]]]},"properties":{"School_Name":"Grange Primary School","ENTITY_CODE":1022,"zoneType":"primary"}},{"type":"Feature","geometry":{"type":"Polygon","coordinates":[[[138.63402060800001,-34.94580853299993],[138.63455852800007,-34.951755265999964],[138.64330233600003,-34.95134652699994],[138.64362508800002,-34.955249563999985],[138.64871097600007,-34.95500911999994],[138.65260361600008,-34.95480075499995],[138.65293616000008,-34.95936096799994],[138.65373846300008,-34.960216369999955],[138.65398265600004,-34.960579173999975],[138.65406089600003,-34.96086769999994],[138.6531219840001,-34.961412672999984],[138.65325876400004,-34.96318195999993],[138.65325891200007,-34.96318388199995],[138.65385318300002,-34.96315624799996],[138.65685578800003,-34.96301662899998],[138.656877408,-34.96301562399998],[138.65679945500005,-34.96354453899994],[138.6570748480001,-34.96425824999994],[138.6572591360001,-34.964682583999945],[138.65719065700011,-34.964987131999976],[138.6564045440001,-34.96648938799996],[138.65624195200007,-34.96676633299995],[138.65607568000007,-34.96694265599996],[138.655872992,-34.967020558999934],[138.6556157760001,-34.967062702999954],[138.65541347200008,-34.966989645999945],[138.6552541110001,-34.96749563999998],[138.65528659200004,-34.96773439999998],[138.65532086400003,-34.96782432999993],[138.65546835200007,-34.968209350999985],[138.655606239,-34.96836922799997],[138.6556638080001,-34.968448240999976],[138.65587030400002,-34.96860965399998],[138.65621593600008,-34.968588747999945],[138.65654515200004,-34.96853752199996],[138.6574352,-34.968096722999974],[138.6589353600001,-34.96669455199998],[138.65963836800006,-34.96603974499993],[138.6599879040001,-34.96581261999995],[138.66019734400004,-34.96552544499997],[138.66037913600007,-34.96548402299993],[138.6611678390001,-34.965272494999965],[138.66200115300012,-34.96494367499997],[138.6620903370001,-34.965199419999976],[138.662354369,-34.96568561899994],[138.66275904000008,-34.96610998999995],[138.66306768000004,-34.96624207899998],[138.66374668800006,-34.96598352399997],[138.66486121600008,-34.965536673999964],[138.66506400100002,-34.965363810999975],[138.6651321280001,-34.96528374299993],[138.66520092700011,-34.965115355999956],[138.66524870400008,-34.964960546999976],[138.66531043200007,-34.96462610499998],[138.66537558400012,-34.96441814599996],[138.66599286400003,-34.964016251999965],[138.66610694400003,-34.96376759399993],[138.66615747100002,-34.96366776699995],[138.6663906880001,-34.96349351599997],[138.66964128000006,-34.962470595999946],[138.6712945920001,-34.96770627999996],[138.67130489600004,-34.967846805999955],[138.67126486400002,-34.967904396999984],[138.6712328640001,-34.967967648999945],[138.6711353280001,-34.967959323999935],[138.6709413760001,-34.96795079499998],[138.67078563200005,-34.967888356999936],[138.67010118400003,-34.96760512199995],[138.66949763200012,-34.967349378999984],[138.6687568960001,-34.967222911999954],[138.66808134300004,-34.96715827299994],[138.66733033600008,-34.96719479199993],[138.66673363200005,-34.96729596899996],[138.66619865600012,-34.96740839399996],[138.66574864000006,-34.96757578199998],[138.66550249600004,-34.967658513999936],[138.66508355200006,-34.967864307999946],[138.66336323200005,-34.96862406599996],[138.66239212800008,-34.96895691799995],[138.66196688000002,-34.969069323999975],[138.66135718400005,-34.96930691899996],[138.6606774400001,-34.969617348999975],[138.65970694400005,-34.97009792399996],[138.65910339200002,-34.970468885999935],[138.65819804800003,-34.97103002699998],[138.6560032960001,-34.97240805499996],[138.65526601600004,-34.97287177599998],[138.65447168000003,-34.973113774999945],[138.6536645110001,-34.973180911999975],[138.65268716800006,-34.973082545999944],[138.65199568000003,-34.972847652999974],[138.6516353280001,-34.97266496499998],[138.65141036800003,-34.972544751999976],[138.65092793600002,-34.972127022999985],[138.6506279360001,-34.971759334999945],[138.6502900800001,-34.971174308999935],[138.65017372800003,-34.970734119999975],[138.65006598200011,-34.96969822699998],[138.65004112000008,-34.96945919299998],[138.64985110400005,-34.968833262999965],[138.64944304000005,-34.96806882499993],[138.6491716480001,-34.967650668999966],[138.64877776000003,-34.96702055999998],[138.648251264,-34.96624539199996],[138.64778182400005,-34.96573247799995],[138.64720710400002,-34.965294970999935],[138.64672700800008,-34.96497179599993],[138.64667311800008,-34.96494590499998],[138.6454341760001,-34.96435069599994],[138.6450254130001,-34.96414096099994],[138.64453465600002,-34.96388915699998],[138.64425578200007,-34.963653008999984],[138.64424124800007,-34.963640701999964],[138.6442411490001,-34.96364070799996],[138.64256582400003,-34.96372849299996],[138.63349571900005,-34.96420375899993],[138.62649936000003,-34.96457036399994],[138.62587428300003,-34.95687370799993],[138.62558288000002,-34.953285638999944],[138.62551009900005,-34.95238946899997],[138.62551007000002,-34.95238911699994],[138.62501273600003,-34.94626537299996],[138.62502134600004,-34.94626491799994],[138.62505484700011,-34.94626314699997],[138.62713510300011,-34.946153169999945],[138.62732092800002,-34.946073009999964],[138.6273796160001,-34.94616117999993],[138.629218368,-34.94605698799995],[138.62922812700003,-34.94610506999993],[138.63402060800001,-34.94580853299993]],[[138.6254146880001,-34.95111794099995],[138.62541568000006,-34.951126950999935],[138.625027584,-34.94627293899998],[138.62502156800008,-34.94626794399994],[138.6254146880001,-34.95111794099995]]]},"properties":{"School_Name":"Glen Osmond Primary School","ENTITY_CODE":152,"zoneType":"primary"}},{"type":"Feature","geometry":{"type":"Polygon","coordinates":[[[138.61067657600006,-34.884016868999936],[138.61073561600006,-34.885239884999976],[138.61481456,-34.88503283299997],[138.61480256000004,-34.88486083799995],[138.61661779200006,-34.884761141999945],[138.61686188800002,-34.88481804799994],[138.6179950720001,-34.88576865199997],[138.6190421880001,-34.88497423299998],[138.61997401600001,-34.88426727799998],[138.62011046400005,-34.88416375799994],[138.62052243200003,-34.88385575299998],[138.62052732100005,-34.88386438799995],[138.6210744320001,-34.88483073899994],[138.62114646500004,-34.88496073799996],[138.62175945500007,-34.886069738999936],[138.62236947200006,-34.88717074799996],[138.62248745600004,-34.88737674699996],[138.62298448,-34.88826974099993],[138.62346048100005,-34.889130730999966],[138.62359648000006,-34.889370731999975],[138.6239584960001,-34.890015733999974],[138.62421750400006,-34.89048472799993],[138.6246425270001,-34.891253716999984],[138.62529052800005,-34.89241671999997],[138.62532451200002,-34.892477731999975],[138.6257185280001,-34.89318972299998],[138.62571918000003,-34.89319090099997],[138.62607654400006,-34.89383672399998],[138.6259905600001,-34.893841718999965],[138.62559955200004,-34.89374372399993],[138.62534556800006,-34.893652722999946],[138.62527925100005,-34.89362919399997],[138.6252525440001,-34.89361971899996],[138.625248359,-34.893619555999976],[138.62514834,-34.89361565499996],[138.62503158900006,-34.893611100999976],[138.62495849800007,-34.89360825099993],[138.62491955200005,-34.89360673099998],[138.62492048700005,-34.89360704999996],[138.6257622070001,-34.89389410899997],[138.62669052800004,-34.89421070199995],[138.6284375360001,-34.89480567999993],[138.6287095360001,-34.894892685999935],[138.63007990900007,-34.895366414999955],[138.6302416320001,-34.895422320999955],[138.6302390720001,-34.895422320999955],[138.6297815360001,-34.89597066199997],[138.62911056000007,-34.89675968699993],[138.62843859200007,-34.897548711999946],[138.62774959900003,-34.89836071399998],[138.6275956170001,-34.89854371699994],[138.62640064000004,-34.89995674599993],[138.62558169600004,-34.90092174299997],[138.62557468800003,-34.90092973499998],[138.62557785600006,-34.90093206599994],[138.62394364800002,-34.90286701799994],[138.62291065700003,-34.90407900899993],[138.6237207680001,-34.904944790999934],[138.62453382400008,-34.905809775999955],[138.6261678090001,-34.90753075699996],[138.6274921920001,-34.908920587999944],[138.62803180800006,-34.90936532799998],[138.62678556800006,-34.91083866799994],[138.62479292700004,-34.91321081199993],[138.62478492800005,-34.913219820999984],[138.6236339840001,-34.91457183899996],[138.62266300800002,-34.915711845999965],[138.62265363900008,-34.915716617999976],[138.62135282300005,-34.91637922099994],[138.62111007900012,-34.91650286799995],[138.62047705500004,-34.91682487999998],[138.61894508800003,-34.91760491399998],[138.61759913600008,-34.91828893299993],[138.61506220800004,-34.91957997299994],[138.6150521930001,-34.91958496799998],[138.61491920000003,-34.91899396799994],[138.6147552000001,-34.91825996199998],[138.61455516800004,-34.917366965999975],[138.61422915200012,-34.91590596599997],[138.61358508800004,-34.91302793899996],[138.61334908700007,-34.91197194099993],[138.613244064,-34.911501948999955],[138.613123072,-34.91096095299997],[138.61295206400007,-34.910196939999935],[138.61282304000008,-34.90961794599997],[138.61282428900006,-34.90953693399996],[138.612824831,-34.909503023999946],[138.61277904000008,-34.90950095199997],[138.61260803200003,-34.909527942999944],[138.61256307200006,-34.90953495499997],[138.61249185200006,-34.90954300799996],[138.61245705600004,-34.90954694299995],[138.61235008100005,-34.90955497199997],[138.61225821200003,-34.90956598499997],[138.61225008000008,-34.90956695899996],[138.6121830720001,-34.909575968999945],[138.61212209400003,-34.90959473199996],[138.61211808000007,-34.90959596699997],[138.6120510720001,-34.90962495699995],[138.6119740800001,-34.90966896899994],[138.6118860800001,-34.90973595699995],[138.61181408000004,-34.90979996699997],[138.611749056,-34.90987196899994],[138.61169007900003,-34.909941972999945],[138.6116778720001,-34.90996282499998],[138.611642081,-34.91002396599998],[138.61160505600003,-34.91009097199998],[138.61158307200003,-34.91015396499995],[138.61156406400005,-34.91021695699993],[138.61155705700003,-34.91029095699997],[138.61155317500004,-34.91033920399997],[138.6115511040001,-34.910364956999956],[138.61155759400003,-34.910446528999955],[138.61155888200005,-34.91046271799996],[138.61156009600006,-34.910477972999956],[138.61160009600007,-34.91062697199993],[138.611624096,-34.91073597399998],[138.61165209600006,-34.91083596699997],[138.6116701410001,-34.91087643999998],[138.61172611200004,-34.91100196699995],[138.61175510400005,-34.91108695699995],[138.61178611200012,-34.91118197299994],[138.6117970890001,-34.91124096899995],[138.6118050880001,-34.91132797399996],[138.61180710400004,-34.911400956999955],[138.61177609600009,-34.91149395699995],[138.61172611200004,-34.91162797099997],[138.61169720100008,-34.91168946799996],[138.61169077300008,-34.911703142999954],[138.611679105,-34.911727962999976],[138.61161209600004,-34.91184497599994],[138.6115250890001,-34.911960988999965],[138.61140912000008,-34.912081978999936],[138.6113021440001,-34.91216598799997],[138.61121837000007,-34.91222121399994],[138.61116713600006,-34.91225499099994],[138.611138664,-34.91227952099996],[138.6110081280001,-34.91239198399995],[138.6107951360001,-34.91258998899997],[138.6107101440001,-34.91266698599998],[138.61064950700006,-34.91270795299994],[138.61064764900004,-34.91270920799997],[138.610636128,-34.91271699199996],[138.61043017600002,-34.91280000099994],[138.61034016000008,-34.91283400399993],[138.61013817600008,-34.91286500999996],[138.6098841600001,-34.91290600599996],[138.609725152,-34.912932996999984],[138.6096631680001,-34.91293800999995],[138.60951116800004,-34.912939009999945],[138.609409152,-34.91294000899995],[138.60935017600002,-34.91293800999995],[138.60911817600004,-34.91288500799993],[138.60897715300007,-34.91283901799994],[138.60892716800004,-34.91280701299996],[138.60870167200005,-34.91267056099997],[138.60869417600009,-34.912666023999975],[138.60860316900005,-34.91261901599995],[138.60850016000006,-34.912567011999954],[138.60842416000003,-34.91253202799993],[138.60834217600006,-34.912491013999954],[138.60824316800006,-34.91242502399996],[138.608090177,-34.91233302399996],[138.60806569800002,-34.91231466399995],[138.60799817600002,-34.91226401899996],[138.60789417600006,-34.912180028999956],[138.60779417600008,-34.912098018999984],[138.60769916800007,-34.912005018999935],[138.60763581100002,-34.911937885999976],[138.60759138700007,-34.911890814999936],[138.60754816000008,-34.91184501199996],[138.60746898700006,-34.91175937299994],[138.60745017600004,-34.91173902699995],[138.60744848600007,-34.911737356999936],[138.6073711680001,-34.91166102999995],[138.607350902,-34.91164290099994],[138.6072571520001,-34.91155903899994],[138.60717116800004,-34.911493030999964],[138.60707817700006,-34.91144404399995],[138.607069044,-34.91144156799993],[138.60702934100004,-34.91143080499995],[138.6069711670001,-34.91141503599994],[138.60687417600002,-34.91140103099997],[138.60684380400005,-34.91140470499994],[138.6067831680001,-34.91141203799998],[138.60676296600002,-34.91142022799994],[138.60667219200002,-34.91145703099994],[138.60659920000012,-34.91149003499993],[138.60658157400007,-34.911502446999975],[138.60649790800005,-34.91156136699993],[138.60645718400008,-34.91159004599996],[138.60644326200008,-34.911602019999975],[138.60630720000006,-34.91171904599997],[138.60618419200011,-34.91181604199994],[138.60608118400012,-34.91187803499997],[138.6059931840001,-34.91193703199997],[138.60573718400008,-34.91208806599997],[138.6055971830001,-34.91218206399998],[138.60545622400002,-34.912273064999965],[138.60536822400002,-34.91233505899993],[138.6052772160001,-34.91242006699997],[138.60515332800003,-34.912531555999976],[138.6050972160001,-34.91258205199995],[138.60505143800003,-34.91262648199995],[138.60496224000008,-34.91271305099997],[138.6047848830001,-34.91290211299997],[138.60478022400002,-34.91290707899998],[138.60472969400007,-34.91297335999997],[138.60470323200002,-34.91300807099998],[138.60469925000007,-34.91301266199997],[138.60461824000004,-34.913106082999946],[138.60453324800005,-34.91322207899998],[138.60447526400003,-34.913302071999965],[138.60438227300006,-34.91345306899996],[138.60431324700005,-34.91361807099997],[138.60429742400004,-34.91366196699994],[138.60424393100004,-34.91381035599994],[138.60420726400002,-34.91391207299995],[138.60419395200006,-34.913981373999945],[138.60386246400003,-34.913894959999936],[138.60371856000006,-34.91388441599997],[138.60013660800007,-34.90955713599993],[138.60017513600008,-34.90933580199993],[138.60167321500012,-34.90850746499996],[138.6013160320001,-34.90782031799995],[138.60126979200004,-34.907609529999945],[138.60030361600002,-34.90494739899998],[138.5993220480001,-34.90222836099997],[138.60132115200008,-34.90030606299996],[138.60174000000006,-34.89981283499998],[138.59793190400012,-34.898699929999964],[138.59741286400003,-34.898560809999935],[138.5980730230001,-34.89791910099996],[138.59897203100002,-34.897153070999934],[138.59924201700005,-34.896925076999935],[138.600139968,-34.89619205099996],[138.60108694400003,-34.89542104599997],[138.60135593600012,-34.89519704799994],[138.60189494400004,-34.894748033999974],[138.60254089600005,-34.89420502199994],[138.60335788700002,-34.89354501599996],[138.6033577810001,-34.89354056999997],[138.6033485040001,-34.89315133399998],[138.60334837900007,-34.89314605599998],[138.6033438720001,-34.892956993999974],[138.603343719,-34.89295478399998],[138.60331286400003,-34.892508996999936],[138.6032910240001,-34.892240372999936],[138.60328985600006,-34.89222600299996],[138.6032298560001,-34.891505001999974],[138.60315385600006,-34.89060499599998],[138.60313180800006,-34.89026999799995],[138.6030938250001,-34.889508999999975],[138.60302982400003,-34.88874900199994],[138.6030087690001,-34.888614007999934],[138.6029837760001,-34.88804899899998],[138.60295478400008,-34.88761700499998],[138.60293779200003,-34.887343001999966],[138.60293078400002,-34.887249002999965],[138.6028917440001,-34.88687299099996],[138.60288572800005,-34.886787983999966],[138.60288550300004,-34.88678470899998],[138.60289974400007,-34.886783986999944],[138.60284492800008,-34.88586560999994],[138.60284758300008,-34.88586548199993],[138.6083262410001,-34.88560080099995],[138.60837664000007,-34.88558890599995],[138.6083606410001,-34.88536091199995],[138.60831766400008,-34.88476991099998],[138.60825763200012,-34.88394290499997],[138.61066160000007,-34.883820878999984],[138.61067657600006,-34.884016868999936]]]},"properties":{"School_Name":"Walkerville Primary School","ENTITY_CODE":457,"zoneType":"primary"}},{"type":"Feature","geometry":{"type":"Polygon","coordinates":[[[138.6767633600001,-34.92302907599998],[138.6768593930001,-34.924374100999955],[138.67795136000007,-34.92433228999994],[138.6790412790001,-34.92430065499997],[138.680190368,-34.92425640399995],[138.68083334300002,-34.92423201999998],[138.68088332800005,-34.92426302599995],[138.68140032000008,-34.92458999599995],[138.68187632000001,-34.924891008999964],[138.68278233700005,-34.92549098199993],[138.6836195840001,-34.92638738199997],[138.6839177910001,-34.92730004099997],[138.684092576,-34.927751108999985],[138.68410288000007,-34.92792184599995],[138.68337536,-34.92824011899995],[138.68278668800008,-34.92877970899997],[138.682619616,-34.929001024999934],[138.6821506230001,-34.929437605999965],[138.6812109120001,-34.930535488999965],[138.6795579850001,-34.93486067699996],[138.6793215040001,-34.93514100899995],[138.67879708700002,-34.93447284399997],[138.6784217600001,-34.93410608099998],[138.67829580800003,-34.933823641999936],[138.67815443200004,-34.93327563399998],[138.67825984,-34.93263697699996],[138.67823155200006,-34.932459913999935],[138.6780644480001,-34.93239878999998],[138.6780258880001,-34.93225756099997],[138.67805929500003,-34.93220276399995],[138.67802844800008,-34.932029918999945],[138.6778664960001,-34.93176644199997],[138.6774063680001,-34.931524054999954],[138.6776274560001,-34.934877548999964],[138.67704393600002,-34.934909165999954],[138.677223872,-34.93708439599993],[138.67544668800008,-34.93872316299996],[138.67518969500009,-34.938962164999964],[138.67452272000003,-34.939585188999956],[138.67349673700005,-34.94054321099998],[138.6734217600001,-34.94061219799994],[138.67334473500011,-34.940684199999964],[138.67260579300012,-34.94137423199993],[138.6718568000001,-34.942072235999944],[138.67200592000006,-34.94243252399997],[138.672545312,-34.943546871999956],[138.67204403100004,-34.94374289799998],[138.6720697600001,-34.94402533699997],[138.6716352960001,-34.94415389399995],[138.6716096,-34.944215017999966],[138.67152476700005,-34.94432673899996],[138.67144505600004,-34.94436468299995],[138.67124969600002,-34.94482418499996],[138.6709952010001,-34.94487687399993],[138.67068416000006,-34.94501388499998],[138.67050422500006,-34.94522676399998],[138.6695016960001,-34.94670643099994],[138.6685068480001,-34.94666848799994],[138.66851200000008,-34.94726498299997],[138.66658400000006,-34.94738092299997],[138.6664528970001,-34.94741253899997],[138.6669541760001,-34.948042759999964],[138.66749916700007,-34.94813973699996],[138.66828320000002,-34.94850858999996],[138.66653164800005,-34.951158566999936],[138.6663989440001,-34.95167658499997],[138.66606988800004,-34.95250917799996],[138.66586681600006,-34.95258293799998],[138.66563801600012,-34.952770526999984],[138.66554099500001,-34.95279274199993],[138.66552748700008,-34.95279583499996],[138.66547606400002,-34.95286328699996],[138.66517486400005,-34.952561885999955],[138.66517273500006,-34.95255975699996],[138.6651478650001,-34.95254335799996],[138.66416249500003,-34.95189368299998],[138.664113734,-34.95183012299998],[138.66405606400008,-34.95175495199993],[138.66401596800006,-34.951373073999946],[138.66347867500008,-34.95140034299993],[138.66347612700008,-34.95140047299998],[138.663087968,-34.95113068699993],[138.66302357400002,-34.95048713399996],[138.6630231040001,-34.950482428999976],[138.66107414300006,-34.95057344899993],[138.65974112000004,-34.95065647699994],[138.65889216000005,-34.95070048799994],[138.65852915200003,-34.950719505999984],[138.65823216,-34.95073450999996],[138.65701315100011,-34.95079752099997],[138.65686019200007,-34.950806529999966],[138.6558011840001,-34.95086354699998],[138.65454723200003,-34.95093055499996],[138.65370259100007,-34.95097047699994],[138.65366144000006,-34.95041192499997],[138.65253036800004,-34.94938121599995],[138.65244553600007,-34.94926738699996],[138.65242755200006,-34.94919782599993],[138.65244556800008,-34.94912195799998],[138.65254323200008,-34.94903974299996],[138.65262550400007,-34.94893647699996],[138.6526614710001,-34.94880999199995],[138.65256636900006,-34.94873201499996],[138.65244812900005,-34.948557059999985],[138.65216220700006,-34.948025590999976],[138.65211520000003,-34.94790360299993],[138.65211120000004,-34.947894592999944],[138.65209219200005,-34.947654591999935],[138.6520431680001,-34.94704259499997],[138.65203315300005,-34.94691159599995],[138.6518771200001,-34.944969594999975],[138.65187113600007,-34.94489060099994],[138.65168710400008,-34.94258957099993],[138.65154905600002,-34.94086557299994],[138.651520064,-34.94050458399994],[138.65142304100004,-34.939201572999934],[138.65138304000004,-34.93878158599995],[138.65043603200002,-34.93882359999998],[138.65004303900002,-34.93884759399998],[138.64933206400008,-34.93887959899996],[138.64896608000004,-34.93889861699995],[138.647795265,-34.93895609599997],[138.64748013400003,-34.93475410899998],[138.6474800320001,-34.93475274799994],[138.64891196700012,-34.93467959999998],[138.6501268720001,-34.934616560999984],[138.65013452800008,-34.93461616299993],[138.65003863700008,-34.93333544199993],[138.64992889600012,-34.931869726999935],[138.65070476100004,-34.93182712199996],[138.6507078080001,-34.93182695499996],[138.6508988050001,-34.93181722399993],[138.651481568,-34.93178753199993],[138.65144812800008,-34.93135331899998],[138.65135731400005,-34.93029363799997],[138.6512888320001,-34.92949454899997],[138.65125276800006,-34.92893357299994],[138.65940540600002,-34.928496576999976],[138.65940870400004,-34.92849639999997],[138.65931769500003,-34.927320391999956],[138.65931568000008,-34.92728638899996],[138.65921766400004,-34.926014383999984],[138.65921732700008,-34.92601000999997],[138.659137664,-34.92497638699996],[138.65905660800001,-34.92393239399996],[138.65898963200004,-34.92307638099993],[138.6587855680001,-34.92043537599994],[138.65875654400008,-34.920066374999976],[138.6601485120001,-34.919993355999964],[138.661510528,-34.919925312999965],[138.6628744960001,-34.91985830599998],[138.66423846400005,-34.919788283999935],[138.66560646400012,-34.919720257999984],[138.6669704310001,-34.91965323399995],[138.66834838400007,-34.91959519899996],[138.66947238500006,-34.91953918099995],[138.66990240000007,-34.91951918199993],[138.67181836800012,-34.91942115099994],[138.67337033600006,-34.91934013899993],[138.67392134400006,-34.919311112999935],[138.6749152970001,-34.91926208799998],[138.67649331200005,-34.91924508599993],[138.67661433600006,-34.920933081999976],[138.6766753280001,-34.921799085999965],[138.6767633600001,-34.92302907599998]]]},"properties":{"School_Name":"Burnside Primary School","ENTITY_CODE":699,"zoneType":"primary"}},{"type":"Feature","geometry":{"type":"Polygon","coordinates":[[[138.72702956900002,-34.773838730999955],[138.72336009600008,-34.778677664999975],[138.72324470400008,-34.778829809999934],[138.722673761,-34.77957482199997],[138.72259174400006,-34.77969081799995],[138.72216873700006,-34.78021982499996],[138.72208476800006,-34.780344810999964],[138.72145980800008,-34.78140184499995],[138.72089081600006,-34.78223386499997],[138.72033484700012,-34.782873853999945],[138.7201628480001,-34.78304688399993],[138.71974086400007,-34.78335786899993],[138.7191228800001,-34.783762889999934],[138.71868790400003,-34.78409389099994],[138.71818790400005,-34.78455988799993],[138.71693897600005,-34.78604092499995],[138.71611401600012,-34.787109946999976],[138.71625302400003,-34.78846094599993],[138.71649507100005,-34.79109094299997],[138.71676617600008,-34.79507795199993],[138.71672816000012,-34.79507894999995],[138.71498320000012,-34.79517598299998],[138.71235824000007,-34.79532202199994],[138.71158825600003,-34.79536303699996],[138.71020329600003,-34.79543006299997],[138.70885440400002,-34.79548760799997],[138.70872630400004,-34.79549307299993],[138.7060243520001,-34.795543115999976],[138.70396137600005,-34.79558215099996],[138.7034713920001,-34.795593176999944],[138.70218742400004,-34.79562018699994],[138.7015944320001,-34.79554318999993],[138.70135241600008,-34.79549118699998],[138.70102441500012,-34.79542220099995],[138.700590432,-34.79528121199996],[138.70051542400006,-34.795250205999935],[138.7003454080001,-34.79518020199998],[138.6999744320001,-34.79501020499998],[138.6994964480001,-34.79470822999997],[138.69907846400008,-34.79435922699997],[138.6988644160001,-34.79412821699998],[138.69858243200008,-34.79377022399996],[138.69833043200003,-34.79333123799995],[138.69816540800002,-34.792917244999956],[138.69810540800006,-34.79270123899994],[138.6980705630001,-34.79257711399998],[138.69746660900012,-34.790425709999965],[138.69746339200003,-34.79041424999997],[138.6974604820001,-34.79040672299993],[138.69734937600003,-34.79011924899993],[138.6969243520001,-34.788991247999945],[138.69671196800005,-34.78871354499995],[138.69667903200002,-34.78866512099995],[138.69659801600005,-34.78854600899996],[138.69637936000004,-34.78824725199996],[138.69610499200007,-34.78790899899997],[138.69571905300006,-34.78755313099998],[138.695637056,-34.78747752299995],[138.6955240110001,-34.78736023499994],[138.69488456600004,-34.78669679199993],[138.69487801700006,-34.78668999699994],[138.6948725620001,-34.78668290999997],[138.69449469000006,-34.78619199099995],[138.69440602500003,-34.786076797999954],[138.694116,-34.785700005999956],[138.69702899300012,-34.785580994999975],[138.6964281600001,-34.77860923399993],[138.69666614400012,-34.77868523199993],[138.69689500700008,-34.77869799699994],[138.69713628800002,-34.778653503999976],[138.69760912000004,-34.77855821099996],[138.6977981440001,-34.77846321299995],[138.69816112,-34.77834318499998],[138.69837308800004,-34.778203195999936],[138.69853011200007,-34.77806218799998],[138.69857510400004,-34.77800019399996],[138.6988160960001,-34.77798619099997],[138.69912508800007,-34.77787517199994],[138.7001050560001,-34.77759617399994],[138.70059305600012,-34.77759915199994],[138.70090307300006,-34.77760214899996],[138.70114006400001,-34.77771514799997],[138.70131408100008,-34.777763154999946],[138.70135206400005,-34.77778315299997],[138.7016370240001,-34.777929135999955],[138.70185904000004,-34.77805713799995],[138.70225302400002,-34.77806512999996],[138.702536032,-34.77800813099998],[138.70268502400006,-34.77807312199997],[138.70275603100004,-34.77822911399994],[138.7027460480001,-34.77839711299998],[138.70290502400007,-34.778562112999964],[138.7029590400001,-34.778599113999974],[138.70333104000008,-34.77858810699996],[138.70349702400006,-34.778492110999935],[138.7036390400001,-34.77847710699996],[138.70373904000007,-34.77842512199993],[138.70387302400002,-34.77831911599998],[138.70421299200007,-34.778271089999976],[138.70449001600002,-34.77814109099995],[138.70469801600007,-34.77812710499995],[138.70490499200002,-34.77816710199994],[138.7052849910001,-34.77823708799997],[138.70562099200004,-34.77835208299996],[138.705940993,-34.77861008399998],[138.7060600000001,-34.77866708299996],[138.70623500800002,-34.77867007999998],[138.70639996800003,-34.77862806599995],[138.7066549750001,-34.778489056999945],[138.7067539840001,-34.77846306499998],[138.70723398400003,-34.778500064999946],[138.7077049610001,-34.778463046999946],[138.708078945,-34.778344035999964],[138.7086859520001,-34.77812101899997],[138.7087189440001,-34.77811302599997],[138.70880595200003,-34.77814101599995],[138.70932694500004,-34.77827802799993],[138.7093699520001,-34.77830501999995],[138.70939993600007,-34.77840503099998],[138.70944195200002,-34.77846002999996],[138.7096270080001,-34.77848200899996],[138.70976236800004,-34.778446137999936],[138.7101479040001,-34.77823901099998],[138.7102247350001,-34.77817235599997],[138.71026992100008,-34.77814199699998],[138.71032691300002,-34.778068589999975],[138.7103950080001,-34.777981989999944],[138.7105048960001,-34.777948005999974],[138.71073491200002,-34.77792501199997],[138.71089990400003,-34.77788299799994],[138.71106790400006,-34.77775098199993],[138.7112938880001,-34.77745797799997],[138.7117128640001,-34.77732198599995],[138.711856,-34.77728800099993],[138.71211500800007,-34.77702300699997],[138.7123148490001,-34.77689996299995],[138.7124288320001,-34.77673997499994],[138.7126638410001,-34.77654596599996],[138.71283984000002,-34.77648696899996],[138.7129508480001,-34.77640797399994],[138.71352582400004,-34.77616595699993],[138.71401785600005,-34.77619194899995],[138.71407856000008,-34.77618432699995],[138.71432380800002,-34.77616292299996],[138.71440099200004,-34.77614599599997],[138.71471680000002,-34.77621622099997],[138.71496182400006,-34.77628992499996],[138.71499782400008,-34.77630193199997],[138.71525878400007,-34.77632492799995],[138.7156067850001,-34.77639391399998],[138.71578508900006,-34.77638153699996],[138.71589100800009,-34.77637300899994],[138.71617260800008,-34.77626426599994],[138.71632300800002,-34.776199996999935],[138.7166717760001,-34.776197887999956],[138.71672678400012,-34.77618088699995],[138.71706300800008,-34.77588100199995],[138.71729376000008,-34.77582189299994],[138.71738275200005,-34.775760899999966],[138.71750774400005,-34.775618892999944],[138.71776176000003,-34.77551486799996],[138.71797372800006,-34.77533887699997],[138.71828172800008,-34.775263878999965],[138.718577728,-34.77522388199998],[138.71887600000002,-34.77512999399994],[138.71925299200007,-34.774930008999945],[138.7196174720001,-34.77481205299995],[138.71977068800004,-34.774759864999965],[138.7199391680001,-34.77463770899993],[138.7200256960001,-34.77461983799998],[138.72011568000005,-34.77452284299994],[138.7202440000001,-34.774507005999965],[138.72034768000003,-34.77443683599995],[138.72035968000012,-34.77440984499998],[138.72054566400004,-34.77437783999994],[138.72085065600004,-34.77440984499998],[138.72108300800005,-34.77433299599994],[138.7213556480001,-34.77432981299995],[138.72153264000008,-34.77426981799994],[138.7217209920001,-34.77417400699994],[138.72212860800005,-34.77404679999995],[138.72221801600006,-34.774002992999954],[138.72232662400006,-34.77399579599995],[138.7227296320001,-34.774030797999956],[138.7229356160001,-34.77407980399994],[138.7231310080001,-34.77409229199998],[138.7234936320001,-34.77408078499997],[138.7237246090001,-34.77400378799996],[138.72393257600004,-34.774007783999934],[138.72466601600001,-34.77389580399995],[138.72511859200006,-34.77376876399995],[138.72530560100006,-34.773735759999965],[138.72571254500008,-34.77361774899998],[138.7263255680001,-34.77358374499994],[138.72649100900003,-34.773541990999945],[138.727136448,-34.77330045399998],[138.72702956900002,-34.773838730999955]]]},"properties":{"School_Name":"Golden Grove Primary School","ENTITY_CODE":1848,"zoneType":"primary"}},{"type":"Feature","geometry":{"type":"Polygon","coordinates":[[[138.6856035520001,-34.74251928499996],[138.68577756800005,-34.74259328599993],[138.68596054400007,-34.742672280999955],[138.68614255900002,-34.74275027699997],[138.68629955200004,-34.74281828299996],[138.68660454400003,-34.74294926299996],[138.68675555200002,-34.743014270999936],[138.68705555200006,-34.74314327199994],[138.68718755200007,-34.74320026999993],[138.6885575670001,-34.74378823799998],[138.68870118400002,-34.743850248999934],[138.68842156800008,-34.744096242999944],[138.68799059200012,-34.74457426599997],[138.68788259200005,-34.74469625499995],[138.68783459100007,-34.74474825799996],[138.68723760000012,-34.74518226699996],[138.68716019200008,-34.74522848099997],[138.68720761600002,-34.74554325799994],[138.68727561700007,-34.745999264999966],[138.68735561500011,-34.74653326799995],[138.6874076160001,-34.74688226899997],[138.6874436480001,-34.74712127099997],[138.68749366400004,-34.74745626899994],[138.68746364800006,-34.74765225799996],[138.68749276800008,-34.75463830299998],[138.68781878400011,-34.754699278999965],[138.68902979200004,-34.754758256999935],[138.689430785,-34.754846260999955],[138.68969075200005,-34.75492325899995],[138.6898877440001,-34.75494525499994],[138.69034374400007,-34.75504424799993],[138.69081075200006,-34.75512524199996],[138.6909857600001,-34.75512823799994],[138.6911397440001,-34.75508624399998],[138.6912607370001,-34.75503521999997],[138.69160070400005,-34.754608220999955],[138.69178070400005,-34.75442222199996],[138.69194572800006,-34.754362226999945],[138.69242672000007,-34.754362208999964],[138.69278470400002,-34.75444120399993],[138.69297571200002,-34.75455520099996],[138.6930647040001,-34.75460920199998],[138.69319472000006,-34.75463820999994],[138.69338672000003,-34.75478620999996],[138.69358067200005,-34.75488918099995],[138.69376467200004,-34.75495618799994],[138.694224673,-34.754919187999974],[138.69437868800003,-34.75485919199997],[138.6947696960001,-34.75456017699997],[138.6949166400001,-34.75439217899998],[138.69550464000008,-34.75405116699994],[138.69570364800006,-34.75398316199994],[138.69637766300002,-34.75407715999995],[138.69664860800003,-34.75417215799996],[138.69723363200012,-34.75431814099994],[138.69726963200003,-34.75432313599998],[138.69758262400012,-34.75437012699996],[138.69790963200012,-34.75437613999998],[138.69830163200004,-34.75443811499997],[138.69857260700007,-34.75451511099993],[138.69900361500004,-34.754703107999944],[138.69923161600002,-34.75477111299995],[138.69928563300004,-34.75479610799994],[138.69959760000006,-34.75494009199997],[138.69972659100006,-34.75502310299993],[138.7000336320001,-34.755390105999936],[138.70018963200005,-34.75567210099996],[138.70018662300004,-34.75578010399994],[138.70028060800007,-34.755908105999936],[138.70036361600012,-34.75609008999993],[138.70044662400005,-34.75619509599994],[138.70047961600005,-34.756237090999946],[138.70058761600012,-34.75628409999996],[138.70067462300005,-34.756295088999934],[138.70086163200006,-34.75625309399993],[138.70107257600012,-34.75611308599997],[138.70134259300005,-34.75585708299997],[138.701351584,-34.75584707399997],[138.7014515830001,-34.75574408499995],[138.7016425910001,-34.75552308299996],[138.70184956800006,-34.75517507999996],[138.7018665600001,-34.75512507399998],[138.70187456100007,-34.75513408399996],[138.70224656000005,-34.755533054999944],[138.7022745920001,-34.755563061999965],[138.70229056000005,-34.75555505199998],[138.70313955200004,-34.75510006199994],[138.70396553600006,-34.75478604299997],[138.70421551900006,-34.75471204399997],[138.70442252700002,-34.754763029999935],[138.70457251200003,-34.754876027999956],[138.7042285440001,-34.755873047999955],[138.70427456000004,-34.75604803999994],[138.70498755200003,-34.756841022999936],[138.70569356800002,-34.75780202499993],[138.705785568,-34.75803101799994],[138.7057785610001,-34.75827703099998],[138.70560358400007,-34.758803022999984],[138.70561558500003,-34.759070013999974],[138.70574457600003,-34.759214017999966],[138.70720259200004,-34.760104997999974],[138.7090445760001,-34.76089296799995],[138.7092325440001,-34.76094297299994],[138.70946054400008,-34.760978972999965],[138.70968854300008,-34.760966967999934],[138.70993654400002,-34.76095595999993],[138.71014556800003,-34.760959973999945],[138.71031356800006,-34.76105794999995],[138.7107856,-34.76355295299993],[138.710862592,-34.76376794099997],[138.71099260800008,-34.76396394899996],[138.711123616,-34.76415995699995],[138.7112526080001,-34.76430194399995],[138.71146163100002,-34.76453594999998],[138.71161763200007,-34.764740949999975],[138.71174761600003,-34.76496494699995],[138.71183763200008,-34.76519795399997],[138.71187260700003,-34.765442949999965],[138.7118886080001,-34.76563594199996],[138.7119106240001,-34.76585794299996],[138.7112536630001,-34.76594095199994],[138.71114764800006,-34.765953956999965],[138.711046656,-34.76598895899997],[138.70990668800005,-34.766780980999954],[138.70987868800012,-34.766803994999975],[138.70949568000003,-34.76711597899998],[138.70934172800003,-34.767329985999936],[138.70920771200008,-34.76752799299993],[138.70910371200011,-34.767700985999966],[138.70899670400001,-34.767921006999984],[138.70892371200011,-34.76814200699994],[138.70887875200003,-34.768371000999934],[138.70886774400003,-34.76860500699996],[138.70886374400004,-34.76872801299993],[138.70883273700008,-34.76897300899998],[138.70877875200006,-34.769234006999966],[138.70859177500006,-34.76971101099997],[138.7084647680001,-34.769929994999984],[138.70830678400011,-34.77014801799993],[138.7081377930001,-34.77034502399994],[138.70795577600006,-34.770515021999984],[138.7069558080001,-34.77136004499994],[138.706436832,-34.77175004399993],[138.706252833,-34.77187005299993],[138.7060668480001,-34.77196706799998],[138.70585785700007,-34.77204506399994],[138.70564988800004,-34.772106056999974],[138.7055158720001,-34.77213406699997],[138.70462787200006,-34.77231407199997],[138.70434288,-34.77237206899997],[138.70400489600001,-34.77244007599995],[138.70375792000004,-34.772532093999985],[138.70355891200006,-34.77262409499997],[138.70336790400006,-34.77273709299993],[138.70309392100012,-34.77289709899998],[138.7024039360001,-34.77331011199993],[138.7023309440001,-34.77335312399998],[138.7023379520001,-34.77336211599993],[138.70235593600012,-34.773383112999966],[138.7023709440001,-34.77340111399997],[138.70259292800006,-34.77367012199994],[138.70238092800003,-34.773713114999964],[138.70229296000002,-34.773959110999954],[138.70220796800004,-34.77425311299993],[138.70217196800002,-34.774261122999974],[138.70186697600002,-34.774108127999966],[138.7018059840001,-34.774121133999984],[138.70144800000003,-34.77495213499998],[138.70145900700004,-34.77501612699996],[138.70135200000004,-34.775057140999934],[138.7013249910001,-34.77506713099996],[138.70115401600003,-34.77517513399994],[138.7010160000001,-34.77531112799994],[138.70060502400008,-34.77581014699996],[138.7005270400001,-34.77597914399996],[138.7003910410001,-34.77603314499993],[138.70033504000003,-34.776160146999985],[138.70036403200004,-34.77621514799995],[138.70046704000004,-34.77624715299993],[138.70038502400007,-34.77643514999994],[138.70040102400003,-34.77652515199998],[138.70059305600012,-34.77759915199994],[138.7001050560001,-34.77759617399994],[138.69912508800007,-34.77787517199994],[138.6988160960001,-34.77798619099997],[138.69857510400004,-34.77800019399996],[138.69853011200007,-34.77806218799998],[138.69837308800004,-34.778203195999936],[138.69816112,-34.77834318499998],[138.6977981440001,-34.77846321299995],[138.69760912000004,-34.77855821099996],[138.69737814400003,-34.77861720699997],[138.69689513700007,-34.77869819999995],[138.69666614400012,-34.77868523199993],[138.6966121600001,-34.77866523299997],[138.6964281600001,-34.77860923399993],[138.69633017600006,-34.778579226999966],[138.69621315200004,-34.77849623499998],[138.69607715100005,-34.77826822299994],[138.6959761280001,-34.777968226999974],[138.69593414400003,-34.77789522599994],[138.69571212800008,-34.77762122199994],[138.69545312000002,-34.77750822399997],[138.69495315200004,-34.77742625099995],[138.69489916800012,-34.777380240999946],[138.69483616000002,-34.77728923999996],[138.69436115200006,-34.77708124499998],[138.6942861760001,-34.77705325399995],[138.69392016000006,-34.77683826499998],[138.6932031670001,-34.776293254999985],[138.69299116700006,-34.77607327199996],[138.6928751680001,-34.77591726199995],[138.6927321280001,-34.77557225499993],[138.69252912100012,-34.77539728299996],[138.6925301440001,-34.775370289999955],[138.6920781440001,-34.77510927299994],[138.6916561600001,-34.77498328899998],[138.69144816100004,-34.77498027399997],[138.69129315300006,-34.775067297999954],[138.69113916800006,-34.77510030199994],[138.6909981760001,-34.77507930399997],[138.69081417600012,-34.77501329599994],[138.69070515200008,-34.775002306999966],[138.69035017700003,-34.77477830899994],[138.6901131520001,-34.77468431099993],[138.68992016000004,-34.77452731999995],[138.68947616100002,-34.77441032599995],[138.68934617600007,-34.774345316999984],[138.68894716900002,-34.77418431099994],[138.6889356800001,-34.77418334899994],[138.6869600010001,-34.773371993999945],[138.68430201600006,-34.77312000599994],[138.6831525440001,-34.77262487199994],[138.6829860160001,-34.77255599599994],[138.68212400000004,-34.772341008999945],[138.6805638720001,-34.77282646699996],[138.67993929600004,-34.77280446999998],[138.67974028800006,-34.772881466999934],[138.67957628800002,-34.77287846999997],[138.67941532800012,-34.77296547499998],[138.67936531200007,-34.77299246699994],[138.6791253120001,-34.77298749099998],[138.6781963200001,-34.773005490999935],[138.67780931200002,-34.77279150099997],[138.67769132800004,-34.77269850199997],[138.67754032100004,-34.77261451199996],[138.67753632000006,-34.77238949599996],[138.6774213120001,-34.77217950299996],[138.67733731200008,-34.77207851099996],[138.67709632000003,-34.77170449699997],[138.676858336,-34.77161850899995],[138.6767413120001,-34.77151749899997],[138.67650332900007,-34.77142250199995],[138.67624832,-34.771165517999975],[138.6761503360001,-34.77115452899994],[138.67605033600012,-34.77120651299998],[138.6759083190001,-34.77121352599994],[138.6758743360001,-34.771248527999944],[138.67513436800004,-34.77116253899993],[138.6751253440001,-34.771108537999964],[138.67517232000012,-34.77098253499997],[138.67514332700011,-34.77082853999997],[138.67511132800007,-34.77081053999996],[138.6749593280001,-34.77078053199995],[138.67487433600002,-34.77067954199998],[138.67476732900002,-34.770596531999956],[138.6745743360001,-34.770484532999944],[138.67455331200006,-34.770457540999985],[138.6745663360001,-34.77036753899995],[138.6743973120001,-34.77015654599995],[138.67436531300007,-34.77012853799994],[138.67399632000001,-34.77004053299993],[138.67383833600002,-34.76984853999994],[138.67366531200003,-34.76976355199997],[138.6734793600001,-34.76977855499996],[138.67342534400007,-34.76975955499995],[138.67334035300007,-34.76967656499994],[138.67332233600007,-34.76953255999996],[138.6730903360001,-34.769239556999935],[138.6730053120001,-34.76917456599995],[138.67283132800003,-34.769125559999964],[138.67273632,-34.76901555899997],[138.6724763200001,-34.76892056199995],[138.67215936000002,-34.76895058699995],[138.67208534400004,-34.76885057599998],[138.67197836800005,-34.76879457699994],[138.671814368,-34.76878157099998],[138.67151635200003,-34.76887556999998],[138.67139334500007,-34.76898157499994],[138.67117136000002,-34.76911259199994],[138.6711243520001,-34.76921959599997],[138.67104636800002,-34.76929059899993],[138.67065139200008,-34.76935458999998],[138.67063040000005,-34.76933658899998],[138.67057939300003,-34.76918159699994],[138.6704933750001,-34.76914459599993],[138.67032137600006,-34.76903259699998],[138.6698313920001,-34.768987623999976],[138.66971238400004,-34.76894860699997],[138.66961539200008,-34.768875606999984],[138.6695784000001,-34.76865861999994],[138.669463392,-34.76844860699998],[138.66921539200007,-34.76833560999995],[138.66908838400002,-34.76821561899993],[138.66891539200003,-34.768131609999955],[138.6687773760001,-34.76798460999993],[138.66863840000008,-34.76789162899996],[138.66854438400003,-34.76781662999997],[138.66826972800004,-34.767625616999965],[138.668280384,-34.76761362899998],[138.66948832000003,-34.76626161199994],[138.6729681920001,-34.762261541999976],[138.67463814400003,-34.76034150099997],[138.67609606400003,-34.758680477999974],[138.67651504000003,-34.758106460999954],[138.67724499200006,-34.75682646399997],[138.67813798400005,-34.75526245499998],[138.67867379100005,-34.754277403999936],[138.67869593600005,-34.75423542799996],[138.67878390300007,-34.754073422999966],[138.67887289600003,-34.753883428999984],[138.67908889700004,-34.753417412999966],[138.67946288100006,-34.75261040699996],[138.67954486400004,-34.75203740599994],[138.67945587200006,-34.751813407999975],[138.67903385600005,-34.75074340499998],[138.6779338560001,-34.74934143799993],[138.6778528320001,-34.749238429999934],[138.67750585500005,-34.748796427999935],[138.6775148480001,-34.748587433999944],[138.67697680000003,-34.74751043699996],[138.67664966400002,-34.74661797799996],[138.67661280000004,-34.74651743199996],[138.6764197440001,-34.74325042399994],[138.67640268800005,-34.74147442399993],[138.67640169600008,-34.74146243599995],[138.67640070400012,-34.741443139999944],[138.67711868700007,-34.741964414999984],[138.67788368000004,-34.742306405999955],[138.67907369600005,-34.74281839399998],[138.68010000000004,-34.743260007999936],[138.6809500160001,-34.74191100599995],[138.68144700800008,-34.74210399699996],[138.6819215050001,-34.74249466099997],[138.682285631,-34.74254033799997],[138.6823376320001,-34.742493329999945],[138.68242057600003,-34.742067144999965],[138.68249257500008,-34.741545334999955],[138.68264457700002,-34.74124631899997],[138.68276659200012,-34.74129932099993],[138.68295158400008,-34.74137831599995],[138.68312560000004,-34.741453314999944],[138.68334559900006,-34.74154831299995],[138.68357257600007,-34.741646325999966],[138.68379759900006,-34.741742321999936],[138.68401859200003,-34.741837300999975],[138.68410659100005,-34.74187529999995],[138.6843175990001,-34.74196630199998],[138.6845045760001,-34.742046295999955],[138.68468960000007,-34.74212630899996],[138.68488560000003,-34.742210298999964],[138.685077599,-34.742292308999936],[138.68526358400004,-34.74237228499993],[138.68544956800008,-34.74245327799997],[138.6856035520001,-34.74251928499996]]]},"properties":{"School_Name":"Salisbury Heights Primary School","ENTITY_CODE":1177,"zoneType":"primary"}},{"type":"Feature","geometry":{"type":"Polygon","coordinates":[[[138.76973142400004,-34.56862148699997],[138.76962742400008,-34.56873448599998],[138.76915747300006,-34.56906850299998],[138.7690794560001,-34.569074514999954],[138.76882048000004,-34.56906550499997],[138.7687744630001,-34.56906150999998],[138.7683704640001,-34.56897452299995],[138.76740246400004,-34.56868952999997],[138.76665251200006,-34.56874554799998],[138.76625251200005,-34.56898654699995],[138.7661554880001,-34.569194541999934],[138.76582352000003,-34.56983656699998],[138.76552153600005,-34.569949564999945],[138.76496256100006,-34.56983255199998],[138.76368857600005,-34.56922558699995],[138.76261257600004,-34.56904759799994],[138.76239555200004,-34.569057605999944],[138.76181260900012,-34.56922362499995],[138.76171660800003,-34.569340618999945],[138.76170159900005,-34.56940161299997],[138.76164960000006,-34.56962061599995],[138.7627876150001,-34.57111759999998],[138.76292563100003,-34.571305596999935],[138.7628866240001,-34.57163559899993],[138.76280662400006,-34.571689600999946],[138.76278963200002,-34.57172959799993],[138.76240064,-34.57193661399998],[138.76235065600008,-34.571952615999976],[138.7621036480001,-34.57200062399994],[138.76195267200012,-34.572023617999946],[138.7602306880001,-34.57253164699995],[138.75982873700002,-34.57281865599998],[138.75961072000007,-34.573120649999964],[138.75922873600007,-34.57367666699997],[138.75892476800004,-34.57412266599994],[138.75863574400012,-34.57463666999996],[138.75792080000008,-34.57548369199998],[138.75784380800008,-34.57562369999994],[138.757768832,-34.57594169599997],[138.75780083200004,-34.575997695999945],[138.75802582400001,-34.57643869899994],[138.75802982400012,-34.576510681999935],[138.75801782400004,-34.57659469099997],[138.75793980900005,-34.576678699999945],[138.7577698240001,-34.576768682999955],[138.75756284800002,-34.57686168299995],[138.7575378570001,-34.576868693999984],[138.75728985600006,-34.57692071599996],[138.7568218560001,-34.577044702999956],[138.75551587200005,-34.57731672799997],[138.75451692900003,-34.57751874799993],[138.75332595200007,-34.57801077399995],[138.75209993600004,-34.577911779999965],[138.75189395200005,-34.577932776999944],[138.75142998400008,-34.578264796999974],[138.75135097600003,-34.57831979799994],[138.75121398400006,-34.57850779499995],[138.75122099200007,-34.57856880799994],[138.75135097600003,-34.578774804999966],[138.75142998400008,-34.57889579499994],[138.75174300800006,-34.579375795999965],[138.7519070070001,-34.58054880699996],[138.75206700800004,-34.58088780099996],[138.75218902400002,-34.580979782999975],[138.75269100800006,-34.581220782999935],[138.7530310080001,-34.581245776999936],[138.75444998400008,-34.581177768999964],[138.7546809920001,-34.58120174599998],[138.75519600000007,-34.58215875099995],[138.755705024,-34.58264074999994],[138.75576300800003,-34.58286774499993],[138.75628300800008,-34.58308574899996],[138.7576859840001,-34.583219707999945],[138.75822396800004,-34.583567710999944],[138.75822396800004,-34.583912717999965],[138.75779702400007,-34.58522272099998],[138.75704006400008,-34.58688873899996],[138.75658512000007,-34.58758374599995],[138.75592809600005,-34.58813077299993],[138.75580310400005,-34.58819576299993],[138.7555591360001,-34.588173765999954],[138.75532713500002,-34.588152768999976],[138.7544861440001,-34.587717778999945],[138.75414614400006,-34.58761379099997],[138.75338214400006,-34.587653805999935],[138.75223417600012,-34.587891827999954],[138.751352192,-34.58789682199995],[138.75123420800003,-34.58788481499994],[138.75050320000003,-34.58750384399997],[138.75016220800012,-34.58747183999998],[138.75010121600008,-34.58748284699993],[138.7495382400001,-34.58806485799994],[138.7497222400001,-34.588374862999956],[138.7505232320001,-34.58863184499995],[138.7507362240001,-34.588749838999945],[138.75135222400002,-34.589236813999946],[138.75169923200008,-34.58951181699996],[138.75177324800006,-34.589621816999966],[138.7518532480001,-34.58976582099996],[138.75187923200008,-34.58981181199994],[138.75190323200002,-34.58990281399997],[138.75193123200006,-34.59057382799995],[138.75135225600002,-34.59149283399995],[138.75115728000003,-34.59170084799996],[138.75109129500004,-34.59177183199995],[138.7510082880001,-34.591863832999934],[138.74984633600002,-34.59315685299998],[138.74978432000012,-34.59316785999994],[138.7494433290001,-34.59311787299998],[138.74887388700006,-34.59248715299998],[138.74873232000004,-34.59232988499997],[138.74845395700004,-34.59215025399993],[138.7484363200001,-34.59213887299995],[138.74796137600003,-34.59218390099994],[138.74725635200002,-34.592516900999954],[138.7471176560001,-34.59249654299998],[138.74710636800012,-34.59249488599994],[138.7467510030001,-34.59203584499994],[138.74673635200008,-34.592016919999935],[138.74668538000003,-34.591878907999956],[138.74650137600008,-34.59137691199993],[138.74604636800007,-34.590746912999975],[138.74603296400005,-34.59073847399998],[138.74580525600004,-34.59059511199996],[138.74580336100007,-34.59059391799997],[138.74545635200002,-34.59056291299993],[138.74545617900003,-34.59056302099998],[138.74453039900004,-34.59113992799996],[138.74437241600003,-34.59121535199995],[138.74417340900004,-34.590914948999966],[138.74407340800008,-34.59072595299995],[138.74382835200004,-34.59022295699998],[138.74351836900007,-34.58954794699997],[138.7432933760001,-34.588896949999935],[138.74321936,-34.58872895199994],[138.74318435200007,-34.588521955999965],[138.7431793280001,-34.58843095399993],[138.743219328,-34.58831595799995],[138.74296134500003,-34.588148958999966],[138.74284032000003,-34.58804594999998],[138.7419853450001,-34.58734596599993],[138.7414973440001,-34.586874974999944],[138.74138233600002,-34.58667996599996],[138.74131932800003,-34.586565968999935],[138.74125376000006,-34.58644531199997],[138.74114134400008,-34.58623796499995],[138.74107232000006,-34.58609497799995],[138.7408393290001,-34.58540296599995],[138.7407473280001,-34.58534097399996],[138.7397933430001,-34.58446699599995],[138.73814832000005,-34.58312600499994],[138.73814649700012,-34.58312452499996],[138.73811283200007,-34.58313362699994],[138.73793100800003,-34.58303799999993],[138.73791033600003,-34.58286300899994],[138.7379140160001,-34.58264700299998],[138.73784067200006,-34.58215739999997],[138.7377434880001,-34.581605267999976],[138.73760256000003,-34.58072905299997],[138.737447072,-34.58009690799997],[138.7372974220001,-34.57971335999997],[138.7372929920001,-34.57970200699998],[138.73692115200004,-34.57886386399997],[138.73640089600008,-34.577914498999974],[138.73627801700002,-34.57775800799993],[138.7361320000001,-34.57746800299998],[138.7359750070001,-34.57709600399994],[138.73574115200006,-34.576426433999984],[138.73550630300008,-34.57537063899997],[138.73535228900005,-34.57435548799998],[138.73526400100002,-34.57389400599993],[138.73403552000002,-34.56977646099995],[138.73384099200007,-34.56921999899998],[138.73369500800004,-34.56897400499997],[138.7335680000001,-34.568783990999975],[138.73347769500003,-34.56869459899997],[138.73375308800007,-34.56850902599996],[138.73378092100006,-34.56835765599993],[138.73382406400003,-34.56812302299994],[138.73389204800003,-34.568129631999966],[138.73494505600002,-34.56823200599996],[138.73650502400005,-34.568386980999946],[138.7396259840001,-34.56869493199997],[138.7426749120001,-34.56899588999994],[138.74598588800006,-34.56932383999998],[138.7460233920001,-34.56932702199998],[138.74602506300005,-34.56932702199998],[138.74603634400012,-34.569327020999935],[138.7462420170001,-34.569327002999955],[138.74615001600012,-34.56856199099997],[138.74622499200007,-34.56808700299996],[138.74747120000006,-34.56633318199994],[138.74765385600006,-34.566076126999974],[138.74798639900007,-34.56560365599995],[138.748398016,-34.56487699499996],[138.7501989440001,-34.562287493999975],[138.75357574400005,-34.557439476999946],[138.75489750400004,-34.555502840999964],[138.75565995300008,-34.554386816999966],[138.7576034880001,-34.551541990999965],[138.7581126880001,-34.550793985999974],[138.7614660160001,-34.54586800399994],[138.76147304000006,-34.54587165099997],[138.76716800000008,-34.54882900299998],[138.77098201600006,-34.55214599799996],[138.7694491520001,-34.55335462099998],[138.76056099200002,-34.560273990999974],[138.7661527040001,-34.56396988499995],[138.76899539200008,-34.56585249899996],[138.769662368,-34.56633148399993],[138.7697403840001,-34.56636448699993],[138.7700853760001,-34.566555480999966],[138.77035340800012,-34.566952491999984],[138.7703504000001,-34.56726848999995],[138.76988544000005,-34.568350479999935],[138.76987344000008,-34.56836548299998],[138.76973142400004,-34.56862148699997]]]},"properties":{"School_Name":"Hewett Primary School","ENTITY_CODE":1876,"zoneType":"primary"}},{"type":"Feature","geometry":{"type":"Polygon","coordinates":[[[138.65473116600003,-34.89741906299997],[138.65479600000003,-34.898267991999944],[138.65480011900002,-34.898267793999935],[138.65617304700004,-34.89820140899997],[138.65707100800012,-34.89815799099995],[138.65707110900007,-34.898159256999975],[138.6578704960001,-34.90813868499998],[138.6578704960001,-34.90825488399997],[138.65801788800002,-34.91058814099995],[138.6582708630001,-34.91390610099995],[138.65827100800004,-34.91390800299996],[138.65568201500002,-34.91404299799996],[138.65098201600006,-34.914277003999985],[138.64628662400003,-34.91450853199996],[138.64568764800003,-34.91453853899998],[138.64518764700006,-34.91456255099996],[138.64445766500012,-34.91459955099998],[138.64405664000003,-34.91461956799998],[138.6433346880001,-34.91465556899993],[138.64292467200005,-34.91467556799995],[138.64225168000007,-34.91470958999997],[138.64179372700005,-34.91473260299995],[138.64052077000008,-34.91479782499994],[138.64008584600003,-34.91482010999994],[138.63438899200003,-34.915112000999954],[138.63438878700003,-34.915109205999954],[138.63438795800005,-34.915097953999975],[138.63402499200004,-34.91017100299996],[138.6338500160001,-34.90792299499998],[138.6336929910001,-34.90759199099995],[138.6336299840001,-34.90667788799993],[138.63352499200005,-34.905388992999974],[138.63132499200003,-34.90548199299997],[138.634599169,-34.90172055399995],[138.6378452660001,-34.89779444299995],[138.6379870080001,-34.897623006999936],[138.63800325800003,-34.89763211199994],[138.63890800000001,-34.89813899199993],[138.63920899200002,-34.89811699499995],[138.63929900800008,-34.89876799099994],[138.63933710300012,-34.89876619199998],[138.63933718400006,-34.89876618799997],[138.63938910500008,-34.89876373599998],[138.64135479100003,-34.89867089399996],[138.6433609930001,-34.89857613899994],[138.6481700160001,-34.898349002999964],[138.64818964000006,-34.89861390999994],[138.64819001600006,-34.89861899199997],[138.6504250800001,-34.89850906999993],[138.65150400100003,-34.898456006999936],[138.65152201600006,-34.89866600099998],[138.6515286440001,-34.89866571599998],[138.65224303900004,-34.89863499499995],[138.65255100800005,-34.89865699199993],[138.6525829850001,-34.89865544099996],[138.6537533710001,-34.89859870399994],[138.65376800100012,-34.89859799499993],[138.65371715100002,-34.89800714199998],[138.6537870080001,-34.89774000199998],[138.65376854200008,-34.89748333199998],[138.65376700800005,-34.89746200299993],[138.6547310080001,-34.89741699199993],[138.65473116600003,-34.89741906299997]]]},"properties":{"School_Name":"Trinity Gardens School","ENTITY_CODE":474,"zoneType":"primary"}},{"type":"Feature","geometry":{"type":"Polygon","coordinates":[[[138.56637401600005,-34.90150900699996],[138.57698300800007,-34.90849000099996],[138.57700053000008,-34.90851117699998],[138.5771220160001,-34.908657998999956],[138.57701699200004,-34.908760007999945],[138.57706000000007,-34.90912799199998],[138.577018016,-34.909125992999975],[138.57694400000003,-34.90912299599995],[138.57689600100002,-34.90910999099998],[138.5768280000001,-34.90909700399993],[138.5767510080001,-34.90910199899997],[138.57671699200012,-34.90910899199997],[138.5766590080001,-34.909100999999964],[138.57662700800006,-34.90910299899997],[138.57656899100004,-34.909100999999964],[138.5764889930001,-34.909100999999964],[138.5764640000001,-34.90909099199996],[138.57642099200007,-34.909087994999936],[138.5763390080001,-34.909094006999965],[138.57628601700003,-34.90908599699998],[138.57625001700012,-34.90909300799996],[138.5761740160001,-34.90909700399993],[138.57608000000005,-34.909088992999955],[138.5760310080001,-34.90909600499998],[138.5760049910001,-34.90911500399994],[138.5759569920001,-34.90910499599994],[138.57591900800003,-34.90911700299995],[138.57586000000003,-34.909125992999975],[138.5758430090001,-34.90914099799994],[138.57582000000002,-34.90913600199997],[138.57575600000007,-34.909152003999964],[138.57567500800008,-34.90915400199998],[138.5756409920001,-34.90914800899998],[138.5756080000001,-34.90916099499998],[138.57553900800008,-34.90914800899998],[138.57550099200012,-34.90915500199998],[138.57542,-34.909138998999936],[138.57536300800007,-34.909143993999976],[138.57533900800001,-34.909162993999985],[138.57530800000006,-34.90915500199998],[138.575262016,-34.90916600899993],[138.57522099300002,-34.90915999699996],[138.57517801500012,-34.90919100199994],[138.57511699200006,-34.909190002999935],[138.57507801600002,-34.90921000299994],[138.5750129910001,-34.90923799299998],[138.57494400000007,-34.90924999899994],[138.57488,-34.909297006999964],[138.57486499200002,-34.90933600499994],[138.5748150080001,-34.90934499699995],[138.57479500800002,-34.90938199699997],[138.5747230080001,-34.909441991999984],[138.5747230080001,-34.90947699399993],[138.57465900700004,-34.909518007999964],[138.57457401500005,-34.909567994999975],[138.57450300800008,-34.90961300599997],[138.5744400000001,-34.909630006999976],[138.574406016,-34.909649006999985],[138.57440000100007,-34.90966499099994],[138.57439100800002,-34.90967100399996],[138.5742449920001,-34.90973499499995],[138.57423001600012,-34.90975599199993],[138.57419500800006,-34.90975900799998],[138.5741790080001,-34.909769996999955],[138.57414700700008,-34.90977499199994],[138.57411100800005,-34.90978300299997],[138.5740800000001,-34.909795007999946],[138.57405200000005,-34.90979800599996],[138.57401500800006,-34.909796007999944],[138.5740030080001,-34.90979800599996],[138.5739809920001,-34.909807995999984],[138.5739550080001,-34.909808994999935],[138.573928001,-34.90980999399994],[138.57390601600002,-34.90982399799998],[138.573888,-34.90982200099995],[138.573866016,-34.90981900299994],[138.573851009,-34.90982399799998],[138.57381299200006,-34.90982999199997],[138.57379801600007,-34.909833007999964],[138.57375001600008,-34.90982999199997],[138.57373500800009,-34.90983500599998],[138.573664,-34.90982399799998],[138.5736390080001,-34.909820002999936],[138.5736129920001,-34.90981199199996],[138.57358499100008,-34.909820002999936],[138.57356000000004,-34.90982399799998],[138.57350899100004,-34.90982200099995],[138.57346700800008,-34.909820002999936],[138.573392,-34.90981700499998],[138.57331100800002,-34.90980499899996],[138.57320700800005,-34.909790993999934],[138.57313100800002,-34.909782002999975],[138.57302700800005,-34.90977900599995],[138.5729120000001,-34.90978000499996],[138.5728160000001,-34.90977700899998],[138.57268899200005,-34.909769995999966],[138.5726249920001,-34.90977700899998],[138.57249401600006,-34.90980300099994],[138.57238201600012,-34.90983600499993],[138.57228400000008,-34.90987899899994],[138.57213699200008,-34.90993000299994],[138.5719009920001,-34.90998200799993],[138.57164300800002,-34.91003800699997],[138.57135600100003,-34.91008100099998],[138.57113801600008,-34.91011899899996],[138.57107801600011,-34.91013200499998],[138.5709609920001,-34.910179993999975],[138.570904992,-34.91022900099995],[138.57082700900003,-34.910299004999956],[138.5707289920001,-34.91040399199994],[138.57065299200008,-34.91054499899997],[138.5705980150001,-34.91064600899995],[138.5705680000001,-34.91068199099993],[138.57050400000003,-34.91079099299998],[138.57041299200012,-34.91101900599995],[138.5703510070001,-34.91108799299997],[138.57031699200002,-34.911135000999934],[138.57031200000006,-34.911177994999946],[138.57032400100002,-34.91124000699995],[138.5703289920001,-34.911299002999954],[138.57032000000004,-34.91133999899995],[138.57026601600012,-34.91137999599994],[138.57011900800012,-34.91146600299993],[138.57009001500012,-34.91147399499994],[138.57000800000003,-34.91148100699996],[138.56985401500003,-34.91149199499995],[138.56976601600002,-34.911507997999934],[138.5697080000001,-34.91153199299998],[138.56960000100003,-34.91157200799995],[138.5694689920001,-34.91161100599993],[138.5693710070001,-34.91165399999994],[138.56935600000008,-34.911651003999964],[138.56925900800002,-34.91168500599997],[138.569204,-34.91169499599994],[138.56916400000011,-34.911701007999966],[138.5690950080001,-34.911701007999966],[138.5690180150001,-34.91169899199997],[138.56885299200007,-34.911693997999976],[138.568664,-34.91168600499998],[138.568476991,-34.91167499699998],[138.5683310080001,-34.91164299199994],[138.56819699200003,-34.91162900699993],[138.56805600000007,-34.911601996999934],[138.56793199900005,-34.911569990999965],[138.56784300800007,-34.91152399999993],[138.56775900800005,-34.91146900099994],[138.5676880000001,-34.911398995999946],[138.5676030080001,-34.91132699399998],[138.56753900800004,-34.91127099499994],[138.56747900800008,-34.911214994999966],[138.56741801600003,-34.91116199199996],[138.56733600000007,-34.91107900099996],[138.5672870080001,-34.91102200299997],[138.5672320000001,-34.91093999199995],[138.56718300800003,-34.91087300399994],[138.56712400100002,-34.91082299799996],[138.56711200000007,-34.91082299799996],[138.56706800100005,-34.91082899299994],[138.56694800000002,-34.91085400399993],[138.566919008,-34.91086399399995],[138.56686700800003,-34.91088800799997],[138.56681100900005,-34.91091599899994],[138.56679699200004,-34.910926006999944],[138.56676099100002,-34.91097399599994],[138.566716992,-34.911006999999984],[138.56662099300002,-34.91109400499994],[138.56653500800007,-34.91114800599996],[138.5664089920001,-34.911222005999946],[138.56636201600008,-34.91124899899995],[138.56622601700008,-34.91134599399993],[138.56608300800008,-34.911425006999934],[138.56591200000003,-34.91151499099993],[138.5657740160001,-34.91158499499994],[138.5656300160001,-34.91165200199998],[138.56550700900004,-34.91171099799993],[138.56536099200002,-34.911763002999976],[138.5652040000001,-34.91178599799997],[138.56503801500003,-34.91181099099998],[138.56485699200005,-34.91185000799993],[138.56465401600008,-34.91189599899997],[138.56447900800003,-34.91192800399995],[138.56443900800002,-34.91194500499995],[138.5643409930001,-34.91197599199995],[138.56427299200004,-34.91197399499998],[138.5642310080001,-34.911980006999954],[138.56418499200004,-34.91198500199994],[138.56413699200004,-34.91199399299995],[138.5640760000001,-34.91200100399993],[138.56400601500002,-34.91200999599994],[138.56397801700007,-34.91202000499993],[138.56391801600012,-34.91202699799993],[138.56383600000004,-34.91203600699998],[138.56378800000005,-34.91204599599996],[138.56373600000006,-34.912050990999944],[138.5636569930001,-34.91207500399997],[138.563543008,-34.91209600199994],[138.5634480000001,-34.91211200499998],[138.563319008,-34.91212600899996],[138.56326700800003,-34.91213699799994],[138.5632240000001,-34.91215100199997],[138.56314400000008,-34.91215200099998],[138.56311900800006,-34.91215999299993],[138.56307900800005,-34.912164007999934],[138.56304000000011,-34.91215799499997],[138.56294700800004,-34.912164007999934],[138.56288201600012,-34.912175995999974],[138.56279500900007,-34.91217100099993],[138.56274400000007,-34.91217699499998],[138.56267900800003,-34.91217799499998],[138.56262300700007,-34.91217699499998],[138.56258300700006,-34.91218300799994],[138.562503009,-34.91219699399994],[138.5623759990001,-34.91221299599994],[138.56222400000001,-34.91224200299996],[138.56211299200004,-34.912269993999985],[138.56205500800002,-34.91229300899994],[138.56199401600009,-34.912308991999964],[138.56193001600002,-34.91231800099996],[138.5618870080001,-34.912332006999975],[138.561776,-34.912339997999936],[138.5616519990001,-34.912339997999936],[138.56154400000003,-34.912326992999965],[138.56142499200007,-34.91229900299993],[138.5613470080001,-34.91227400899993],[138.56128700800002,-34.912250994999965],[138.5612409910001,-34.912238007999974],[138.56117299200002,-34.91221199699993],[138.561056,-34.91217000199998],[138.56093500800011,-34.91211500099996],[138.56081299200002,-34.91206699399993],[138.56063200000006,-34.912023999999974],[138.5605529920001,-34.912019004999934],[138.56047100800004,-34.91202100399994],[138.56034300700003,-34.91203800399995],[138.56023801700007,-34.912056004999954],[138.56008800000006,-34.91207500399997],[138.55995401600012,-34.912113002999945],[138.55989401600004,-34.91213300199996],[138.55980601600004,-34.912155997999946],[138.5597120000001,-34.912182007999945],[138.55960800000003,-34.912213994999945],[138.559524,-34.912219008999955],[138.55943200000002,-34.91221099799998],[138.5593080000001,-34.91219000099994],[138.55924000000005,-34.912131003999946],[138.559164,-34.912050990999944],[138.55909001500004,-34.911948001999974],[138.55900499200004,-34.91185000699994],[138.55892099200003,-34.91176100399997],[138.558848,-34.91167999199996],[138.55873600000007,-34.911577001999945],[138.558624,-34.911475992999954],[138.55853401600007,-34.91141699599996],[138.55849699200007,-34.91138700799996],[138.55844000000002,-34.91134399599997],[138.5583640010001,-34.91129400799997],[138.55828099200005,-34.91124899799996],[138.55817801600006,-34.91121899099994],[138.55808201600007,-34.91117999399995],[138.5579710080001,-34.91114499099996],[138.55783001600003,-34.91110900799998],[138.55771299100002,-34.91107300799996],[138.55760499200005,-34.91102400099993],[138.55744601600009,-34.91100999599996],[138.55722201600008,-34.91101199499997],[138.55693600000006,-34.91104100199993],[138.5567550080001,-34.91106199999996],[138.5567000000001,-34.91105300899994],[138.5565089920001,-34.91106699499994],[138.55628899200008,-34.91106299899997],[138.5561560000001,-34.91103600799994],[138.55604899200011,-34.91099599199998],[138.55595600000004,-34.91097399499995],[138.55576899200003,-34.91094500599996],[138.5556420160001,-34.91095499499994],[138.55551900900002,-34.91097799099998],[138.55542601600007,-34.91104699599998],[138.55533401600007,-34.911183008999956],[138.5552849920001,-34.911260004999974],[138.55524201700007,-34.91132699399998],[138.5552009910001,-34.91138800599998],[138.55514400000004,-34.91143999199994],[138.55506300800005,-34.91150200399994],[138.554943008,-34.91158399599993],[138.55480300700003,-34.911669003999975],[138.55466899200007,-34.911746999999934],[138.55456400100002,-34.91181300799997],[138.55445100800011,-34.91192600499994],[138.55435299300007,-34.91203199199998],[138.55428300800008,-34.91210900699997],[138.5541910080001,-34.91220999899997],[138.554098016,-34.91232299599994],[138.5540070080001,-34.91241200099995],[138.55393500800005,-34.91247699099995],[138.55387199900008,-34.91255600499994],[138.5538529920001,-34.91262600899995],[138.553863008,-34.91270100699995],[138.5538860160001,-34.91277199199993],[138.55394700800002,-34.912831007999955],[138.55401500900007,-34.912901991999945],[138.5540800010001,-34.91298799799995],[138.55414601600012,-34.91306299699994],[138.55419900800007,-34.913149002999944],[138.55427699200004,-34.913223003999974],[138.5543380160001,-34.91331600299998],[138.55436201600003,-34.913444003999984],[138.55437500800008,-34.91353200899994],[138.55439001600007,-34.91363899499993],[138.55436201600003,-34.91371399299993],[138.55430601600006,-34.91384499199995],[138.5542460160001,-34.91386800599997],[138.55417100800003,-34.91390800399995],[138.55407801600006,-34.91392800199998],[138.55400499200005,-34.91394899799997],[138.5538340160001,-34.913955991999956],[138.553738016,-34.91394000799994],[138.55365600000005,-34.91391000099998],[138.5535809920001,-34.91389100099997],[138.5535180160001,-34.91386399099997],[138.55346099100007,-34.91383899799996],[138.55338700800007,-34.913836999999944],[138.5532760000001,-34.91383500099994],[138.55313500800003,-34.91383300399997],[138.55302099200003,-34.91385300199994],[138.5529340160001,-34.91388700599998],[138.5528830080001,-34.91391099899994],[138.55277801600005,-34.91399800599993],[138.55266700800007,-34.91408599199997],[138.5525710080001,-34.91418700199995],[138.5524900160001,-34.914278002999936],[138.55243600000006,-34.91435699799996],[138.55236000000002,-34.91442500399995],[138.55233801600002,-34.91446200399997],[138.55224099200007,-34.91455700199998],[138.55216400000006,-34.91464800299997],[138.5520969920001,-34.914713992999964],[138.5520350070001,-34.914770990999955],[138.55191500800004,-34.91477800299998],[138.55179299200006,-34.91476999099996],[138.55169200000012,-34.91476299899995],[138.55156300800002,-34.914731992999975],[138.55147801600003,-34.91465899199994],[138.55137801600006,-34.91455100799993],[138.55130201600002,-34.91446400099994],[138.55121299200005,-34.91436800499997],[138.55114601600008,-34.914260001999935],[138.55108099200004,-34.914146004999964],[138.55103001600003,-34.91405300599996],[138.55097200000012,-34.91394500299998],[138.5509169920001,-34.91387100299994],[138.55083600000012,-34.913797003999946],[138.55076201500003,-34.913709997999945],[138.55068000000006,-34.91364400799995],[138.550575008,-34.91357500299995],[138.55045299200003,-34.913551007999956],[138.55032000000006,-34.91353099099996],[138.55016201600006,-34.91350999399998],[138.54999600000008,-34.913469996999936],[138.54984300800004,-34.91345900799996],[138.54965599900004,-34.91347399299997],[138.5494780150001,-34.913475990999984],[138.54933900800006,-34.91347700799997],[138.5491870080001,-34.91349199399997],[138.54907500800005,-34.91347900699998],[138.548970015,-34.91347299399996],[138.5488120010001,-34.913488995999955],[138.54869699200003,-34.913507995999964],[138.54857801600008,-34.913540000999944],[138.54847299200003,-34.913564994999945],[138.5483720000001,-34.913596998999935],[138.5482609920001,-34.91361899599997],[138.548143008,-34.913652998999964],[138.54800300800002,-34.91369399499996],[138.54777100800004,-34.913691996999944],[138.55129100800002,-34.90454300699997],[138.54772700800004,-34.90471100599996],[138.54772601600007,-34.90470299499998],[138.54765200000008,-34.90372399299997],[138.547643009,-34.90359099699998],[138.5476110080001,-34.90314399999994],[138.54681655900004,-34.89106235299994],[138.54664201600008,-34.88840799199994],[138.54820099200003,-34.889446007999936],[138.54894201600007,-34.88994099399997],[138.54896574100007,-34.889956652999956],[138.5510420160001,-34.89132699499993],[138.55613699200012,-34.894718007999984],[138.55990899300002,-34.89720300299996],[138.55999299100006,-34.89726000099995],[138.56005100800007,-34.89729799899993],[138.56637401600005,-34.90150900699996]]]},"properties":{"School_Name":"Allenby Gardens Primary School","ENTITY_CODE":473,"zoneType":"primary"}},{"type":"Feature","geometry":{"type":"Polygon","coordinates":[[[138.56377971200004,-35.12447224599998],[138.54907100800006,-35.12523000699997],[138.54909260800002,-35.12498301199997],[138.5488394880001,-35.12405359099995],[138.54822550300003,-35.12275577899993],[138.54824508800004,-35.12241528699997],[138.54824499200004,-35.12090200499995],[138.5485588800001,-35.118306047999965],[138.54699900800006,-35.09783100699997],[138.5466849920001,-35.09360899199993],[138.56845001500005,-35.09248500699994],[138.57221100900006,-35.092258991999984],[138.57307600000001,-35.10274399699995],[138.57447356800003,-35.12396986099998],[138.57107299100005,-35.12423300499995],[138.56879392000008,-35.124388515999954],[138.56377971200004,-35.12447224599998]]]},"properties":{"School_Name":"Woodcroft Primary School","ENTITY_CODE":1776,"zoneType":"primary"}},{"type":"Feature","geometry":{"type":"Polygon","coordinates":[[[138.6250572460001,-34.94629353999994],[138.6255384960001,-34.95238816999995],[138.62551369200003,-34.95238930399995],[138.62551009900005,-34.95238946899997],[138.62530844900004,-34.95239869899996],[138.62168225100004,-34.95256467699994],[138.62165756800005,-34.95256580699993],[138.6216717950001,-34.95243264299995],[138.6216911360001,-34.95225160199993],[138.62031580100006,-34.952359497999964],[138.61977558400008,-34.95240187799993],[138.6196747240001,-34.95234266499995],[138.6195421760001,-34.95226484799997],[138.61641132800003,-34.95242886999995],[138.616011264,-34.94730893899998],[138.60726014800002,-34.94775897399995],[138.60724979200006,-34.947759506999944],[138.60673743400002,-34.94099026999993],[138.60673308800006,-34.94093283999996],[138.6155437120001,-34.94048884099993],[138.61563942300006,-34.940483566999944],[138.62070416000006,-34.94022404899994],[138.62389859200005,-34.94006209999998],[138.62446811200005,-34.94010602499998],[138.62447667200001,-34.94010668499993],[138.62450428800003,-34.94021516999993],[138.62455382400003,-34.940411250999944],[138.62465529600001,-34.94107713999995],[138.6247016650001,-34.94158724099998],[138.62474531200007,-34.94216786299995],[138.6247895680001,-34.94276293399997],[138.624945184,-34.944933187999936],[138.62504835200002,-34.94618939299994],[138.62505420800005,-34.946255049999934],[138.62505484700011,-34.94626314699997],[138.6250572460001,-34.94629353999994]]]},"properties":{"School_Name":"Parkside Primary School","ENTITY_CODE":328,"zoneType":"primary"}},{"type":"Feature","geometry":{"type":"Polygon","coordinates":[[[138.65940540600002,-34.928496576999976],[138.65951159200006,-34.92986361699997],[138.65953660700006,-34.93018564899995],[138.6597541440001,-34.93298620199994],[138.65975379600002,-34.932986219999975],[138.65689430500004,-34.93313749499998],[138.6564898890001,-34.93316278499998],[138.65622940800006,-34.93338480299997],[138.65528345600012,-34.93346067199997],[138.6516159040001,-34.93364611599998],[138.65147228800004,-34.93179411799997],[138.6508988050001,-34.93181722399993],[138.65070457500008,-34.93182504999993],[138.65070476100004,-34.93182712199996],[138.65077312100004,-34.93258946999998],[138.6499917120001,-34.93265410899994],[138.65003863700008,-34.93333544199993],[138.6501268720001,-34.934616560999984],[138.65012707200003,-34.93461947399993],[138.64748013400003,-34.93475410899998],[138.64207804800003,-34.93502887899996],[138.64176702100008,-34.93085548799996],[138.64163590400005,-34.92909615099995],[138.64163238600008,-34.929096337999965],[138.6394561610001,-34.92921138799994],[138.6392473510001,-34.927081148999946],[138.6392470710001,-34.92707830099994],[138.63924692400008,-34.92707632599996],[138.6386096000001,-34.91851507599995],[138.64079622400004,-34.91839983999995],[138.6405739590001,-34.91549335899998],[138.64052077000008,-34.91479782499994],[138.64052012700006,-34.91478941699995],[138.6582708630001,-34.91390610099995],[138.65827206400002,-34.91390604199995],[138.65940540600002,-34.928496576999976]]]},"properties":{"School_Name":"Marryatville Primary School","ENTITY_CODE":249,"zoneType":"primary"}},{"type":"Feature","geometry":{"type":"Polygon","coordinates":[[[138.5655133130001,-35.167647289999934],[138.56611001600004,-35.17602499399993],[138.56650700800003,-35.18128900299996],[138.56692899200004,-35.187177995999946],[138.56910800000003,-35.21543500799993],[138.56930201600005,-35.21815099299994],[138.59484400000008,-35.21682300599997],[138.5947000010001,-35.215020995999964],[138.60228099200003,-35.21600700899995],[138.60381600000005,-35.21588400299993],[138.60516000000007,-35.21624099699994],[138.61373100800006,-35.21580600599998],[138.61421001600002,-35.216137007999976],[138.6143249910001,-35.218505007999966],[138.5858940160001,-35.24484499399995],[138.58567020100008,-35.24506267099997],[138.58321452200005,-35.24745101499997],[138.58155401600004,-35.24906599099995],[138.5266710080001,-35.25188799999995],[138.5090045940001,-35.25280555799998],[138.50135478900006,-35.25320287399995],[138.49536785500004,-35.25351382399998],[138.49506733300007,-35.25352943199994],[138.4947318620001,-35.25354685599996],[138.4947289920001,-35.25354700499997],[138.49472923200005,-35.25354607699995],[138.49472933800007,-35.25354566999994],[138.49502400000006,-35.25240999499994],[138.4943342240001,-35.24355298099994],[138.4934760000001,-35.23253300399995],[138.4933106840001,-35.23045214199993],[138.4926539820001,-35.22218615799994],[138.492644992,-35.22207299399997],[138.4924329920001,-35.21879799299995],[138.49241949300006,-35.21869278499997],[138.4923001730001,-35.21776282099995],[138.49229801600006,-35.21774600899994],[138.49162400000012,-35.21552900699993],[138.4910070090001,-35.21388000699994],[138.49077900800012,-35.21165199799998],[138.4911910070001,-35.20658899199998],[138.49129699200012,-35.20510699399995],[138.4910880000001,-35.20118799099998],[138.5038240010001,-35.20052800299993],[138.50369500800002,-35.19949400099995],[138.50337001600008,-35.19463299699993],[138.50200000000007,-35.19340300599998],[138.50069299200004,-35.19170100599996],[138.50034800000003,-35.19120999799998],[138.4990380160001,-35.19028200199995],[138.5157640000001,-35.18940199299993],[138.51533600000005,-35.18428100699998],[138.515020993,-35.179019996999955],[138.52770800000008,-35.178491006999934],[138.52717600000005,-35.17346999599994],[138.5248750080001,-35.17233799899998],[138.52297001700003,-35.17080899299998],[138.55238400100006,-35.16966900399996],[138.55265001600003,-35.171262001999935],[138.5530080000001,-35.17072699999994],[138.55871001600008,-35.16850200599998],[138.56026399900009,-35.167656000999955],[138.56350799900008,-35.16725899099998],[138.5655133130001,-35.167647289999934]]]},"properties":{"School_Name":"McLaren Vale Primary School","ENTITY_CODE":251,"zoneType":"primary"}},{"type":"Feature","geometry":{"type":"Polygon","coordinates":[[[138.53878515200006,-34.98947587799995],[138.53904787200008,-34.99278821099995],[138.5392927680001,-34.99569916699994],[138.5393105600001,-34.99609310599993],[138.53878515200006,-34.99620984099994],[138.53856694400008,-34.99623172699995],[138.5332591680001,-34.99652718999994],[138.53046099200003,-34.99669899999998],[138.5266009920001,-34.99126799099997],[138.524388992,-34.99142200399996],[138.52329401600002,-34.99147900299994],[138.5210320000001,-34.991600990999984],[138.5209289920001,-34.99020200299998],[138.51362499200002,-34.99059399999993],[138.5134020160001,-34.99073800399998],[138.513122016,-34.99075100899995],[138.51291600000002,-34.990629000999945],[138.5123880000001,-34.99065199699993],[138.51226000000008,-34.990748992999954],[138.50966399900005,-34.99087399199993],[138.50938560100008,-34.990887390999944],[138.50932099200008,-34.99053799999996],[138.50930099200002,-34.990257002999954],[138.50928201600004,-34.99000199899996],[138.50928700800011,-34.98954499399997],[138.5092360000001,-34.989006995999944],[138.50925500800008,-34.988872999999955],[138.5092400000001,-34.98879200599998],[138.50924899300003,-34.98873199299993],[138.50929200000007,-34.98868799999997],[138.5092800000001,-34.98855200599996],[138.50926799900003,-34.988425003999964],[138.5097209920001,-34.986953994999965],[138.50985500800005,-34.98661200399994],[138.5099849920001,-34.98620000999995],[138.51005100800012,-34.98610900799997],[138.51012700800004,-34.98586900699996],[138.51031100800003,-34.98541899399993],[138.5102940160001,-34.98528999399997],[138.5103239990001,-34.984732995999934],[138.5104670080001,-34.98370400799996],[138.51050400000008,-34.982886992999966],[138.51056700800007,-34.982274993999965],[138.510564992,-34.981910006999954],[138.51037801600012,-34.980565000999945],[138.51030000100002,-34.98043300399996],[138.51028662400006,-34.980385181999964],[138.51029500900006,-34.98030699999998],[138.51031500800002,-34.980180996999934],[138.5103120000001,-34.97999399899993],[138.51015500800008,-34.97909800599996],[138.5100369920001,-34.97860300299993],[138.50986099200009,-34.977951006999945],[138.5096648000001,-34.97734982999998],[138.5102830080001,-34.97721100699994],[138.5102832240001,-34.977210946999946],[138.51212800000008,-34.97669999999994],[138.51266740200003,-34.97667341299996],[138.5134886080001,-34.976632937999966],[138.515610368,-34.97652713599996],[138.51775664000002,-34.97642133399995],[138.51984502400012,-34.97631734599997],[138.52192672,-34.97621335799994],[138.5248611190001,-34.97606924299998],[138.5268003530001,-34.97597073099996],[138.5279870070001,-34.97591234399994],[138.53051177600003,-34.975786469999946],[138.53333043200007,-34.97564599899994],[138.53569932800008,-34.97552924599995],[138.53691708700012,-34.97546771499998],[138.5373865140001,-34.97522574699997],[138.53771001600012,-34.97505899499998],[138.53777100800005,-34.97605100199996],[138.53780550400006,-34.97655175999995],[138.53847344000008,-34.98524588999993],[138.53848678400004,-34.98596640899996],[138.53878515200006,-34.98947587799995]]]},"properties":{"School_Name":"Glenelg Primary School","ENTITY_CODE":1017,"zoneType":"primary"}},{"type":"Feature","geometry":{"type":"Polygon","coordinates":[[[138.490352991,-35.14614899199995],[138.49014499200007,-35.14768900599995],[138.48998800000004,-35.14873299899995],[138.48995001600008,-35.14906200199994],[138.48989200000005,-35.14937400499997],[138.4898720000001,-35.14935400699994],[138.4897470080001,-35.15044900299995],[138.48957699200002,-35.15302000299994],[138.4887520000001,-35.152667004999955],[138.48802201700005,-35.15253500799997],[138.48671900800002,-35.15241000299994],[138.485239008,-35.152332006999984],[138.4850190080001,-35.15225399199994],[138.48309001600012,-35.15073099899996],[138.48234800000012,-35.15014399399996],[138.48149699300006,-35.14941799799993],[138.48121500800005,-35.14919799599994],[138.48048300800008,-35.148625994999975],[138.47988400000008,-35.14822099199995],[138.4794020160001,-35.14798300799998],[138.4789800000001,-35.14782100399998],[138.47873900800005,-35.14775999099993],[138.47819600100001,-35.14759400999998],[138.47708000000011,-35.147352990999934],[138.47610499200005,-35.147148991999984],[138.47597699300002,-35.147362999999984],[138.47521299200002,-35.148021007999944],[138.4748729920001,-35.14826500399994],[138.47346300800007,-35.14885900199994],[138.47309001500003,-35.14906200199994],[138.47299801600002,-35.14919799599994],[138.4727160000001,-35.14968299199995],[138.47259600000007,-35.14998500499996],[138.47246799900006,-35.15042900399993],[138.47240099200008,-35.15087699999998],[138.47240899300004,-35.15116199299996],[138.4725400000001,-35.15155400699996],[138.4727969920001,-35.15193399799995],[138.47251100800008,-35.152029994999964],[138.47209100800012,-35.15228100199994],[138.4718089920001,-35.15256299899994],[138.4716030080001,-35.15288199299994],[138.47142000000008,-35.15333899899997],[138.47135900800004,-35.15371499299994],[138.47142000000008,-35.15426599699998],[138.47154201600006,-35.155017003999944],[138.47174899200002,-35.15565499499996],[138.4718929920001,-35.15594300299995],[138.47242800000004,-35.15640000899998],[138.47319801600008,-35.15701999899994],[138.473542016,-35.15744599899995],[138.4735760000001,-35.157573999999954],[138.47356700800003,-35.15777500299998],[138.47343001600007,-35.15808299099996],[138.47312300800002,-35.15862600299994],[138.4726169920001,-35.15907699599995],[138.47212700800003,-35.15954800499998],[138.47164201600003,-35.160042991999944],[138.4713720000001,-35.16044299899994],[138.47118601600005,-35.16077599999994],[138.47097001600002,-35.16113199399996],[138.47079600000006,-35.161474003999956],[138.470750016,-35.16174199499994],[138.47075401600011,-35.161840007999956],[138.470746017,-35.16201699699997],[138.47073801600004,-35.162308002999964],[138.47085801600008,-35.162973002999934],[138.4709900160001,-35.16333099599996],[138.470963008,-35.164064002999964],[138.47094400000003,-35.164448007999965],[138.47087001600005,-35.16461500799994],[138.47086300800004,-35.164619003999974],[138.47069401600004,-35.164714000999936],[138.47045801600007,-35.16473699699998],[138.47001801600004,-35.16472500899994],[138.46991900800003,-35.164708006999945],[138.46994099200003,-35.16437700499995],[138.4698209920001,-35.16433900599998],[138.4694910080001,-35.164025006999964],[138.46945900800006,-35.16397999499998],[138.46941200000003,-35.16374399099993],[138.4694870080001,-35.163097008999955],[138.46946601600007,-35.16270900899997],[138.46955100800005,-35.16207099899998],[138.46951801700004,-35.16066399899995],[138.46936300900006,-35.15964200499997],[138.4693140160001,-35.15875700099997],[138.4692670070001,-35.15848599499998],[138.4691310080001,-35.15802499299997],[138.46912800000007,-35.15801400399994],[138.46909699100001,-35.15795099299993],[138.46884601600004,-35.157567007999944],[138.46869200000003,-35.15721199199993],[138.46866601600004,-35.15699500599993],[138.46851801600008,-35.156108004999965],[138.46853801600002,-35.15581999699998],[138.46857401600005,-35.155711993999944],[138.46872099200004,-35.15522899699994],[138.46893299200008,-35.15473700699994],[138.46900400000004,-35.154251991999956],[138.46896800000002,-35.15398999599995],[138.4689620160001,-35.15382699199995],[138.46876499100006,-35.152010994999955],[138.4687300160001,-35.151758006999955],[138.46861801600005,-35.15109800199997],[138.46842800000002,-35.15049900799994],[138.46835699200005,-35.15031700499998],[138.46811801600006,-35.149889007999946],[138.467811008,-35.14952200499994],[138.467608992,-35.149327995999954],[138.46760499200002,-35.14932499799994],[138.4674590080001,-35.149208004999934],[138.46721001600008,-35.14908499799998],[138.46714601600002,-35.14902999699996],[138.46698000000004,-35.14872900199998],[138.46691299200006,-35.14854000599996],[138.46668601600004,-35.148236994999934],[138.46652499100003,-35.147755994999955],[138.46646800000008,-35.147484007999935],[138.46648499200012,-35.14728600299998],[138.46654201600006,-35.14701599499995],[138.466562016,-35.14691899999997],[138.46667900700004,-35.14667799999995],[138.4666620160001,-35.14651499699994],[138.46655801600002,-35.14632400199997],[138.4665150080001,-35.14557499199998],[138.4665110080001,-35.14536699799993],[138.46653500800005,-35.145305003999965],[138.46665001600002,-35.14512699699998],[138.46668601600004,-35.14501899399994],[138.46666800000003,-35.14491099099996],[138.46654601600005,-35.14458400399997],[138.46650899200006,-35.14435800799998],[138.46648000000005,-35.14423999599995],[138.46648400000004,-35.14410500099996],[138.46656400000006,-35.14400700599998],[138.46676201600008,-35.143993002999935],[138.46683900800008,-35.14397699999995],[138.46689401600008,-35.14396900799994],[138.46700601600003,-35.14390799499995],[138.46705200000008,-35.14383699199993],[138.4672350080001,-35.14348800799996],[138.46726201600006,-35.143436004999955],[138.4672980160001,-35.143355991999954],[138.46734800000002,-35.14314899599998],[138.46744,-35.14301599899994],[138.46749699200006,-35.14295400599997],[138.467832992,-35.14270899199994],[138.46802300700006,-35.14261399399993],[138.46805299200003,-35.14258700199997],[138.46828300800007,-35.142375991999984],[138.4684950080001,-35.14225400199996],[138.4686420160001,-35.142104004999965],[138.4687820160001,-35.14185399599995],[138.46885001600003,-35.14177500099993],[138.4689289920001,-35.141713006999964],[138.4689620160001,-35.14170499699998],[138.46917299200004,-35.141619007999964],[138.46929699200007,-35.141531003999944],[138.4693769920001,-35.14140699899997],[138.46940099200003,-35.14132600599993],[138.4694870080001,-35.14103999599996],[138.46955600100011,-35.140942000999985],[138.46965001600006,-35.14073700199998],[138.46975001600003,-35.140369000999954],[138.46975801600001,-35.140104006999934],[138.47039500800008,-35.14007599699994],[138.4705340150001,-35.13966999699994],[138.47046601700004,-35.13948799399998],[138.47172700800002,-35.13944000399994],[138.4719630080001,-35.139421004999974],[138.47259200000008,-35.139371998999934],[138.4729550080001,-35.13935599599995],[138.47419500800004,-35.139302993999934],[138.47508800000003,-35.13927200599994],[138.47570000000007,-35.13923300799996],[138.47685001600007,-35.13917099599996],[138.47706800100002,-35.13916000699993],[138.47827900800007,-35.13909799499993],[138.47953299200003,-35.13903300499993],[138.4803940160001,-35.13899300799994],[138.48039299200002,-35.138986993999936],[138.48083699200004,-35.13896799499997],[138.48285600100007,-35.138866005999944],[138.48351801600006,-35.138833000999966],[138.4836639990001,-35.138827006999975],[138.486156993,-35.13870799599994],[138.4862209910001,-35.138706997999975],[138.49072601600005,-35.13841900799997],[138.49336400000004,-35.13829400299994],[138.4919040000001,-35.14146999099995],[138.49107401600008,-35.14368799299996],[138.49063500800003,-35.14491099099996],[138.490352991,-35.14614899199995]]]},"properties":{"School_Name":"Port Noarlunga Primary School","ENTITY_CODE":362,"zoneType":"primary"}},{"type":"Feature","geometry":{"type":"Polygon","coordinates":[[[138.7051655990001,-34.65396526199993],[138.7019271680001,-34.65937799099993],[138.69749888,-34.66674587499995],[138.69156230400006,-34.67662419099997],[138.6915243840001,-34.67668726299996],[138.6912734120001,-34.67710469499997],[138.69109404800008,-34.677403021999964],[138.6905566040001,-34.67812677599994],[138.68975293100004,-34.67920904799996],[138.68966016000002,-34.67933397899998],[138.68955337800003,-34.67945889999993],[138.68949600000008,-34.67952602699995],[138.68936783900006,-34.67967200999993],[138.68924003200004,-34.67981799399996],[138.6891089930001,-34.67996199899994],[138.6889768960001,-34.680105983999965],[138.688844033,-34.68024900699993],[138.68870905500012,-34.680390031999934],[138.688571872,-34.680530964999946],[138.6884340160001,-34.68067001099996],[138.68829504000007,-34.68080898399995],[138.6881539210001,-34.68094695599996],[138.68801209600008,-34.681083023999975],[138.6878680960001,-34.68121901799998],[138.68772192000006,-34.68135303099996],[138.6876000630001,-34.68146589999998],[138.68757612900004,-34.68148704499998],[138.68742816000008,-34.68161898799997],[138.68727913700002,-34.68175100399998],[138.68712684800005,-34.681880966999984],[138.68677180300006,-34.682155232999946],[138.68618185600008,-34.68261095799994],[138.68601396000008,-34.68273558299995],[138.6828460810001,-34.685087033999935],[138.68270147200008,-34.68520552699994],[138.68249523300005,-34.68511628299996],[138.68246083300005,-34.68510138999994],[138.68222841600004,-34.68500075099996],[138.68188332800003,-34.68485136299995],[138.68100227200011,-34.68446989299997],[138.68086150400006,-34.68440897299996],[138.68027609600006,-34.68415559599998],[138.68003136000004,-34.684049683999945],[138.6790744000001,-34.68363435899994],[138.67895267300003,-34.68358259599995],[138.6790522560001,-34.68342606799996],[138.67894742400006,-34.68338120499993],[138.6789411840001,-34.68339617099997],[138.67480172900002,-34.68159279099996],[138.6734534080001,-34.68101135499995],[138.673369857,-34.680974780999975],[138.67339715200012,-34.68077324099994],[138.6731453440001,-34.68089382499994],[138.6709223040001,-34.67991700599998],[138.66787142400005,-34.67859780799995],[138.6677689920001,-34.678760256999965],[138.6677209280001,-34.67883999099996],[138.6676259840001,-34.67879694199996],[138.65632272000005,-34.67398166999993],[138.6563605120001,-34.67392191499994],[138.65812668800004,-34.67112785899997],[138.66003504000003,-34.668108547999964],[138.66096563200006,-34.66663082399998],[138.66117696000003,-34.666302411999936],[138.6612434210001,-34.66613582499997],[138.66129936000004,-34.665995607999946],[138.6613666390001,-34.66580282799998],[138.66137929600006,-34.66576655999995],[138.66159347200005,-34.665150952999966],[138.6616518080001,-34.664980328999945],[138.66171875100008,-34.664845499999956],[138.66195347200005,-34.66445733299997],[138.662145376,-34.664540304999946],[138.66223012400008,-34.66457726999994],[138.66228899200007,-34.664602946999935],[138.6635259520001,-34.66252467499993],[138.6635479360001,-34.66248785999994],[138.66387241600012,-34.66194503299994],[138.66477014500003,-34.66044318499996],[138.66552139200007,-34.659183396999936],[138.66572268900006,-34.658845837999934],[138.665901264,-34.65853787399993],[138.6675698560001,-34.65566028699993],[138.668193749,-34.65458104999993],[138.66823945600004,-34.65450198299993],[138.66933276800012,-34.65255707799997],[138.66938028700008,-34.65247221899995],[138.68094610700007,-34.65707022799995],[138.68891388800012,-34.642109166999944],[138.68902238500004,-34.64219654799996],[138.69037945600007,-34.64328950299995],[138.69386928000006,-34.64610011599996],[138.69404531200007,-34.64624195499994],[138.6964627200001,-34.64819838599993],[138.69790092900007,-34.649366586999975],[138.69967248000012,-34.65080559099994],[138.70272598400004,-34.65255744899997],[138.70481328000005,-34.65376055899998],[138.7051655990001,-34.65396526199993]]]},"properties":{"School_Name":"Mark Oliphant College (B-12)","ENTITY_CODE":1900,"zoneType":"primary"}},{"type":"Feature","geometry":{"type":"Polygon","coordinates":[[[138.638651008,-34.91852599099997],[138.63924967900005,-34.92707618099996],[138.63925001600012,-34.927081001999966],[138.6392473510001,-34.927081148999946],[138.63803999900006,-34.92714800899995],[138.6370760000001,-34.92720199199994],[138.637075556,-34.927196176999985],[138.63684601600005,-34.92419200499995],[138.63683739600003,-34.924192440999946],[138.62845055800005,-34.924615555999935],[138.62749587000008,-34.924663719999955],[138.623427009,-34.92486899399995],[138.62147195800003,-34.92664025299996],[138.62143801500008,-34.926671004999946],[138.6209260160001,-34.926305000999946],[138.62041699200006,-34.92594299299998],[138.619908,-34.925579004999975],[138.6196000000001,-34.92536000299998],[138.6191340160001,-34.92505099699997],[138.61889200000007,-34.92485500799995],[138.61659001600003,-34.923212003999936],[138.61571801600007,-34.92258999799998],[138.61557699200011,-34.92194399599998],[138.61544700900004,-34.92136400299995],[138.61531801600006,-34.920781992999935],[138.61520800000005,-34.92018299899996],[138.61509001600007,-34.919594995999944],[138.61590300800003,-34.91917398999993],[138.61760700800005,-34.91829000499996],[138.6180940160001,-34.918041993999964],[138.61895100800007,-34.917605005999974],[138.62048300800006,-34.91682299299998],[138.62111500800006,-34.91650099999998],[138.62135282300005,-34.91637922099994],[138.62183525500006,-34.91613217899993],[138.6226460160001,-34.915717007999945],[138.62265360600009,-34.915716619999955],[138.62265363900008,-34.915716617999976],[138.62431100800006,-34.91563199999996],[138.62434499200003,-34.91563000199994],[138.62711801600005,-34.91548899399993],[138.6275394390001,-34.91546078599998],[138.62782000000004,-34.91544200499993],[138.6286630080001,-34.915388002999975],[138.6301760010001,-34.915313003999984],[138.63070000000005,-34.915288991999944],[138.63123212200003,-34.915268252999965],[138.63157200000012,-34.915255006999985],[138.63164700800007,-34.91525400799998],[138.63254400000005,-34.91520300199994],[138.63270899300005,-34.91519299399994],[138.63289299200005,-34.91518200499996],[138.6330517140001,-34.91517179199997],[138.63343699200004,-34.91514700399995],[138.63396099300007,-34.915117994999946],[138.6343870080001,-34.915097996999975],[138.63438795800005,-34.915097953999975],[138.63494700800004,-34.915073003999964],[138.63500201600004,-34.91507000599995],[138.63590601600004,-34.91502099999997],[138.6361390090001,-34.915016004999984],[138.637320992,-34.91495700899998],[138.63736042800008,-34.91495489799996],[138.63745200000005,-34.91494999799994],[138.6379883090001,-34.91492266999995],[138.63866565700005,-34.91488815699995],[138.6392180570001,-34.914860009999984],[138.6394340160001,-34.91484900499995],[138.639750681,-34.91483496699993],[138.64008584600003,-34.91482010999994],[138.64051699200002,-34.91480099699993],[138.64056400000004,-34.91537399899994],[138.6405739590001,-34.91549335899998],[138.64068899300003,-34.916871998999966],[138.64076601600004,-34.91785899299998],[138.64080499200008,-34.91840500199993],[138.638651008,-34.91852599099997]]]},"properties":{"School_Name":"Norwood Primary School","ENTITY_CODE":131,"zoneType":"primary"}},{"type":"Feature","geometry":{"type":"Polygon","coordinates":[[[138.6313889920001,-34.88375500099994],[138.63255100800006,-34.884787004999964],[138.6336670070001,-34.88578700399995],[138.63356768100005,-34.885893289999956],[138.6335670090001,-34.88589400799998],[138.6335672990001,-34.885894263999944],[138.6340700170001,-34.88633800799994],[138.63424400000008,-34.886497996999935],[138.63456800000006,-34.88679199799998],[138.6349051640001,-34.88709876599995],[138.63518899300004,-34.887357005999945],[138.63520745800008,-34.88735127899997],[138.63537600000006,-34.887299008999946],[138.63519001600002,-34.887355008999975],[138.63560201600012,-34.887222992999966],[138.63579200000004,-34.887155004999954],[138.63619200000005,-34.88704400499995],[138.63642400000003,-34.88702099099993],[138.6366100150001,-34.887033996999946],[138.6368849920001,-34.88713099199998],[138.63707001600005,-34.88724800499995],[138.6372300170001,-34.88734799699995],[138.63739699200005,-34.887476997999954],[138.63754700800007,-34.887627993999956],[138.63766525300002,-34.887772025999936],[138.63779001600005,-34.88792399499994],[138.63798099200005,-34.88812599599993],[138.63809100900005,-34.888203991999944],[138.63821001600002,-34.88824900299994],[138.63830183900006,-34.88825311699998],[138.63845632800007,-34.88826003799994],[138.638478017,-34.88826100899996],[138.6387470080001,-34.88823499799997],[138.63901801600002,-34.88815300599998],[138.63930400000004,-34.88806100599993],[138.63949500800004,-34.888030998999966],[138.63949852700011,-34.888049344999956],[138.63969854800007,-34.88909215099994],[138.64010206400008,-34.891195882999966],[138.6401088140001,-34.89123106899996],[138.64010899200002,-34.89123199799997],[138.64011064300007,-34.89123449799996],[138.64173147500003,-34.893689165999945],[138.64208472200005,-34.894224141999985],[138.6425792440001,-34.894973069999935],[138.64258073300005,-34.894975314999954],[138.64258154100003,-34.894976535999945],[138.64259900800005,-34.895003000999964],[138.64259449200006,-34.89500493299994],[138.64159076400006,-34.89543432099998],[138.6410838700001,-34.89565116699998],[138.64090048600008,-34.89572961699997],[138.64039583200008,-34.89594550499993],[138.64011946100004,-34.89606373399994],[138.63978130200007,-34.89620839599996],[138.63958881100007,-34.89629074299995],[138.63911058500003,-34.89649532499993],[138.63910899200005,-34.89649600699994],[138.63910092600008,-34.89650429399995],[138.63800325800003,-34.89763211199994],[138.6378452660001,-34.89779444299995],[138.6376889920001,-34.89795500899993],[138.63007990900007,-34.895366414999955],[138.62598400000002,-34.893972994999956],[138.6257622070001,-34.89389410899997],[138.62495907900006,-34.89360845799996],[138.62495849800007,-34.89360825099993],[138.62491001600006,-34.89359100699994],[138.6251439120001,-34.893615196999974],[138.62514834,-34.89361565499996],[138.6252741190001,-34.89362866299996],[138.62527925100005,-34.89362919399997],[138.62540300800003,-34.89364199299996],[138.62593500800006,-34.89378899299993],[138.62579900800006,-34.89354000199995],[138.62575100700008,-34.893449001999954],[138.62564400000008,-34.89325800699993],[138.62562400000002,-34.893222005999974],[138.62571918000003,-34.89319090099997],[138.62572499200007,-34.89318900199993],[138.62532201600004,-34.89245999099995],[138.6253009930001,-34.892419993999965],[138.62465299200005,-34.891258008999955],[138.62423900800002,-34.89050999899996],[138.62422700800005,-34.89048999999994],[138.6239680000001,-34.890020007999965],[138.62347100800002,-34.88913500499996],[138.6229950080001,-34.88827499499996],[138.62249699100005,-34.88738100099994],[138.62238000000002,-34.88717600199993],[138.62176899200006,-34.88607399499995],[138.62115600000004,-34.884965991999934],[138.6210840000001,-34.88483599199998],[138.62053299100012,-34.88386000699995],[138.62052732100005,-34.88386438799995],[138.62012400000003,-34.88417600499997],[138.61998700800007,-34.88427899499993],[138.61997401600001,-34.88429000199994],[138.61997401600001,-34.88426727799998],[138.61997401600001,-34.88426462599995],[138.61997401600001,-34.884148994999975],[138.61997401600001,-34.88407751799997],[138.61997401600001,-34.88407699299995],[138.61980899200012,-34.88146000199998],[138.6197249920001,-34.88013199699998],[138.6196550080001,-34.87907499999994],[138.62065900800008,-34.879016003999936],[138.62165100900006,-34.878965998999945],[138.62173699200002,-34.87896200199998],[138.62226601600003,-34.878574999999955],[138.62264000000005,-34.878556999999944],[138.62368000000004,-34.87850899299997],[138.62476700800005,-34.87845900599996],[138.62474201600003,-34.878100993999965],[138.62594300800004,-34.878042996999966],[138.6261830080001,-34.87820599999998],[138.62700631100006,-34.87893597999994],[138.6270209920001,-34.87894899699995],[138.6266682690001,-34.87919535899994],[138.6264440000001,-34.87935200099997],[138.6272560000001,-34.88008099299998],[138.6277369920001,-34.880505993999975],[138.62784976700004,-34.88060547499998],[138.62805100700007,-34.88078299499995],[138.6291780150001,-34.88178099499993],[138.62993299200002,-34.88245200899996],[138.6306729920001,-34.88311199599997],[138.6313889920001,-34.88375500099994]]]},"properties":{"School_Name":"Vale Park Primary School","ENTITY_CODE":967,"zoneType":"primary"}},{"type":"Feature","geometry":{"type":"Polygon","coordinates":[[[138.6597157120001,-34.88439239999997],[138.65688611100006,-34.88881517599998],[138.65692752000007,-34.88874533899997],[138.65653692800004,-34.88940297599993],[138.6564933730001,-34.88942053599993],[138.6453351680001,-34.89391899299994],[138.64259916700007,-34.89500303799997],[138.64258154100003,-34.894976535999945],[138.64258073300005,-34.894975314999954],[138.6425792440001,-34.894973069999935],[138.64064112000005,-34.89205787499998],[138.64011064300007,-34.89123449799996],[138.64010905600003,-34.89123203499997],[138.6401088140001,-34.89123106899996],[138.6399423680001,-34.890566940999975],[138.63984515200002,-34.89001199699993],[138.63948697600006,-34.88805998799995],[138.63949852700011,-34.888049344999956],[138.6395043650001,-34.88804396699993],[138.6395864860001,-34.88796830599995],[138.63978280700007,-34.88778742799997],[138.6397840950001,-34.88778624099996],[138.63985884800002,-34.88771736899997],[138.63988585000004,-34.88764411799997],[138.63988674100005,-34.88764170099995],[138.64003379200005,-34.88724278799998],[138.64031280000006,-34.88689772499998],[138.64061395200008,-34.88662205099996],[138.64062456600004,-34.88661233399995],[138.64091456300002,-34.88634687199993],[138.64091517600002,-34.886346309999965],[138.64109904000009,-34.88617800099996],[138.6413216410001,-34.88604828899997],[138.64132383300011,-34.88604701199995],[138.64179135400002,-34.88577458399993],[138.64179836800008,-34.88577049699995],[138.6418780790001,-34.885724048999975],[138.64239648000012,-34.88575401799994],[138.64239822000002,-34.88575419399996],[138.64299447000008,-34.88581419399998],[138.64299836700002,-34.88581458599998],[138.6431369920001,-34.88582853599996],[138.64359814400007,-34.885604426999976],[138.64369289100011,-34.88548519899996],[138.64369490800004,-34.88548266099997],[138.64391712000008,-34.88520303299998],[138.64402173400003,-34.885117753999964],[138.64403087100004,-34.885110303999966],[138.64419390700004,-34.88497740099996],[138.6441940530001,-34.884977280999976],[138.64429404800012,-34.88489576699993],[138.64547878400003,-34.88465942899995],[138.6466103780001,-34.884609646999934],[138.64664700800006,-34.884608035999975],[138.64714981200007,-34.88440704699997],[138.64740012800007,-34.88430698499997],[138.64759199900004,-34.88409395799994],[138.64759517700008,-34.88408736799994],[138.64775977600004,-34.88374593599997],[138.6478375360001,-34.88322401399995],[138.64798080000003,-34.883138876999965],[138.64783571200007,-34.88304402799997],[138.64782959900003,-34.88303988399997],[138.64783248000003,-34.882944848999955],[138.64783283100007,-34.88291423099997],[138.64783571200007,-34.88279697899998],[138.64785408000012,-34.88265989299998],[138.6478597050001,-34.88257457699996],[138.64785984000002,-34.88257251799996],[138.64792176000003,-34.88228937499997],[138.6479390400001,-34.882216281999945],[138.64796207900008,-34.88215419599993],[138.64798908800003,-34.88208750399997],[138.64801212800012,-34.881985715999974],[138.64804984800003,-34.881902587999946],[138.6480560320001,-34.88188896199995],[138.6481068160001,-34.88180769099995],[138.64812012800007,-34.881765307999956],[138.6481327040001,-34.88169330599993],[138.64816368000004,-34.88158295399995],[138.6481726720001,-34.88142734999997],[138.64813164800012,-34.88127200599996],[138.64812135300008,-34.88115347099995],[138.648119392,-34.88113088699998],[138.6481287680001,-34.880961241999955],[138.64814113800003,-34.880898188999936],[138.64814208000007,-34.88089338299994],[138.6481433670001,-34.88087361999993],[138.64814854400004,-34.88079420599996],[138.64813379100008,-34.88067647199995],[138.64809491200003,-34.88051844499995],[138.6480600000001,-34.880393513999934],[138.64806646400007,-34.88038685399994],[138.648080864,-34.880345191999936],[138.64812588900008,-34.880281200999946],[138.64817484900004,-34.880239537999955],[138.64833612900009,-34.88010137999993],[138.64836935800008,-34.880073471999935],[138.64838220800004,-34.880062678999934],[138.6484282880001,-34.880024161999984],[138.64844844900006,-34.88000643899994],[138.6484873280001,-34.87996475799997],[138.6485326730001,-34.87991319799994],[138.64857372900008,-34.879850816999976],[138.64861872000006,-34.87976118399996],[138.64863526400006,-34.87972716199994],[138.6486545450001,-34.87968693799996],[138.64865545600003,-34.879685037999934],[138.64867740900002,-34.87962563499997],[138.64869001600005,-34.879588911999974],[138.64869936000002,-34.87953465199996],[138.64870403200007,-34.879481906999956],[138.64871305500003,-34.879432142999974],[138.64873104100002,-34.87938012099994],[138.64877027300008,-34.879308487999936],[138.64879907300008,-34.87927607699993],[138.6488293120001,-34.87924566299995],[138.6488653120001,-34.87922270399997],[138.6489117440001,-34.87919706399998],[138.64891257200009,-34.87919650499998],[138.64897116800012,-34.87915701199995],[138.64902659200004,-34.879113091999955],[138.6490481620001,-34.87907738999996],[138.64907052800004,-34.87904036799995],[138.6490780800001,-34.87898906799995],[138.64905721600007,-34.878943076999974],[138.6490204800001,-34.878871610999965],[138.6489913270001,-34.878801144999954],[138.64897440000004,-34.87873526599998],[138.64896323200003,-34.87867802799997],[138.6489625270001,-34.87865120299995],[138.64896937600008,-34.878603786999975],[138.64896611300003,-34.87853726099996],[138.64896420700006,-34.878526146999945],[138.6489517120001,-34.87845321599997],[138.64893011200002,-34.87835250099994],[138.6488966400001,-34.87828743699998],[138.64886064000007,-34.87823469299997],[138.6488558970001,-34.87823009699997],[138.64880806400004,-34.878183743999955],[138.64876524800002,-34.87812804099997],[138.6487476320001,-34.87810050199994],[138.64871734400003,-34.87805315299994],[138.6486576000001,-34.87796037499993],[138.6485945920001,-34.87785281699996],[138.64853196800004,-34.87775994699996],[138.6485038720001,-34.877731326999935],[138.64846966400012,-34.87769595399993],[138.64840812800003,-34.87764546799997],[138.64834656100004,-34.87759784899998],[138.6483415360001,-34.87759398299994],[138.64825548800002,-34.877538982999965],[138.64819500800002,-34.87750560899997],[138.6481787250001,-34.877494970999976],[138.64813740800003,-34.87746797899996],[138.64807836900002,-34.87742666899993],[138.64802076900003,-34.87739579299995],[138.6480009600001,-34.87738310199995],[138.64797971200005,-34.87736349199997],[138.64794444900008,-34.87733379799994],[138.6479307520001,-34.87730175699994],[138.64792123900008,-34.87725983699994],[138.64791347200003,-34.87722561099997],[138.64790771200012,-34.87715756899996],[138.64788361600006,-34.87708367899995],[138.64784220800004,-34.87699961499993],[138.64780080000003,-34.87696352199998],[138.6477302400001,-34.87691259099995],[138.64765571200007,-34.87685705299998],[138.64761215600004,-34.87683328299994],[138.647594528,-34.876823661999936],[138.64752179200002,-34.87679100899993],[138.64745305700012,-34.87671954399997],[138.64739401600002,-34.876657715999954],[138.64734073700004,-34.876590560999944],[138.64729248000003,-34.87654098099995],[138.64724892800007,-34.87649112399998],[138.6471985280001,-34.87641020499996],[138.64716611200004,-34.87633433599996],[138.64715958500005,-34.87630895899997],[138.64714595200007,-34.87625595199995],[138.6471409290001,-34.87617503299998],[138.6471407250001,-34.87613923099997],[138.64714057600008,-34.876112854999974],[138.64717296000003,-34.87602743999997],[138.6472053760001,-34.875947518999965],[138.64723990400012,-34.87588785799994],[138.64728313700004,-34.875819444999934],[138.64736686800006,-34.87568527899998],[138.64736844800007,-34.875682746999985],[138.64740803200004,-34.87566942799998],[138.64739448400007,-34.87563925499995],[138.64739004800003,-34.87562937599995],[138.64740985600008,-34.87559624199997],[138.64743971200005,-34.87553208399993],[138.6474731840001,-34.875476195999966],[138.64751820900005,-34.875394203999974],[138.6475488000001,-34.87533137699995],[138.64758694300008,-34.875274229999945],[138.6476243840001,-34.87521186699996],[138.6476355520001,-34.875198084999965],[138.64766758400003,-34.87516839199998],[138.64769353500003,-34.87513932899998],[138.64772268800004,-34.87509972099997],[138.64776841600008,-34.87504094499997],[138.64780691300007,-34.87500017199994],[138.6478457920001,-34.87495634499993],[138.6478857610001,-34.87490180799995],[138.64792140800012,-34.87485276399997],[138.6479512950001,-34.87479957599993],[138.64798620800002,-34.874743502999934],[138.64802796800006,-34.874682932999974],[138.64806828700011,-34.87464288099994],[138.6481244470001,-34.874597611999945],[138.64817014400012,-34.87456161099993],[138.64819559400007,-34.87454253599998],[138.6482097600001,-34.874531917999946],[138.6482425270001,-34.87449068199993],[138.64827670400007,-34.87444676299998],[138.6483087680001,-34.874429945999964],[138.6484394250001,-34.87437450199997],[138.6486687680001,-34.87425290099998],[138.64880390100006,-34.874194501999966],[138.64893011200002,-34.87413995899993],[138.64918825600012,-34.87404311199998],[138.64943520000008,-34.87395536599996],[138.64957920000006,-34.87394276699996],[138.64958022100006,-34.873942589999956],[138.64970304000008,-34.873921251999946],[138.6498697280001,-34.87388049699996],[138.64996620800002,-34.87383846499995],[138.65004554300003,-34.873782164999966],[138.65004611200004,-34.873781760999975],[138.65011164800012,-34.87376259599995],[138.65019353900004,-34.873746782999945],[138.6503517440001,-34.87371623599995],[138.65058611200004,-34.87365836799995],[138.65065370800005,-34.87363692499997],[138.65082697600008,-34.873581961999946],[138.65110163200006,-34.873501671999975],[138.65137561500012,-34.873444432999975],[138.65160960000003,-34.87340970899993],[138.6517697920001,-34.873398995999935],[138.651897533,-34.87338505099996],[138.6519429760001,-34.873380089999955],[138.65225004800004,-34.87336847199998],[138.65251500800002,-34.87336001799997],[138.65283865600009,-34.873329232999936],[138.65308163200007,-34.87328307599995],[138.65330915200002,-34.873199917999955],[138.653501408,-34.873129174999974],[138.6536644800001,-34.873025851999955],[138.65383980900003,-34.87297832499996],[138.65393161600002,-34.87290371399996],[138.65396905600005,-34.872825330999945],[138.6540342080001,-34.872757657999955],[138.65412851200006,-34.872694646999946],[138.6542433610001,-34.872611210999935],[138.65432076800005,-34.87255487899995],[138.65438809600005,-34.872511144999976],[138.65451190400006,-34.872447412999975],[138.6547005440001,-34.87232610799998],[138.65485680000006,-34.87215788699996],[138.65502528000002,-34.87196213899995],[138.65503750400012,-34.87194872699996],[138.65515247300004,-34.87182231199995],[138.65515561600012,-34.87181885599995],[138.65522076800005,-34.87174352499994],[138.6553215680001,-34.87172850199994],[138.65534387200012,-34.87172517199997],[138.6553834880001,-34.87171958599998],[138.65538776900007,-34.87172142199995],[138.65540470500002,-34.87172868799996],[138.65553827100007,-34.87178268899993],[138.66546995200008,-34.87605300599995],[138.66454080000005,-34.87674050399994],[138.6597157120001,-34.88439239999997]]]},"properties":{"School_Name":"East Marden Primary School","ENTITY_CODE":1043,"zoneType":"primary"}},{"type":"Feature","geometry":{"type":"Polygon","coordinates":[[[138.70737107200011,-34.88699033699993],[138.70790099200008,-34.894075133999934],[138.7124739840001,-34.89395299699993],[138.7127350720001,-34.89423830399994],[138.70744704000003,-34.89816788899998],[138.7055930240001,-34.90104900399996],[138.7017856640001,-34.902853197999946],[138.69730800000002,-34.90516399599994],[138.69534939800008,-34.90491045999994],[138.6953456320001,-34.904909972999974],[138.69483897600003,-34.90493400499997],[138.69393497500005,-34.90497400099997],[138.69344985600003,-34.90518817599997],[138.6927568650001,-34.90570839999998],[138.69128003100002,-34.90603667299996],[138.69126502500012,-34.906040007999934],[138.6882900160001,-34.90429999099996],[138.68802385900005,-34.90402661199994],[138.6879960000001,-34.90399799599993],[138.68796188600004,-34.90398553199998],[138.68733574400005,-34.90375675699994],[138.68440633600005,-34.90388603499997],[138.6844059240001,-34.90388044799994],[138.68428716800008,-34.90226558299997],[138.68427721600005,-34.90226608499995],[138.68287993600006,-34.90233651099993],[138.681517503,-34.902404702999945],[138.68024851200005,-34.90246971199997],[138.67907859100012,-34.902528744999984],[138.67880329500008,-34.90254630199996],[138.67791958400005,-34.902590756999984],[138.6752986250001,-34.90273080299994],[138.67529823600012,-34.902725535999934],[138.6752268470001,-34.90175729499998],[138.6751514550001,-34.90073936999994],[138.67512700800012,-34.90044799499998],[138.67509564800002,-34.90008641199995],[138.6750335040001,-34.899241536999966],[138.6750085120001,-34.89884010399993],[138.67497107300005,-34.89833483299998],[138.6749028810001,-34.89744762799995],[138.6748450880001,-34.89662898499995],[138.67478147200006,-34.89577778199998],[138.67471920000003,-34.89495593699996],[138.67470684800003,-34.89479306299995],[138.67467939200003,-34.89439703299996],[138.6746006400001,-34.89326252099994],[138.67456825600004,-34.89290406499998],[138.6745289910001,-34.892367657999955],[138.6744865930001,-34.89183402499998],[138.6744522880001,-34.89140238199997],[138.67441667100002,-34.89095447999995],[138.67438537600003,-34.89050753799995],[138.67437488000007,-34.89021521899997],[138.6743614400001,-34.890007038999954],[138.6743422720001,-34.889710150999974],[138.6743092170001,-34.889199735999966],[138.6742846080001,-34.888817969999934],[138.6742362880001,-34.88860457299995],[138.6811601920001,-34.88826302599995],[138.68395001600004,-34.88811700499997],[138.68635644800008,-34.88799050199998],[138.6872344960001,-34.88794434399995],[138.6884889920001,-34.88787800299997],[138.6888285760001,-34.88767811099996],[138.6892695680001,-34.887418019999984],[138.6896228170001,-34.88720983899998],[138.69040681600006,-34.886747782999976],[138.69122944000003,-34.88654574399993],[138.6919489920001,-34.886498994999954],[138.69251200000008,-34.88644499399993],[138.69389628800002,-34.886379965999936],[138.6943000000001,-34.88636100399998],[138.69521568000005,-34.88631001799996],[138.6970190080001,-34.88621500099998],[138.7009213120001,-34.88602724499998],[138.704129985,-34.884907994999935],[138.70518940800002,-34.88553697599997],[138.70588355200005,-34.885805225999945],[138.70697616000007,-34.886462937999966],[138.70737107200011,-34.88699033699993]]]},"properties":{"School_Name":"Stradbroke School","ENTITY_CODE":923,"zoneType":"primary"}},{"type":"Feature","geometry":{"type":"Polygon","coordinates":[[[138.50755100800006,-34.92682699699998],[138.50816400000008,-34.926835007999955],[138.508732,-34.92681900499997],[138.50988899200001,-34.926758991999975],[138.51066400000002,-34.92671899399994],[138.512207009,-34.92663800099996],[138.51223100700008,-34.92663700199995],[138.5142870080001,-34.92652999799998],[138.514562016,-34.92651599399994],[138.51574800000003,-34.92645399999998],[138.516579008,-34.92641600099995],[138.51766899200004,-34.92638399499998],[138.5218929250001,-34.926267629999984],[138.52195200000006,-34.92626600299997],[138.5219500710001,-34.92631067899998],[138.52191600000003,-34.92710000099993],[138.52180899200005,-34.92781700599994],[138.5213849920001,-34.92864299399997],[138.51990000000012,-34.92999099699995],[138.51899900800004,-34.930599997999934],[138.518548,-34.930990995999935],[138.51823001600008,-34.93125199299993],[138.51796499300008,-34.93136099599997],[138.51757699100006,-34.93164299099993],[138.5168040000001,-34.93197099599996],[138.5155580170001,-34.93218600399996],[138.51437600000008,-34.932347007999965],[138.51340700800006,-34.93256599299997],[138.5101729920001,-34.933143007999945],[138.5080200000001,-34.93339299899998],[138.50447200000008,-34.934038999999984],[138.50167299200007,-34.93457999499998],[138.50026201600008,-34.93490600299998],[138.49909001600008,-34.93515599299997],[138.49889699200003,-34.935196007999934],[138.49850300800006,-34.93527999799994],[138.49834899200005,-34.93480599099996],[138.4980830080001,-34.93398200099995],[138.4980609920001,-34.933913995999944],[138.49706400000002,-34.93130899099998],[138.496271008,-34.928829991999976],[138.49608700800002,-34.92825299599997],[138.49527299200008,-34.92569100399993],[138.49600099200006,-34.92564399599996],[138.49724700800004,-34.925584999999955],[138.49767600000007,-34.92556500099994],[138.49887200000012,-34.92550800199996],[138.49946300800002,-34.92547999399994],[138.49969500800012,-34.92546500799995],[138.49988400000007,-34.92545999599997],[138.50043600000004,-34.925434001999974],[138.5014260150001,-34.92538699399995],[138.50251100800006,-34.92533500899998],[138.50299299200003,-34.92531199499996],[138.504268001,-34.925251998999954],[138.50520300900007,-34.92520900499994],[138.50640899200005,-34.925187008999956],[138.50651200100003,-34.926002007999955],[138.5067200000001,-34.92629599199995],[138.50702300700004,-34.92661300699996],[138.50755100800006,-34.92682699699998]]]},"properties":{"School_Name":"Henley Beach Primary School","ENTITY_CODE":177,"zoneType":"primary"}},{"type":"Feature","geometry":{"type":"Polygon","coordinates":[[[138.7015944320001,-34.79553516699997],[138.70218742400004,-34.79561216399998],[138.7034713920001,-34.79558515399998],[138.70396137600005,-34.79557412799994],[138.70572973600008,-34.795540667999944],[138.7060243520001,-34.795535092999955],[138.70872630400004,-34.79548504999997],[138.70879428600006,-34.79548212999998],[138.70885990700003,-34.795479360999934],[138.7088584710001,-34.79548385099997],[138.70885632500006,-34.79548571299995],[138.70885440400002,-34.79548760799997],[138.70843450200005,-34.795902060999936],[138.70814239700007,-34.79664000599996],[138.70696276700005,-34.798538253999936],[138.70573600700004,-34.80056042099994],[138.70549769700006,-34.80095430499995],[138.7051801010001,-34.80143642699994],[138.7049414060001,-34.80179877499995],[138.7046621280001,-34.802222264999955],[138.70450748100006,-34.80243864899995],[138.70418187000007,-34.80273910799997],[138.70374794600002,-34.80313951399995],[138.7033430130001,-34.80351316599996],[138.70299274100012,-34.80383638099994],[138.70277544500004,-34.80403689299993],[138.70268180100004,-34.80410325899993],[138.70264899100005,-34.80422326099995],[138.7025940970001,-34.804338729999984],[138.7020271780001,-34.804845022999984],[138.7011932140001,-34.80557935099995],[138.70020587800002,-34.80647155299994],[138.69914290300005,-34.80661304299997],[138.69753802500009,-34.806682413999965],[138.6956353920001,-34.80675895999997],[138.69504006600005,-34.80674195199998],[138.69477583200012,-34.80671451699993],[138.69403664200001,-34.806765207999945],[138.69376832300009,-34.806846511999936],[138.69330132400012,-34.80687135699998],[138.69308544700004,-34.806821861999936],[138.69264563000002,-34.80684869799995],[138.69245785300006,-34.80691252999998],[138.6920615780001,-34.80693323599996],[138.69186422200005,-34.80689431099995],[138.6912830010001,-34.80692141099996],[138.69060875900004,-34.80694113399994],[138.6900601430001,-34.806974554999954],[138.68983823200006,-34.80705812999997],[138.6890908910001,-34.80709962099996],[138.68893399800004,-34.80704679699994],[138.68857069400008,-34.80705444299997],[138.68840073100012,-34.80710215199997],[138.68817111300007,-34.807100025999944],[138.68794156500007,-34.80708959399993],[138.68771491600012,-34.80710513399998],[138.68753273800007,-34.80716090499993],[138.6867816670001,-34.80720267799995],[138.68661149800005,-34.80716204899994],[138.68597829600003,-34.80719700399993],[138.68573880600002,-34.807302393999976],[138.68473868900003,-34.80735002799997],[138.683638287,-34.80740242299993],[138.68264071800002,-34.80745820399994],[138.6817955040001,-34.80751849599994],[138.68152726000005,-34.807547409999984],[138.68105190300003,-34.80764916099997],[138.68076627200003,-34.807747897999946],[138.6804471380001,-34.80786670699996],[138.6800954910001,-34.808019986999966],[138.67982644100005,-34.80815191299996],[138.67956705900008,-34.808303397999964],[138.6791942430001,-34.808527211999944],[138.67882281700008,-34.80881490199994],[138.67843310000012,-34.80912383899994],[138.6778119270001,-34.80967741899997],[138.67743216400004,-34.81001636899998],[138.67737108500012,-34.810159932999966],[138.67721854500007,-34.81027857899994],[138.6766741020001,-34.81011229799998],[138.67615706200002,-34.80992872599995],[138.67615226500004,-34.80992702299994],[138.6762222110001,-34.809785845999954],[138.67627488800008,-34.80967680799995],[138.67632812800002,-34.80956660299995],[138.67676009600007,-34.808673607999935],[138.67684208000003,-34.80859960799995],[138.67708908800012,-34.808377588999974],[138.67729797200002,-34.80821886499996],[138.6777341180001,-34.80788745299998],[138.67795107200004,-34.80772259699995],[138.67820105600003,-34.80751957899997],[138.67841503900001,-34.807398569999975],[138.67868502500005,-34.80724757199994],[138.67923554100003,-34.80699277599996],[138.67934403200002,-34.80694256299995],[138.6796059840001,-34.80684454999994],[138.68003299200006,-34.806716549999976],[138.68076099200005,-34.80650653699996],[138.68135296000003,-34.80640652599993],[138.681911968,-34.80621751099994],[138.68217562600012,-34.80609809899994],[138.6824419200001,-34.805977491999954],[138.68284294500006,-34.80575149599997],[138.68316694400005,-34.80553149399998],[138.6833889280001,-34.80536247799995],[138.68357598900002,-34.80520342099993],[138.68359590500006,-34.80518648699996],[138.6837928960001,-34.80499647399995],[138.68397689500011,-34.80480048499993],[138.6841498880001,-34.804593487999966],[138.6843108800001,-34.80437746399997],[138.68435784000008,-34.80430874399997],[138.6844878720001,-34.80411846399994],[138.684563872,-34.803944470999966],[138.6846954880001,-34.80369231699996],[138.68475385600004,-34.80358046499998],[138.6848038720001,-34.803465468999946],[138.6848205550001,-34.80341406699995],[138.684890848,-34.80319745999998],[138.68492182400007,-34.803079466999975],[138.6849650810001,-34.802801553999984],[138.6849688320001,-34.802777453999965],[138.68500349700003,-34.80251938999993],[138.68500684800006,-34.802494440999965],[138.68501382400007,-34.80237043599993],[138.68503984000006,-34.801817451999966],[138.68505534100007,-34.80162471199998],[138.6850638080001,-34.80151943599998],[138.68509980800002,-34.80122443499994],[138.6851488000001,-34.80093144999995],[138.68517580900004,-34.80079643799996],[138.68519246900007,-34.80073003499996],[138.6852463250001,-34.800515393999945],[138.6853727680001,-34.80001144599993],[138.68541478400005,-34.799841448999985],[138.68562678400008,-34.79926341699996],[138.68582172900005,-34.79880642899997],[138.68597372800002,-34.79853142699994],[138.68619273600007,-34.79813441699997],[138.68638180300002,-34.79784239999998],[138.68662070400012,-34.79747341199993],[138.68751728100005,-34.79641272499998],[138.6876316800001,-34.796277387999965],[138.68865276000008,-34.79541419099996],[138.6886596480001,-34.79540836799998],[138.68898560000002,-34.79516537099994],[138.68938160000005,-34.79490535299993],[138.6896358890001,-34.79476667399996],[138.6897882390001,-34.794683590999966],[138.69018659300002,-34.79446634799996],[138.6909045760001,-34.79415834099996],[138.69092371800002,-34.79415036399996],[138.69150454500004,-34.793908313999964],[138.69198153600007,-34.79365131199995],[138.69205919700005,-34.79360838899993],[138.6925135040001,-34.79335729099995],[138.69301852800004,-34.79302329199993],[138.69319467600008,-34.792885437999985],[138.6934644800001,-34.79267428999998],[138.69397049600002,-34.79222527699994],[138.6943301540001,-34.79188905399997],[138.69458345600003,-34.79165225799994],[138.695124447,-34.79125025299993],[138.69536140900004,-34.79110526899996],[138.69546563400002,-34.79105409699997],[138.6958564150001,-34.790862232999984],[138.69636438400005,-34.790648243999954],[138.69660111200005,-34.79058257799994],[138.69687638300002,-34.79050621899995],[138.6974604820001,-34.79040672299993],[138.69746339200003,-34.79040622699995],[138.69746660900012,-34.790425709999965],[138.69750076700007,-34.79063257399997],[138.69754633600007,-34.79083041399997],[138.69773659100008,-34.791464331999975],[138.6980705630001,-34.79257711399998],[138.69810540800006,-34.79269321499993],[138.69816540800002,-34.792909221999935],[138.69833043200003,-34.79332321499993],[138.69858243200008,-34.793762200999936],[138.6988644160001,-34.79412019399996],[138.6988720700001,-34.794128453999974],[138.69907846400008,-34.79435120399995],[138.6994964480001,-34.79470020599996],[138.6999744320001,-34.79500218199996],[138.7003454080001,-34.79517217799997],[138.70051542400006,-34.79524218299997],[138.700590432,-34.79527318899994],[138.70102441500012,-34.79541417699994],[138.70135241600008,-34.79548316299997],[138.7015944320001,-34.79553516699997]]]},"properties":{"School_Name":"Wynn Vale School","ENTITY_CODE":533,"zoneType":"primary"}},{"type":"Feature","geometry":{"type":"Polygon","coordinates":[[[138.60711231900007,-34.80073842499996],[138.60751254100012,-34.80095200499994],[138.60794931600003,-34.80020237399998],[138.6085071550001,-34.79957824699994],[138.60861752100004,-34.79945477399997],[138.60868545100004,-34.79937873899996],[138.6099424040001,-34.797973085999956],[138.61024110100004,-34.797638235999955],[138.6108943490001,-34.79690712699994],[138.61096701300005,-34.79682580599996],[138.61093363200007,-34.79698472599995],[138.610945753,-34.797031921999974],[138.6109609130001,-34.79709092199994],[138.61099528700004,-34.79715186999994],[138.6110187590001,-34.79719329999995],[138.6110578670001,-34.79722477599995],[138.6112886520001,-34.79741045399993],[138.61133405700002,-34.79744697899997],[138.61143760200002,-34.79753028199997],[138.61146353800007,-34.79755115099994],[138.611573356,-34.79763950299997],[138.61158734800006,-34.79765075599994],[138.61166941700003,-34.79770776299995],[138.6117567760001,-34.79776844999998],[138.61176637000005,-34.79777511499998],[138.61186332500006,-34.797842464999974],[138.6119155670001,-34.79787875799997],[138.61196028200004,-34.79790981699995],[138.61205724500007,-34.79797716699994],[138.61207439200007,-34.797989076999954],[138.6121742690001,-34.79805845299995],[138.61223321300008,-34.79809939699993],[138.61239203600007,-34.79820971899994],[138.6124538040001,-34.79825261599996],[138.61255086300002,-34.79832005099996],[138.6127096890001,-34.798430363999955],[138.61272632200007,-34.798441916999934],[138.61286852000012,-34.79854068399993],[138.61301030100003,-34.79863915899995],[138.61302736100004,-34.79865100799998],[138.61314422300006,-34.79873216999994],[138.61318619200006,-34.79876131899994],[138.6132781550001,-34.79882518399995],[138.61334502700004,-34.79887162299997],[138.61350386100003,-34.798981915999946],[138.6135437590001,-34.79900963099993],[138.61366270000008,-34.79909222499998],[138.61382155100011,-34.79920252499994],[138.61385307500007,-34.79922442099996],[138.613980383,-34.79931282199993],[138.6141392280001,-34.79942311499997],[138.61416658400003,-34.79944210799994],[138.61429198000008,-34.799529176999954],[138.6142980830001,-34.799533406999956],[138.61438895900005,-34.79959651199994],[138.61446109700012,-34.79964659999996],[138.61448594,-34.799663848999955],[138.6145829200001,-34.79973118799995],[138.61461994400008,-34.79975689699995],[138.6146799070001,-34.79979853799995],[138.6147969550001,-34.79987982299997],[138.61483730500004,-34.799907839999946],[138.61506865600006,-34.80006850799998],[138.61507977200006,-34.80007622699998],[138.61520516300004,-34.80016320799996],[138.61532860900002,-34.80024696999993],[138.61587495900005,-34.79963110999995],[138.61588329300002,-34.79963623899994],[138.61588431400003,-34.79963685299998],[138.61591342100007,-34.799654533999956],[138.61598044100003,-34.79969523899996],[138.61601827100003,-34.79971790899998],[138.616127956,-34.79978485299995],[138.61624590400004,-34.79985778499997],[138.61633466900003,-34.799910850999936],[138.61638748100006,-34.79994292699996],[138.61669762200006,-34.80013150299993],[138.616710828,-34.80013949599993],[138.61677240500012,-34.80017694999998],[138.61680319200002,-34.80019566699997],[138.6169244040001,-34.800269336999975],[138.6170475550001,-34.800344207999956],[138.6171355130001,-34.800397687999975],[138.6172938620001,-34.80049393899998],[138.6174038370001,-34.80056077399996],[138.61751379400005,-34.800627634999955],[138.6176369630001,-34.80070249199997],[138.6177469380001,-34.80076933299995],[138.617856909,-34.80083617099996],[138.6179800660001,-34.80091104599995],[138.61806805100002,-34.800964516999954],[138.61815604600008,-34.80101798399994],[138.618265994,-34.801084825999965],[138.6183759700001,-34.801151655999945],[138.61849911500008,-34.801226552999935],[138.6186222780001,-34.80130142199994],[138.6187806370001,-34.801397674999976],[138.61889060500005,-34.801464506999935],[138.61900060400012,-34.80153132499993],[138.619057622,-34.80156596299997],[138.61910607100003,-34.80159545499998],[138.6191545590001,-34.80162489999998],[138.6192030210001,-34.80165437499994],[138.61925150600007,-34.801683828999955],[138.61930852600005,-34.80171846799993],[138.619431694,-34.80179334099995],[138.6195416280001,-34.80186020799994],[138.61965161800003,-34.80192703199998],[138.6197615750001,-34.801993865999975],[138.61988474200007,-34.80206871799993],[138.61999471900003,-34.80213554499994],[138.6201046960001,-34.80220243599996],[138.620228031,-34.80227736599994],[138.62033785500012,-34.802344122999955],[138.62042201000008,-34.80239837999994],[138.62051379700006,-34.802451076999944],[138.62060177700005,-34.802504546999955],[138.62071174900007,-34.802571386999944],[138.62082172500004,-34.80263821999995],[138.62101533800012,-34.80275584699996],[138.62110631500002,-34.80281116699996],[138.6211015020001,-34.802816338999946],[138.62078752600007,-34.80316575899997],[138.61916619500005,-34.80497058199995],[138.61926494300008,-34.80503822199995],[138.62131687500005,-34.80629374499995],[138.62177645200006,-34.80657489399994],[138.62334494000004,-34.80677081199997],[138.6240666540001,-34.806870636999975],[138.62468961700006,-34.806985675999954],[138.62491880000005,-34.80703008699993],[138.62534353600006,-34.807112391999965],[138.62615878400004,-34.807306377999964],[138.62629145000005,-34.807337942999936],[138.626962627,-34.807514476999984],[138.6278280150001,-34.80777374699994],[138.62864872700004,-34.808059413999956],[138.62981856800002,-34.80848629899998],[138.63072562000002,-34.808838623999975],[138.63124884100012,-34.80902888399993],[138.63145047400008,-34.80914592599993],[138.62968230400008,-34.811106292999966],[138.62954864200003,-34.811254418999965],[138.62943797900004,-34.81137725699995],[138.6285972720001,-34.812322162999976],[138.62518485100009,-34.81612284199997],[138.62512413600007,-34.81619062499993],[138.61942438300002,-34.822560161999945],[138.61781978500005,-34.82435326799998],[138.61748948000002,-34.82438370299997],[138.61688947300001,-34.824437961999934],[138.61683693500004,-34.82440585499995],[138.61644668200006,-34.82446047899998],[138.6160155330001,-34.82452091699997],[138.6158190000001,-34.824548454999956],[138.61562923300005,-34.824575083999946],[138.61532887500005,-34.82461774099994],[138.61534381500007,-34.824626776999935],[138.61444775300004,-34.824747668999976],[138.61385269000004,-34.82482731599998],[138.60972494700002,-34.82538176199995],[138.60605271100007,-34.825874898999984],[138.60592798900007,-34.82588911299996],[138.60951942000008,-34.82097338199998],[138.6065178990001,-34.819146899999964],[138.6065823560001,-34.81907476199996],[138.60648921900008,-34.81901804399996],[138.60647669700006,-34.819032180999955],[138.6058468640001,-34.818649533999974],[138.60512527600008,-34.81821116799995],[138.60503338700005,-34.818155313999966],[138.6049493150001,-34.818104267999956],[138.60402540100006,-34.81754298599998],[138.60294298000008,-34.81688533999994],[138.60295584400012,-34.816870784999935],[138.60293839400003,-34.81686011099998],[138.60292562200004,-34.81687465899995],[138.6028374660001,-34.81682117899993],[138.60266143600006,-34.81671425199994],[138.60258394400012,-34.81680152699994],[138.60151822500006,-34.81615332299998],[138.60140136200005,-34.816085570999974],[138.60102875000007,-34.816506318999984],[138.59845680400008,-34.81937117699994],[138.59824900900003,-34.81958727899996],[138.598209386,-34.819631253999944],[138.59811829600005,-34.81973509699998],[138.59810498800005,-34.81957107399995],[138.59807249000005,-34.81916996099994],[138.59807175900005,-34.819163499999945],[138.59806920500012,-34.81914700999994],[138.59806792000006,-34.81913589499993],[138.5978683190001,-34.81771493499997],[138.59776069800012,-34.81621172499996],[138.59732308700006,-34.811775385999965],[138.5973182670001,-34.811732200999984],[138.5973180860001,-34.81173067299994],[138.59730001100002,-34.811572154999965],[138.5972308370001,-34.809428873999934],[138.59655828300004,-34.80052149299996],[138.59627225100007,-34.79817980299998],[138.59659190700006,-34.79484300099995],[138.59663355600003,-34.79440756099996],[138.59713755200005,-34.79470712799997],[138.59714000300005,-34.794708509999964],[138.59730775200012,-34.79480830099993],[138.59747101800008,-34.79490723799995],[138.59834074100002,-34.795434273999945],[138.59968284800004,-34.79624773599994],[138.5999524990001,-34.79641109999994],[138.60024099400005,-34.79658590899993],[138.60061083900007,-34.796810060999974],[138.60098068700006,-34.797034208999946],[138.60135421100006,-34.79726064099998],[138.60140896500002,-34.797293854999964],[138.60197246100006,-34.79763554099998],[138.60221017600009,-34.79777965499994],[138.60277363800003,-34.798121315999936],[138.60321355400004,-34.79838806899994],[138.60321736000003,-34.79839036799996],[138.6033362290001,-34.798462437999945],[138.6033591260001,-34.79847632299993],[138.603427817,-34.798517971999956],[138.60356955800012,-34.79860394599996],[138.603653731,-34.79865498799995],[138.60392180000008,-34.79881749699996],[138.60397195100006,-34.79884790699998],[138.60409391100006,-34.79892188499997],[138.60427405000007,-34.79903105899996],[138.60430048000012,-34.79904708399994],[138.6046262740001,-34.799244613999974],[138.60473639500003,-34.79931131999996],[138.6047376240001,-34.79931206699996],[138.60497851900004,-34.79945814699994],[138.60515352400012,-34.79956426999996],[138.60533066900007,-34.79967169099996],[138.6056829480001,-34.79988525899995],[138.6057050600001,-34.799898661999976],[138.60607924300007,-34.800125485999956],[138.6061734960001,-34.80018265699994],[138.60673573200006,-34.80052357399995],[138.60685950700008,-34.800598374999936],[138.60692993300006,-34.80064104799993],[138.60711231900007,-34.80073842499996]]]},"properties":{"School_Name":"Mawson Lakes School","ENTITY_CODE":987,"zoneType":"primary"}},{"type":"Feature","geometry":{"type":"Polygon","coordinates":[[[137.75498416100004,-32.480925757999955],[137.75599838900007,-32.481621651999944],[137.7560793980001,-32.48157620699993],[137.7561108000001,-32.48153287799994],[137.7562883380001,-32.48162764099993],[137.75711286700005,-32.48194135999995],[137.7574066620001,-32.482057648999955],[137.75768406800012,-32.48219396799993],[137.75766719000012,-32.48219355599997],[137.7575782670001,-32.48225178599995],[137.75794004300008,-32.48248434899995],[137.75811967900006,-32.482631599999934],[137.7585174740001,-32.48310360299996],[137.7587932030001,-32.48342269799997],[137.75886240600005,-32.483505898999965],[137.75927870400005,-32.48399079999996],[137.75967796600003,-32.484346097999946],[137.7598883280001,-32.484557638999945],[137.76015833000008,-32.48479264599996],[137.76057166700002,-32.48509264299997],[137.76102666400004,-32.48535931099997],[137.7610931380001,-32.48539396799998],[137.7612049180001,-32.48544989299995],[137.76112422500012,-32.48553831099997],[137.76109242500002,-32.485558123999965],[137.761041932,-32.48557125199994],[137.76098078100006,-32.48557334599997],[137.76096258100006,-32.48557124499996],[137.76080491000005,-32.485518716999934],[137.76075487200012,-32.48551432199997],[137.7607129700001,-32.48551833099998],[137.7606459220001,-32.48553962099993],[137.76049416800004,-32.48563696499997],[137.76043403000006,-32.485663467999984],[137.7603854990001,-32.485671544999946],[137.76036606600007,-32.48567029299994],[137.76025980000009,-32.48563280999997],[137.76023701400004,-32.48563002099996],[137.76019070900009,-32.48563269699997],[137.7601360210001,-32.485653474999935],[137.76002667500006,-32.485723993999954],[137.75997272400002,-32.48576673799994],[137.75993068800005,-32.485805950999975],[137.75985591100005,-32.485887573999946],[137.75982180800008,-32.48593864099996],[137.7597838360001,-32.48600540799998],[137.7597430730001,-32.48612220999996],[137.7597412890001,-32.48617735199997],[137.7597567790001,-32.48624349399995],[137.75976271500008,-32.48625605099994],[137.75984150600004,-32.486330893999934],[137.75988244500002,-32.48640428899995],[137.7598909940001,-32.486412919999964],[137.7599378430001,-32.486432873999945],[137.75994581300006,-32.48644068599998],[137.75994991000005,-32.48646013699994],[137.75994793300003,-32.486469230999944],[137.75992356300003,-32.486514082999975],[137.75988422400007,-32.48657301199995],[137.75986511700012,-32.48658259499996],[137.75985349500002,-32.48658171599993],[137.7597893940001,-32.48655356399996],[137.75976351200006,-32.48654607699996],[137.75973430700003,-32.486549511999954],[137.75971232900008,-32.48655933699996],[137.7596334540001,-32.486570548999964],[137.75953779400004,-32.48657273899994],[137.75947818100008,-32.486579218999964],[137.75942477,-32.48659103699998],[137.759387854,-32.48660684599997],[137.75932973500005,-32.486662844999955],[137.75930923800001,-32.48667550499994],[137.75928157600003,-32.48668330999993],[137.7592564790001,-32.48668563499996],[137.759220754,-32.48668253699998],[137.759132829,-32.48666144799995],[137.7591056970001,-32.486658879999936],[137.75904229100001,-32.486670441999934],[137.75900555200008,-32.48668963899996],[137.75894546000006,-32.486747787999946],[137.758902787,-32.48680266599996],[137.75884518100008,-32.48689548999994],[137.75872484700005,-32.48707520399995],[137.75864040400006,-32.48718417099997],[137.75860096500003,-32.48722669999995],[137.75845192200006,-32.48741172599995],[137.75823514600006,-32.487646376999976],[137.7580453270001,-32.487806569999975],[137.75793984900008,-32.48788911999998],[137.75774141700003,-32.48806662399994],[137.7576483370001,-32.48814143599998],[137.757550228,-32.48823170099996],[137.75745687300002,-32.48833105899996],[137.7573720580001,-32.48840225599997],[137.75727936700002,-32.48847266499996],[137.75724099800004,-32.48850756499996],[137.7571435760001,-32.48860824999997],[137.75704558200005,-32.48869600799998],[137.75700442700008,-32.488745037999934],[137.7569317750001,-32.48886342399993],[137.7569085660001,-32.48891707599995],[137.756863414,-32.48904773399994],[137.7568486360001,-32.48907883399994],[137.75680249800007,-32.489129968999976],[137.75674151400005,-32.48916817999998],[137.75668776300006,-32.48919397399993],[137.75660925900002,-32.48923989799994],[137.75658172700003,-32.48926514999994],[137.75655889000006,-32.48930075399994],[137.75653279100004,-32.48935305799995],[137.756429668,-32.48965814299993],[137.75636566700007,-32.48983176999997],[137.75630408900008,-32.48997923099995],[137.75619782100011,-32.490183782999964],[137.75615827100012,-32.49024399899997],[137.7561272260001,-32.490281968999966],[137.75605322500007,-32.49035097799998],[137.756011058,-32.49039584399998],[137.75592544500012,-32.49050903799997],[137.75588552800002,-32.49057831499994],[137.7558633330001,-32.49064977599994],[137.75584599,-32.49075481199998],[137.7558294380001,-32.49082839399995],[137.75580777800008,-32.49088394599994],[137.75579890000006,-32.490901615999974],[137.7557334600001,-32.490969751999955],[137.75569926700007,-32.491009814999984],[137.75568967700008,-32.491027609999946],[137.7556759470001,-32.49110379699994],[137.75567180100006,-32.49116064399993],[137.75567233000004,-32.49120055299994],[137.75568521600007,-32.49131706999998],[137.75568400300006,-32.49133774899997],[137.75566913000011,-32.491410722999944],[137.75565510600006,-32.49143890199997],[137.75561721100007,-32.491493866999974],[137.75548015900006,-32.49161974799995],[137.75541944400004,-32.49170132699993],[137.75535488100002,-32.491831942999966],[137.75531541200007,-32.491949827999974],[137.755297121,-32.49199363399998],[137.75528300000008,-32.492039502999944],[137.7552731290001,-32.492090830999985],[137.75527542500004,-32.49221353699994],[137.75529309400008,-32.49234223899998],[137.75529226300011,-32.492355404999955],[137.7552821270001,-32.49237701699997],[137.7552584240001,-32.49239696099994],[137.75523907800005,-32.49240466699996],[137.75520965500004,-32.49241009499997],[137.7551641780001,-32.492408093999984],[137.7551339480001,-32.49239661299998],[137.75505885000007,-32.49234488899998],[137.7550183740001,-32.49230170199996],[137.75497566800004,-32.492249294999965],[137.75493128100004,-32.49218539599997],[137.75491473900001,-32.49216998399993],[137.75489067500007,-32.49215524999994],[137.754877243,-32.49215418399996],[137.754870191,-32.492161299999964],[137.754881618,-32.49220240999995],[137.7549072280001,-32.49225221199998],[137.75495454600002,-32.49232211499998],[137.75502326900005,-32.49245619599998],[137.75505582300002,-32.49250448399994],[137.7550582460001,-32.49255521999993],[137.7550313470001,-32.49270688599995],[137.75500569100006,-32.492764061999935],[137.75496633900002,-32.49280998699993],[137.75493352600006,-32.49283461299996],[137.75485573700007,-32.49288350399996],[137.7548210640001,-32.492914036999935],[137.7547770330001,-32.49298744399994],[137.75474215500003,-32.49305335399998],[137.7547319790001,-32.49307931699997],[137.75471563300005,-32.49314169799993],[137.75470607600005,-32.49319886099994],[137.75469468900008,-32.49331185199998],[137.75469197500001,-32.493430460999946],[137.75469521000002,-32.493499671999984],[137.7546661990001,-32.49358223799993],[137.7546406560001,-32.493635369999936],[137.75463796300005,-32.49367707599998],[137.75465242400003,-32.49384385999997],[137.7546459570001,-32.49393490899996],[137.7546311220001,-32.494003533999944],[137.75458728900003,-32.49413210199998],[137.75454188800006,-32.494225582999945],[137.75450791000003,-32.49427707899997],[137.75445584300007,-32.49433699499997],[137.75441807700008,-32.49439101499996],[137.7543958540001,-32.49445628199993],[137.75439859200003,-32.49451285299995],[137.75441131900004,-32.49458195799997],[137.75442975600004,-32.494655025999975],[137.75444462300004,-32.49469523099998],[137.7544781460001,-32.49476256599996],[137.7545040980001,-32.49484394399997],[137.7545102580001,-32.49489651699997],[137.75451268100005,-32.49498198499998],[137.75452176500005,-32.49504210799995],[137.75455331800003,-32.49510886199994],[137.75459938200004,-32.49516006599998],[137.75460228500003,-32.49519769999995],[137.75459890900004,-32.49523053099995],[137.7545154920001,-32.49560939799994],[137.75450079900008,-32.49566497899997],[137.75445336400003,-32.49580439399995],[137.75442935900003,-32.49590159999997],[137.75439743000004,-32.49608079799998],[137.75438774400004,-32.49616310799996],[137.75438938800005,-32.49628157899997],[137.75441062000004,-32.49645214999998],[137.75445692200003,-32.49666578999995],[137.75450615800003,-32.49677380799994],[137.75455688500006,-32.49690761099998],[137.75457954700005,-32.49697994599995],[137.75461713200002,-32.49713650199993],[137.7546609210001,-32.49728546299997],[137.75475953700004,-32.49753526999996],[137.75480027000003,-32.49765499299997],[137.75480097900004,-32.497657576999984],[137.75482838300002,-32.49775739199998],[137.75487582000005,-32.497895522999954],[137.75487691400008,-32.49789870999996],[137.7549166010001,-32.497973344999934],[137.7550024100001,-32.49807375499995],[137.7552243560001,-32.498273868999945],[137.75531478400012,-32.49834804799997],[137.755445075,-32.49847147599996],[137.7554762860001,-32.49851550499994],[137.7554912810001,-32.498550362999936],[137.75550751900005,-32.498612004999984],[137.75552940900002,-32.49871360699996],[137.75553825100008,-32.49877937799994],[137.75554095500001,-32.49885712599996],[137.75554795200003,-32.49890242899994],[137.75555674600002,-32.498931580999965],[137.75558621100004,-32.49899486199996],[137.7556040930001,-32.499044097999956],[137.75561876200004,-32.49911844099995],[137.75561656600007,-32.49917378999993],[137.75560553600008,-32.499221733999946],[137.75559341400003,-32.49925216899993],[137.75555592600006,-32.499302710999984],[137.7554932800001,-32.49935221399994],[137.75541950600007,-32.49939533999998],[137.75529570000003,-32.49945371499996],[137.75523569200004,-32.499496216999944],[137.75520817300003,-32.49952665199993],[137.75517496600003,-32.49958541799998],[137.75516955800003,-32.499600363999946],[137.7551666180001,-32.49964839599994],[137.75517159000003,-32.49970896999997],[137.75520706600003,-32.49985002699998],[137.75525693300006,-32.499971098999936],[137.75531352400003,-32.50007667799997],[137.75541112300004,-32.50022731699994],[137.7554816600001,-32.500287845999935],[137.7555239950001,-32.50030906699993],[137.75559341100006,-32.50033161799996],[137.75563490000002,-32.500337782999964],[137.75568823600008,-32.50032845599998],[137.7557367820001,-32.500313173999984],[137.75599428300006,-32.500177562999966],[137.7560707350001,-32.50014357599997],[137.7561081030001,-32.50013341799996],[137.75614317100008,-32.50012863599994],[137.756168644,-32.500130860999946],[137.75618458000008,-32.50013885399994],[137.7562483260001,-32.500214840999945],[137.75634414700005,-32.50035324799995],[137.7564740370001,-32.50052572299995],[137.7565847620001,-32.50071523599996],[137.75666567700011,-32.500851513999976],[137.75674020400004,-32.50104954099993],[137.75677640300012,-32.50120072499993],[137.7567936920001,-32.50129053999996],[137.75682004500004,-32.501342901999976],[137.7568395190001,-32.50139992499993],[137.75686622600006,-32.50150903599996],[137.7568857120001,-32.50163311399996],[137.75687507600003,-32.501688429999945],[137.75685793700006,-32.50172661299996],[137.75676571300005,-32.50186682499998],[137.75670961100002,-32.501940916999956],[137.75668924900003,-32.50199395499993],[137.7566844490001,-32.502025868999965],[137.75668909500007,-32.50203557899994],[137.7566975430001,-32.50204150999997],[137.75670893100005,-32.50204162499995],[137.75672667900005,-32.50203500099997],[137.75686046500005,-32.50193912799995],[137.75689830700003,-32.50191770299995],[137.75694291800005,-32.50190281299996],[137.75697523200006,-32.50189728599997],[137.75699049800005,-32.50189825799998],[137.7570098640001,-32.50190531599998],[137.75702553700012,-32.50191520399994],[137.75703672400005,-32.50193057799993],[137.75710954200008,-32.50220986599993],[137.75713309000002,-32.50228602399994],[137.7571820490001,-32.502412222999965],[137.757218834,-32.50247543599994],[137.75727281700006,-32.502524053999934],[137.75730993500008,-32.50254342299996],[137.75732551800002,-32.50254712799995],[137.75736235500005,-32.50254793199997],[137.75743774900002,-32.502518477999956],[137.75746945700007,-32.50251057699995],[137.75749797900005,-32.50251908299998],[137.75753519800003,-32.502592764999974],[137.75757756100006,-32.502653416999976],[137.7575936400001,-32.50268528599997],[137.75760546100003,-32.50271916299994],[137.75761289500008,-32.50275166299997],[137.75761449800007,-32.50278861899994],[137.75760501900004,-32.50284125099995],[137.757600195,-32.50286137299997],[137.75756013700004,-32.50292790299994],[137.7575259560001,-32.50296387999998],[137.75749522700005,-32.50298588399994],[137.7574120820001,-32.503032566999934],[137.75738900700003,-32.50305008399994],[137.7573787240001,-32.50307180799996],[137.757385504,-32.50308858799997],[137.75739879900004,-32.503099230999965],[137.75741296800004,-32.503101637999976],[137.75754555600008,-32.50308110199995],[137.75757392700007,-32.50308032499993],[137.75761870100007,-32.503084971999954],[137.75775023800009,-32.50314037499993],[137.7578122550001,-32.50315245999997],[137.75789307200012,-32.503162076999956],[137.75794920500005,-32.50318422599997],[137.757973181,-32.503199450999944],[137.7579942750001,-32.503219238999975],[137.7580245380001,-32.50325505999996],[137.75811218100012,-32.503406877999964],[137.75814056500008,-32.50344831899997],[137.75820344200008,-32.50352792099994],[137.75834584100005,-32.50374156799995],[137.75844670900005,-32.50386584699993],[137.75847947900002,-32.50389562699996],[137.7585829200001,-32.50397039199993],[137.75862279700004,-32.504019692999975],[137.75863857600007,-32.504050366999934],[137.75864547300012,-32.50407489199995],[137.75864459800005,-32.50409615999996],[137.75863824100009,-32.50411749199998],[137.7586278970001,-32.504136115999984],[137.75859227900003,-32.504160558999956],[137.75854418100005,-32.50418197299996],[137.75842748800005,-32.50421764499998],[137.75840326700006,-32.50423785399994],[137.75839759300004,-32.50425315899997],[137.7583963730001,-32.50426579899994],[137.7584058770001,-32.504290467999965],[137.75847672600003,-32.504343484999936],[137.7585155160001,-32.50436659799993],[137.75853094600006,-32.50437404999997],[137.75855424600002,-32.504376365999974],[137.75857474800011,-32.50437048799995],[137.75859035500002,-32.504361152999934],[137.75860152600012,-32.50434732999997],[137.7586053440001,-32.50429697399994],[137.75860351100005,-32.50426346799998],[137.7586168680001,-32.50424956099994],[137.75864166500003,-32.504238878999956],[137.75867596600006,-32.50423981999995],[137.7586945810001,-32.504243910999946],[137.75874052100005,-32.50426634299998],[137.75879502400005,-32.50431549199993],[137.75884301000008,-32.50438102099997],[137.7588739050001,-32.50444559799996],[137.758881953,-32.50447612299996],[137.7588903080001,-32.504560304999984],[137.75891064500001,-32.50462368299998],[137.758921729,-32.50464590299998],[137.75895561100003,-32.50468883299993],[137.7589817820001,-32.50471421799995],[137.7590773600001,-32.504785434999974],[137.75914968400002,-32.50482825699993],[137.75922555500006,-32.50485459899994],[137.7592916310001,-32.504865321999944],[137.7593788380001,-32.504874093999945],[137.75940445000003,-32.50488127099993],[137.75946062600008,-32.50491086099993],[137.75948582500007,-32.504928037999946],[137.7595210180001,-32.50496452899995],[137.7595531080001,-32.50501492199993],[137.7595719410001,-32.50507081899997],[137.7595698030001,-32.50509727699995],[137.75955932800002,-32.50512990999994],[137.7595547850001,-32.50517885399995],[137.75957271000004,-32.50526905799995],[137.75959903500006,-32.50531397799995],[137.7596293680001,-32.50534574699998],[137.75964627500002,-32.50535759599995],[137.7597130150001,-32.50537969699997],[137.75986050500012,-32.50539217299996],[137.75995256300007,-32.50542024499998],[137.76002812800004,-32.50545409799997],[137.760128021,-32.505503112999975],[137.76023615000008,-32.505563052999946],[137.76040448800006,-32.505677316999936],[137.7605397110001,-32.505791047999935],[137.76059058900012,-32.50584766999998],[137.76065049400006,-32.50593433299997],[137.76077020200012,-32.50619025299994],[137.7608018210001,-32.50624166799997],[137.7608337250001,-32.506284025999946],[137.76084539400006,-32.50629836899998],[137.76092561200005,-32.50637111799995],[137.76106558300012,-32.50647311899996],[137.7611180560001,-32.50651859399994],[137.7612252660001,-32.506662217999974],[137.76129135700012,-32.50672541199998],[137.7614360330001,-32.506907275999936],[137.76148939200004,-32.50697959599995],[137.76155811700005,-32.50704448499994],[137.7616520790001,-32.50711506599998],[137.76171509300002,-32.50715583599998],[137.7618709840001,-32.50723229999994],[137.7621082930001,-32.50737166699997],[137.76221409100003,-32.507439793999936],[137.76226602600002,-32.50747728699997],[137.76236861200005,-32.507560275999936],[137.76256574400009,-32.507678333999934],[137.762614331,-32.50771271599996],[137.7627080090001,-32.507787994999944],[137.76296491000005,-32.50797318699995],[137.7630865750001,-32.508086875999936],[137.76326960400002,-32.50830465499996],[137.76343483300002,-32.50848808899997],[137.76365469100006,-32.50869642499998],[137.76390419000006,-32.50897453799996],[137.763955118,-32.509042948999934],[137.76403973300012,-32.509207414999935],[137.76406333500006,-32.50924444599997],[137.76409199800003,-32.509281176999934],[137.7641594050001,-32.50935251299995],[137.76421604000006,-32.509428955999965],[137.7642848370001,-32.50951307399998],[137.76443907100008,-32.509689185999946],[137.76453305200005,-32.50978458499998],[137.76455206200012,-32.509796053999935],[137.76467282400006,-32.509910754999964],[137.76480432000005,-32.51004453599995],[137.76506020600004,-32.51029012999993],[137.7651682830001,-32.51040420099997],[137.765257345,-32.51048365699995],[137.7654130630001,-32.51065757499998],[137.7654615140001,-32.510724436999965],[137.76551982400008,-32.51077221699995],[137.76554986500003,-32.51080403499998],[137.76569301900008,-32.51097637199996],[137.76575098900003,-32.511042044999954],[137.76587477300006,-32.51118227599994],[137.76596513700008,-32.511278620999974],[137.76596624900003,-32.51127999099998],[137.76603111500003,-32.51135980599997],[137.7660828370001,-32.511441299999944],[137.766147874,-32.51159437299998],[137.76616090200002,-32.51164200499994],[137.7661841900001,-32.51174060699998],[137.76620447900007,-32.511849783999935],[137.76624462900008,-32.51202082999998],[137.76626957700012,-32.512179283999956],[137.7662771140001,-32.51224856199997],[137.7663129130001,-32.51241578799994],[137.76632343200004,-32.512483861999954],[137.76631572200006,-32.512559248999935],[137.7663010020001,-32.512603603999935],[137.76628713600007,-32.51262284799998],[137.76623065400008,-32.51266386799995],[137.76618089700003,-32.512682361999964],[137.76610351700003,-32.51269537099995],[137.76603003600007,-32.512687669999934],[137.7659498050001,-32.512666010999965],[137.76582230100007,-32.51260875599996],[137.76576417500007,-32.51257246599994],[137.76560396800005,-32.51245211099996],[137.765509747,-32.51238737999995],[137.7654540740001,-32.51235061999995],[137.76531413300006,-32.512268054999936],[137.7652214530001,-32.512191480999945],[137.76506653100012,-32.512037980999935],[137.7649552270001,-32.511945742999956],[137.76486409500012,-32.511882896999964],[137.76481780500012,-32.51185894499997],[137.76475674900007,-32.51183477099994],[137.7646941060001,-32.511815585999955],[137.76460528500002,-32.51180451899995],[137.7645255330001,-32.511814251999965],[137.76443148600003,-32.51183894999997],[137.764380146,-32.51185838299995],[137.76437066300002,-32.51186273899998],[137.76433503500004,-32.51189356699996],[137.76432169400005,-32.51190802599996],[137.76428913600012,-32.511957123999935],[137.76421615900006,-32.51207775299997],[137.7641696490001,-32.512137698999936],[137.76411165600007,-32.51220145499997],[137.76406468300002,-32.51223685999997],[137.76401687400005,-32.512266505999946],[137.7639848660001,-32.512284008999984],[137.76390173800007,-32.51231903199994],[137.76387177700008,-32.512338633999946],[137.76385468600006,-32.51235819999994],[137.76375281900005,-32.51250631999994],[137.76369923400011,-32.512567339999976],[137.76361345700002,-32.51264651799994],[137.76348830100005,-32.51274715699998],[137.76327621100006,-32.51295368999996],[137.76319306100004,-32.51304919499995],[137.76315464900006,-32.51311191199994],[137.76308874900008,-32.51325701799993],[137.76306085200008,-32.513346043999945],[137.76304424600005,-32.51342660699993],[137.76299789000007,-32.51356381199997],[137.76297241100008,-32.51367102399996],[137.762927439,-32.51380916599993],[137.76285035,-32.51399662399996],[137.76266568900007,-32.514352902999974],[137.7626116450001,-32.51444577899997],[137.7624058250001,-32.51474887799998],[137.76237246900007,-32.514803094999934],[137.76229975700005,-32.51494606899996],[137.7622571170001,-32.51504698799994],[137.76224740100008,-32.51508005799997],[137.76220578800007,-32.51514711999994],[137.76217764700004,-32.51520156599997],[137.7620647560001,-32.515439682999954],[137.7619957710001,-32.51560434999993],[137.76188619900006,-32.515917840999975],[137.76182112300012,-32.51606990999994],[137.76167955900007,-32.51642239599994],[137.76164158200004,-32.51649466899994],[137.76153216300008,-32.51667288799996],[137.76146957000003,-32.51675871499998],[137.76141994400007,-32.51684355499998],[137.761213558,-32.517127124999945],[137.76108861600005,-32.51732927099994],[137.7610552000001,-32.51739535199994],[137.7609663300001,-32.51762718599997],[137.76093215700007,-32.517725507999955],[137.76088365500004,-32.517802339999946],[137.7607542730001,-32.517966712999964],[137.76073251700006,-32.51801491699996],[137.76066805200003,-32.518188056999975],[137.76065069000003,-32.51826312899993],[137.76064443500002,-32.518318266999984],[137.76064317600003,-32.518367437999984],[137.76065001400002,-32.51852159099997],[137.76064840200002,-32.518600436999975],[137.76061851500003,-32.518731884999966],[137.76057478500002,-32.51883425699998],[137.76056309800003,-32.51885337999994],[137.76044384600004,-32.51899831999998],[137.76035810000008,-32.51914072599993],[137.76028337600007,-32.519318056999964],[137.760251594,-32.519435847999944],[137.76021955700003,-32.519574259999956],[137.76018316500006,-32.51970480099993],[137.76014367100004,-32.519821311999976],[137.7601361290001,-32.51987981499997],[137.760139567,-32.51996233899996],[137.760121453,-32.52013416699998],[137.76009336800007,-32.52030452199995],[137.76006730500012,-32.520525275999944],[137.76002742700007,-32.52074935999997],[137.76000930600003,-32.52082832599996],[137.75995157600005,-32.52097365199995],[137.75991760700003,-32.52105790799993],[137.75980928100012,-32.521288572999936],[137.75979809000012,-32.521321618999934],[137.75978714400003,-32.52139326099996],[137.75978989300006,-32.521475917999965],[137.75977547000002,-32.52166260299998],[137.75974001200007,-32.52187054999996],[137.7597054790001,-32.522033448999935],[137.7596920090001,-32.52207161599995],[137.75966183000003,-32.52213612399993],[137.75960991800002,-32.52221393299993],[137.75955684000007,-32.52230512999995],[137.75951109900006,-32.522374559999946],[137.75949701800005,-32.52241721699994],[137.75947681900004,-32.522524945999976],[137.75940676300002,-32.52272877799993],[137.75938720400006,-32.52277562299997],[137.75933380300012,-32.522874909999985],[137.75930467500007,-32.52293920599993],[137.75928243400006,-32.52299374099994],[137.75926207800012,-32.52306723099997],[137.75925895500006,-32.52309214699994],[137.75926483000012,-32.52316203999993],[137.7593012320001,-32.523311331999935],[137.75932559300009,-32.52347574899994],[137.75935115900006,-32.52357325599996],[137.75940094400005,-32.52372707599994],[137.7594112050001,-32.523782091999976],[137.7594136230001,-32.52383396799996],[137.75941086500006,-32.52390461799996],[137.75942288600004,-32.52396738999994],[137.75943408700005,-32.52408469299996],[137.75943389400004,-32.524111570999935],[137.75942448600006,-32.52415810499997],[137.759393648,-32.524246424999944],[137.75937070700002,-32.524284128999966],[137.75932308000006,-32.524334935999946],[137.75927410500003,-32.52437571799993],[137.759191385,-32.52442360499998],[137.75914136300003,-32.52445803399996],[137.75908299500009,-32.52450475999996],[137.7590613540001,-32.52453003099998],[137.75903385100003,-32.52457116099998],[137.75895593100006,-32.52475949199993],[137.7589167220001,-32.52486260499995],[137.75886565500002,-32.52505207299998],[137.75881893000007,-32.525203216999955],[137.75880021000012,-32.525295325999934],[137.75870760700002,-32.525689832999944],[137.7586655980001,-32.52583283699994],[137.758618812,-32.52592998399996],[137.75856911000005,-32.52601148799994],[137.75854823800012,-32.52606969899995],[137.75851619500008,-32.52613796299994],[137.75850195500004,-32.52618172699994],[137.75848868000003,-32.52626962199997],[137.75848747500004,-32.52632698399998],[137.75850094200007,-32.52646287299996],[137.75848734300007,-32.52654958199997],[137.75847278800006,-32.52659746799998],[137.7584492100001,-32.52665653299994],[137.75842752200003,-32.52668556499998],[137.75837928200008,-32.52673555299998],[137.75833084300007,-32.526769043999934],[137.7582640180001,-32.52678563499995],[137.7581739740001,-32.526956697999935],[137.7581082480001,-32.52722817099993],[137.75811967900006,-32.52743106299994],[137.75817499100003,-32.52756556099996],[137.75819859600006,-32.52758139599996],[137.758248083,-32.52763823099997],[137.7582725320001,-32.527708220999955],[137.75827600200012,-32.52772843599996],[137.7582660170001,-32.527791321999985],[137.7582522670001,-32.527831548999984],[137.7582210590001,-32.527894956999944],[137.7582107620001,-32.527930443999935],[137.75821909700005,-32.52799556399998],[137.7582394530001,-32.528065434999974],[137.75823883400005,-32.52812487199998],[137.7582333790001,-32.528142205999984],[137.758178487,-32.52824067599994],[137.758168489,-32.52828639099994],[137.75817862100007,-32.52833429299994],[137.7582055360001,-32.52840784499995],[137.75821732000009,-32.52848257599993],[137.7581899810001,-32.52865945899998],[137.75816397200003,-32.528724318999934],[137.75816193100002,-32.528747212999974],[137.75816972500002,-32.528788093999935],[137.75819068500005,-32.528832561999934],[137.75822720200006,-32.528890444999945],[137.75823669700003,-32.52892817999998],[137.75821891700002,-32.52898950699995],[137.75817907200008,-32.529063436999934],[137.75817626700007,-32.52907836299994],[137.75817849700002,-32.529106000999946],[137.75819348400012,-32.529175091999946],[137.75821522700005,-32.52921972299998],[137.75826434300006,-32.529297542999984],[137.75838220100002,-32.52944952799993],[137.75842575800004,-32.529520669999954],[137.7584509180001,-32.52958270399995],[137.75847112500003,-32.52966385299993],[137.75846382100008,-32.529734935999954],[137.75845289100005,-32.529772099999946],[137.7584394270001,-32.52979635299994],[137.75829771200006,-32.52995695599998],[137.75828236200005,-32.52998627799997],[137.7582717780001,-32.530016813999964],[137.7582709300001,-32.53003478199997],[137.7582782720001,-32.53008324199993],[137.7583009770001,-32.530147029999966],[137.75835084100004,-32.53022095399996],[137.7583920830001,-32.530264141999965],[137.75852160400007,-32.53037632599995],[137.7585642670001,-32.53042984499996],[137.75858102000007,-32.53047111199993],[137.75859076000006,-32.53051628199995],[137.7585901650001,-32.53055354799994],[137.75862413000004,-32.53061053699997],[137.75867237400007,-32.53067745599998],[137.75871906100008,-32.530739704999974],[137.75877664300003,-32.53079728599994],[137.7588528990001,-32.53086420599993],[137.75895306000007,-32.53089184099997],[137.75900488700006,-32.53087826799998],[137.75909461300012,-32.53088546799995],[137.75912971900004,-32.530893695999964],[137.75915945600002,-32.530906425999945],[137.759173873,-32.530914449999955],[137.75922108800012,-32.530959252999935],[137.7592486000001,-32.53100864199996],[137.75926521100007,-32.53105336599998],[137.75931960000003,-32.53124968299994],[137.75933586600001,-32.53128792199993],[137.75937501600004,-32.53135120099995],[137.75942797900007,-32.53156996399997],[137.75948515800007,-32.53177882499995],[137.75951716800012,-32.53193344699997],[137.75952394800004,-32.53199825699994],[137.75951605000012,-32.53204885499997],[137.75950020800008,-32.53210792699997],[137.7594878320001,-32.53214913599993],[137.7594631600001,-32.532205611999984],[137.75944810700003,-32.53223205099994],[137.75936312300007,-32.53233751999994],[137.7592918800001,-32.53241056599995],[137.75924806500007,-32.53248807299997],[137.75923198300006,-32.532551560999934],[137.75923162000004,-32.53256785399998],[137.759235557,-32.532701584999984],[137.7592737860001,-32.53280320599998],[137.75937078800007,-32.53289584299995],[137.75952957800007,-32.53300546099996],[137.75962178100008,-32.533255303999965],[137.75982111000008,-32.533543219999956],[137.7600653610001,-32.53375191499998],[137.75893471300003,-32.533754991999956],[137.73807511300004,-32.53399546199995],[137.7377515610001,-32.530578409999976],[137.73759791700002,-32.525551948999976],[137.73127228900012,-32.52352925799994],[137.7301859270001,-32.50149918499994],[137.73006530300006,-32.50136027499997],[137.7296394970001,-32.49041829799995],[137.72937379600012,-32.48331866999996],[137.73000088600008,-32.48325098799995],[137.73092583200003,-32.48321009199998],[137.73396620300002,-32.483149717999936],[137.73413799200011,-32.483287006999944],[137.73555705900003,-32.48330916699996],[137.73871791300007,-32.48328391599995],[137.73870833800004,-32.48307264599998],[137.73899582100012,-32.48306818999998],[137.74202115700007,-32.48302128699993],[137.7442183270001,-32.48298430699998],[137.74553500500008,-32.48294097199994],[137.74639333200003,-32.482855970999935],[137.746809997,-32.48278263799995],[137.74736682800005,-32.482647905999954],[137.74768736700003,-32.48255233799995],[137.74820333600007,-32.48237597499997],[137.74857666600008,-32.48222597199998],[137.74927500100011,-32.48188597999996],[137.74984973800008,-32.48158336399996],[137.7511317000001,-32.48090272799993],[137.7514893240001,-32.48072349499995],[137.75192288000005,-32.48056096899995],[137.75238420000005,-32.480463415999964],[137.75288535000004,-32.48040325599993],[137.75293680700008,-32.480404205999946],[137.75342732000001,-32.48041326499998],[137.7541150950001,-32.480551239999954],[137.7546172850001,-32.48073702399995],[137.75498416100004,-32.480925757999955]]]},"properties":{"School_Name":"Port Augusta West Primary School","ENTITY_CODE":355,"zoneType":"primary"}},{"type":"Feature","geometry":{"type":"Polygon","coordinates":[[[138.56376322000006,-35.029724415999965],[138.56377261600005,-35.02972712199994],[138.56377972300004,-35.02972701799996],[138.56379511300008,-35.029729517999954],[138.5638149230001,-35.029735218999974],[138.56383411500008,-35.029738119999934],[138.5638589250001,-35.02974371999994],[138.563881422,-35.02974801199997],[138.56390231900002,-35.02975182399996],[138.5639210160001,-35.029755216999945],[138.56394401900002,-35.02975902399993],[138.56396661400004,-35.02976331399998],[138.56398132100003,-35.02976080999997],[138.56399497100006,-35.02975681799995],[138.56400912300012,-35.02975292299993],[138.5640376230001,-35.029751715999964],[138.56406602200002,-35.02974551899996],[138.56408403300009,-35.02974441699996],[138.5641075110001,-35.02973651999997],[138.56412660700005,-35.02973042299993],[138.5641495110001,-35.02972382299998],[138.56417401400006,-35.02971461799996],[138.56418970900006,-35.029704522999964],[138.5642070120001,-35.02969262399995],[138.56422111300003,-35.02968162299993],[138.56423460500002,-35.02967292499994],[138.56426010000007,-35.029655918999936],[138.56427261300007,-35.02964991799996],[138.56429110500005,-35.02963891699994],[138.56431390700004,-35.02962922399996],[138.56433681300007,-35.02962401599996],[138.56435970600012,-35.02961522399994],[138.5643804120001,-35.02960821599993],[138.56439731400008,-35.02960082299995],[138.56441032100008,-35.02959482799997],[138.56442341600007,-35.02958881999996],[138.5644397110001,-35.02958052399998],[138.56446199700008,-35.02957351699996],[138.56448760600006,-35.02956102299993],[138.56450170900007,-35.02955282199997],[138.56453001300008,-35.02953851999996],[138.56455281500007,-35.02952880999993],[138.5645697120001,-35.02952321299995],[138.5645974140001,-35.02950981299995],[138.5646223990001,-35.02949870799995],[138.56463769800007,-35.02949180899998],[138.56466549900006,-35.02948470899997],[138.56468890300005,-35.02947630799997],[138.56470680500001,-35.029466207999974],[138.56473250400006,-35.02945920899998],[138.5647619010001,-35.029448911999964],[138.56479080300005,-35.02944190799997],[138.5648165010001,-35.02943571099996],[138.56483829400008,-35.02943010699994],[138.56487109600005,-35.02942341299996],[138.564898899,-35.02941770899997],[138.5649197040001,-35.02941570999997],[138.56493599500004,-35.029411410999955],[138.564958498,-35.02940980799997],[138.5649780990001,-35.02940510399998],[138.5649999860001,-35.02940350899996],[138.56501480500003,-35.02940110999998],[138.56503719600005,-35.02939810999993],[138.56505029400012,-35.02939818699997],[138.56507389700005,-35.029398612999955],[138.56509090100008,-35.02940030899998],[138.5651178050001,-35.02940310799994],[138.56514092500004,-35.02940648799995],[138.56516390800005,-35.02940980899996],[138.56518969700005,-35.02941271199995],[138.56520840400003,-35.02941611299997],[138.56522929800008,-35.02942310999998],[138.56525299800012,-35.029427306999935],[138.56527550500005,-35.02943430499994],[138.56529749600008,-35.02943721199995],[138.5653228010001,-35.02944420799997],[138.5653448050001,-35.02945070599998],[138.56536190200006,-35.029455008999946],[138.56537839700002,-35.02946070899998],[138.56540099200004,-35.029465810999966],[138.56542298600004,-35.02947369999998],[138.565442791,-35.02948119799993],[138.565464291,-35.029487202999974],[138.565486415,-35.02949557699998],[138.56550728500008,-35.029503406999936],[138.56552429200008,-35.029505996999944],[138.565540391,-35.02951439699996],[138.5655645920001,-35.02952450099997],[138.56557789200008,-35.02953290599993],[138.56558948600002,-35.029538198999944],[138.565607687,-35.02954919699994],[138.56562819300007,-35.02956160399998],[138.5656441870001,-35.02956820299994],[138.56566019600007,-35.029575197999975],[138.5656805960001,-35.02958359099995],[138.56570208900007,-35.02959239599994],[138.565716994,-35.02959899699994],[138.56573139400007,-35.029606902999944],[138.56575849500007,-35.029620601999966],[138.56577399100001,-35.02963040099996],[138.56579108500011,-35.02964229799994],[138.5658181870001,-35.029654695999966],[138.5658325930001,-35.029662196999936],[138.56584539200003,-35.02966993399997],[138.56586239000012,-35.02967990399998],[138.56588059400008,-35.02968909699996],[138.56590549300006,-35.02970099699996],[138.56592648700007,-35.02971160299995],[138.56594859200004,-35.029725808999956],[138.56596249100005,-35.029737403999945],[138.56597699400004,-35.02974980299996],[138.56599519400004,-35.02976269699997],[138.5660135930001,-35.02977700399998],[138.5660231720001,-35.02978702699994],[138.56603749400006,-35.02980149699994],[138.56606079000005,-35.02981969699994],[138.5660735900001,-35.02983260299993],[138.56608808500005,-35.02984780099996],[138.56610197600003,-35.02985889699994],[138.56611579000003,-35.029867803999934],[138.56613249100008,-35.029881099999955],[138.56614858900002,-35.029893598999934],[138.566162995,-35.02990330199998],[138.56618389000005,-35.029913902999965],[138.5662137930001,-35.02992799599997],[138.56622869300008,-35.02993959799994],[138.5662430870001,-35.02994709799998],[138.5662558900001,-35.02995870299998],[138.56626808500005,-35.029969395999956],[138.56628138500002,-35.02997780099997],[138.56629738800007,-35.02998439899994],[138.56649886600007,-35.03008512399998],[138.56707541900005,-35.03059474599996],[138.56719010900008,-35.03080284299995],[138.56722589800006,-35.03094705199993],[138.567216389,-35.03096471699996],[138.56720624000002,-35.03097629599995],[138.56714836900005,-35.03102915699998],[138.56709031900004,-35.031089651999935],[138.5669932410001,-35.03120341699997],[138.5669628380001,-35.03127996199993],[138.56695942400006,-35.03139560599993],[138.5669834240001,-35.03153486399998],[138.56706569000005,-35.03160594599996],[138.5671588900001,-35.03162324799996],[138.567337586,-35.03160373099996],[138.56741232800005,-35.03161290399993],[138.56751308200012,-35.031692041999975],[138.56756724900004,-35.03176252499998],[138.5676293580001,-35.03182421499997],[138.56771892300003,-35.031873692999966],[138.5678004130001,-35.03191616799995],[138.56785725400005,-35.03195127699996],[138.56792615100005,-35.031996928999945],[138.56799913400005,-35.03205660799995],[138.56811870400009,-35.03216829599995],[138.5681326030001,-35.03217899599997],[138.56814600000007,-35.032190096999955],[138.56815816000005,-35.032198532999985],[138.56816464300005,-35.03220321799995],[138.56817479500012,-35.03221099999996],[138.56818530100009,-35.032217602999935],[138.56819530300004,-35.032225600999936],[138.56820969500006,-35.03223359699996],[138.5682180130001,-35.03224340099996],[138.56823079700007,-35.03225369799998],[138.5682379970001,-35.032260805999954],[138.5682502950001,-35.032270998999934],[138.56826029600006,-35.032278986999984],[138.5682729990001,-35.032287001999975],[138.56828849900012,-35.03229770299998],[138.56830740500004,-35.03231230199998],[138.56831839500012,-35.03232030099997],[138.56832569800008,-35.03232749699998],[138.5683328980001,-35.03233460499996],[138.56834069900003,-35.032342202999985],[138.56835069600004,-35.03235059799994],[138.56835844300008,-35.032357357999956],[138.56836790300008,-35.03236580399994],[138.56838129800008,-35.032375496999975],[138.56839560100002,-35.03238260099994],[138.5684056030001,-35.03239280199995],[138.56841890300007,-35.03240170299995],[138.56843220200005,-35.03241009899995],[138.5684400010001,-35.03241949299996],[138.56846159500003,-35.032433296999955],[138.5684755000001,-35.03244389799994],[138.56848593600012,-35.032454358999985],[138.56849559800003,-35.03246440399994],[138.5685039980001,-35.03247649999997],[138.568513982,-35.032485418999954],[138.56852179600003,-35.03249250099998],[138.56853020500012,-35.03250510199996],[138.56854400300006,-35.03251169599997],[138.56855449500006,-35.03252150499998],[138.56856729800006,-35.032533100999956],[138.56858120100003,-35.03254419799998],[138.568597801,-35.03255439999998],[138.56861110400007,-35.03256369799993],[138.56862720000004,-35.03257339899994],[138.56863156400004,-35.03257737799993],[138.56863608700007,-35.032581499999935],[138.56864834600003,-35.032588776999944],[138.56866480200006,-35.032599596999944],[138.56868309900005,-35.03261160499994],[138.56869749700002,-35.03261999699998],[138.5687162040001,-35.03262609799998],[138.56873219600004,-35.03263180199997],[138.56874651600003,-35.03263660299996],[138.56876580300002,-35.03264129699994],[138.56878060100007,-35.03264250299998],[138.56879819800008,-35.03264500399996],[138.568817297,-35.032643905999976],[138.5688309950001,-35.032641998999964],[138.56884410200007,-35.03264230199994],[138.5688541400001,-35.032639717999984],[138.56885889800003,-35.03263849599995],[138.56887260500002,-35.03263789799996],[138.5688910990001,-35.03263459699997],[138.56890859800012,-35.03263030299996],[138.56892170300011,-35.03262700299996],[138.56893320000006,-35.03262548899994],[138.56894690000001,-35.03262580299997],[138.568960499,-35.03262389799994],[138.56897139500006,-35.03261970199998],[138.56899000500005,-35.032614104999936],[138.56901009800004,-35.03260799699996],[138.56903250000005,-35.03260279999995],[138.56905050000012,-35.03259539599998],[138.56907389600008,-35.032587897999974],[138.5690923960001,-35.03258230399996],[138.56910710400007,-35.03257219899996],[138.56912889500006,-35.03256519699994],[138.5691413950001,-35.03256240099995],[138.56914401000006,-35.032561129999976],[138.56915769500006,-35.032554500999936],[138.56917189400008,-35.032550295999954],[138.56918979700004,-35.03254020399993],[138.56921160000002,-35.03253320099998],[138.56923069700008,-35.03252720199998],[138.56924699700005,-35.03251979799995],[138.56926389800003,-35.03251510399997],[138.56927710200011,-35.03251399599998],[138.56929070500007,-35.03250889499998],[138.5693037000001,-35.032503394999935],[138.5693183950001,-35.03249869899997],[138.56933083900003,-35.03249261899998],[138.56934349900007,-35.03248619799996],[138.56936030100007,-35.03247929699995],[138.56937609700003,-35.032470099999955],[138.569389096,-35.03246139699996],[138.56940539700008,-35.032452700999954],[138.5694168020001,-35.03244889699994],[138.56942770600006,-35.032443797999974],[138.56943857900012,-35.03243799499995],[138.56946459900007,-35.03242450399995],[138.56948470200007,-35.03241480299994],[138.56950209600006,-35.03240520199995],[138.56951290100005,-35.03239599799997],[138.56952328600005,-35.03239139999994],[138.56953909900005,-35.032387195999945],[138.56955260200004,-35.03237799999994],[138.56956509000008,-35.03237380499996],[138.56957870500003,-35.03236599599995],[138.5695951040001,-35.032362208999984],[138.5696109050001,-35.03235659799998],[138.56962729500003,-35.03235150399996],[138.56964630400012,-35.032344096999964],[138.56966820000002,-35.03234159699997],[138.56968669600008,-35.032335098999965],[138.56970529800003,-35.032335803999956],[138.56971840100005,-35.03233250399995],[138.5697326930001,-35.032332801999985],[138.5697502050001,-35.03233209999996],[138.56976770200004,-35.03233240999998],[138.56978310500006,-35.03233359799998],[138.56979679800008,-35.03233209699994],[138.5698142990001,-35.032332803999964],[138.56983680200005,-35.03233340199995],[138.56985320100011,-35.032334995999975],[138.5698696920001,-35.03233759899996],[138.569885203,-35.032344200999944],[138.5699001170001,-35.03234987199994],[138.56992489800007,-35.03236400399993],[138.5699382990001,-35.03237599999994],[138.56995490000008,-35.03238760199997],[138.5699683030001,-35.032399098999974],[138.56997499500005,-35.03241349799998],[138.569987297,-35.03242599999993],[138.5699962010001,-35.03243670099994],[138.57000251600005,-35.03244880799997],[138.5700075000001,-35.032457302999944],[138.570014398,-35.03247299599997],[138.5700255050001,-35.03248690399994],[138.57003070300004,-35.03249989899996],[138.57004139600008,-35.03252099599996],[138.57005210300008,-35.03253530199993],[138.57006120500012,-35.03255860099995],[138.57006698600003,-35.03257570599993],[138.57007270600002,-35.03259270299998],[138.57008030200006,-35.03261699899997],[138.57008660300005,-35.03263860399994],[138.5700913080001,-35.03265789499994],[138.57009221300007,-35.03268039699998],[138.5700958970001,-35.03270109699997],[138.57010560300012,-35.03272630199996],[138.57010859500008,-35.032739797999966],[138.5701143020001,-35.03275590299995],[138.5701156990001,-35.03277619599993],[138.57011759500006,-35.03279280099997],[138.57011629900012,-35.03281269699994],[138.57011880000005,-35.03283069599996],[138.5701223960001,-35.03285190299994],[138.5701243960001,-35.03287349899995],[138.57012729400003,-35.03288609599997],[138.5701260950001,-35.032909502999985],[138.5701285010001,-35.03292569699994],[138.57013379700004,-35.03294549599997],[138.570136799,-35.032961203999946],[138.57013660400003,-35.03298419499998],[138.57013629800008,-35.03300140199997],[138.57013549400006,-35.03301799999997],[138.5701341020001,-35.03303200499994],[138.57014039900002,-35.03304910399993],[138.570146098,-35.033063898999956],[138.57015190900006,-35.03308009999995],[138.57015500300008,-35.033104400999946],[138.57015630600006,-35.03311740199996],[138.57015490300012,-35.033131397999966],[138.57015079600012,-35.03314909699998],[138.5701517010001,-35.03316889699994],[138.5701507980001,-35.03318330399998],[138.57014440500006,-35.033195999999975],[138.57014260300002,-35.033218096999974],[138.57014299700006,-35.033240699999965],[138.57014440300009,-35.033259602999976],[138.5701424990001,-35.03327939899998],[138.57013560000007,-35.03329619899995],[138.57013429500012,-35.03331559999998],[138.57013372100005,-35.03332589799993],[138.5701328680001,-35.033342398999935],[138.57013271200003,-35.033344505999935],[138.5701318020001,-35.033361999999954],[138.57013088000008,-35.03337919499995],[138.57012910000003,-35.03339990099994],[138.57012853100002,-35.03342070699995],[138.57012843300004,-35.03342290399996],[138.5701279970001,-35.03343199899996],[138.5701316950001,-35.03344290299998],[138.57013567400008,-35.033483186999945],[138.5701489050001,-35.03361738299998],[138.57015799300007,-35.03363127399996],[138.570161793,-35.033637091999935],[138.57016376700005,-35.03365780399997],[138.57016453500012,-35.03367088299996],[138.570166964,-35.03368572199997],[138.5701687940001,-35.033697407999966],[138.57016899500002,-35.03371005199995],[138.57017145600003,-35.03372622599994],[138.57017277900002,-35.03373974099998],[138.5701745990001,-35.03375142899995],[138.57017538700006,-35.03376585399997],[138.57018113000004,-35.03378201899994],[138.57018513700007,-35.033793249999974],[138.57018752400006,-35.03380539199998],[138.57019208100007,-35.03381662399994],[138.57019556600005,-35.033828771999936],[138.57020343500005,-35.03383994199993],[138.57020717600005,-35.03386828799995],[138.57021175600005,-35.033880386999954],[138.57021415300005,-35.03389302499994],[138.5702203630001,-35.03390418599997],[138.57022662500003,-35.03391854199998],[138.5702350360001,-35.033931990999974],[138.57024563800007,-35.03394315899993],[138.57025021800007,-35.03395524999996],[138.570266908,-35.03397040599998],[138.57027864100007,-35.03398378199995],[138.57028543400008,-35.03399906299995],[138.57030765500008,-35.034017741999946],[138.57031991600002,-35.03402978699995],[138.57033102600008,-35.03404047099997],[138.57034215500005,-35.034050272999934],[138.5703543620001,-35.03405959999998],[138.57037711400005,-35.034076469999945],[138.57038765700008,-35.03408670999994],[138.5703977270001,-35.034098315999984],[138.57040946000006,-35.03410661399994],[138.5704226590001,-35.03411564999993],[138.5704381700001,-35.034126277999974],[138.57046352700002,-35.03413728899994],[138.57048228600001,-35.03414519299997],[138.57049834000009,-35.03415491299995],[138.57051875000002,-35.03416324999995],[138.57053634400006,-35.03416758399993],[138.57055404000005,-35.03417775599996],[138.57058166500008,-35.03419188399994],[138.57059769800003,-35.034201639999935],[138.5706214170001,-35.03421171999997],[138.57064625200007,-35.03422224899998],[138.5706699530001,-35.034231922999936],[138.57069201700006,-35.034240703999956],[138.57071030600002,-35.03425356799994],[138.5707367870001,-35.034265440999945],[138.5707500740001,-35.03427297099995],[138.570772131,-35.03428262699998],[138.57079373200008,-35.03429682799998],[138.57081638600005,-35.03430963499994],[138.57084014100008,-35.03432063699995],[138.57087219000005,-35.03433832699994],[138.57089652000002,-35.03435160499998],[138.5709295590001,-35.03436252399996],[138.5709642480001,-35.03437384099993],[138.57098407900003,-35.03437949499994],[138.57099400000004,-35.03438437199998],[138.57100006400003,-35.03438746499995],[138.57101721800007,-35.03439670299997],[138.57104211400008,-35.03441039899997],[138.57107300500002,-35.03442356199997],[138.57112533200007,-35.03444192799998],[138.57116997200012,-35.03445857099996],[138.57119860000012,-35.03446819299995],[138.57122556500008,-35.03447464599998],[138.57124212200006,-35.03448213099995],[138.57126911900002,-35.034491291999984],[138.5712988990001,-35.034503573999984],[138.5713270130001,-35.03451406499994],[138.57135237600005,-35.03452461499995],[138.5713744830001,-35.034536112999945],[138.57139713000004,-35.034548478999966],[138.57142144300008,-35.03455994199993],[138.57144517400002,-35.03457141299998],[138.57146113800002,-35.03457616099996],[138.57148760500002,-35.034587149999936],[138.57150859,-35.034597746999964],[138.57153291500003,-35.034611439999935],[138.57155452400002,-35.03462472699994],[138.57157820100008,-35.034633492999944],[138.57160911800008,-35.03464758299998],[138.57163337200006,-35.034656773999984],[138.57165538900006,-35.03466329699995],[138.57167304000006,-35.03467123099995],[138.57170387500003,-35.034679439999934],[138.57173301500006,-35.03468678899998],[138.5717545550001,-35.034696449999956],[138.57177765500012,-35.03470342399993],[138.5717991240001,-35.03470859099997],[138.57182224500002,-35.03471689099996],[138.5718371270001,-35.034719732999974],[138.5718524770001,-35.034722432999956],[138.57187281400002,-35.034726700999954],[138.57188886100005,-35.034736013999975],[138.57191582200005,-35.03474426399998],[138.57193678500005,-35.03475214399998],[138.5719544110001,-35.03475781299994],[138.57196865900005,-35.03475947399994],[138.5719824150001,-35.034761997999965],[138.57199672500008,-35.03476682699994],[138.57201001900012,-35.03477614499997],[138.57201952700007,-35.03478820699996],[138.57203175200004,-35.03479798699993],[138.57204011200008,-35.034806886999945],[138.57204740300006,-35.03481676399997],[138.57207277500004,-35.03482864099993],[138.57208497300007,-35.03483663299994],[138.5721048470001,-35.034847196999976],[138.57213024600003,-35.03485865799996],[138.57215402500003,-35.034872382999936],[138.5721673590001,-35.03488349599996],[138.57217572000002,-35.034892422999974],[138.57218686500005,-35.03490401899995],[138.57219037000004,-35.03490979099996],[138.5721969970001,-35.03492011099996],[138.5722081670001,-35.03493396299996],[138.5722121970001,-35.034946538999975],[138.572217313,-35.03495640299997],[138.57222131800006,-35.03496810299998],[138.57222318200002,-35.034981132999974],[138.5722283340001,-35.03499460699993],[138.57223288600005,-35.035006291999935],[138.57223526000007,-35.03501616699998],[138.5722376760001,-35.03503012199997],[138.5722379220001,-35.03504499299993],[138.5722506940001,-35.03505658199998],[138.57225583100012,-35.03506915299994],[138.57225606300005,-35.03508309499995],[138.57226116800007,-35.03509432299995],[138.57226084800004,-35.03510875799998],[138.57225995200008,-35.03512001399997],[138.57225579800001,-35.03513493299994],[138.5722489210001,-35.03514897799994],[138.57224205600005,-35.03516441399995],[138.57223621000003,-35.03517573099998],[138.57223205100001,-35.03519019799995],[138.57223068000008,-35.03520690199997],[138.57222482600002,-35.035216875999936],[138.57221302800008,-35.035232769999936],[138.57220556900006,-35.03524681299996],[138.57219217800002,-35.035257058999946],[138.5721911610001,-35.03525787499996],[138.57218251400002,-35.03527018199998],[138.57217704700008,-35.035277795999946],[138.57216845300002,-35.03528733899998],[138.57215654900006,-35.03529650999997],[138.57214902200008,-35.03530561799994],[138.57213993800008,-35.03531964999996],[138.57213293300003,-35.03532695399997],[138.57211883800005,-35.03533701599997],[138.57210261000012,-35.03534891399994],[138.5720873020001,-35.03535090199995],[138.57207260200005,-35.035356030999935],[138.5720595350001,-35.03536110899995],[138.5720475500001,-35.03536576799996],[138.57203233600012,-35.03537447999997],[138.57201824900005,-35.035383673999945],[138.57200309000007,-35.035393745999954],[138.57198625800004,-35.035404297999946],[138.57197055400002,-35.03541527899995],[138.5719444240001,-35.03542550599997],[138.57192331200008,-35.03544149099997],[138.5719054000001,-35.03545024699997],[138.5718907490001,-35.03545989199995],[138.57187389900002,-35.03546776199994],[138.5718581640001,-35.03547690999994],[138.57184508900002,-35.035482042999945],[138.57182769400004,-35.03549031599994],[138.57181350000008,-35.03549275299997],[138.57180538400007,-35.03550164999996],[138.57180435500004,-35.035502778999955],[138.57179458400003,-35.035508741999934],[138.57177778200003,-35.03551974299995],[138.57176685500008,-35.03552208899998],[138.57174288800002,-35.035530939999944],[138.57172222400004,-35.03553927499996],[138.5716976330001,-35.03554405999995],[138.5716829270001,-35.03554873899998],[138.5716654360001,-35.035551606999945],[138.57164796400002,-35.03555496399997],[138.57163169000012,-35.03556461399995],[138.5716174800001,-35.03557137399997],[138.5715990550001,-35.03557983899998],[138.57158384900004,-35.03558766499998],[138.57157083900006,-35.03559637799998],[138.57155455100008,-35.03560513599996],[138.57153765600003,-35.03561025399995],[138.57151912300003,-35.03561586799998],[138.57149891900008,-35.03562060699994],[138.57147925300012,-35.03562398599996],[138.57145960700007,-35.03562869999996],[138.57143883700007,-35.03563161999995],[138.57142077100002,-35.03563273599997],[138.57140446200003,-35.03564013099998],[138.57138376300009,-35.03564758199997],[138.57136302000004,-35.03565228999997],[138.57134336900003,-35.035656589999974],[138.57132435900007,-35.03566670399994],[138.5713036630001,-35.03567368599994],[138.57128954200005,-35.035681490999934],[138.57127319300002,-35.03568711699995],[138.57125635300008,-35.03569495199997],[138.5712416670001,-35.035702329999936],[138.57122753700003,-35.035706621999964],[138.57121333100008,-35.035711198999934],[138.5711996550001,-35.035713140999974],[138.57118332400012,-35.03571919099994],[138.5711642110001,-35.03572212199998],[138.57113745800007,-35.03572915099994],[138.57112160000008,-35.035731117999944],[138.57109053400006,-35.03574092799994],[138.57106158400006,-35.03574485699994],[138.57104076100006,-35.03574511599993],[138.57101558300008,-35.03574625199997],[138.5709948020001,-35.03574921899997],[138.57097185500004,-35.03575259699994],[138.57095548600012,-35.03575639099995],[138.57092657500004,-35.03576348699994],[138.57090530200003,-35.03577002499998],[138.57087639000008,-35.03577710299993],[138.57084856500012,-35.03578505699994],[138.57083393800008,-35.03579469899995],[138.57081548300005,-35.03580527599996],[138.57079585500003,-35.03581178699994],[138.5707725630001,-35.03582737099998],[138.57074922100003,-35.035841140999935],[138.5707291010001,-35.035849036999934],[138.570707856,-35.035857378999935],[138.57068665000008,-35.03586752599995],[138.5706687700001,-35.03587898999996],[138.57065472500005,-35.035892227999966],[138.57064131100003,-35.03590859099995],[138.570630649,-35.035927640999944],[138.5706204710001,-35.03594173199997],[138.57061480800007,-35.03596387699997],[138.57061061500008,-35.03597699199997],[138.57060817,-35.03599369699998],[138.57060948100002,-35.03600721199996],[138.5706080640001,-35.03602164999995],[138.5706061090001,-35.03603610299996],[138.57060608400002,-35.036052128999984],[138.57060711500003,-35.036063845999934],[138.57060924300004,-35.03607827999997],[138.5706108060001,-35.03609450599998],[138.57061018100012,-35.03611116999997],[138.57061171200007,-35.03613507099993],[138.5706121720001,-35.036155786999984],[138.57061532300008,-35.03618419399993],[138.57062070400002,-35.03620584199996],[138.57062826900005,-35.03622882899998],[138.57063367500007,-35.036246431999984],[138.57063906300004,-35.03625951999993],[138.5706455510001,-35.03627890799993],[138.5706542270001,-35.03629651099993],[138.5706629350001,-35.03630914799993],[138.5706744050001,-35.036322251999934],[138.5706847230001,-35.03633399699993],[138.57069453500003,-35.03634215399995],[138.5707076540001,-35.03635120399997],[138.57072568700005,-35.03635937299998],[138.57073877800008,-35.03636661799993],[138.57075735800004,-35.036378842999966],[138.57077321200006,-35.03638655499998],[138.57079998100005,-35.03640015399998],[138.5708256790001,-35.03641058699998],[138.5708551990001,-35.03641969699993],[138.57090006600004,-35.03642750399996],[138.57092303000002,-35.03643568199993],[138.57095474100004,-35.036446601999955],[138.57098318900012,-35.03645389899998],[138.5710077980001,-35.03646343099996],[138.57104006200007,-35.03647253899993],[138.57108272300002,-35.036483042999976],[138.57111064100002,-35.03648807899998],[138.57115003400008,-35.03649542199997],[138.5711806800001,-35.03649866899997],[138.5712233600001,-35.036505561999945],[138.57126716000005,-35.03650839599993],[138.57131862800009,-35.03651216999998],[138.57135366500006,-35.03651678699998],[138.5713886850001,-35.036523210999974],[138.5714242370001,-35.03652916799996],[138.5714707310001,-35.03654194199993],[138.5715024210001,-35.03656050899997],[138.57153029100004,-35.03657501699996],[138.57157017600002,-35.03659180799997],[138.57159364400002,-35.03660900899996],[138.5716165990001,-35.03662078899998],[138.57164935900005,-35.03664116699997],[138.57166352500008,-35.03665879499994],[138.57169024100006,-35.036682749999954],[138.5717032760001,-35.036705317999974],[138.57171470900005,-35.03672292799996],[138.57172446800007,-35.036743688999934],[138.57173039600002,-35.036763081999936],[138.57173519800006,-35.03678832999998],[138.57174164200012,-35.036818091999976],[138.57174262400008,-35.03684062599996],[138.57174037100003,-35.03685638699994],[138.57173755500003,-35.03687125199997],[138.57173390600008,-35.036883916999955],[138.57172976100003,-35.036899612999946],[138.57172477900008,-35.03691357099996],[138.57172195300006,-35.03693338299996],[138.57171310500007,-35.03695273699998],[138.57170534700003,-35.03697028099998],[138.57169702900012,-35.03699053199995],[138.57168764300002,-35.03700988199995],[138.57167989000004,-35.037026983999965],[138.57166226000004,-35.03705126199998],[138.57165231300007,-35.037070589999985],[138.57164398800012,-35.03709175299997],[138.57162691100007,-35.037115582999945],[138.57161641300002,-35.037136731999965],[138.57160319500008,-35.03715199699997],[138.5715899500001,-35.03717089199995],[138.57157619200007,-35.03718750699994],[138.5715640630001,-35.037205504999974],[138.57154478500001,-35.037226172999965],[138.57153212800006,-35.03724280399996],[138.57152228000007,-35.037253163999935],[138.57149910400005,-35.03727785399997],[138.57148098400012,-35.03729130299996],[138.57144526800005,-35.03731101699998],[138.57142110900008,-35.03732851099994],[138.57139413400012,-35.03735592299995],[138.57134850500006,-35.03739362799996],[138.57132486400008,-35.037416091999944],[138.57130175600003,-35.03743899299997],[138.57127536000007,-35.037460076999935],[138.57126215100004,-35.037474465999935],[138.57124565300012,-35.03749109299997],[138.57123187600007,-35.03750635499995],[138.57122032100006,-35.03751848799993],[138.5711923140001,-35.03753688199998],[138.57117308400007,-35.03755168799995],[138.57115371400005,-35.03756589599993],[138.57115147500008,-35.03756736099996],[138.57114341400006,-35.037571868999976],[138.57112855700007,-35.03758399199995],[138.57111372000008,-35.037594758999944],[138.57110109500002,-35.03760373299997],[138.5710944750001,-35.037615433999974],[138.57108619200005,-35.03762755699995],[138.57107351800005,-35.03764240099997],[138.5710646980001,-35.03765453999995],[138.57105915600005,-35.03766848599997],[138.5710470140001,-35.037694140999974],[138.57103819100007,-35.03770672099995],[138.5710238570001,-35.03772424599998],[138.57100730900004,-35.037754389999975],[138.57100176500012,-35.03776968899996],[138.57099728700007,-35.037786349999976],[138.57099556600008,-35.03780391199996],[138.57100095300007,-35.03782376299995],[138.57100308400004,-35.037837724999974],[138.57100467500004,-35.037849463999976],[138.57101389600007,-35.037865255999975],[138.5710264500001,-35.03787476399998],[138.57103845500012,-35.03788830499997],[138.571053709,-35.03790322899994],[138.57107501300004,-35.037915468999984],[138.57109796300006,-35.03792634699994],[138.5711105370001,-35.03793494299998],[138.57112852600005,-35.03794717399995],[138.57114217100002,-35.03796028199997],[138.57115578100002,-35.03797473599997],[138.5711765310001,-35.03798877899993],[138.57119783100006,-35.038004169999965],[138.57122898500006,-35.03801732499994],[138.57127601700006,-35.03802873899997],[138.57131431000005,-35.03803787299995],[138.57136247100004,-35.03804702499997],[138.5714100770001,-35.038055751999934],[138.5714571210001,-35.03806714899997],[138.5714806430001,-35.03807533799994],[138.57151178800007,-35.03808714899998],[138.57153639500007,-35.038095795999936],[138.5715768970001,-35.038101780999966],[138.57161519800002,-35.03811000199994],[138.57166990000007,-35.03812594799996],[138.57170053100003,-35.038131000999954],[138.57175192700004,-35.03814829099997],[138.57179021500008,-35.038159220999944],[138.57182958900012,-35.038171501999955],[138.57185696300007,-35.03817474799996],[138.57188540700008,-35.03818160299994],[138.57191765100004,-35.03819565799995],[138.57195100600006,-35.03820703799994],[138.57198165800003,-35.03821208199997],[138.57200955500002,-35.03821712699994],[138.5720369060001,-35.03822578099994],[138.57206533200008,-35.03823712399998],[138.57209870400004,-35.03824759199995],[138.5721227360001,-35.03825804199994],[138.57215502500003,-35.038263094999934],[138.5721851180001,-35.03826948999995],[138.5722201630001,-35.03827321299997],[138.57224860500003,-35.03827734999993],[138.5722787210001,-35.03828105399998],[138.57230825700003,-35.03828834799998],[138.57234161600002,-35.038296568999954],[138.57238159000008,-35.03830164699997],[138.57239853400006,-35.038307559999964],[138.5724209760001,-35.038312591999954],[138.57244229200012,-35.03831940499998],[138.57245813500003,-35.03832577299994],[138.57249754500003,-35.03833130099997],[138.5725249420001,-35.038333189999946],[138.57254459800004,-35.03834045699995],[138.57258072500008,-35.03834325699995],[138.57261139000002,-35.03834832699994],[138.5726354520001,-35.03835381099998],[138.57267052100008,-35.03835346999995],[138.57270388000006,-35.038360325999975],[138.57272576600008,-35.03836491299995],[138.57275478400004,-35.038368600999945],[138.57278656000005,-35.03836555199996],[138.57281995800008,-35.03836654799994],[138.5728534120001,-35.03835990599998],[138.57288187300003,-35.038360430999944],[138.57292731500002,-35.03836417799994],[138.5729755010001,-35.03836524099995],[138.57301492700003,-35.038366261999954],[138.5730494610001,-35.03836320999994],[138.57307740500005,-35.03835743999997],[138.57310372000006,-35.03834850699997],[138.57313502300008,-35.03833507999997],[138.57317776000002,-35.038328915999955],[138.57322761800003,-35.03832320699996],[138.57326106100004,-35.03831384699998],[138.57329999700005,-35.03830270299994],[138.57334169500007,-35.03828842299998],[138.57338120000009,-35.038273670999956],[138.5734157600001,-35.038259359999984],[138.57344377200002,-35.038240522999956],[138.5734668550001,-35.038225721999936],[138.57349756500003,-35.03821365399995],[138.5735283020001,-35.038199781999936],[138.57354974500004,-35.03818002199995],[138.57359034400008,-35.03816437299997],[138.57362928300006,-35.038154591999955],[138.57366552100007,-35.038136677999944],[138.57369190500003,-35.03811422999996],[138.5737138930001,-35.03809763299995],[138.5737523040001,-35.03808105799993],[138.57379236000008,-35.038062271999934],[138.57381924700007,-35.03804792699998],[138.57385985500002,-35.038036330999944],[138.57389659800003,-35.03802519299995],[138.57393774700006,-35.03800550099993],[138.57395589400005,-35.03799112199994],[138.57398281700011,-35.03797138599998],[138.57400099300003,-35.03795117299995],[138.57401090500002,-35.03793452699995],[138.5740279590001,-35.03791970799995],[138.57403792800005,-35.03789766199998],[138.57405061500003,-35.03787741899998],[138.57405943600008,-35.03786528899997],[138.57407430700005,-35.03784505799996],[138.57408313500002,-35.037832014999935],[138.57410241900004,-35.03780278099998],[138.57412499800012,-35.037777165999955],[138.57416401800003,-35.037747097999954],[138.57418604500003,-35.03772598599994],[138.5742245360001,-35.03769231999996],[138.57428820300004,-35.037660983999956],[138.5743255000001,-35.03764621899995],[138.574381463,-35.037626114999966],[138.574421518,-35.037608674999944],[138.5744648430001,-35.03759664399996],[138.57450158200004,-35.03758547799998],[138.574549788,-35.03758158399995],[138.57458046200009,-35.03757897999998],[138.57462535800005,-35.03758089899998],[138.5746571200001,-35.03758596599994],[138.57469102100004,-35.03759509199995],[138.57474190000005,-35.03760605599996],[138.57478897300007,-35.03761296299996],[138.57483766400003,-35.03762437699993],[138.5748825070001,-35.03763892699993],[138.5749213460001,-35.03764581399997],[138.57495580600005,-35.03765493399993],[138.5749946620001,-35.03766496199995],[138.57504279700004,-35.03767728499997],[138.5750996810001,-35.03768961999998],[138.57512978500006,-35.03769466899996],[138.5751669970001,-35.037700651999955],[138.57519654700002,-35.03770478599995],[138.5752414530001,-35.03770673199995],[138.5753011270001,-35.03771007199998],[138.57534165900006,-35.03770884299996],[138.57538001800003,-35.03770760799995],[138.57544190400006,-35.03770734099993],[138.5754999610001,-35.03770574199996],[138.57554815100002,-35.03770498899996],[138.5755936050001,-35.03770467299995],[138.57563356200012,-35.037707953999984],[138.57569329000012,-35.037704530999974],[138.57571738500008,-35.037701003999985],[138.5757601240001,-35.03770113099995],[138.575811046,-35.03770309399994],[138.57584335800004,-35.03770003799997],[138.57588445500005,-35.037697012999956],[138.57592442400005,-35.03769487699998],[138.57598463600004,-35.03770182399995],[138.57601310100006,-35.03770731299994],[138.57605968400003,-35.037699345999954],[138.57608982600004,-35.037695843999984],[138.57612545300003,-35.037691894999966],[138.5761824340001,-35.03768486299998],[138.57621696,-35.03767865899994],[138.57625478600005,-35.03767156199996],[138.57628981300002,-35.03767483299998],[138.5763073590001,-35.037671727999964],[138.57633910800007,-35.03767181999996],[138.57636282900012,-35.03768132099998],[138.57662103500002,-35.037742666999975],[138.57689532100005,-35.03784349699998],[138.57720653100012,-35.03765942199993],[138.57744246700008,-35.037406543999964],[138.57772887500005,-35.03717744299996],[138.57797030300003,-35.03692905599996],[138.578068174,-35.036861872999964],[138.57829721300004,-35.036753921999946],[138.57830772400007,-35.03674893999994],[138.57831964000002,-35.036743369999954],[138.5783387350001,-35.03673863399996],[138.5783550760001,-35.03673390899996],[138.5783703520001,-35.03673055799993],[138.57839545900003,-35.03672573899996],[138.5784189530001,-35.03672229099993],[138.57844025100007,-35.03671884899995],[138.57847087900006,-35.03671620899996],[138.57849058800002,-35.03671551799994],[138.57852016000004,-35.036714693999954],[138.57856074400001,-35.03671643299998],[138.57860075400004,-35.03671862799996],[138.57865460100004,-35.03672696499996],[138.57869852400006,-35.036732266999934],[138.57874471600007,-35.03674158899997],[138.57878104600002,-35.03675105499997],[138.5788129670001,-35.036759211999936],[138.57884547700007,-35.03676871699997],[138.5788741240001,-35.03677737099997],[138.5788951410001,-35.036787920999984],[138.578928431,-35.03681046799994],[138.57896162100008,-35.036828087999936],[138.57898704100012,-35.036839493999935],[138.57902128400008,-35.03685437799993],[138.5790411260001,-35.036861338999984],[138.57905932300002,-35.036867865999966],[138.57907971500003,-35.03687347599998],[138.57911116500009,-35.03688659599993],[138.57913381700007,-35.03689578299998],[138.57917301600003,-35.03691240799998],[138.57919624900012,-35.03692427899995],[138.5792183090001,-35.03693211999996],[138.57923213100003,-35.036938721999945],[138.57924761100003,-35.03694617299993],[138.57926974100008,-35.03695761399996],[138.57928899800004,-35.036962323999944],[138.57932208300008,-35.03697406999993],[138.57935671600012,-35.03698040299997],[138.5793969020001,-35.03699070999994],[138.57941721400005,-35.036993595999945],[138.57943481200004,-35.03699608699998],[138.57944797000005,-35.036996801999976],[138.57947702900003,-35.03699825799998],[138.57949287400004,-35.036996245999944],[138.57951859800005,-35.03699502199993],[138.57953934900002,-35.03699160399998],[138.579554174,-35.03699231899998],[138.57956675100002,-35.03699171299996],[138.57959469000002,-35.03699180999996],[138.57961881200004,-35.03699331799993],[138.57963194400008,-35.03699177799996],[138.57965056900002,-35.03699199199997],[138.57966426100006,-35.03699182699995],[138.57968402400002,-35.03699381699994],[138.5797048830001,-35.03699581999996],[138.57972132700002,-35.03699695199998],[138.5797553660001,-35.037001042999975],[138.57976412900007,-35.037000631999945],[138.57977051500006,-35.03700051299995],[138.57977999500008,-35.03700051499993],[138.57979646,-35.03700096099993],[138.579817315,-35.03700341699994],[138.57983050500002,-35.03700548599994],[138.57987825300006,-35.037009834999935],[138.57992701800003,-35.03701108799993],[138.5799450610001,-35.03700854699997],[138.57998238000005,-35.037012594999965],[138.58001039500004,-35.037016740999945],[138.5800252560001,-35.03701970399993],[138.58004502500012,-35.03702216299996],[138.58008347800012,-35.03702842599995],[138.58009777400002,-35.037030509999965],[138.58014125400007,-35.037041665999936],[138.5801754570001,-35.03705476299996],[138.58021517200007,-35.03706866699997],[138.5802356380001,-35.03707969199996],[138.58025174500006,-35.037091214999975],[138.580285537,-35.03711150999993],[138.58029674500006,-35.037124881999944],[138.5803201340001,-35.037144430999945],[138.5803400650001,-35.03715633699994],[138.58036403100004,-35.03717767599994],[138.58037148200003,-35.03718737799994],[138.5803836550001,-35.03720267199998],[138.5804031670001,-35.03721998899994],[138.58041212700005,-35.03723069599994],[138.58041956500006,-35.037247727999954],[138.5804329670001,-35.03726109399997],[138.58044810700005,-35.03727937799994],[138.58045856,-35.03731079099998],[138.58046596400004,-35.037326468999936],[138.5804716880001,-35.03733992799994],[138.58047947600005,-35.03737408599994],[138.58048506400007,-35.03741006399997],[138.5804847180001,-35.03745019399997],[138.58048049700005,-35.03748140099998],[138.5804803100001,-35.03748328499995],[138.5804801370001,-35.03749803299996],[138.5804762670001,-35.037525122999966],[138.58047908100002,-35.03755844099993],[138.58047409900007,-35.03758464099997],[138.5804699890001,-35.03762887399995],[138.58047406800006,-35.03767073399996],[138.5804784280001,-35.03769907199995],[138.5804870080001,-35.03771834799994],[138.58049610000012,-35.03773581299998],[138.5805107100001,-35.037755456999946],[138.58052077600007,-35.03776660199998],[138.5805302760001,-35.03777594999997],[138.58055457400008,-35.037786463999964],[138.580566674,-35.03779226299997],[138.5805833170001,-35.03780052399998],[138.58059938700012,-35.037809780999964],[138.5806148380001,-35.03781589699997],[138.5806324450001,-35.03781972199994],[138.58064897300005,-35.03782401999996],[138.58067273300003,-35.037835893999954],[138.58070962600004,-35.03784623599995],[138.5807607490001,-35.03785506199995],[138.58079969300002,-35.03785771899993],[138.58083035100003,-35.03785688399995],[138.58086710400005,-35.037859122999976],[138.58089119500005,-35.03785880799995],[138.58092682300003,-35.037859271999935],[138.58095581100008,-35.03785709099998],[138.5809940800001,-35.03785255399998],[138.58104436300005,-35.037846496999975],[138.58108369600006,-35.03784060299995],[138.5811120840001,-35.03783572999998],[138.58113652800012,-35.03782505099997],[138.58118118000004,-35.037810056999945],[138.58122417000004,-35.037794636999934],[138.58125514800008,-35.03778163099997],[138.5812891910001,-35.03775640799995],[138.58131455700004,-35.037736251999945],[138.58132356200008,-35.03771945799997],[138.58136611400005,-35.037681506999945],[138.58143897500008,-35.03762288699994],[138.58146382600012,-35.037604097999974],[138.58149247000006,-35.03758300399994],[138.5815215760001,-35.037557842999945],[138.58155426400003,-35.03751866399995],[138.5815843160001,-35.03748536899997],[138.58160477500007,-35.03746572599994],[138.58163970600003,-35.03743014099996],[138.58165201200006,-35.037414646999935],[138.58167614500007,-35.03738730099997],[138.5817194880001,-35.03736105699994],[138.5817714740001,-35.03732840199996],[138.5817985000001,-35.03730913099997],[138.58185620200004,-35.03728945399996],[138.58189763300004,-35.037278121999975],[138.58194624300006,-35.037271189999956],[138.58198441800005,-35.03726214999995],[138.58205491400008,-35.037252688999956],[138.58209877100012,-35.037253928999974],[138.5821442030001,-35.037252002999935],[138.58218346,-35.03724203999997],[138.5822253440001,-35.03722618199998],[138.58227156300006,-35.03720755799998],[138.58232756600012,-35.03718522099996],[138.58239972100012,-35.03717664399994],[138.5824914740001,-35.03716195299995],[138.58256080800004,-35.03714979599994],[138.58261159000006,-35.03714059999993],[138.5826597030001,-35.03713547799998],[138.58272095100006,-35.03712975299993],[138.582842453,-35.03712324199995],[138.58288650600002,-35.037106448999964],[138.58296629900008,-35.03709642599995],[138.58302212600006,-35.03709346699998],[138.58305438600007,-35.03708989599994],[138.58308888200008,-35.03708901799996],[138.583114614,-35.03708824299997],[138.58313151000004,-35.03708395399997],[138.58314076800002,-35.03708158899997],[138.5831719040001,-35.03707579199994],[138.58320137700002,-35.037070907999976],[138.58324948300003,-35.03706534199995],[138.58329538400005,-35.037058437999974],[138.58333522500004,-35.037050732999944],[138.583376186,-35.03704435199995],[138.58341274100007,-35.03703622299997],[138.583457446,-35.03702528799994],[138.5835245410001,-35.037009110999975],[138.58357304100002,-35.03699587999995],[138.58362718700005,-35.03696182799996],[138.58371317800004,-35.03693188999995],[138.583750204,-35.03691970199998],[138.58380303700005,-35.036903706999965],[138.583850374,-35.03688641799994],[138.58388142500007,-35.03687656799997],[138.58390928500012,-35.03687306299997],[138.58397659700006,-35.03686905099994],[138.58401865700012,-35.03686219599996],[138.5840450060001,-35.03686501699997],[138.58412727200005,-35.03686983999995],[138.58416587600004,-35.03688421499993],[138.58421777500007,-35.03690519799994],[138.58426589200008,-35.036929821999934],[138.5843004950001,-35.03696363599994],[138.58433061900007,-35.03699256099998],[138.584374625,-35.037060064999935],[138.58440622600006,-35.037109243999964],[138.5844140790001,-35.037148798999965],[138.5844254970001,-35.037202744999945],[138.58443360800004,-35.03728377899995],[138.58442137200007,-35.037361906999934],[138.58442037400005,-35.03742503099994],[138.58442484500006,-35.03745967599997],[138.58444128000008,-35.03748830799998],[138.58446370500008,-35.03751552199998],[138.58450165800002,-35.037552898999934],[138.58452116700005,-35.03757067599997],[138.58454996600005,-35.03758743999998],[138.58461530500006,-35.037624016999985],[138.58469271700005,-35.03766271099994],[138.58472530400002,-35.03767626599995],[138.58482628900003,-35.037715101999936],[138.58490975600012,-35.03772620199993],[138.58499151700005,-35.03773372899997],[138.58507065000003,-35.03774624799996],[138.58514914600005,-35.03775471199998],[138.58520106000003,-35.037747743999944],[138.58526300200003,-35.03774966299994],[138.58531725400007,-35.037750321999965],[138.58535885000003,-35.037747983999964],[138.585377353,-35.03774190099995],[138.58542440500003,-35.03773905399993],[138.585447444,-35.037740103999965],[138.58550880500002,-35.03774066699998],[138.58554283,-35.037743845999955],[138.58558368900003,-35.03773115599995],[138.5856377770001,-35.037723710999956],[138.58568648200003,-35.03772128899993],[138.58570578100012,-35.03772780399993],[138.58573829600005,-35.03773819999998],[138.58576887700008,-35.03776126399998],[138.58581435100007,-35.03779087099997],[138.58585930000004,-35.037821847999965],[138.58592448000002,-35.037849868999956],[138.58597197500012,-35.03787046399998],[138.586027574,-35.03788461999994],[138.58609054300007,-35.03791222199993],[138.5861287250001,-35.03793245899993],[138.58617305400003,-35.037958936999985],[138.58621661200004,-35.03797370899997],[138.586267173,-35.037981626999965],[138.58628973700002,-35.037988549999966],[138.58632732400008,-35.03800520799996],[138.5863550910001,-35.03802603699995],[138.58639593400005,-35.038041749999934],[138.586439895,-35.03807815099998],[138.58648734300004,-35.03812531799997],[138.58652330000007,-35.03817308899994],[138.58655341500003,-35.03825970299994],[138.58656924800005,-35.03831493799993],[138.58657961400002,-35.038341413999945],[138.58658267700002,-35.03841753699993],[138.58658451600002,-35.03845628099998],[138.5865932380001,-35.03854180899998],[138.58660137100003,-35.03865348099998],[138.58660894000002,-35.038706125999965],[138.58660750600006,-35.03874671899996],[138.58660049500008,-35.03878104599994],[138.58659859300008,-35.03879729399995],[138.5866056640001,-35.03882425799998],[138.5866196830001,-35.03884030499995],[138.58663708100005,-35.03886261799994],[138.58664513100007,-35.03888280999996],[138.586658058,-35.03890066599996],[138.5866634150001,-35.03892269299996],[138.58666630000005,-35.03895961199993],[138.5866633280001,-35.039005618999965],[138.58666184100002,-35.03907236099997],[138.58666931300002,-35.03911958899994],[138.58668603600006,-35.03919419099998],[138.58670670000004,-35.03924350799997],[138.5867356130001,-35.03929543499993],[138.58676974800005,-35.03933285299996],[138.58680824700002,-35.039370675999976],[138.58684948400003,-35.039407566999955],[138.58688128000006,-35.03943735799993],[138.58692079600007,-35.039470205999976],[138.58696321900004,-35.039483193999956],[138.5870062460001,-35.039498873999946],[138.58706709700004,-35.03953055299996],[138.5871147030001,-35.03955609299993],[138.58715547500003,-35.039568637999935],[138.58719237700006,-35.039579438999965],[138.58723368500011,-35.03959063399998],[138.58725780400005,-35.039592583999934],[138.58728360800012,-35.03959495799995],[138.58729193200008,-35.03959391199993],[138.58733253200012,-35.03959820799997],[138.58737221600006,-35.03963469799993],[138.5873903790001,-35.03965822599997],[138.58739482200008,-35.039723124999966],[138.58739262100005,-35.03973584299996],[138.5873847480001,-35.03978132699996],[138.5873829410001,-35.03979176499996],[138.58734427900004,-35.03994721999993],[138.58732305400008,-35.04006146399996],[138.58730103400012,-35.04011718299995],[138.58727222700008,-35.04023560599995],[138.58727142600003,-35.04024116599993],[138.58725899900003,-35.04032746699994],[138.58726491800007,-35.04039790599995],[138.5872812120001,-35.040440685999954],[138.58730371900003,-35.040476652999985],[138.5873812850001,-35.040561492999984],[138.5874242330001,-35.04059398399994],[138.58750321800005,-35.04064378399994],[138.58758059100012,-35.04068525899993],[138.5876155200001,-35.040701284999955],[138.5876707540001,-35.04071644299995],[138.58770652700002,-35.04073022699998],[138.58778541900006,-35.040757121999945],[138.5879302500001,-35.04080787399994],[138.58811274700008,-35.04084160999997],[138.58832290200007,-35.040896363999934],[138.58840868800007,-35.04091321399994],[138.5884885360001,-35.04092191899997],[138.58856651500002,-35.04093925199993],[138.5887292330001,-35.04096673799995],[138.58880827000007,-35.041007253999965],[138.5889290030001,-35.04105409599998],[138.58896981200007,-35.04108684499994],[138.58897074200001,-35.041087586999936],[138.58906456600005,-35.04116288999995],[138.58916935700006,-35.04128927299996],[138.58926036100002,-35.041385479999974],[138.5893326680001,-35.041464530999974],[138.58935678700004,-35.04148330899994],[138.58940957700008,-35.04149607499994],[138.58948538000004,-35.041482618999964],[138.58953998900006,-35.041455937999956],[138.58959166800003,-35.04141297799998],[138.58962152000004,-35.041375606999964],[138.5896808450001,-35.04129883599995],[138.58975127000008,-35.04121098099995],[138.58982927800002,-35.041111660999945],[138.58988529900012,-35.04104767399997],[138.5899541340001,-35.04096557499997],[138.59002720900003,-35.040899586999956],[138.59010137400003,-35.040900989999955],[138.5901683180001,-35.040924211999936],[138.59022280600004,-35.04096514499997],[138.59024564100002,-35.04099192599995],[138.59026878300006,-35.04101906799997],[138.59028729500005,-35.04103840199997],[138.59030898900005,-35.04106105999995],[138.59033095400002,-35.04111179399996],[138.59033441200006,-35.041146700999946],[138.59033458700003,-35.041148464999935],[138.5903331840001,-35.041196035999974],[138.59037795100005,-35.04142607699998],[138.59038797900007,-35.04151336599995],[138.5904006300001,-35.04155696899994],[138.59041259000003,-35.041630951999934],[138.59041746100002,-35.04164420799998],[138.59043015700001,-35.04169349699998],[138.59044458000005,-35.04172876399997],[138.59047165900006,-35.04180691999994],[138.59049848900008,-35.04186370399998],[138.59051859800002,-35.04192531299998],[138.59057787300003,-35.04204557099996],[138.59060908800006,-35.04210217199994],[138.59065145300008,-35.04215629299995],[138.59068666400003,-35.04220017299997],[138.59071913700006,-35.04225129599996],[138.59074799100006,-35.04227314899998],[138.59078934500008,-35.04231282599994],[138.5908042210001,-35.04233267799998],[138.59082700700003,-35.04239288599996],[138.59083401400005,-35.04240371399993],[138.5908450380001,-35.04242074999996],[138.59085162700012,-35.042429700999946],[138.59085642200012,-35.04243621099994],[138.59088661700002,-35.04245295399994],[138.59092651100002,-35.04246086399996],[138.5909973050001,-35.04246497699995],[138.59106589400005,-35.042458496999984],[138.59113080600002,-35.042437090999954],[138.5911883220001,-35.04241812499998],[138.59125050900002,-35.04239761799994],[138.59137348900003,-35.04233056099997],[138.5914573550001,-35.04227055999996],[138.59154912200006,-35.042232180999974],[138.59159684000008,-35.04222726499995],[138.5916398390001,-35.04223173899993],[138.59168896500012,-35.042236850999984],[138.59171635100006,-35.04224005999998],[138.59183543900008,-35.04225400699994],[138.5918536470001,-35.04225853699995],[138.5919105480001,-35.04227956099993],[138.59195906500008,-35.04230694199998],[138.59207853200007,-35.042374490999975],[138.59211817800008,-35.04240556399998],[138.59217815400007,-35.04247580499998],[138.59220582900002,-35.04252981299993],[138.59225552100008,-35.04259949499993],[138.5923107640001,-35.04268541199997],[138.59233209600006,-35.04272045299996],[138.59239205000006,-35.04284379799998],[138.592428605,-35.042883459999985],[138.59243399700006,-35.04288789699996],[138.59249024300004,-35.042934180999964],[138.59257959700005,-35.042981923999946],[138.59264416700012,-35.04300952699998],[138.59266717700007,-35.04301936099995],[138.59278605500003,-35.04307698499997],[138.59297935200004,-35.04318728199996],[138.5931013080001,-35.04328571899998],[138.59316278100005,-35.043320104999964],[138.5932515620001,-35.043376131999935],[138.59327853600007,-35.043395387999965],[138.593289141,-35.04340295999998],[138.59332027800008,-35.04342518799996],[138.59335091200012,-35.043452549999984],[138.59335597100005,-35.04345706899994],[138.59336194600007,-35.043462405999946],[138.59338148300003,-35.043479856999966],[138.5933895600001,-35.04348426499996],[138.5934082330001,-35.04349445399998],[138.5934591240001,-35.043529959999944],[138.59350525800005,-35.04357245699998],[138.5935582630001,-35.04361137199993],[138.59360991900007,-35.04365495299993],[138.59362987500003,-35.04367336599995],[138.5936349200001,-35.04367906799996],[138.593681123,-35.04373126899998],[138.5937201580001,-35.04377549399993],[138.59376152200002,-35.043811837999954],[138.5938424640001,-35.04389629299993],[138.59389487400006,-35.04394032399995],[138.59397417500008,-35.04402059699993],[138.59400657100002,-35.04404098099997],[138.5940649900001,-35.04407856299997],[138.5941180530001,-35.04411946299996],[138.5941426720001,-35.04414320999996],[138.59419330100002,-35.04418856199993],[138.594253696,-35.04425223599998],[138.5942877860001,-35.044278342999974],[138.59433477000005,-35.04430576699997],[138.5943808730001,-35.04432246099998],[138.5944033830001,-35.044328037999946],[138.5944857070001,-35.04433949799994],[138.5946309840001,-35.044337876999975],[138.59470905700005,-35.04432969099997],[138.59474334900005,-35.04433018799995],[138.5947465370001,-35.044330840999976],[138.594750448,-35.04433095999997],[138.5947964490001,-35.04434103899996],[138.59485819100007,-35.04435364999995],[138.59490094000012,-35.04437972599993],[138.59492261600008,-35.04441460399994],[138.59494433800012,-35.04450346899995],[138.59495283400008,-35.04456881699997],[138.59496009400004,-35.04470994199994],[138.59492943700002,-35.04516890399998],[138.59489718600003,-35.045281761999945],[138.59486601700007,-35.04534271499995],[138.5947856570001,-35.04544054899998],[138.59472721400005,-35.04548211699995],[138.59469441300007,-35.04552744099993],[138.59467737900002,-35.04555189499996],[138.59466595800006,-35.04559412699996],[138.59466717300006,-35.04562687299995],[138.5946760920001,-35.04564435999998],[138.59470190900004,-35.045668399999954],[138.59475887400004,-35.04570495499996],[138.5948058450001,-35.045735097999966],[138.59488110900008,-35.04576250499997],[138.5949785800001,-35.045776555999964],[138.59508978200006,-35.04578977199998],[138.5951425620001,-35.04579190199996],[138.59529803100008,-35.04578677799998],[138.59545123200007,-35.04576196399995],[138.59552371900008,-35.04575356899994],[138.59563688000003,-35.04573706499997],[138.59569845300007,-35.045734591999974],[138.59574434500007,-35.04572819899994],[138.5959219460001,-35.04567888999998],[138.59604538500002,-35.04564483299998],[138.59611173400003,-35.045636144999946],[138.5961825810001,-35.04563114499996],[138.59628401500004,-35.04561486099993],[138.5963329120001,-35.04561844299997],[138.59639534100006,-35.045631122999964],[138.59644395500004,-35.04564452499994],[138.59652844100003,-35.04566784199994],[138.59655217400007,-35.045677050999984],[138.59659915400005,-35.04570512299995],[138.5966439560001,-35.04573197299993],[138.5966832480001,-35.04576781299994],[138.596725912,-35.04581563099998],[138.5967601540001,-35.04585146399995],[138.5968020780001,-35.045898362999935],[138.5968259020001,-35.04592880299998],[138.59683726000003,-35.04594331599998],[138.5969305310001,-35.04608948999993],[138.5970155860001,-35.04622441399994],[138.59710607800002,-35.04636484899993],[138.59715106500005,-35.04644561199996],[138.59725269500007,-35.04668074299997],[138.59731517800003,-35.046841635999954],[138.59736818800002,-35.04701125699995],[138.5974278100001,-35.04716875199995],[138.5974892910001,-35.047274537999954],[138.59756786700007,-35.04736463599994],[138.59762210700012,-35.04741667099995],[138.59771148400011,-35.04750241299996],[138.59776661600006,-35.047543090999966],[138.5977984960001,-35.04756661099998],[138.5978928300001,-35.047647085999984],[138.59800516400003,-35.04776758299994],[138.59806325700004,-35.04781273899994],[138.59813743100005,-35.04784754999997],[138.59819934600011,-35.04788574099996],[138.59826553900007,-35.04793870799995],[138.59835233400008,-35.048047699999984],[138.5983742850001,-35.048110691999966],[138.5984317970001,-35.04822036899998],[138.59846654800003,-35.04828010399996],[138.59850217300004,-35.04832155999998],[138.59856112300008,-35.04842879399996],[138.5986316420001,-35.048541916999966],[138.5986592280001,-35.048610433999954],[138.5986920260001,-35.04864713499995],[138.59870304900005,-35.04865637599994],[138.5987312410001,-35.04870703599994],[138.59877252500007,-35.04878845899998],[138.59878209400006,-35.04880217099998],[138.5988172330001,-35.04887498499994],[138.59882360000006,-35.04889313799998],[138.59883201500008,-35.04892035199998],[138.59883375900006,-35.04896555299996],[138.59883525600003,-35.04897459399996],[138.5988398070001,-35.04898369599994],[138.5988590400001,-35.049015632999954],[138.59887819100004,-35.049065593999956],[138.5989033610001,-35.049115669999935],[138.5989123290001,-35.04913838199997],[138.5989187770001,-35.04916555099993],[138.5989185840001,-35.04918357599996],[138.5989162950001,-35.04920156899993],[138.59891980200007,-35.049224168999956],[138.59892868500003,-35.049242910999965],[138.59894920700003,-35.04927577999996],[138.59895438400008,-35.04928975799993],[138.59895647200005,-35.04930198699998],[138.59896039300008,-35.04932498299996],[138.5989614980001,-35.04933146299993],[138.59896209500005,-35.04935574499996],[138.5989627470001,-35.04938232799998],[138.59896667300006,-35.049405485999955],[138.59897654400004,-35.04944263699997],[138.59897729300008,-35.04946572799997],[138.5989831400001,-35.04947972399998],[138.59899514500012,-35.04949258399995],[138.5990175940001,-35.04949717799997],[138.59903313900008,-35.04949622799995],[138.59907447600006,-35.049493705999964],[138.59915246100002,-35.04949957599996],[138.599226788,-35.04949184999998],[138.59925859100008,-35.04948797299994],[138.5992965800001,-35.04948078399997],[138.59936687800007,-35.04945839099997],[138.5994105730001,-35.04944113299996],[138.5995118830001,-35.04938455699994],[138.59954956700005,-35.04936274199997],[138.59955696600002,-35.04935991199994],[138.59958315500012,-35.04934989499998],[138.59961556200005,-35.04933251199998],[138.59963690200004,-35.04931489899997],[138.59965681000006,-35.04927923599996],[138.59966816000008,-35.04926594199998],[138.5997138890001,-35.04922895599998],[138.59977629600007,-35.04917793399994],[138.59979659100009,-35.04915130399996],[138.59982661300012,-35.04908427999993],[138.59984757200004,-35.04901257199998],[138.599870161,-35.04896344499997],[138.59990783400008,-35.04887855099997],[138.59992276800006,-35.048860798999954],[138.59993021600008,-35.04885194499997],[138.5999785240001,-35.04883037099995],[138.60003207900002,-35.04881340199995],[138.6001413780001,-35.048802027999955],[138.60018693900008,-35.048799333999966],[138.60023270500005,-35.04879793599997],[138.60037781100004,-35.04879486799996],[138.60050948600008,-35.04878678899996],[138.60061904500003,-35.048788868999964],[138.60069284400004,-35.048799248999956],[138.60084789200005,-35.04881989699993],[138.6009098510001,-35.04883445799993],[138.60097662300007,-35.04884912999995],[138.6010326160001,-35.04885840199995],[138.6010980840001,-35.04886721399998],[138.60115891200007,-35.04888285199996],[138.60122417200012,-35.04890765899995],[138.60127287700004,-35.04893647799997],[138.60133986900007,-35.04895466499994],[138.60138613800007,-35.04897675999996],[138.60143062800012,-35.04899206999994],[138.6014855080001,-35.04900442999997],[138.60151380900004,-35.04979597899995],[138.60152422600004,-35.05009789899998],[138.6015289920001,-35.05045400599994],[138.60153801600006,-35.05080900199994],[138.60156201600012,-35.05091300899994],[138.60139200000003,-35.05097899899994],[138.6012870080001,-35.05104800299995],[138.60119600000007,-35.051150992999965],[138.6011399990001,-35.051238996999984],[138.60108601600007,-35.05136999599995],[138.60106899200002,-35.051429990999964],[138.60093900900006,-35.05226400899994],[138.6008773960001,-35.05247017499994],[138.60086654000008,-35.05250485799996],[138.60081460700007,-35.05267078399993],[138.60069500800012,-35.05304800099998],[138.6006590080001,-35.05327499599997],[138.60068601600005,-35.05351499699998],[138.6007360000001,-35.05371899599993],[138.60095421500012,-35.05419441999993],[138.60101001600003,-35.05431599199994],[138.601017113,-35.05434967399998],[138.60104899200007,-35.05450099199993],[138.60104499200008,-35.054704991999984],[138.60102499200002,-35.054880999999966],[138.60101611700009,-35.05492619599994],[138.60100201600005,-35.05499799399996],[138.60097069200003,-35.05507132699995],[138.60095801600005,-35.05510100199996],[138.60087500800012,-35.05522400899997],[138.60079900800008,-35.055329994999965],[138.60070537900003,-35.05543351299997],[138.60070400100005,-35.05543500099998],[138.60066996400008,-35.05545810199993],[138.600576487,-35.055521202999955],[138.60048300800008,-35.05558499899996],[138.60040300800006,-35.05563899999993],[138.60039900800007,-35.05562599499996],[138.5999420160001,-35.05578700099994],[138.59979401600003,-35.055860001999974],[138.5996340150001,-35.05599199899996],[138.59943921100012,-35.05634011999996],[138.59931001600012,-35.05657099299998],[138.59974201600005,-35.05673299799997],[138.600337695,-35.05704649699993],[138.60054628000012,-35.05718327499994],[138.60097153300012,-35.057462130999966],[138.6019072910001,-35.05807590399996],[138.60206691500002,-35.05818060299998],[138.60206661000007,-35.05818073199998],[138.601718741,-35.058327937999934],[138.60118542200007,-35.05855361999994],[138.60023417600007,-35.05882048299998],[138.59917842000004,-35.05900127799998],[138.5985090380001,-35.05833942999993],[138.59796249300007,-35.05833664499994],[138.59796249300007,-35.05827715899994],[138.5975345290001,-35.05828952099995],[138.59574836900003,-35.05834111699994],[138.593893137,-35.05841115199996],[138.58891159000007,-35.05859311199998],[138.58707499700006,-35.05866080699997],[138.5857568120001,-35.05870939299996],[138.585237408,-35.05872853799997],[138.58524570300006,-35.05883640199994],[138.58419203100004,-35.05889169799997],[138.57998749600006,-35.059113998999976],[138.5798859130001,-35.057885701999965],[138.57951000000003,-35.05334030199998],[138.579284195,-35.05064570299993],[138.57922930300003,-35.05023410499996],[138.57885229600004,-35.05038309599996],[138.5775552020001,-35.05078149899998],[138.57653890200004,-35.05098569499995],[138.5752684910001,-35.051100203999965],[138.57360526000002,-35.05124584799995],[138.5721879020001,-35.051689403999944],[138.57158779500003,-35.05228829899994],[138.570800522,-35.05326675799995],[138.57079823300012,-35.053269230999945],[138.56976403800002,-35.05391621399997],[138.56896565500006,-35.05420335599996],[138.56843181300007,-35.05439532699995],[138.56765823900002,-35.05451624999995],[138.56748539900002,-35.05452573699995],[138.56744406300004,-35.05437760099994],[138.56739211900003,-35.05421626499998],[138.56603595500007,-35.04961690099998],[138.56592740200006,-35.04963271399998],[138.5658557050001,-35.04931940399996],[138.5659630010001,-35.04929829899993],[138.56537143800006,-35.04727213599995],[138.56519530200012,-35.04727829899997],[138.5649873010001,-35.04649359999996],[138.56491630200003,-35.04627330399995],[138.5648056980001,-35.04611159899997],[138.56461199500006,-35.045916302999956],[138.56438650200005,-35.04567480299994],[138.56417320000003,-35.045396996999955],[138.56342828900006,-35.04436119899998],[138.56316399500008,-35.04393659699997],[138.56306760000007,-35.043749091999985],[138.56317930400007,-35.04374739699995],[138.56312128800005,-35.04364150299995],[138.56303949900007,-35.04348071099997],[138.5629880030001,-35.04332880399994],[138.56297269000004,-35.043156702999966],[138.56299710700011,-35.04275290399994],[138.5629864970001,-35.04259351299993],[138.562929402,-35.04245829699994],[138.5628160980001,-35.04233030299997],[138.5625613950001,-35.042161798999985],[138.56245750300002,-35.04205909799998],[138.56237119600007,-35.04195060199993],[138.56227119800008,-35.04171809899998],[138.56202400400002,-35.04061129699994],[138.5619752990001,-35.04002499999996],[138.5618088980001,-35.03969730099993],[138.5620739960001,-35.03746119999994],[138.5618266990001,-35.03667360099996],[138.5618202500001,-35.03665487999996],[138.56180499900006,-35.03661070399994],[138.56178359700004,-35.03400729599997],[138.56175250100011,-35.03378200499998],[138.5616744990001,-35.03356399699993],[138.56148560200006,-35.03328239699994],[138.56116499400002,-35.03289490399993],[138.56103160300006,-35.03276131299998],[138.56092299600004,-35.03261619699998],[138.56083329600006,-35.03245599799993],[138.55978040500008,-35.030131197999935],[138.5597507010001,-35.02979070299995],[138.56011240100008,-35.03019940399997],[138.560650387,-35.030801200999974],[138.5607853560001,-35.03068068099998],[138.5611707490001,-35.030329921999964],[138.56148676700002,-35.03004230799996],[138.56150676900006,-35.02931910799998],[138.5616006140001,-35.029312895999965],[138.5616944830001,-35.02930675699997],[138.56190119200005,-35.02929314099998],[138.56207246600002,-35.02928187699996],[138.562176603,-35.029275032999976],[138.5627411040001,-35.02923779599996],[138.56317650300002,-35.029209195999954],[138.56325969800002,-35.029203705999976],[138.56364566000002,-35.02917833499998],[138.56364061300008,-35.02918932299997],[138.563639211,-35.02920061899994],[138.5636388260001,-35.029211516999965],[138.56363571500003,-35.02922371799997],[138.5636327080001,-35.02924042099994],[138.56362861200012,-35.02925622299995],[138.56362660800005,-35.02927111899993],[138.56362581200005,-35.02928601899998],[138.56362221100005,-35.029301319999945],[138.56361700000002,-35.02931722499994],[138.56361330800007,-35.029328917999976],[138.5636103060001,-35.02934792099995],[138.56360791400004,-35.02936462499997],[138.56360382100002,-35.029382719999944],[138.56360072300004,-35.02939712299997],[138.5636004170001,-35.02940892199996],[138.56359832600003,-35.02941972199994],[138.56359532500005,-35.02943191899993],[138.56359712000005,-35.02944631699995],[138.56359571300004,-35.02945992399998],[138.56359872400003,-35.02947341999993],[138.56359895000003,-35.02949001799993],[138.56359921800004,-35.02950542099995],[138.56360162600004,-35.02952112799994],[138.56360522600005,-35.02953862499993],[138.5636082200001,-35.02955444299994],[138.56361441600006,-35.029568826999935],[138.56361972000002,-35.02958943099998],[138.5636292250001,-35.02960062799997],[138.5636366230001,-35.029615433999936],[138.56364331600003,-35.02962792699998],[138.56364951700004,-35.02963642599997],[138.56366122300005,-35.029649433999964],[138.5636714200001,-35.02966912699998],[138.56368581900006,-35.02967622999995],[138.5636963190001,-35.02968241699995],[138.56371121900008,-35.02969352399998],[138.56372172400006,-35.02969791499993],[138.56373392000012,-35.02970812099994],[138.5637461220001,-35.02971431699996],[138.56375502000003,-35.029720520999945],[138.56376322000006,-35.029724415999965]]]},"properties":{"School_Name":"Flagstaff Hill Primary School","ENTITY_CODE":1018,"zoneType":"primary"}},{"type":"Feature","geometry":{"type":"Polygon","coordinates":[[[138.603699999,-35.058915997999975],[138.60357801500004,-35.05924999599995],[138.603847136,-35.05950744299997],[138.60460012800002,-35.060152426999935],[138.6059199990001,-35.06168100799994],[138.60665216100006,-35.06244540899996],[138.60725500800004,-35.063044994999984],[138.60748991700007,-35.063226447999966],[138.60785699200005,-35.06350999199998],[138.60785500800012,-35.06351099099993],[138.60838617600007,-35.06392339299998],[138.60845073500002,-35.06399418299998],[138.60896617600008,-35.064559385999985],[138.60947620800005,-35.06501427599994],[138.60985927800004,-35.065375367999934],[138.61071500800006,-35.06618200299994],[138.6109189650001,-35.066373168999974],[138.61116316800008,-35.066614346999984],[138.61185216,-35.06724836099994],[138.61187900800007,-35.06727300299997],[138.61241105400006,-35.06842301699993],[138.6124112000001,-35.06842333299994],[138.61349001600001,-35.06882600399996],[138.61205999900005,-35.06979699499993],[138.61424099200008,-35.07513200699998],[138.6135802880001,-35.07516776699998],[138.61308000000008,-35.07516499199994],[138.60971564800002,-35.07536001899996],[138.60901907200002,-35.07541468599993],[138.608864992,-35.07415600199994],[138.60837366400006,-35.073953777999975],[138.60804000000007,-35.073898000999975],[138.60777900800008,-35.07380600099998],[138.60755500800008,-35.07368499299997],[138.60724099300012,-35.07343599999996],[138.60713600000008,-35.073407990999954],[138.60698499300008,-35.07343599999996],[138.60688499200012,-35.07328200599994],[138.60678240000004,-35.073232906999976],[138.605926016,-35.07287900299997],[138.6057760000001,-35.07277699399998],[138.60561500900008,-35.072522007999964],[138.60429040000008,-35.07259045799998],[138.60353235200012,-35.072644829999945],[138.60218544000008,-35.07271048599995],[138.60217900800012,-35.07198299199996],[138.59935046400005,-35.07213952099994],[138.59940547100007,-35.072868512999946],[138.59950745600008,-35.072862518999955],[138.59936649600002,-35.073829513999954],[138.5989318720001,-35.07461058399997],[138.59838051200006,-35.07509853999994],[138.59776912000007,-35.07550916699995],[138.59700400000008,-35.07576600099998],[138.59589859300002,-35.07593856899996],[138.59371462400009,-35.076279616999955],[138.59326761600005,-35.07635061999997],[138.59293264000007,-35.076419606999934],[138.59262464000005,-35.07650962699995],[138.59233065600006,-35.07662863799993],[138.59205020800005,-35.07675181099995],[138.59174265600006,-35.07694463599995],[138.59073500800002,-35.07607600699998],[138.59056899200004,-35.075983005999944],[138.59001100800003,-35.07581900499997],[138.59008400000005,-35.07560399699997],[138.59006201500006,-35.07488199699998],[138.59021001700012,-35.07451299699994],[138.59009200000003,-35.073393006999936],[138.59002060800003,-35.07339465399997],[138.58967561600002,-35.073398648999955],[138.58773664000012,-35.073503690999985],[138.58691968000005,-35.07354768499994],[138.58340070400004,-35.07371074399998],[138.5833687050001,-35.07315874099993],[138.58345468800007,-35.07186174299994],[138.58339667200005,-35.071568739999975],[138.583162656,-35.07038573899996],[138.58313164700007,-35.069833734999975],[138.58307062400002,-35.068664738999985],[138.58345859200006,-35.06741271499993],[138.58347459300012,-35.067384723999965],[138.58463356800007,-35.065427701999965],[138.58495152000012,-35.06439771399994],[138.58497548800005,-35.063597700999935],[138.58489750400008,-35.06335270499994],[138.5848469760001,-35.06317393899997],[138.5847521830001,-35.06244230899995],[138.58386323900004,-35.061538034999955],[138.5819001850001,-35.06037804799996],[138.58014533200003,-35.05957497999998],[138.57998749600006,-35.059113998999976],[138.58524570300006,-35.05883640199994],[138.585237408,-35.05872853799997],[138.5857568120001,-35.05870939299996],[138.58707499700006,-35.05866080699997],[138.58891159000007,-35.05859311199998],[138.59574836900003,-35.05834111699994],[138.5975345290001,-35.05828952099995],[138.59796249300007,-35.05827715899994],[138.59796249300007,-35.05833664499994],[138.5985090380001,-35.05833942999993],[138.59917842000004,-35.05900127799998],[138.60023417600007,-35.05882048299998],[138.60118542200007,-35.05855361999994],[138.601718741,-35.058327937999934],[138.60206661000007,-35.05818073199998],[138.60206691500002,-35.05818060299998],[138.60223607700004,-35.05827911299997],[138.60269513600008,-35.058546441999965],[138.60270062000006,-35.05854845899995],[138.603699999,-35.058915997999975]]]},"properties":{"School_Name":"Thiele Primary School","ENTITY_CODE":1664,"zoneType":"primary"}},{"type":"Feature","geometry":{"type":"Polygon","coordinates":[[[138.58211593300007,-34.90423183199994],[138.5771220160001,-34.908657998999956],[138.577008244,-34.90851625999994],[138.57700053000008,-34.90851117699998],[138.56637401600005,-34.90150900699996],[138.56729000000007,-34.89823499999994],[138.56820730000004,-34.89501149899996],[138.56909629900008,-34.89175400099998],[138.57014350000009,-34.88852939999998],[138.5702905070001,-34.88823524099996],[138.57050316000004,-34.88790757399994],[138.57083149400012,-34.88749209899993],[138.57115993500008,-34.88716041099997],[138.5716154060001,-34.886700436999945],[138.57175888200004,-34.88649245899995],[138.57187546300008,-34.88624693799994],[138.5719389400001,-34.886021770999946],[138.57197016800012,-34.88579366399995],[138.5719438870001,-34.88517496199995],[138.57188446600003,-34.884227744999976],[138.571869267,-34.88372266599998],[138.57181707100005,-34.88330268699997],[138.5717891800001,-34.882489721999946],[138.5830570500001,-34.881992810999975],[138.58305707400007,-34.881993154999975],[138.58383116800007,-34.89307026899996],[138.583958208,-34.89388726599998],[138.58404747200007,-34.89420920099997],[138.58411820900005,-34.89446526199998],[138.5841777400001,-34.89477555899998],[138.5842135680001,-34.89501127099993],[138.58424164500002,-34.895290210999974],[138.58426099400003,-34.89548245199995],[138.58428205100006,-34.895691641999974],[138.58431321600006,-34.89600126099998],[138.5843127170001,-34.89620953799994],[138.5843122230001,-34.896416252999984],[138.58428019200005,-34.89662936599996],[138.58422924800004,-34.89695628599998],[138.58413166900004,-34.897305605999975],[138.58317047700007,-34.90058219499997],[138.58211593300007,-34.90423183199994]]]},"properties":{"School_Name":"Brompton Primary School","ENTITY_CODE":646,"zoneType":"primary"}},{"type":"Feature","geometry":{"type":"Polygon","coordinates":[[[138.680017947,-34.61559898099995],[138.68020849100003,-34.61573790099993],[138.68032066700005,-34.615707388999965],[138.68033783300007,-34.61570466599994],[138.68036162600004,-34.61570094399997],[138.6804078020001,-34.61569789999993],[138.68047166100007,-34.615694119999944],[138.68053767800006,-34.615691710999954],[138.68061765900006,-34.61568832499995],[138.6806501740001,-34.61568621099997],[138.68066262900004,-34.61568572699997],[138.68070509100005,-34.61568428399994],[138.68072303500003,-34.615683041999944],[138.68073931600009,-34.61568191499998],[138.6807539120001,-34.61568090399993],[138.68076891500004,-34.615678636999974],[138.6807966450001,-34.61567444599996],[138.68083875900004,-34.61566771499997],[138.6808495260001,-34.615665960999934],[138.68085480700006,-34.615665804999935],[138.68088543300007,-34.61566489299997],[138.6809313560001,-34.615664882999965],[138.68094247700003,-34.61566571099996],[138.68098679900004,-34.615669054999955],[138.68102393300012,-34.61567199399997],[138.68105443000002,-34.61567633699997],[138.68109577100006,-34.61568346399997],[138.68114009200008,-34.61569505499995],[138.68118652300006,-34.61570722699997],[138.68122367500007,-34.61571948399995],[138.68125859500003,-34.61573091199995],[138.68130652700006,-34.615746178999984],[138.68130984100003,-34.61574682899993],[138.68132906900007,-34.61575060299998],[138.68134555500012,-34.61575394499994],[138.6813644990001,-34.615757858999984],[138.68137679400002,-34.61576039799996],[138.68138319600007,-34.615761721999945],[138.68139491500006,-34.61576351699995],[138.68142740500002,-34.61576849599993],[138.68147084300006,-34.615775120999956],[138.68148226300002,-34.61577644799996],[138.68151183400005,-34.61577988499994],[138.68155465000007,-34.61578487999998],[138.68155766000007,-34.61578585799998],[138.681619833,-34.61580615699995],[138.68170582100004,-34.61582088599994],[138.68171358200004,-34.615822795999975],[138.6817398390001,-34.61582925799996],[138.68175906700003,-34.61583398999994],[138.68177135400003,-34.61583577499994],[138.6818717110001,-34.61585031699997],[138.68193541000005,-34.61585673999997],[138.68199997600004,-34.61585724699995],[138.68204036800012,-34.61585763399995],[138.68205411300005,-34.61585775899994],[138.68206735700005,-34.615857879999965],[138.68207825500008,-34.615856795999946],[138.6821198450001,-34.61585266199995],[138.68213395600003,-34.61585125999994],[138.6821418390001,-34.615850971999976],[138.6821850010001,-34.61584939699998],[138.68223108100005,-34.61584803399995],[138.68225960100006,-34.61584909299995],[138.68229483000005,-34.61585040099993],[138.68231656400008,-34.61584841599995],[138.68235401800007,-34.615845072999946],[138.68239201500012,-34.61584179099998],[138.68241946600006,-34.615835714999946],[138.6824619880001,-34.61582660399995],[138.68251019600007,-34.61582330299996],[138.6825675010001,-34.61581729699998],[138.682614456,-34.615811055999984],[138.68266508600004,-34.61580535999997],[138.68280873100002,-34.615773994999984],[138.68378489000008,-34.615381938999974],[138.68465689100003,-34.61586491799994],[138.68516988200008,-34.61650490799997],[138.68521391500008,-34.61689790299994],[138.68498396500001,-34.61743699799996],[138.6848789060001,-34.617712919999974],[138.68493115500007,-34.61790309099996],[138.68514438500006,-34.61757667599994],[138.68537331200002,-34.61722839999993],[138.68561312000008,-34.61697544799995],[138.685813122,-34.61688626799997],[138.686104569,-34.61683363699996],[138.6865959600001,-34.61691141099993],[138.68720386600012,-34.61705387599994],[138.6872958020001,-34.61711997799995],[138.68792138100002,-34.617486819999954],[138.68820099800007,-34.61764569799993],[138.68835040500005,-34.617483902999936],[138.68844159000002,-34.61729276999995],[138.68856269900004,-34.617039397999974],[138.68897161600012,-34.61622877199994],[138.68909970200002,-34.61607420399997],[138.68919237800003,-34.61599608699993],[138.68936957800008,-34.61579001999996],[138.68971778700006,-34.61581284099998],[138.68988479400002,-34.61579983599995],[138.69013679400007,-34.61588084799996],[138.6904077690001,-34.616232846999935],[138.69054181800004,-34.61721384599997],[138.69082882600003,-34.61756380999998],[138.69108349400005,-34.617372201999956],[138.6911649550001,-34.61726224999995],[138.69121001200006,-34.617163638999955],[138.6912861830001,-34.617075804999956],[138.69141819800006,-34.616952294999976],[138.69163379000008,-34.61684511999994],[138.69189070200002,-34.61671740399993],[138.6922578980001,-34.61667577099996],[138.6925585030001,-34.616813201999946],[138.69300150100003,-34.61732439899998],[138.69337520600004,-34.617785486999935],[138.69389483800012,-34.61785484099994],[138.69437774300002,-34.61772387399998],[138.69453070500003,-34.61768149799997],[138.69496065700002,-34.61758551899993],[138.695323679,-34.61750447999998],[138.6954979300001,-34.617465580999976],[138.69574399600003,-34.61740699699993],[138.69591309700002,-34.61738420199998],[138.69640704000005,-34.61734258599995],[138.69672139400006,-34.61731419899996],[138.69686369700003,-34.617315996999935],[138.69713579000006,-34.617325036999944],[138.697566681,-34.61744772299994],[138.69823068200003,-34.61778270199994],[138.6980142660001,-34.61816505999997],[138.69775973000003,-34.61911474499993],[138.69687221900006,-34.622741935999954],[138.6963889540001,-34.624717001999954],[138.695803887,-34.624678349999954],[138.69572707400005,-34.625251323999976],[138.6955921000001,-34.62625812199997],[138.69530601000008,-34.62839213899997],[138.6952298120001,-34.62917304599995],[138.695091229,-34.630594809999934],[138.69500204200006,-34.63150981399997],[138.6950660430001,-34.631493810999984],[138.69471328800012,-34.63171589399997],[138.68902238500004,-34.64219654799996],[138.68094610700007,-34.65707022799995],[138.66941618400006,-34.65258910499995],[138.668193749,-34.65458104999993],[138.66752406400008,-34.65567229399994],[138.665901264,-34.65853787399993],[138.66576112000007,-34.658785343999966],[138.66552139200007,-34.659183396999936],[138.66386220700008,-34.66193837399993],[138.66351024000005,-34.66247339299997],[138.66223129600007,-34.66457541799997],[138.66223012400008,-34.66457726999994],[138.6622169740001,-34.66459803999993],[138.6612434210001,-34.66613582499997],[138.65629040600004,-34.67395939399995],[138.65049161600007,-34.683276975999945],[138.64357655300012,-34.680261934999976],[138.62786332100006,-34.67349953899998],[138.63382601600006,-34.664233001999946],[138.62811699100007,-34.66168000199997],[138.628471009,-34.66049300499998],[138.62314601600008,-34.65813299699994],[138.6224550080001,-34.65922699399994],[138.61690724000005,-34.65687996199995],[138.61211239800002,-34.654851461999954],[138.61133600100004,-34.65452299999998],[138.61133200100005,-34.65442200799998],[138.61135001600007,-34.65429200799997],[138.61136264000004,-34.65427209699993],[138.61191347400006,-34.653403286999946],[138.6126416510001,-34.65225475999995],[138.61305943500008,-34.65159560199993],[138.61382854700003,-34.65038191499997],[138.61705349400006,-34.645292102999974],[138.6144075840001,-34.64570726399995],[138.61302898300005,-34.64592357699996],[138.6130289030001,-34.64592358899995],[138.61294898500012,-34.64201954299995],[138.61284783200006,-34.63808966199997],[138.612736992,-34.63439799599996],[138.61272499200004,-34.63401099399994],[138.61264936200007,-34.63394144899996],[138.6126129920001,-34.63390800499997],[138.61247599900003,-34.63385400399994],[138.6123960000001,-34.633788994999975],[138.61238000000003,-34.63367799599996],[138.61246916800008,-34.63366624099996],[138.61250533500004,-34.63359961599997],[138.61250709600006,-34.63357849099998],[138.61235020000004,-34.63356229899995],[138.6122431020001,-34.63356499899993],[138.61212960000012,-34.63360169899994],[138.6118915840001,-34.633731059999946],[138.61173930500001,-34.63385479799996],[138.61162860100012,-34.63392122699997],[138.61140300300008,-34.634072886999945],[138.6111560050001,-34.634194202999936],[138.61092009800007,-34.634345802999974],[138.61045889900004,-34.63467750299998],[138.61030642600008,-34.63487896699996],[138.6102257980001,-34.63498550199995],[138.6099766860001,-34.63515271099993],[138.60978340200006,-34.63529650199996],[138.60968880400003,-34.635329200999934],[138.60950937500002,-34.63539428399997],[138.60932490200003,-34.635418698999956],[138.60926000400002,-34.635368692999975],[138.6090956490001,-34.63517964399995],[138.60907810100002,-34.63507990099998],[138.6090410390001,-34.63480974099997],[138.60901134200003,-34.63462071899994],[138.6090219020001,-34.63442699999996],[138.60902149000003,-34.63425029999996],[138.60905309700001,-34.63409369799996],[138.60905538600002,-34.63395075699998],[138.6090558960001,-34.63391889799993],[138.6089981990001,-34.633806697999944],[138.60894405400006,-34.63377530799994],[138.6088420960001,-34.63375054299996],[138.60876569100003,-34.63373210399993],[138.60858740300012,-34.63373998099996],[138.6084840640001,-34.63377350799993],[138.608373797,-34.633915239999965],[138.60836690300005,-34.633924099999945],[138.60823213300012,-34.63400205599993],[138.60805623900012,-34.63409323299993],[138.60789349700008,-34.63412449699996],[138.60784590600008,-34.63412454099995],[138.6077864890001,-34.63412459699998],[138.60773590200006,-34.63412369099996],[138.60755980200008,-34.63412049699997],[138.60747250100007,-34.63412879599997],[138.6071755910001,-34.63421181299998],[138.60679329800007,-34.63431870299996],[138.6067184970001,-34.634352397999976],[138.60661868500006,-34.63438372999997],[138.60644709200005,-34.63435312499996],[138.60634918300002,-34.63429926899994],[138.60627649700007,-34.634178703999964],[138.60623979800005,-34.63393488699995],[138.60619875700002,-34.63382619199996],[138.6061162860001,-34.63369300599993],[138.60601018600005,-34.63352186099996],[138.60597809900003,-34.63347010099994],[138.60590369700003,-34.63340630299996],[138.60584430500012,-34.63338730399994],[138.60564420000003,-34.63340389999996],[138.60544080500006,-34.633441294999955],[138.60499570100012,-34.63353579599993],[138.60480479900002,-34.633587630999955],[138.6047850000001,-34.63359659599996],[138.60474741400003,-34.63361399899998],[138.60467964400004,-34.63368871899996],[138.60451392800007,-34.63384604999993],[138.60445957500008,-34.63391042999996],[138.60438640000007,-34.633997102999956],[138.60425906500006,-34.63409509099995],[138.6041644070001,-34.63419941099994],[138.60410759900003,-34.63423169699996],[138.60404630200003,-34.63428240299993],[138.60397270500005,-34.634293997999976],[138.6039105970001,-34.63428079899995],[138.603794998,-34.63414169899994],[138.60377238900003,-34.634055597999975],[138.60374505800007,-34.63401163899994],[138.6036878970001,-34.633919703999936],[138.603613493,-34.63385199299995],[138.60337290300004,-34.63375089599998],[138.60335160400007,-34.63375869999993],[138.6032430450001,-34.63379884099993],[138.60312157500005,-34.63377465399998],[138.60305339900003,-34.63377759999997],[138.60275009600002,-34.63383859399994],[138.602564303,-34.633832696999946],[138.60245419700004,-34.63383340199994],[138.60227008700008,-34.63379959599996],[138.60220410300008,-34.63380299599993],[138.6019910330001,-34.63382545699994],[138.6019526990001,-34.633829498999944],[138.601895043,-34.63382359399998],[138.6017680870001,-34.63381058999994],[138.60167280300004,-34.633785141999965],[138.60158990000002,-34.63376299999993],[138.6015393020001,-34.63374960099998],[138.60145689800004,-34.63365800499997],[138.60143080500006,-34.633629061999955],[138.6014380470001,-34.63356523599998],[138.60143919600011,-34.633555102999935],[138.60142939800005,-34.63340409699998],[138.6014565040001,-34.633146400999976],[138.6014513,-34.63305590099998],[138.60140911400003,-34.63297420299995],[138.60136049900007,-34.63291620399997],[138.60133772100005,-34.632888967999975],[138.60123039200005,-34.632761622999965],[138.6011518360001,-34.63270386999994],[138.60089379800002,-34.632648994999954],[138.60071660000006,-34.63258659999997],[138.6005358960001,-34.63255480299995],[138.6002886010001,-34.63252350299996],[138.60001650000004,-34.632533096999964],[138.5998445030001,-34.63261179799997],[138.59974870100007,-34.63265939799993],[138.5996424020001,-34.63277829599997],[138.599544379,-34.63284747899996],[138.59935367700007,-34.63298207299994],[138.59917934600003,-34.63302786299994],[138.5990411780001,-34.63310906199996],[138.59890859600011,-34.633171295999944],[138.59882109700004,-34.63325139899996],[138.59873309500006,-34.63327889599998],[138.5986109040001,-34.63334440099993],[138.598440395,-34.63338389699993],[138.5982857030001,-34.633429803999945],[138.5982082050001,-34.63344189999998],[138.59798559800004,-34.63345090299998],[138.5978452050001,-34.63342384899994],[138.59777280100002,-34.63340989599993],[138.59767740200004,-34.633403004999934],[138.5976068860001,-34.63341970399995],[138.5974942260001,-34.633490292999966],[138.59743740200008,-34.63352589699997],[138.5972365140001,-34.63362072099994],[138.5972363730001,-34.63362078499995],[138.5969512260001,-34.63375191399996],[138.59688360000007,-34.63380920399993],[138.59683609700005,-34.633874204999984],[138.5967882980001,-34.63409079599995],[138.5968068960001,-34.63431720199998],[138.59683478600004,-34.63437648799993],[138.5968807050001,-34.63447409599996],[138.59703359600007,-34.63475280199998],[138.59703180400004,-34.634942602999956],[138.59702209900001,-34.63516979599996],[138.59702969600005,-34.63523739899995],[138.59694390200002,-34.63549029699993],[138.59682016600004,-34.63555038699997],[138.5967083050001,-34.635615497999936],[138.596695414,-34.63561666499993],[138.59668418900003,-34.63561772399993],[138.59661404200006,-34.63562440599998],[138.5965877210001,-34.635626919999936],[138.59631958600005,-34.635608495999975],[138.59609820000003,-34.63555029999998],[138.595906796,-34.63555000399998],[138.595780396,-34.63552850099995],[138.5956950960001,-34.635497303999955],[138.5955908940001,-34.63538748999997],[138.59554160300002,-34.635288500999934],[138.5955258990001,-34.63516260399996],[138.5955002920001,-34.63509440499996],[138.59551632300008,-34.63500247199994],[138.59552109900005,-34.634975080999936],[138.5954897580001,-34.63482745999994],[138.5954484010001,-34.63475049799996],[138.59530839700005,-34.63462749699994],[138.59514946100012,-34.63458347999995],[138.59507010200002,-34.63456150099995],[138.5948478360001,-34.63451112499996],[138.59465490200012,-34.634467395999934],[138.59453749500005,-34.634483297999964],[138.59441700000002,-34.63448789599994],[138.59425544300007,-34.634565420999934],[138.59421380000003,-34.63458540299996],[138.5941134090001,-34.634649699999954],[138.59390354000004,-34.634743621999974],[138.59387409900012,-34.634756797999955],[138.59360969800002,-34.63486879599998],[138.5935176050001,-34.63492909699994],[138.59352042900002,-34.63470951399995],[138.59341930100004,-34.63103919499997],[138.5933598150001,-34.62939260699994],[138.5932943790001,-34.62699292099995],[138.59443148700007,-34.62694726099994],[138.59426995900003,-34.62321850099994],[138.594294686,-34.62307823499998],[138.59310277400004,-34.591151459999935],[138.62989270200012,-34.59005750599994],[138.6406751390001,-34.588993743999936],[138.6456922330001,-34.58890867899993],[138.64677012900006,-34.58913710699994],[138.64766956500011,-34.58957254799998],[138.65185979600005,-34.59308891599994],[138.65830052100011,-34.60086594699993],[138.66114397700005,-34.60326920199998],[138.66258244100004,-34.60449367299998],[138.6633914580001,-34.60529317099997],[138.6635047200001,-34.60560916399993],[138.66445174500006,-34.606556188999946],[138.66459609900005,-34.60673845599996],[138.66573943000003,-34.607306552999944],[138.66699102600012,-34.60754449899997],[138.67588783100007,-34.60838920699996],[138.68460855500007,-34.609172049999984],[138.68654018200004,-34.60939999699997],[138.6860100250001,-34.609789915999954],[138.68555581900011,-34.61012397299993],[138.68516664800006,-34.61041019999993],[138.68462927200005,-34.61080423799996],[138.6842112500001,-34.61111287299997],[138.68345771600002,-34.61166708099995],[138.68302392200007,-34.61215819199998],[138.6823222820001,-34.61295163799997],[138.68168168700004,-34.61367240699997],[138.6808056110001,-34.61465812599994],[138.68024648200003,-34.61497029399993],[138.67979043700007,-34.61522490999994],[138.680017947,-34.61559898099995]]]},"properties":{"School_Name":"Riverbanks College B-12","ENTITY_CODE":1913,"zoneType":"primary"}},{"type":"Feature","geometry":{"type":"Polygon","coordinates":[[[138.680017947,-34.61559898099995],[138.68020849100003,-34.61573790099993],[138.68032066700005,-34.615707388999965],[138.68033783300007,-34.61570466599994],[138.68036162600004,-34.61570094399997],[138.6804078020001,-34.61569789999993],[138.68047166100007,-34.615694119999944],[138.68053767800006,-34.615691710999954],[138.68061765900006,-34.61568832499995],[138.6806501740001,-34.61568621099997],[138.68066262900004,-34.61568572699997],[138.68070509100005,-34.61568428399994],[138.68072303500003,-34.615683041999944],[138.68073931600009,-34.61568191499998],[138.6807539120001,-34.61568090399993],[138.68076891500004,-34.615678636999974],[138.6807966450001,-34.61567444599996],[138.68083875900004,-34.61566771499997],[138.6808495260001,-34.615665960999934],[138.68085480700006,-34.615665804999935],[138.68088543300007,-34.61566489299997],[138.6809313560001,-34.615664882999965],[138.68094247700003,-34.61566571099996],[138.68098679900004,-34.615669054999955],[138.68102393300012,-34.61567199399997],[138.68105443000002,-34.61567633699997],[138.68109577100006,-34.61568346399997],[138.68114009200008,-34.61569505499995],[138.68118652300006,-34.61570722699997],[138.68122367500007,-34.61571948399995],[138.68125859500003,-34.61573091199995],[138.68130652700006,-34.615746178999984],[138.68130984100003,-34.61574682899993],[138.68132906900007,-34.61575060299998],[138.68134555500012,-34.61575394499994],[138.6813644990001,-34.615757858999984],[138.68137679400002,-34.61576039799996],[138.68138319600007,-34.615761721999945],[138.68139491500006,-34.61576351699995],[138.68142740500002,-34.61576849599993],[138.68147084300006,-34.615775120999956],[138.68148226300002,-34.61577644799996],[138.68151183400005,-34.61577988499994],[138.68155465000007,-34.61578487999998],[138.68155766000007,-34.61578585799998],[138.681619833,-34.61580615699995],[138.68170582100004,-34.61582088599994],[138.68171358200004,-34.615822795999975],[138.6817398390001,-34.61582925799996],[138.68175906700003,-34.61583398999994],[138.68177135400003,-34.61583577499994],[138.6818717110001,-34.61585031699997],[138.68193541000005,-34.61585673999997],[138.68199997600004,-34.61585724699995],[138.68204036800012,-34.61585763399995],[138.68205411300005,-34.61585775899994],[138.68206735700005,-34.615857879999965],[138.68207825500008,-34.615856795999946],[138.6821198450001,-34.61585266199995],[138.68213395600003,-34.61585125999994],[138.6821418390001,-34.615850971999976],[138.6821850010001,-34.61584939699998],[138.68223108100005,-34.61584803399995],[138.68225960100006,-34.61584909299995],[138.68229483000005,-34.61585040099993],[138.68231656400008,-34.61584841599995],[138.68235401800007,-34.615845072999946],[138.68239201500012,-34.61584179099998],[138.68241946600006,-34.615835714999946],[138.6824619880001,-34.61582660399995],[138.68251019600007,-34.61582330299996],[138.6825675010001,-34.61581729699998],[138.682614456,-34.615811055999984],[138.68266508600004,-34.61580535999997],[138.68280873100002,-34.615773994999984],[138.68378489000008,-34.615381938999974],[138.68465689100003,-34.61586491799994],[138.68516988200008,-34.61650490799997],[138.68521391500008,-34.61689790299994],[138.68498396500001,-34.61743699799996],[138.6848789060001,-34.617712919999974],[138.68493115500007,-34.61790309099996],[138.68514438500006,-34.61757667599994],[138.68537331200002,-34.61722839999993],[138.68561312000008,-34.61697544799995],[138.685813122,-34.61688626799997],[138.686104569,-34.61683363699996],[138.6865959600001,-34.61691141099993],[138.68720386600012,-34.61705387599994],[138.6872958020001,-34.61711997799995],[138.68792138100002,-34.617486819999954],[138.68820099800007,-34.61764569799993],[138.68835040500005,-34.617483902999936],[138.68844159000002,-34.61729276999995],[138.68856269900004,-34.617039397999974],[138.68897161600012,-34.61622877199994],[138.68909970200002,-34.61607420399997],[138.68919237800003,-34.61599608699993],[138.68936957800008,-34.61579001999996],[138.68971778700006,-34.61581284099998],[138.68988479400002,-34.61579983599995],[138.69013679400007,-34.61588084799996],[138.6904077690001,-34.616232846999935],[138.69054181800004,-34.61721384599997],[138.69082882600003,-34.61756380999998],[138.69108349400005,-34.617372201999956],[138.6911649550001,-34.61726224999995],[138.69121001200006,-34.617163638999955],[138.6912861830001,-34.617075804999956],[138.69141819800006,-34.616952294999976],[138.69163379000008,-34.61684511999994],[138.69189070200002,-34.61671740399993],[138.6922578980001,-34.61667577099996],[138.6925585030001,-34.616813201999946],[138.69300150100003,-34.61732439899998],[138.69337520600004,-34.617785486999935],[138.69389483800012,-34.61785484099994],[138.69437774300002,-34.61772387399998],[138.69453070500003,-34.61768149799997],[138.69496065700002,-34.61758551899993],[138.695323679,-34.61750447999998],[138.6954979300001,-34.617465580999976],[138.69574399600003,-34.61740699699993],[138.69591309700002,-34.61738420199998],[138.69640704000005,-34.61734258599995],[138.69672139400006,-34.61731419899996],[138.69686369700003,-34.617315996999935],[138.69713579000006,-34.617325036999944],[138.697566681,-34.61744772299994],[138.69823068200003,-34.61778270199994],[138.6980142660001,-34.61816505999997],[138.69775973000003,-34.61911474499993],[138.69687221900006,-34.622741935999954],[138.6963889540001,-34.624717001999954],[138.695803887,-34.624678349999954],[138.69572707400005,-34.625251323999976],[138.6955921000001,-34.62625812199997],[138.69530601000008,-34.62839213899997],[138.6952298120001,-34.62917304599995],[138.695091229,-34.630594809999934],[138.69500204200006,-34.63150981399997],[138.6950660430001,-34.631493810999984],[138.69471328800012,-34.63171589399997],[138.68902238500004,-34.64219654799996],[138.68094610700007,-34.65707022799995],[138.66941618400006,-34.65258910499995],[138.668193749,-34.65458104999993],[138.66752406400008,-34.65567229399994],[138.665901264,-34.65853787399993],[138.66576112000007,-34.658785343999966],[138.66552139200007,-34.659183396999936],[138.66386220700008,-34.66193837399993],[138.66351024000005,-34.66247339299997],[138.66223129600007,-34.66457541799997],[138.66223012400008,-34.66457726999994],[138.6622169740001,-34.66459803999993],[138.6612434210001,-34.66613582499997],[138.65629040600004,-34.67395939399995],[138.65049161600007,-34.683276975999945],[138.64357655300012,-34.680261934999976],[138.62786332100006,-34.67349953899998],[138.63382601600006,-34.664233001999946],[138.62811699100007,-34.66168000199997],[138.628471009,-34.66049300499998],[138.62314601600008,-34.65813299699994],[138.6224550080001,-34.65922699399994],[138.61690724000005,-34.65687996199995],[138.61211239800002,-34.654851461999954],[138.61133600100004,-34.65452299999998],[138.61133200100005,-34.65442200799998],[138.61135001600007,-34.65429200799997],[138.61136264000004,-34.65427209699993],[138.61191347400006,-34.653403286999946],[138.6126416510001,-34.65225475999995],[138.61305943500008,-34.65159560199993],[138.61382854700003,-34.65038191499997],[138.61705349400006,-34.645292102999974],[138.6144075840001,-34.64570726399995],[138.61302898300005,-34.64592357699996],[138.6130289030001,-34.64592358899995],[138.61294898500012,-34.64201954299995],[138.61284783200006,-34.63808966199997],[138.612736992,-34.63439799599996],[138.61272499200004,-34.63401099399994],[138.61264936200007,-34.63394144899996],[138.6126129920001,-34.63390800499997],[138.61247599900003,-34.63385400399994],[138.6123960000001,-34.633788994999975],[138.61238000000003,-34.63367799599996],[138.61246916800008,-34.63366624099996],[138.61250533500004,-34.63359961599997],[138.61250709600006,-34.63357849099998],[138.61235020000004,-34.63356229899995],[138.6122431020001,-34.63356499899993],[138.61212960000012,-34.63360169899994],[138.6118915840001,-34.633731059999946],[138.61173930500001,-34.63385479799996],[138.61162860100012,-34.63392122699997],[138.61140300300008,-34.634072886999945],[138.6111560050001,-34.634194202999936],[138.61092009800007,-34.634345802999974],[138.61045889900004,-34.63467750299998],[138.61030642600008,-34.63487896699996],[138.6102257980001,-34.63498550199995],[138.6099766860001,-34.63515271099993],[138.60978340200006,-34.63529650199996],[138.60968880400003,-34.635329200999934],[138.60950937500002,-34.63539428399997],[138.60932490200003,-34.635418698999956],[138.60926000400002,-34.635368692999975],[138.6090956490001,-34.63517964399995],[138.60907810100002,-34.63507990099998],[138.6090410390001,-34.63480974099997],[138.60901134200003,-34.63462071899994],[138.6090219020001,-34.63442699999996],[138.60902149000003,-34.63425029999996],[138.60905309700001,-34.63409369799996],[138.60905538600002,-34.63395075699998],[138.6090558960001,-34.63391889799993],[138.6089981990001,-34.633806697999944],[138.60894405400006,-34.63377530799994],[138.6088420960001,-34.63375054299996],[138.60876569100003,-34.63373210399993],[138.60858740300012,-34.63373998099996],[138.6084840640001,-34.63377350799993],[138.608373797,-34.633915239999965],[138.60836690300005,-34.633924099999945],[138.60823213300012,-34.63400205599993],[138.60805623900012,-34.63409323299993],[138.60789349700008,-34.63412449699996],[138.60784590600008,-34.63412454099995],[138.6077864890001,-34.63412459699998],[138.60773590200006,-34.63412369099996],[138.60755980200008,-34.63412049699997],[138.60747250100007,-34.63412879599997],[138.6071755910001,-34.63421181299998],[138.60679329800007,-34.63431870299996],[138.6067184970001,-34.634352397999976],[138.60661868500006,-34.63438372999997],[138.60644709200005,-34.63435312499996],[138.60634918300002,-34.63429926899994],[138.60627649700007,-34.634178703999964],[138.60623979800005,-34.63393488699995],[138.60619875700002,-34.63382619199996],[138.6061162860001,-34.63369300599993],[138.60601018600005,-34.63352186099996],[138.60597809900003,-34.63347010099994],[138.60590369700003,-34.63340630299996],[138.60584430500012,-34.63338730399994],[138.60564420000003,-34.63340389999996],[138.60544080500006,-34.633441294999955],[138.60499570100012,-34.63353579599993],[138.60480479900002,-34.633587630999955],[138.6047850000001,-34.63359659599996],[138.60474741400003,-34.63361399899998],[138.60467964400004,-34.63368871899996],[138.60451392800007,-34.63384604999993],[138.60445957500008,-34.63391042999996],[138.60438640000007,-34.633997102999956],[138.60425906500006,-34.63409509099995],[138.6041644070001,-34.63419941099994],[138.60410759900003,-34.63423169699996],[138.60404630200003,-34.63428240299993],[138.60397270500005,-34.634293997999976],[138.6039105970001,-34.63428079899995],[138.603794998,-34.63414169899994],[138.60377238900003,-34.634055597999975],[138.60374505800007,-34.63401163899994],[138.6036878970001,-34.633919703999936],[138.603613493,-34.63385199299995],[138.60337290300004,-34.63375089599998],[138.60335160400007,-34.63375869999993],[138.6032430450001,-34.63379884099993],[138.60312157500005,-34.63377465399998],[138.60305339900003,-34.63377759999997],[138.60275009600002,-34.63383859399994],[138.602564303,-34.633832696999946],[138.60245419700004,-34.63383340199994],[138.60227008700008,-34.63379959599996],[138.60220410300008,-34.63380299599993],[138.6019910330001,-34.63382545699994],[138.6019526990001,-34.633829498999944],[138.601895043,-34.63382359399998],[138.6017680870001,-34.63381058999994],[138.60167280300004,-34.633785141999965],[138.60158990000002,-34.63376299999993],[138.6015393020001,-34.63374960099998],[138.60145689800004,-34.63365800499997],[138.60143080500006,-34.633629061999955],[138.6014380470001,-34.63356523599998],[138.60143919600011,-34.633555102999935],[138.60142939800005,-34.63340409699998],[138.6014565040001,-34.633146400999976],[138.6014513,-34.63305590099998],[138.60140911400003,-34.63297420299995],[138.60136049900007,-34.63291620399997],[138.60133772100005,-34.632888967999975],[138.60123039200005,-34.632761622999965],[138.6011518360001,-34.63270386999994],[138.60089379800002,-34.632648994999954],[138.60071660000006,-34.63258659999997],[138.6005358960001,-34.63255480299995],[138.6002886010001,-34.63252350299996],[138.60001650000004,-34.632533096999964],[138.5998445030001,-34.63261179799997],[138.59974870100007,-34.63265939799993],[138.5996424020001,-34.63277829599997],[138.599544379,-34.63284747899996],[138.59935367700007,-34.63298207299994],[138.59917934600003,-34.63302786299994],[138.5990411780001,-34.63310906199996],[138.59890859600011,-34.633171295999944],[138.59882109700004,-34.63325139899996],[138.59873309500006,-34.63327889599998],[138.5986109040001,-34.63334440099993],[138.598440395,-34.63338389699993],[138.5982857030001,-34.633429803999945],[138.5982082050001,-34.63344189999998],[138.59798559800004,-34.63345090299998],[138.5978452050001,-34.63342384899994],[138.59777280100002,-34.63340989599993],[138.59767740200004,-34.633403004999934],[138.5976068860001,-34.63341970399995],[138.5974942260001,-34.633490292999966],[138.59743740200008,-34.63352589699997],[138.5972365140001,-34.63362072099994],[138.5972363730001,-34.63362078499995],[138.5969512260001,-34.63375191399996],[138.59688360000007,-34.63380920399993],[138.59683609700005,-34.633874204999984],[138.5967882980001,-34.63409079599995],[138.5968068960001,-34.63431720199998],[138.59683478600004,-34.63437648799993],[138.5968807050001,-34.63447409599996],[138.59703359600007,-34.63475280199998],[138.59703180400004,-34.634942602999956],[138.59702209900001,-34.63516979599996],[138.59702969600005,-34.63523739899995],[138.59694390200002,-34.63549029699993],[138.59682016600004,-34.63555038699997],[138.5967083050001,-34.635615497999936],[138.596695414,-34.63561666499993],[138.59668418900003,-34.63561772399993],[138.59661404200006,-34.63562440599998],[138.5965877210001,-34.635626919999936],[138.59631958600005,-34.635608495999975],[138.59609820000003,-34.63555029999998],[138.595906796,-34.63555000399998],[138.595780396,-34.63552850099995],[138.5956950960001,-34.635497303999955],[138.5955908940001,-34.63538748999997],[138.59554160300002,-34.635288500999934],[138.5955258990001,-34.63516260399996],[138.5955002920001,-34.63509440499996],[138.59551632300008,-34.63500247199994],[138.59552109900005,-34.634975080999936],[138.5954897580001,-34.63482745999994],[138.5954484010001,-34.63475049799996],[138.59530839700005,-34.63462749699994],[138.59514946100012,-34.63458347999995],[138.59507010200002,-34.63456150099995],[138.5948478360001,-34.63451112499996],[138.59465490200012,-34.634467395999934],[138.59453749500005,-34.634483297999964],[138.59441700000002,-34.63448789599994],[138.59425544300007,-34.634565420999934],[138.59421380000003,-34.63458540299996],[138.5941134090001,-34.634649699999954],[138.59390354000004,-34.634743621999974],[138.59387409900012,-34.634756797999955],[138.59360969800002,-34.63486879599998],[138.5935176050001,-34.63492909699994],[138.59352042900002,-34.63470951399995],[138.59341930100004,-34.63103919499997],[138.5933598150001,-34.62939260699994],[138.5932943790001,-34.62699292099995],[138.59443148700007,-34.62694726099994],[138.59426995900003,-34.62321850099994],[138.594294686,-34.62307823499998],[138.59310277400004,-34.591151459999935],[138.62989270200012,-34.59005750599994],[138.6406751390001,-34.588993743999936],[138.6456922330001,-34.58890867899993],[138.64677012900006,-34.58913710699994],[138.64766956500011,-34.58957254799998],[138.65185979600005,-34.59308891599994],[138.65830052100011,-34.60086594699993],[138.66114397700005,-34.60326920199998],[138.66258244100004,-34.60449367299998],[138.6633914580001,-34.60529317099997],[138.6635047200001,-34.60560916399993],[138.66445174500006,-34.606556188999946],[138.66459609900005,-34.60673845599996],[138.66573943000003,-34.607306552999944],[138.66699102600012,-34.60754449899997],[138.67588783100007,-34.60838920699996],[138.68460855500007,-34.609172049999984],[138.68654018200004,-34.60939999699997],[138.6860100250001,-34.609789915999954],[138.68555581900011,-34.61012397299993],[138.68516664800006,-34.61041019999993],[138.68462927200005,-34.61080423799996],[138.6842112500001,-34.61111287299997],[138.68345771600002,-34.61166708099995],[138.68302392200007,-34.61215819199998],[138.6823222820001,-34.61295163799997],[138.68168168700004,-34.61367240699997],[138.6808056110001,-34.61465812599994],[138.68024648200003,-34.61497029399993],[138.67979043700007,-34.61522490999994],[138.680017947,-34.61559898099995]]]},"properties":{"School_Name":"Angle Vale Primary School","ENTITY_CODE":255,"zoneType":"primary"}},{"type":"Feature","geometry":{"type":"Polygon","coordinates":[[[138.49425648700003,-35.243024359999936],[138.49429305700005,-35.24327304299993],[138.4943342240001,-35.24355298099994],[138.49510399700011,-35.24878743099998],[138.49536785500004,-35.25351382399998],[138.49536788600005,-35.253514397999936],[138.4953736010001,-35.253616765999936],[138.4956776460001,-35.259393630999966],[138.4962803730001,-35.27054408299995],[138.4962857370001,-35.27064331699995],[138.49629988000004,-35.27084628099993],[138.4967373390001,-35.277124441999945],[138.49687187100005,-35.279055177999965],[138.4975703440001,-35.29014343799997],[138.4977823050001,-35.29350832599994],[138.49796436600002,-35.295720277999976],[138.498264048,-35.29936127899998],[138.49840270000004,-35.30104584299994],[138.49888581900007,-35.30619910499996],[138.4988906970001,-35.30625113999997],[138.4989235480001,-35.30660155399994],[138.49895808600002,-35.307553782999946],[138.49910707800007,-35.311661596999954],[138.50023764600007,-35.31115728699996],[138.5005136090001,-35.31103418799995],[138.50053666400004,-35.31106876999996],[138.5008768790001,-35.31157909299998],[138.50090579800008,-35.311622470999964],[138.50233447800008,-35.31376549199996],[138.50404154300008,-35.316382989999966],[138.5054071940001,-35.31740722899997],[138.50634480300005,-35.31842297299994],[138.5067728460001,-35.318886685999985],[138.50802469400003,-35.320024727999964],[138.510528388,-35.32264222799995],[138.5122945920001,-35.32430453799998],[138.512382827,-35.324387582999975],[138.51243062700007,-35.32443257099993],[138.51231203200007,-35.32469926299996],[138.51241606400004,-35.325673232999975],[138.5125119280001,-35.326112267999974],[138.51263892200006,-35.326693871999964],[138.512652096,-35.326754205999976],[138.51266197400003,-35.32682345899997],[138.51279715200008,-35.32777117099994],[138.51279238300003,-35.32808945499994],[138.51278816,-35.32837116199994],[138.51240416100006,-35.32850617499997],[138.51214316900007,-35.328765174999944],[138.51164121600004,-35.329041176999965],[138.5108627720001,-35.32917410699997],[138.510540192,-35.32922919199996],[138.5099590220001,-35.329515595999965],[138.50943024000003,-35.32977618199993],[138.50886413400008,-35.330117703999974],[138.5084478330001,-35.330368850999946],[138.50832128000002,-35.33044519799995],[138.5078445470001,-35.33055353299994],[138.507256288,-35.330687213999965],[138.50669263700001,-35.33054744299994],[138.50625628800003,-35.330439239999976],[138.50586531200008,-35.33027024299997],[138.50478931200007,-35.330161258999965],[138.5035534120001,-35.33009531899995],[138.50338432,-35.33008629699998],[138.50284032000002,-35.330109292999964],[138.50277587000005,-35.330137158999946],[138.50253734400007,-35.330240291999985],[138.50208736000002,-35.33059328899998],[138.50137238500008,-35.33126630099997],[138.50093638500005,-35.331592289999946],[138.50082940800007,-35.33168830499994],[138.50026944,-35.33227730799996],[138.49999545600008,-35.33252929699995],[138.4994804480001,-35.33298929799997],[138.49929350500008,-35.33307330699995],[138.49900771000011,-35.333210546999965],[138.49866667000003,-35.33337431599995],[138.49835849600004,-35.33352230299994],[138.49640054400004,-35.33433432299995],[138.49487919000012,-35.335254127999974],[138.49456460800002,-35.33544432299993],[138.49382566400004,-35.33603230799997],[138.49362134400008,-35.33620315299993],[138.49317267200001,-35.336578316999976],[138.4930336970001,-35.33666030799998],[138.4928439030001,-35.336789720999946],[138.49217574300008,-35.33724531599995],[138.4913807680001,-35.33783933199993],[138.49105681100002,-35.338203315999976],[138.49081382400004,-35.33847632499993],[138.49058582400005,-35.33895932299998],[138.49057881600004,-35.339015321999966],[138.49049280000008,-35.33918531899997],[138.4902348490001,-35.33984830299994],[138.49015389200008,-35.33998576999994],[138.49014886500004,-35.33999430499995],[138.48996498100007,-35.34042422799996],[138.48985887900005,-35.340672292999955],[138.48927392100006,-35.34140228499996],[138.4883949760001,-35.34219828399995],[138.48827097700007,-35.34243327099995],[138.4878409920001,-35.34276527199995],[138.48672899200005,-35.34300930599994],[138.4865920320001,-35.34307129999996],[138.48614700300004,-35.34338085299993],[138.48614204800003,-35.34338430099996],[138.4861370860001,-35.34339056899995],[138.4861256800001,-35.34340497599993],[138.48599004900007,-35.343576293999945],[138.48580505600012,-35.34385229499998],[138.48557510400008,-35.34456027199997],[138.48524214500003,-35.34533727199994],[138.48451394200004,-35.34603258599998],[138.48440115300002,-35.346140282999954],[138.4839032000001,-35.34676426999994],[138.48381318500003,-35.34685926699996],[138.48371662700004,-35.34692009799994],[138.4834401920001,-35.347094253999956],[138.48346785500007,-35.34730743899996],[138.4834992320001,-35.34754926099998],[138.48349123200012,-35.34757425399994],[138.4834002240001,-35.347863261999976],[138.48122028800003,-35.34854328499995],[138.48011833600003,-35.34888629399995],[138.4791423360001,-35.348543320999966],[138.47679632100005,-35.34771836999994],[138.47546732900003,-35.347005415999945],[138.47261936000007,-35.34643049199997],[138.472367361,-35.34638048599993],[138.47214735900002,-35.34633547599998],[138.4703403850001,-35.346563524999965],[138.46843248000005,-35.34778452599994],[138.4679094720001,-35.348073513999964],[138.4678600420001,-35.34799709899994],[138.4678544960001,-35.34798852499995],[138.4667965120001,-35.348545541999954],[138.46666252900002,-35.34861654399998],[138.46600755200006,-35.348962530999984],[138.4619326410001,-35.35028759399995],[138.45760969700007,-35.35023866199998],[138.45733072100006,-35.35009869099997],[138.45677072,-35.34981068299993],[138.4556136960001,-35.34923572099996],[138.45482790800008,-35.34876704699997],[138.4548207040001,-35.348762749999935],[138.45476672000007,-35.34878974099996],[138.45475302500006,-35.348808574999964],[138.45474272,-35.34882274599994],[138.45450275200005,-35.34914174099998],[138.45447075200002,-35.34911774599993],[138.4529027520001,-35.34859177299995],[138.45282073600004,-35.348550795999984],[138.45277974400005,-35.348542803999976],[138.45276073600007,-35.34853980599996],[138.45269974400003,-35.34852080699994],[138.45251974400003,-35.348474797999984],[138.45185475300002,-35.34801681099998],[138.45176675200003,-35.34765182499996],[138.45164572800002,-35.34754883599993],[138.45011769600012,-35.346703866999974],[138.44931971200003,-35.345868887999984],[138.44866569600003,-35.34546789999996],[138.44789769600004,-35.34525692699998],[138.44763670400005,-35.344672954999965],[138.44753766400004,-35.344577938999976],[138.4457507200001,-35.34383699499995],[138.4451916810001,-35.34344202099993],[138.4449236800001,-35.343118010999945],[138.44416725200006,-35.34296099399995],[138.44373733600003,-35.34287175399993],[138.44371472000012,-35.34286705899996],[138.4435907200001,-35.34281605499996],[138.4429421000001,-35.34261406299993],[138.44297018600003,-35.34254099699996],[138.44445588300005,-35.33917797399994],[138.44446993500003,-35.33915699499994],[138.44448610400002,-35.33911901399995],[138.44503907900003,-35.338339979999944],[138.44591602900005,-35.337359978999984],[138.44593825700008,-35.33731132499997],[138.44600603800006,-35.33716295399995],[138.44616192900003,-35.33598296899993],[138.446535981,-35.33475599299993],[138.44656689600004,-35.33468598899998],[138.44657018100008,-35.33465700099998],[138.44664000600005,-35.334315007999976],[138.44666989900009,-35.33416497299993],[138.44668303900005,-35.33407030899997],[138.44674801000008,-35.33360301699997],[138.44677392500012,-35.33342399299994],[138.44680202900008,-35.333136983999964],[138.44682217800005,-35.33302602099997],[138.44686787500007,-35.332656020999934],[138.446884081,-35.332535975999974],[138.44691791700006,-35.33217102499998],[138.44693018100008,-35.33210198399996],[138.44693806500004,-35.33206698099997],[138.44697409000003,-35.33164802999994],[138.44699712200008,-35.331437962999985],[138.4471019140001,-35.329614842999945],[138.44713611300006,-35.32902003099997],[138.4471760450001,-35.32816701499996],[138.44728404800003,-35.326423982999984],[138.447299014,-35.324495430999946],[138.4473189790001,-35.32192298699994],[138.44752881700003,-35.32004495999996],[138.44754203000002,-35.31926988399994],[138.44755801700012,-35.31833298799995],[138.4472249910001,-35.31584501599997],[138.44718794400012,-35.31520800499993],[138.44712206200006,-35.314838004999956],[138.44716881800002,-35.31450996299998],[138.44738701500012,-35.314119982999955],[138.4475749170001,-35.31374495099993],[138.44767609500002,-35.31336803199997],[138.44770489300004,-35.31309902399994],[138.4476958780001,-35.31305403099998],[138.44771080600003,-35.31276844699994],[138.447725041,-35.312496033999935],[138.44767211700002,-35.311367978999954],[138.44760513900007,-35.31105998999993],[138.44753786900003,-35.310392010999976],[138.44747987200003,-35.31012002399996],[138.44738697800005,-35.30868394299995],[138.44738413200002,-35.308639986999935],[138.44733803200006,-35.30833199899996],[138.44732686400005,-35.30801601899998],[138.44733011200003,-35.307223016999956],[138.4473430700001,-35.30713301399993],[138.44727791600008,-35.30570795899996],[138.4472329130001,-35.30540898099997],[138.4470770580001,-35.30474801299994],[138.44705902600003,-35.30462202799998],[138.4469758780001,-35.30411496099998],[138.4469690530001,-35.30405143099995],[138.44694204300004,-35.30379896299996],[138.44692299000008,-35.30371698899995],[138.44689598000002,-35.30352699399998],[138.44680491400004,-35.302570025999955],[138.44665117500006,-35.30152098299993],[138.4466338740001,-35.301024998999935],[138.44655503400008,-35.30070899899994],[138.44639016300005,-35.29960101699993],[138.4463081120001,-35.299420011999985],[138.44620799200004,-35.29905902199994],[138.44612196100002,-35.29856699599998],[138.4460932720001,-35.298460675999934],[138.44599198600008,-35.29809099199997],[138.4459358480001,-35.29775699299995],[138.44584908700006,-35.297394021999935],[138.44579185500004,-35.29710503299998],[138.445701116,-35.29648998299996],[138.44567699000004,-35.29619198499995],[138.44567089500003,-35.29604699999993],[138.44558592200008,-35.29559502799998],[138.4455261720001,-35.29505303199994],[138.44551788700005,-35.29494504799993],[138.4454998550001,-35.29483595299996],[138.44545992400003,-35.29468197699998],[138.4454221100001,-35.29450097399996],[138.4453778720001,-35.29415700399994],[138.4453551690001,-35.29384100499993],[138.4452550860001,-35.293542026999944],[138.44517913000004,-35.29314396199993],[138.44514438200008,-35.29293838999996],[138.44512401500003,-35.292817972999956],[138.44508302600002,-35.29270898899995],[138.4449861910001,-35.29194101899998],[138.44498688400006,-35.29192301699993],[138.44495699100003,-35.29182302499993],[138.44488107100005,-35.29142495999997],[138.44481194000002,-35.29082798299993],[138.44480186600003,-35.29080099199996],[138.44478383500007,-35.29069200899994],[138.444635865,-35.29013904399994],[138.44448395200004,-35.28973098899996],[138.44443967600012,-35.289616233999936],[138.44438208000008,-35.28946701199993],[138.4443619320001,-35.28940400099998],[138.4442888220001,-35.28927603799997],[138.4442899170001,-35.28926702799998],[138.4442578710001,-35.28921204599993],[138.44406890900007,-35.28895598699995],[138.4440159840001,-35.28886400499994],[138.44397601800006,-35.28875502099993],[138.4437488420001,-35.28826397599994],[138.44366894300003,-35.288036998999985],[138.44361203900007,-35.28772901199994],[138.4436131340001,-35.28770202099997],[138.44359379000002,-35.28762789099994],[138.44349505700006,-35.28724895499994],[138.44345508900005,-35.28713997099993],[138.44344497800012,-35.28710297199996],[138.44340395300003,-35.287002997999934],[138.44318619400008,-35.28662004699993],[138.4430169430001,-35.28637397899996],[138.44289386600008,-35.28610001399994],[138.44285389800007,-35.28597302899993],[138.4428088940001,-35.285648038999966],[138.4427080800001,-35.28537497899998],[138.4425309820001,-35.28506501199996],[138.44250108800009,-35.284974027999965],[138.44247407800003,-35.284767031999934],[138.44241396400002,-35.28460295599996],[138.44240388900005,-35.284566954999946],[138.44239487400012,-35.28447597199994],[138.44239308500005,-35.28419697299995],[138.44238698900006,-35.28403496899995],[138.44241505800005,-35.283872964999944],[138.44254211400005,-35.28330804799998],[138.44264617600004,-35.28280503299993],[138.44267785800002,-35.282481023999935],[138.44275596900002,-35.282113021999976],[138.44275994600002,-35.281969017999984],[138.44279144600011,-35.28161975699993],[138.44279484000003,-35.28158201699995],[138.44279593600004,-35.28153702399993],[138.4428358660001,-35.281313007999984],[138.44285889800005,-35.28094400699996],[138.4428571090001,-35.28065501899994],[138.44282400400004,-35.28029402799996],[138.4427289580001,-35.27981397199994],[138.44267209200007,-35.27954298399993],[138.44261197600008,-35.27936099899995],[138.442428016,-35.278896963999955],[138.44240713700003,-35.27886096299994],[138.442273913,-35.27856999499994],[138.44220193400008,-35.27839700099997],[138.44213499300008,-35.27807103099997],[138.44212992000007,-35.27789004699997],[138.4421590830001,-35.27768402899994],[138.44217204200004,-35.277612027999965],[138.44222949200002,-35.277456349999966],[138.44230417100005,-35.27725401599997],[138.44238082100003,-35.27690399699998],[138.44240604200002,-35.27681499299996],[138.44245214300008,-35.27675297999997],[138.44254284500005,-35.27664597699993],[138.44254393900007,-35.276636966999945],[138.44258894400002,-35.276592955999945],[138.4427581210001,-35.27645300299997],[138.4428358660001,-35.27641800099997],[138.44289204100005,-35.27637398899998],[138.44293810300007,-35.27631197699998],[138.44298602700007,-35.27619596399995],[138.44299789100012,-35.27617796299995],[138.44312206400002,-35.27571204099996],[138.44312315800005,-35.27567603999995],[138.44313684500003,-35.27557704599997],[138.44314034900003,-35.27552186099996],[138.44315918300003,-35.27522604599994],[138.4431721410001,-35.275181034999946],[138.44317283500004,-35.275145033999934],[138.4432171090001,-35.27478602299993],[138.44324412000003,-35.273939036999934],[138.44319915100004,-35.273612974999935],[138.4431710460001,-35.27347796199996],[138.44315987800007,-35.273449970999934],[138.44314801400003,-35.27313497199998],[138.4430940310001,-35.272763991999966],[138.44308786200008,-35.272620005999954],[138.44320199800006,-35.27213499199996],[138.44323692900002,-35.272045987999945],[138.44325853700002,-35.271978924999985],[138.44328587500002,-35.271893973999966],[138.44337982600007,-35.271705957999984],[138.44349684500003,-35.27149202399994],[138.4435101670001,-35.27143001199994],[138.44359185400003,-35.27125100599994],[138.44364014400003,-35.27113499199993],[138.44375497300007,-35.27095698599993],[138.44385790400008,-35.27083296199993],[138.44405018500004,-35.270675008999945],[138.44436408500007,-35.27047404299998],[138.4445541770001,-35.27036999899997],[138.4446218490001,-35.270308985999975],[138.44464487900007,-35.27028197599998],[138.4448349710001,-35.27019602499996],[138.4449811170001,-35.270081990999984],[138.44516004000002,-35.269994967999935],[138.44545992400003,-35.269892994999964],[138.44547105700008,-35.26988498399993],[138.44572703100005,-35.269764031999955],[138.44596234800008,-35.26969670999995],[138.44604888900005,-35.26967195699996],[138.44613816800006,-35.269637047999936],[138.4473430690001,-35.26940997899993],[138.44784206000008,-35.26928604699998],[138.44817395500002,-35.26921197299998],[138.4484400030001,-35.26914500299995],[138.44895914300002,-35.26905699899993],[138.44905809500005,-35.26904996799993],[138.4497619230001,-35.26905599899993],[138.449958841,-35.26905995899995],[138.45005585900003,-35.269040754999935],[138.450125135,-35.26902702799998],[138.45040308300008,-35.268933954999966],[138.45047006200002,-35.26890002599998],[138.45047006200002,-35.26889003599996],[138.45053700200003,-35.26884702399997],[138.45111195000004,-35.26839900899995],[138.45114684500004,-35.268345987999965],[138.45132507300002,-35.26826003699995],[138.45144888100003,-35.26816302299994],[138.45175201300003,-35.267979966999974],[138.45197594100011,-35.26782299299998],[138.45201452100002,-35.26778138699996],[138.452022004,-35.267769990999966],[138.45203313600007,-35.26776098099998],[138.45207887100003,-35.26769898899994],[138.45227184600003,-35.26749504399993],[138.45235284000012,-35.26738002999997],[138.4524669750001,-35.26725600499998],[138.45281507700008,-35.267011027999956],[138.45286008100004,-35.26698501699997],[138.4529378630001,-35.26695998699995],[138.4531409120001,-35.266782959999944],[138.45349970600012,-35.26652965899996],[138.45351204400004,-35.26652096299995],[138.4537020990001,-35.26640801999997],[138.4538378420001,-35.26630199699997],[138.45402899300007,-35.26617096199993],[138.45408516600003,-35.26612704299998],[138.45411900200008,-35.26608303099994],[138.45419890100004,-35.26600401799993],[138.45426697300002,-35.26593299599995],[138.45448115500005,-35.26575696899994],[138.45464208300007,-35.26554401499993],[138.45478472600007,-35.265403284999934],[138.4548569950001,-35.26533198599998],[138.45507011900008,-35.26522002499996],[138.4551929060001,-35.265150001999984],[138.45530412100004,-35.26511598099995],[138.45531492600003,-35.26511696099993],[138.45558203200005,-35.26499600699998],[138.45570697100004,-35.26488197499998],[138.45596400300008,-35.26472502099995],[138.45602090700004,-35.26467201799994],[138.4561681120001,-35.26454897499997],[138.45637908300012,-35.26446302399995],[138.45683412900007,-35.26431903799994],[138.45696133,-35.26424364999997],[138.45702491300005,-35.26420598399994],[138.45728088700002,-35.26408503199997],[138.45737089700003,-35.264015008999934],[138.45751704300005,-35.26393697499998],[138.45795515200007,-35.26363997599998],[138.4579675980001,-35.263629339999966],[138.45807899700003,-35.26353395299998],[138.45821401000012,-35.26341102099997],[138.45824894100008,-35.263375019999955],[138.45842027100002,-35.26318317499994],[138.4585329470001,-35.263056967999944],[138.45879505300002,-35.26275599099995],[138.4590891350001,-35.262510033999945],[138.4593289390001,-35.26221699299998],[138.45940883700007,-35.262101979999954],[138.459557904,-35.261916035999946],[138.45991104100005,-35.26154496299995],[138.4600939070001,-35.261305016999984],[138.46015186800003,-35.261198013999945],[138.46028907100003,-35.261047978999954],[138.46053099300002,-35.26068302899995],[138.46059107200006,-35.26050402299995],[138.46067316100005,-35.260353006999935],[138.46068506000006,-35.26031700599998],[138.46068611900012,-35.260307996999984],[138.46079196800008,-35.26007598899997],[138.46099713500007,-35.25947603399993],[138.4611310900001,-35.25905502899997],[138.46115485100006,-35.258993016999966],[138.4611796360001,-35.25896247399993],[138.46123584500003,-35.258849993999945],[138.46129596000003,-35.25870698899996],[138.4613189920001,-35.25866297699997],[138.4613200880001,-35.258635985999945],[138.46137805,-35.25818597299997],[138.4614291480001,-35.25797096599996],[138.46143312700008,-35.25783597199995],[138.4613870280001,-35.25755499299993],[138.4613798370001,-35.25742898999994],[138.4614209,-35.257158982999954],[138.461426995,-35.256969986999934],[138.46146013700002,-35.25660999499996],[138.4614518520001,-35.25651098299994],[138.46143601100005,-35.25597899699994],[138.46141403900003,-35.25564501699995],[138.4614298790001,-35.255104020999966],[138.461493936,-35.25480800199995],[138.46159405600008,-35.254431989999944],[138.46163114,-35.254323986999964],[138.46164190900004,-35.25430698599996],[138.461654865,-35.25424397499995],[138.46171392200006,-35.254109977999974],[138.46182513700012,-35.25373403999998],[138.46183886200004,-35.25361704599993],[138.4618730620001,-35.25323903699996],[138.46187087200008,-35.25225596499996],[138.46188492500005,-35.252165961999935],[138.46190905100002,-35.252076957999975],[138.46190401500007,-35.25189597299993],[138.4619400030001,-35.251436970999976],[138.46194792200004,-35.25120296299997],[138.46189211500007,-35.25085997299993],[138.46189715200012,-35.25071498899996],[138.4618899610001,-35.25057999399996],[138.46190616800004,-35.250444981999976],[138.4619108390001,-35.25025598499997],[138.46190186,-35.25021099299994],[138.46190616800004,-35.25007599899993],[138.461887079,-35.249984996999956],[138.461869083,-35.24984900499993],[138.46184784000002,-35.24947001299995],[138.4618219250001,-35.24925302599996],[138.4616901600001,-35.24854103499996],[138.4616340230001,-35.24836896599993],[138.4616188770001,-35.248142970999936],[138.46164515600003,-35.248016966999955],[138.4617358580001,-35.24792004599993],[138.46200300200007,-35.24781698199996],[138.4620598690001,-35.24773698799993],[138.4619940230001,-35.247383009999965],[138.46199197200008,-35.24738000499997],[138.46262563300002,-35.247328282999945],[138.46204089700007,-35.24735851199995],[138.46198634900009,-35.24736133799996],[138.46197946200004,-35.24736169299996],[138.46197924000012,-35.247361345999934],[138.46173195400002,-35.246998986999984],[138.46171282800003,-35.24688998399995],[138.46179312700008,-35.246810970999945],[138.46205917500004,-35.24673500999995],[138.4621599520001,-35.24665599699995],[138.46218407900005,-35.24658497499996],[138.46218013600003,-35.24635899699996],[138.4621390750001,-35.24626799499998],[138.4620649420001,-35.246177011999976],[138.46205592700005,-35.246122011999944],[138.4621678730001,-35.246052007999936],[138.46248684600005,-35.24605901999996],[138.46253185000012,-35.24599700799996],[138.46249582400003,-35.24574401999996],[138.46234606500002,-35.24562297499995],[138.4621970720001,-35.24547599199997],[138.46219886100005,-35.24541299999993],[138.46222189200012,-35.24536800799996],[138.4623208800001,-35.24537997699997],[138.46281983500012,-35.24556995399996],[138.4631938870001,-35.24556897399998],[138.46336813900007,-35.245627026999955],[138.46344515400006,-35.245629005999945],[138.4635920290001,-35.245496970999966],[138.46376989400005,-35.24543703099994],[138.46392611400006,-35.245350007999946],[138.464035942,-35.245352966999974],[138.46420008300004,-35.24536502899997],[138.4643660480001,-35.24535999699998],[138.4643980950001,-35.24536898799994],[138.46452803700004,-35.245434958999965],[138.46466089500007,-35.24540202899993],[138.46478185700005,-35.24540400899997],[138.4652070090001,-35.24551199299998],[138.46528296500003,-35.245522981999954],[138.46553711400009,-35.24548302199997],[138.46559182800002,-35.245484002999945],[138.4657448360001,-35.24551497099998],[138.46601986400003,-35.24551101299994],[138.466337048,-35.24555402499993],[138.466536119,-35.24553099299993],[138.4669371450001,-35.245350006999956],[138.4672629800001,-35.245123011999965],[138.46746603000008,-35.244946984999956],[138.4675120930001,-35.24489396299998],[138.46773707900002,-35.244700027999954],[138.468399846,-35.24386697299997],[138.46856187000003,-35.24363603699993],[138.46868206500005,-35.24329602599994],[138.4688829600001,-35.24284899199995],[138.46901614800004,-35.242454978999945],[138.46945896700004,-35.241607974999965],[138.46951692900006,-35.24150996199995],[138.469736914,-35.24042402999993],[138.46979918300008,-35.23984803299993],[138.46988809800007,-35.23948101199994],[138.46992985300005,-35.239157002999946],[138.46988302300008,-35.23857003599994],[138.46996511300006,-35.237680017999935],[138.4699838360001,-35.236725029999945],[138.46993883300001,-35.235686975999954],[138.46987185600005,-35.235027987999956],[138.46989203900011,-35.234748009999976],[138.46985101300004,-35.23392701599994],[138.46985389600002,-35.233828021999955],[138.4697519880001,-35.23360104599993],[138.4697131160001,-35.233446958999934],[138.46974410500002,-35.233131958999934],[138.46973727900001,-35.23282846699993],[138.46972107300007,-35.23210398899994],[138.46953995900003,-35.23050503299993],[138.4694740770001,-35.230169961999934],[138.46943411100006,-35.22931200599993],[138.46929694300002,-35.22878703099997],[138.46926314400002,-35.22811895899997],[138.4691720400001,-35.22750398199997],[138.4687760160001,-35.22577400999995],[138.46874688900004,-35.22562001699998],[138.46874798400006,-35.22525101499997],[138.4685629280001,-35.224471979999976],[138.46852113500006,-35.224056007999934],[138.46825187500008,-35.223184971999956],[138.46813993000012,-35.22253401199998],[138.46805101600012,-35.22221703399998],[138.46797900100012,-35.222061966999945],[138.46794987400006,-35.22192597299994],[138.46782493400008,-35.22171599899997],[138.467796829,-35.22155301299995],[138.46780402000002,-35.221346015999984],[138.46781591900003,-35.221301005999976],[138.4678990660001,-35.22112299899993],[138.46795665900004,-35.22104656399995],[138.46796588300003,-35.22104596599996],[138.46803077100003,-35.22104175199996],[138.46813246200009,-35.22103514799994],[138.4697533100001,-35.22092735399997],[138.4698994050001,-35.22091376599997],[138.46997789400007,-35.22090646699996],[138.47008623400006,-35.22089639099994],[138.47008731200003,-35.22089631999995],[138.47108818900006,-35.220829857999945],[138.47336935700002,-35.22067726699993],[138.47647012800007,-35.220470028999955],[138.4783461720001,-35.22034465099995],[138.47950180500004,-35.22026741899998],[138.4796104820001,-35.22026011999998],[138.47970212300004,-35.22025463099993],[138.4795116250001,-35.21750415499997],[138.47950929600006,-35.21747053799993],[138.47961186100008,-35.21746344899998],[138.4796128060001,-35.21746338299994],[138.48190329600004,-35.217345689999945],[138.4823600640001,-35.21732221999997],[138.48345842900005,-35.21726569599997],[138.483602065,-35.21725831499998],[138.4858764720001,-35.217141425999955],[138.48587603400006,-35.217136325999945],[138.48840318800012,-35.21700848399996],[138.4887979230001,-35.21698858299993],[138.4917028650001,-35.216841356999964],[138.49199716700002,-35.21683601099994],[138.49202177000006,-35.21691055599996],[138.49229830900003,-35.21774879199995],[138.4923001730001,-35.21776282099995],[138.49233403300002,-35.21801780499993],[138.49241545600012,-35.21863097499994],[138.49241949300006,-35.21869278499997],[138.49243264400002,-35.21889413699995],[138.49263994000012,-35.222067967999976],[138.49265049500002,-35.22216021899993],[138.4926539820001,-35.22218615799994],[138.4927276950001,-35.22273441799996],[138.49272911600008,-35.22274498099995],[138.49275732700005,-35.22311985199997],[138.49283563000006,-35.22416032399997],[138.4928793250001,-35.224824497999975],[138.49291469000002,-35.22536206399997],[138.4929357530001,-35.22563428799998],[138.49301894100006,-35.226709427999936],[138.49314922500002,-35.22836296199995],[138.49320055700002,-35.22901444299998],[138.4932176110001,-35.22923709199995],[138.4933106840001,-35.23045214199993],[138.49347000500006,-35.23253207299996],[138.49353665700005,-35.233338799999956],[138.49353852100012,-35.233361352999964],[138.4937660490001,-35.23635387099995],[138.49418983700002,-35.241918537999936],[138.49427410500004,-35.24302162699996],[138.494274302,-35.243023698999934],[138.49427421300004,-35.24302370199996],[138.49426055000004,-35.243024125999966],[138.49425647100009,-35.24302425199994],[138.49425648700003,-35.243024359999936]],[[138.4938392260001,-35.24303716899993],[138.49383955300004,-35.243042223999964],[138.49406502700003,-35.24303017899996],[138.4938392260001,-35.24303716899993]]]},"properties":{"School_Name":"Aldinga Beach Primary School","ENTITY_CODE":222,"zoneType":"primary"}},{"type":"Feature","geometry":{"type":"Polygon","coordinates":[[[138.49425648700003,-35.243024359999936],[138.49429305700005,-35.24327304299993],[138.4943342240001,-35.24355298099994],[138.49510399700011,-35.24878743099998],[138.49536785500004,-35.25351382399998],[138.49536788600005,-35.253514397999936],[138.4953736010001,-35.253616765999936],[138.4956776460001,-35.259393630999966],[138.4962803730001,-35.27054408299995],[138.4962857370001,-35.27064331699995],[138.49629988000004,-35.27084628099993],[138.4967373390001,-35.277124441999945],[138.49687187100005,-35.279055177999965],[138.4975703440001,-35.29014343799997],[138.4977823050001,-35.29350832599994],[138.49796436600002,-35.295720277999976],[138.498264048,-35.29936127899998],[138.49840270000004,-35.30104584299994],[138.49888581900007,-35.30619910499996],[138.4988906970001,-35.30625113999997],[138.4989235480001,-35.30660155399994],[138.49895808600002,-35.307553782999946],[138.49910707800007,-35.311661596999954],[138.50023764600007,-35.31115728699996],[138.5005136090001,-35.31103418799995],[138.50053666400004,-35.31106876999996],[138.5008768790001,-35.31157909299998],[138.50090579800008,-35.311622470999964],[138.50233447800008,-35.31376549199996],[138.50404154300008,-35.316382989999966],[138.5054071940001,-35.31740722899997],[138.50634480300005,-35.31842297299994],[138.5067728460001,-35.318886685999985],[138.50802469400003,-35.320024727999964],[138.510528388,-35.32264222799995],[138.5122945920001,-35.32430453799998],[138.512382827,-35.324387582999975],[138.51243062700007,-35.32443257099993],[138.51231203200007,-35.32469926299996],[138.51241606400004,-35.325673232999975],[138.5125119280001,-35.326112267999974],[138.51263892200006,-35.326693871999964],[138.512652096,-35.326754205999976],[138.51266197400003,-35.32682345899997],[138.51279715200008,-35.32777117099994],[138.51279238300003,-35.32808945499994],[138.51278816,-35.32837116199994],[138.51240416100006,-35.32850617499997],[138.51214316900007,-35.328765174999944],[138.51164121600004,-35.329041176999965],[138.5108627720001,-35.32917410699997],[138.510540192,-35.32922919199996],[138.5099590220001,-35.329515595999965],[138.50943024000003,-35.32977618199993],[138.50886413400008,-35.330117703999974],[138.5084478330001,-35.330368850999946],[138.50832128000002,-35.33044519799995],[138.5078445470001,-35.33055353299994],[138.507256288,-35.330687213999965],[138.50669263700001,-35.33054744299994],[138.50625628800003,-35.330439239999976],[138.50586531200008,-35.33027024299997],[138.50478931200007,-35.330161258999965],[138.5035534120001,-35.33009531899995],[138.50338432,-35.33008629699998],[138.50284032000002,-35.330109292999964],[138.50277587000005,-35.330137158999946],[138.50253734400007,-35.330240291999985],[138.50208736000002,-35.33059328899998],[138.50137238500008,-35.33126630099997],[138.50093638500005,-35.331592289999946],[138.50082940800007,-35.33168830499994],[138.50026944,-35.33227730799996],[138.49999545600008,-35.33252929699995],[138.4994804480001,-35.33298929799997],[138.49929350500008,-35.33307330699995],[138.49900771000011,-35.333210546999965],[138.49866667000003,-35.33337431599995],[138.49835849600004,-35.33352230299994],[138.49640054400004,-35.33433432299995],[138.49487919000012,-35.335254127999974],[138.49456460800002,-35.33544432299993],[138.49382566400004,-35.33603230799997],[138.49362134400008,-35.33620315299993],[138.49317267200001,-35.336578316999976],[138.4930336970001,-35.33666030799998],[138.4928439030001,-35.336789720999946],[138.49217574300008,-35.33724531599995],[138.4913807680001,-35.33783933199993],[138.49105681100002,-35.338203315999976],[138.49081382400004,-35.33847632499993],[138.49058582400005,-35.33895932299998],[138.49057881600004,-35.339015321999966],[138.49049280000008,-35.33918531899997],[138.4902348490001,-35.33984830299994],[138.49015389200008,-35.33998576999994],[138.49014886500004,-35.33999430499995],[138.48996498100007,-35.34042422799996],[138.48985887900005,-35.340672292999955],[138.48927392100006,-35.34140228499996],[138.4883949760001,-35.34219828399995],[138.48827097700007,-35.34243327099995],[138.4878409920001,-35.34276527199995],[138.48672899200005,-35.34300930599994],[138.4865920320001,-35.34307129999996],[138.48614700300004,-35.34338085299993],[138.48614204800003,-35.34338430099996],[138.4861370860001,-35.34339056899995],[138.4861256800001,-35.34340497599993],[138.48599004900007,-35.343576293999945],[138.48580505600012,-35.34385229499998],[138.48557510400008,-35.34456027199997],[138.48524214500003,-35.34533727199994],[138.48451394200004,-35.34603258599998],[138.48440115300002,-35.346140282999954],[138.4839032000001,-35.34676426999994],[138.48381318500003,-35.34685926699996],[138.48371662700004,-35.34692009799994],[138.4834401920001,-35.347094253999956],[138.48346785500007,-35.34730743899996],[138.4834992320001,-35.34754926099998],[138.48349123200012,-35.34757425399994],[138.4834002240001,-35.347863261999976],[138.48122028800003,-35.34854328499995],[138.48011833600003,-35.34888629399995],[138.4791423360001,-35.348543320999966],[138.47679632100005,-35.34771836999994],[138.47546732900003,-35.347005415999945],[138.47261936000007,-35.34643049199997],[138.472367361,-35.34638048599993],[138.47214735900002,-35.34633547599998],[138.4703403850001,-35.346563524999965],[138.46843248000005,-35.34778452599994],[138.4679094720001,-35.348073513999964],[138.4678600420001,-35.34799709899994],[138.4678544960001,-35.34798852499995],[138.4667965120001,-35.348545541999954],[138.46666252900002,-35.34861654399998],[138.46600755200006,-35.348962530999984],[138.4619326410001,-35.35028759399995],[138.45760969700007,-35.35023866199998],[138.45733072100006,-35.35009869099997],[138.45677072,-35.34981068299993],[138.4556136960001,-35.34923572099996],[138.45482790800008,-35.34876704699997],[138.4548207040001,-35.348762749999935],[138.45476672000007,-35.34878974099996],[138.45475302500006,-35.348808574999964],[138.45474272,-35.34882274599994],[138.45450275200005,-35.34914174099998],[138.45447075200002,-35.34911774599993],[138.4529027520001,-35.34859177299995],[138.45282073600004,-35.348550795999984],[138.45277974400005,-35.348542803999976],[138.45276073600007,-35.34853980599996],[138.45269974400003,-35.34852080699994],[138.45251974400003,-35.348474797999984],[138.45185475300002,-35.34801681099998],[138.45176675200003,-35.34765182499996],[138.45164572800002,-35.34754883599993],[138.45011769600012,-35.346703866999974],[138.44931971200003,-35.345868887999984],[138.44866569600003,-35.34546789999996],[138.44789769600004,-35.34525692699998],[138.44763670400005,-35.344672954999965],[138.44753766400004,-35.344577938999976],[138.4457507200001,-35.34383699499995],[138.4451916810001,-35.34344202099993],[138.4449236800001,-35.343118010999945],[138.44416725200006,-35.34296099399995],[138.44373733600003,-35.34287175399993],[138.44371472000012,-35.34286705899996],[138.4435907200001,-35.34281605499996],[138.4429421000001,-35.34261406299993],[138.44297018600003,-35.34254099699996],[138.44445588300005,-35.33917797399994],[138.44446993500003,-35.33915699499994],[138.44448610400002,-35.33911901399995],[138.44503907900003,-35.338339979999944],[138.44591602900005,-35.337359978999984],[138.44593825700008,-35.33731132499997],[138.44600603800006,-35.33716295399995],[138.44616192900003,-35.33598296899993],[138.446535981,-35.33475599299993],[138.44656689600004,-35.33468598899998],[138.44657018100008,-35.33465700099998],[138.44664000600005,-35.334315007999976],[138.44666989900009,-35.33416497299993],[138.44668303900005,-35.33407030899997],[138.44674801000008,-35.33360301699997],[138.44677392500012,-35.33342399299994],[138.44680202900008,-35.333136983999964],[138.44682217800005,-35.33302602099997],[138.44686787500007,-35.332656020999934],[138.446884081,-35.332535975999974],[138.44691791700006,-35.33217102499998],[138.44693018100008,-35.33210198399996],[138.44693806500004,-35.33206698099997],[138.44697409000003,-35.33164802999994],[138.44699712200008,-35.331437962999985],[138.4471019140001,-35.329614842999945],[138.44713611300006,-35.32902003099997],[138.4471760450001,-35.32816701499996],[138.44728404800003,-35.326423982999984],[138.447299014,-35.324495430999946],[138.4473189790001,-35.32192298699994],[138.44752881700003,-35.32004495999996],[138.44754203000002,-35.31926988399994],[138.44755801700012,-35.31833298799995],[138.4472249910001,-35.31584501599997],[138.44718794400012,-35.31520800499993],[138.44712206200006,-35.314838004999956],[138.44716881800002,-35.31450996299998],[138.44738701500012,-35.314119982999955],[138.4475749170001,-35.31374495099993],[138.44767609500002,-35.31336803199997],[138.44770489300004,-35.31309902399994],[138.4476958780001,-35.31305403099998],[138.44771080600003,-35.31276844699994],[138.447725041,-35.312496033999935],[138.44767211700002,-35.311367978999954],[138.44760513900007,-35.31105998999993],[138.44753786900003,-35.310392010999976],[138.44747987200003,-35.31012002399996],[138.44738697800005,-35.30868394299995],[138.44738413200002,-35.308639986999935],[138.44733803200006,-35.30833199899996],[138.44732686400005,-35.30801601899998],[138.44733011200003,-35.307223016999956],[138.4473430700001,-35.30713301399993],[138.44727791600008,-35.30570795899996],[138.4472329130001,-35.30540898099997],[138.4470770580001,-35.30474801299994],[138.44705902600003,-35.30462202799998],[138.4469758780001,-35.30411496099998],[138.4469690530001,-35.30405143099995],[138.44694204300004,-35.30379896299996],[138.44692299000008,-35.30371698899995],[138.44689598000002,-35.30352699399998],[138.44680491400004,-35.302570025999955],[138.44665117500006,-35.30152098299993],[138.4466338740001,-35.301024998999935],[138.44655503400008,-35.30070899899994],[138.44639016300005,-35.29960101699993],[138.4463081120001,-35.299420011999985],[138.44620799200004,-35.29905902199994],[138.44612196100002,-35.29856699599998],[138.4460932720001,-35.298460675999934],[138.44599198600008,-35.29809099199997],[138.4459358480001,-35.29775699299995],[138.44584908700006,-35.297394021999935],[138.44579185500004,-35.29710503299998],[138.445701116,-35.29648998299996],[138.44567699000004,-35.29619198499995],[138.44567089500003,-35.29604699999993],[138.44558592200008,-35.29559502799998],[138.4455261720001,-35.29505303199994],[138.44551788700005,-35.29494504799993],[138.4454998550001,-35.29483595299996],[138.44545992400003,-35.29468197699998],[138.4454221100001,-35.29450097399996],[138.4453778720001,-35.29415700399994],[138.4453551690001,-35.29384100499993],[138.4452550860001,-35.293542026999944],[138.44517913000004,-35.29314396199993],[138.44514438200008,-35.29293838999996],[138.44512401500003,-35.292817972999956],[138.44508302600002,-35.29270898899995],[138.4449861910001,-35.29194101899998],[138.44498688400006,-35.29192301699993],[138.44495699100003,-35.29182302499993],[138.44488107100005,-35.29142495999997],[138.44481194000002,-35.29082798299993],[138.44480186600003,-35.29080099199996],[138.44478383500007,-35.29069200899994],[138.444635865,-35.29013904399994],[138.44448395200004,-35.28973098899996],[138.44443967600012,-35.289616233999936],[138.44438208000008,-35.28946701199993],[138.4443619320001,-35.28940400099998],[138.4442888220001,-35.28927603799997],[138.4442899170001,-35.28926702799998],[138.4442578710001,-35.28921204599993],[138.44406890900007,-35.28895598699995],[138.4440159840001,-35.28886400499994],[138.44397601800006,-35.28875502099993],[138.4437488420001,-35.28826397599994],[138.44366894300003,-35.288036998999985],[138.44361203900007,-35.28772901199994],[138.4436131340001,-35.28770202099997],[138.44359379000002,-35.28762789099994],[138.44349505700006,-35.28724895499994],[138.44345508900005,-35.28713997099993],[138.44344497800012,-35.28710297199996],[138.44340395300003,-35.287002997999934],[138.44318619400008,-35.28662004699993],[138.4430169430001,-35.28637397899996],[138.44289386600008,-35.28610001399994],[138.44285389800007,-35.28597302899993],[138.4428088940001,-35.285648038999966],[138.4427080800001,-35.28537497899998],[138.4425309820001,-35.28506501199996],[138.44250108800009,-35.284974027999965],[138.44247407800003,-35.284767031999934],[138.44241396400002,-35.28460295599996],[138.44240388900005,-35.284566954999946],[138.44239487400012,-35.28447597199994],[138.44239308500005,-35.28419697299995],[138.44238698900006,-35.28403496899995],[138.44241505800005,-35.283872964999944],[138.44254211400005,-35.28330804799998],[138.44264617600004,-35.28280503299993],[138.44267785800002,-35.282481023999935],[138.44275596900002,-35.282113021999976],[138.44275994600002,-35.281969017999984],[138.44279144600011,-35.28161975699993],[138.44279484000003,-35.28158201699995],[138.44279593600004,-35.28153702399993],[138.4428358660001,-35.281313007999984],[138.44285889800005,-35.28094400699996],[138.4428571090001,-35.28065501899994],[138.44282400400004,-35.28029402799996],[138.4427289580001,-35.27981397199994],[138.44267209200007,-35.27954298399993],[138.44261197600008,-35.27936099899995],[138.442428016,-35.278896963999955],[138.44240713700003,-35.27886096299994],[138.442273913,-35.27856999499994],[138.44220193400008,-35.27839700099997],[138.44213499300008,-35.27807103099997],[138.44212992000007,-35.27789004699997],[138.4421590830001,-35.27768402899994],[138.44217204200004,-35.277612027999965],[138.44222949200002,-35.277456349999966],[138.44230417100005,-35.27725401599997],[138.44238082100003,-35.27690399699998],[138.44240604200002,-35.27681499299996],[138.44245214300008,-35.27675297999997],[138.44254284500005,-35.27664597699993],[138.44254393900007,-35.276636966999945],[138.44258894400002,-35.276592955999945],[138.4427581210001,-35.27645300299997],[138.4428358660001,-35.27641800099997],[138.44289204100005,-35.27637398899998],[138.44293810300007,-35.27631197699998],[138.44298602700007,-35.27619596399995],[138.44299789100012,-35.27617796299995],[138.44312206400002,-35.27571204099996],[138.44312315800005,-35.27567603999995],[138.44313684500003,-35.27557704599997],[138.44314034900003,-35.27552186099996],[138.44315918300003,-35.27522604599994],[138.4431721410001,-35.275181034999946],[138.44317283500004,-35.275145033999934],[138.4432171090001,-35.27478602299993],[138.44324412000003,-35.273939036999934],[138.44319915100004,-35.273612974999935],[138.4431710460001,-35.27347796199996],[138.44315987800007,-35.273449970999934],[138.44314801400003,-35.27313497199998],[138.4430940310001,-35.272763991999966],[138.44308786200008,-35.272620005999954],[138.44320199800006,-35.27213499199996],[138.44323692900002,-35.272045987999945],[138.44325853700002,-35.271978924999985],[138.44328587500002,-35.271893973999966],[138.44337982600007,-35.271705957999984],[138.44349684500003,-35.27149202399994],[138.4435101670001,-35.27143001199994],[138.44359185400003,-35.27125100599994],[138.44364014400003,-35.27113499199993],[138.44375497300007,-35.27095698599993],[138.44385790400008,-35.27083296199993],[138.44405018500004,-35.270675008999945],[138.44436408500007,-35.27047404299998],[138.4445541770001,-35.27036999899997],[138.4446218490001,-35.270308985999975],[138.44464487900007,-35.27028197599998],[138.4448349710001,-35.27019602499996],[138.4449811170001,-35.270081990999984],[138.44516004000002,-35.269994967999935],[138.44545992400003,-35.269892994999964],[138.44547105700008,-35.26988498399993],[138.44572703100005,-35.269764031999955],[138.44596234800008,-35.26969670999995],[138.44604888900005,-35.26967195699996],[138.44613816800006,-35.269637047999936],[138.4473430690001,-35.26940997899993],[138.44784206000008,-35.26928604699998],[138.44817395500002,-35.26921197299998],[138.4484400030001,-35.26914500299995],[138.44895914300002,-35.26905699899993],[138.44905809500005,-35.26904996799993],[138.4497619230001,-35.26905599899993],[138.449958841,-35.26905995899995],[138.45005585900003,-35.269040754999935],[138.450125135,-35.26902702799998],[138.45040308300008,-35.268933954999966],[138.45047006200002,-35.26890002599998],[138.45047006200002,-35.26889003599996],[138.45053700200003,-35.26884702399997],[138.45111195000004,-35.26839900899995],[138.45114684500004,-35.268345987999965],[138.45132507300002,-35.26826003699995],[138.45144888100003,-35.26816302299994],[138.45175201300003,-35.267979966999974],[138.45197594100011,-35.26782299299998],[138.45201452100002,-35.26778138699996],[138.452022004,-35.267769990999966],[138.45203313600007,-35.26776098099998],[138.45207887100003,-35.26769898899994],[138.45227184600003,-35.26749504399993],[138.45235284000012,-35.26738002999997],[138.4524669750001,-35.26725600499998],[138.45281507700008,-35.267011027999956],[138.45286008100004,-35.26698501699997],[138.4529378630001,-35.26695998699995],[138.4531409120001,-35.266782959999944],[138.45349970600012,-35.26652965899996],[138.45351204400004,-35.26652096299995],[138.4537020990001,-35.26640801999997],[138.4538378420001,-35.26630199699997],[138.45402899300007,-35.26617096199993],[138.45408516600003,-35.26612704299998],[138.45411900200008,-35.26608303099994],[138.45419890100004,-35.26600401799993],[138.45426697300002,-35.26593299599995],[138.45448115500005,-35.26575696899994],[138.45464208300007,-35.26554401499993],[138.45478472600007,-35.265403284999934],[138.4548569950001,-35.26533198599998],[138.45507011900008,-35.26522002499996],[138.4551929060001,-35.265150001999984],[138.45530412100004,-35.26511598099995],[138.45531492600003,-35.26511696099993],[138.45558203200005,-35.26499600699998],[138.45570697100004,-35.26488197499998],[138.45596400300008,-35.26472502099995],[138.45602090700004,-35.26467201799994],[138.4561681120001,-35.26454897499997],[138.45637908300012,-35.26446302399995],[138.45683412900007,-35.26431903799994],[138.45696133,-35.26424364999997],[138.45702491300005,-35.26420598399994],[138.45728088700002,-35.26408503199997],[138.45737089700003,-35.264015008999934],[138.45751704300005,-35.26393697499998],[138.45795515200007,-35.26363997599998],[138.4579675980001,-35.263629339999966],[138.45807899700003,-35.26353395299998],[138.45821401000012,-35.26341102099997],[138.45824894100008,-35.263375019999955],[138.45842027100002,-35.26318317499994],[138.4585329470001,-35.263056967999944],[138.45879505300002,-35.26275599099995],[138.4590891350001,-35.262510033999945],[138.4593289390001,-35.26221699299998],[138.45940883700007,-35.262101979999954],[138.459557904,-35.261916035999946],[138.45991104100005,-35.26154496299995],[138.4600939070001,-35.261305016999984],[138.46015186800003,-35.261198013999945],[138.46028907100003,-35.261047978999954],[138.46053099300002,-35.26068302899995],[138.46059107200006,-35.26050402299995],[138.46067316100005,-35.260353006999935],[138.46068506000006,-35.26031700599998],[138.46068611900012,-35.260307996999984],[138.46079196800008,-35.26007598899997],[138.46099713500007,-35.25947603399993],[138.4611310900001,-35.25905502899997],[138.46115485100006,-35.258993016999966],[138.4611796360001,-35.25896247399993],[138.46123584500003,-35.258849993999945],[138.46129596000003,-35.25870698899996],[138.4613189920001,-35.25866297699997],[138.4613200880001,-35.258635985999945],[138.46137805,-35.25818597299997],[138.4614291480001,-35.25797096599996],[138.46143312700008,-35.25783597199995],[138.4613870280001,-35.25755499299993],[138.4613798370001,-35.25742898999994],[138.4614209,-35.257158982999954],[138.461426995,-35.256969986999934],[138.46146013700002,-35.25660999499996],[138.4614518520001,-35.25651098299994],[138.46143601100005,-35.25597899699994],[138.46141403900003,-35.25564501699995],[138.4614298790001,-35.255104020999966],[138.461493936,-35.25480800199995],[138.46159405600008,-35.254431989999944],[138.46163114,-35.254323986999964],[138.46164190900004,-35.25430698599996],[138.461654865,-35.25424397499995],[138.46171392200006,-35.254109977999974],[138.46182513700012,-35.25373403999998],[138.46183886200004,-35.25361704599993],[138.4618730620001,-35.25323903699996],[138.46187087200008,-35.25225596499996],[138.46188492500005,-35.252165961999935],[138.46190905100002,-35.252076957999975],[138.46190401500007,-35.25189597299993],[138.4619400030001,-35.251436970999976],[138.46194792200004,-35.25120296299997],[138.46189211500007,-35.25085997299993],[138.46189715200012,-35.25071498899996],[138.4618899610001,-35.25057999399996],[138.46190616800004,-35.250444981999976],[138.4619108390001,-35.25025598499997],[138.46190186,-35.25021099299994],[138.46190616800004,-35.25007599899993],[138.461887079,-35.249984996999956],[138.461869083,-35.24984900499993],[138.46184784000002,-35.24947001299995],[138.4618219250001,-35.24925302599996],[138.4616901600001,-35.24854103499996],[138.4616340230001,-35.24836896599993],[138.4616188770001,-35.248142970999936],[138.46164515600003,-35.248016966999955],[138.4617358580001,-35.24792004599993],[138.46200300200007,-35.24781698199996],[138.4620598690001,-35.24773698799993],[138.4619940230001,-35.247383009999965],[138.46199197200008,-35.24738000499997],[138.46262563300002,-35.247328282999945],[138.46204089700007,-35.24735851199995],[138.46198634900009,-35.24736133799996],[138.46197946200004,-35.24736169299996],[138.46197924000012,-35.247361345999934],[138.46173195400002,-35.246998986999984],[138.46171282800003,-35.24688998399995],[138.46179312700008,-35.246810970999945],[138.46205917500004,-35.24673500999995],[138.4621599520001,-35.24665599699995],[138.46218407900005,-35.24658497499996],[138.46218013600003,-35.24635899699996],[138.4621390750001,-35.24626799499998],[138.4620649420001,-35.246177011999976],[138.46205592700005,-35.246122011999944],[138.4621678730001,-35.246052007999936],[138.46248684600005,-35.24605901999996],[138.46253185000012,-35.24599700799996],[138.46249582400003,-35.24574401999996],[138.46234606500002,-35.24562297499995],[138.4621970720001,-35.24547599199997],[138.46219886100005,-35.24541299999993],[138.46222189200012,-35.24536800799996],[138.4623208800001,-35.24537997699997],[138.46281983500012,-35.24556995399996],[138.4631938870001,-35.24556897399998],[138.46336813900007,-35.245627026999955],[138.46344515400006,-35.245629005999945],[138.4635920290001,-35.245496970999966],[138.46376989400005,-35.24543703099994],[138.46392611400006,-35.245350007999946],[138.464035942,-35.245352966999974],[138.46420008300004,-35.24536502899997],[138.4643660480001,-35.24535999699998],[138.4643980950001,-35.24536898799994],[138.46452803700004,-35.245434958999965],[138.46466089500007,-35.24540202899993],[138.46478185700005,-35.24540400899997],[138.4652070090001,-35.24551199299998],[138.46528296500003,-35.245522981999954],[138.46553711400009,-35.24548302199997],[138.46559182800002,-35.245484002999945],[138.4657448360001,-35.24551497099998],[138.46601986400003,-35.24551101299994],[138.466337048,-35.24555402499993],[138.466536119,-35.24553099299993],[138.4669371450001,-35.245350006999956],[138.4672629800001,-35.245123011999965],[138.46746603000008,-35.244946984999956],[138.4675120930001,-35.24489396299998],[138.46773707900002,-35.244700027999954],[138.468399846,-35.24386697299997],[138.46856187000003,-35.24363603699993],[138.46868206500005,-35.24329602599994],[138.4688829600001,-35.24284899199995],[138.46901614800004,-35.242454978999945],[138.46945896700004,-35.241607974999965],[138.46951692900006,-35.24150996199995],[138.469736914,-35.24042402999993],[138.46979918300008,-35.23984803299993],[138.46988809800007,-35.23948101199994],[138.46992985300005,-35.239157002999946],[138.46988302300008,-35.23857003599994],[138.46996511300006,-35.237680017999935],[138.4699838360001,-35.236725029999945],[138.46993883300001,-35.235686975999954],[138.46987185600005,-35.235027987999956],[138.46989203900011,-35.234748009999976],[138.46985101300004,-35.23392701599994],[138.46985389600002,-35.233828021999955],[138.4697519880001,-35.23360104599993],[138.4697131160001,-35.233446958999934],[138.46974410500002,-35.233131958999934],[138.46973727900001,-35.23282846699993],[138.46972107300007,-35.23210398899994],[138.46953995900003,-35.23050503299993],[138.4694740770001,-35.230169961999934],[138.46943411100006,-35.22931200599993],[138.46929694300002,-35.22878703099997],[138.46926314400002,-35.22811895899997],[138.4691720400001,-35.22750398199997],[138.4687760160001,-35.22577400999995],[138.46874688900004,-35.22562001699998],[138.46874798400006,-35.22525101499997],[138.4685629280001,-35.224471979999976],[138.46852113500006,-35.224056007999934],[138.46825187500008,-35.223184971999956],[138.46813993000012,-35.22253401199998],[138.46805101600012,-35.22221703399998],[138.46797900100012,-35.222061966999945],[138.46794987400006,-35.22192597299994],[138.46782493400008,-35.22171599899997],[138.467796829,-35.22155301299995],[138.46780402000002,-35.221346015999984],[138.46781591900003,-35.221301005999976],[138.4678990660001,-35.22112299899993],[138.46795665900004,-35.22104656399995],[138.46796588300003,-35.22104596599996],[138.46803077100003,-35.22104175199996],[138.46813246200009,-35.22103514799994],[138.4697533100001,-35.22092735399997],[138.4698994050001,-35.22091376599997],[138.46997789400007,-35.22090646699996],[138.47008623400006,-35.22089639099994],[138.47008731200003,-35.22089631999995],[138.47108818900006,-35.220829857999945],[138.47336935700002,-35.22067726699993],[138.47647012800007,-35.220470028999955],[138.4783461720001,-35.22034465099995],[138.47950180500004,-35.22026741899998],[138.4796104820001,-35.22026011999998],[138.47970212300004,-35.22025463099993],[138.4795116250001,-35.21750415499997],[138.47950929600006,-35.21747053799993],[138.47961186100008,-35.21746344899998],[138.4796128060001,-35.21746338299994],[138.48190329600004,-35.217345689999945],[138.4823600640001,-35.21732221999997],[138.48345842900005,-35.21726569599997],[138.483602065,-35.21725831499998],[138.4858764720001,-35.217141425999955],[138.48587603400006,-35.217136325999945],[138.48840318800012,-35.21700848399996],[138.4887979230001,-35.21698858299993],[138.4917028650001,-35.216841356999964],[138.49199716700002,-35.21683601099994],[138.49202177000006,-35.21691055599996],[138.49229830900003,-35.21774879199995],[138.4923001730001,-35.21776282099995],[138.49233403300002,-35.21801780499993],[138.49241545600012,-35.21863097499994],[138.49241949300006,-35.21869278499997],[138.49243264400002,-35.21889413699995],[138.49263994000012,-35.222067967999976],[138.49265049500002,-35.22216021899993],[138.4926539820001,-35.22218615799994],[138.4927276950001,-35.22273441799996],[138.49272911600008,-35.22274498099995],[138.49275732700005,-35.22311985199997],[138.49283563000006,-35.22416032399997],[138.4928793250001,-35.224824497999975],[138.49291469000002,-35.22536206399997],[138.4929357530001,-35.22563428799998],[138.49301894100006,-35.226709427999936],[138.49314922500002,-35.22836296199995],[138.49320055700002,-35.22901444299998],[138.4932176110001,-35.22923709199995],[138.4933106840001,-35.23045214199993],[138.49347000500006,-35.23253207299996],[138.49353665700005,-35.233338799999956],[138.49353852100012,-35.233361352999964],[138.4937660490001,-35.23635387099995],[138.49418983700002,-35.241918537999936],[138.49427410500004,-35.24302162699996],[138.494274302,-35.243023698999934],[138.49427421300004,-35.24302370199996],[138.49426055000004,-35.243024125999966],[138.49425647100009,-35.24302425199994],[138.49425648700003,-35.243024359999936]],[[138.4938392260001,-35.24303716899993],[138.49383955300004,-35.243042223999964],[138.49406502700003,-35.24303017899996],[138.4938392260001,-35.24303716899993]]]},"properties":{"School_Name":"Aldinga Payinthi College","ENTITY_CODE":1914,"zoneType":"primary"}},{"type":"Feature","geometry":{"type":"Polygon","coordinates":[[[138.47664800000007,-35.18093100899995],[138.47715372800008,-35.18717538799996],[138.48018000000002,-35.18700400399996],[138.48057017600001,-35.188442359999954],[138.48385853600007,-35.18824153899993],[138.48392030700006,-35.187852549999945],[138.48993236100011,-35.18754103799995],[138.49005746600005,-35.18753058899995],[138.49007473000006,-35.18826493499995],[138.48991869300005,-35.18887206799997],[138.49004590200002,-35.19073394999998],[138.48858492800002,-35.19079685599996],[138.48730012700003,-35.19088648799993],[138.48581208000007,-35.19105131699996],[138.48397843300006,-35.19142855699994],[138.4817609920001,-35.19213100199994],[138.48304880000012,-35.19419441699995],[138.48192934400004,-35.19467593599995],[138.48156499200002,-35.19500299699996],[138.480518393,-35.19720536699998],[138.4804049930001,-35.19744399799998],[138.4802510080001,-35.197608998999954],[138.48071365300007,-35.19820204299998],[138.4802246710001,-35.19841344599996],[138.4794680220001,-35.19874386499998],[138.4790516160001,-35.19888663299997],[138.4781329650001,-35.198936585999945],[138.47872391400006,-35.20701151999998],[138.47970212300004,-35.22025463099993],[138.477341173,-35.22041338099996],[138.47639367300008,-35.220477090999964],[138.47315942900002,-35.22069456199995],[138.46997789400007,-35.22090646699996],[138.46795152000004,-35.22104143299998],[138.46800550400008,-35.22096943099996],[138.468029472,-35.220915428999945],[138.4681224960001,-35.22074643099995],[138.46811548800008,-35.22060142799995],[138.46809548700003,-35.22053841699994],[138.4679424960001,-35.22019243099993],[138.46763049600008,-35.21960043099995],[138.46751747200005,-35.21935441699998],[138.46758144000012,-35.21905841699993],[138.46770044800007,-35.21877242599993],[138.46775244800006,-35.21852041899996],[138.46789344,-35.218226415999936],[138.4680524160001,-35.21768941799996],[138.46850240100002,-35.21700441799993],[138.4685704000001,-35.216924423999956],[138.46890739200012,-35.21632741099995],[138.4690104010001,-35.21622140499994],[138.4690803840001,-35.21608740999994],[138.4691023680001,-35.215727399999935],[138.46929936000004,-35.215037404999975],[138.4693813440001,-35.21487739899993],[138.46953033700004,-35.21468240899998],[138.4696393270001,-35.21433240799996],[138.46959632100004,-35.21396240799993],[138.4696793280001,-35.213756409999974],[138.46968928,-35.21345040099993],[138.46974028800003,-35.21320840299995],[138.4698703040001,-35.21293140199998],[138.46990528000003,-35.21284239899995],[138.47007830400003,-35.21258441599997],[138.47013526400008,-35.21250440299997],[138.47038326400002,-35.21232941299996],[138.47047324900007,-35.21223237999993],[138.47054326400007,-35.212107394999975],[138.4707152640001,-35.21187638499998],[138.47078524800008,-35.21176138799996],[138.47086723300004,-35.211573390999945],[138.4708582400001,-35.21123138199994],[138.470857216,-35.21120339099997],[138.47087222400012,-35.210707387999946],[138.47093721600004,-35.21040239699994],[138.47090320000007,-35.210068397999976],[138.47092118400008,-35.209843381999974],[138.47088918400004,-35.20947338199994],[138.4709022080001,-35.209041388999935],[138.47087718400007,-35.20880638299997],[138.47074716800012,-35.20836138399994],[138.47070217600003,-35.20807239599998],[138.47069516700003,-35.20794639199994],[138.47069017600006,-35.207387395999945],[138.47063113600007,-35.20714238199997],[138.4705641270001,-35.20649238499993],[138.47056911900006,-35.20632938199998],[138.47055011200007,-35.20445438799993],[138.4705970560001,-35.20400439399998],[138.4705970560001,-35.20331038499995],[138.47053008000012,-35.20298439599998],[138.47046304100002,-35.20232538899995],[138.4704500160001,-35.20131538199996],[138.47040601600008,-35.20095439199997],[138.4703910080001,-35.20037639599997],[138.47030096000003,-35.19976138199996],[138.47018198500007,-35.19933538299995],[138.47015497600012,-35.199097379999955],[138.47013897600004,-35.19895639099997],[138.4701409590001,-35.19889338099995],[138.47018598500006,-35.198743382999965],[138.470213983,-35.198651380999934],[138.4701919680001,-35.19853838399996],[138.4701259520001,-35.198212395999974],[138.4700379520001,-35.19786838799996],[138.46998294500008,-35.19750538099993],[138.46998092800004,-35.196874382999965],[138.4699349120001,-35.19621539399998],[138.46978291200003,-35.19544538799994],[138.46967088000008,-35.195144392999964],[138.46955788800005,-35.19454739799994],[138.46947788800003,-35.194274392999944],[138.4694318720001,-35.19394738699998],[138.46937884800002,-35.19356939499994],[138.4693098560001,-35.193333389999964],[138.469272831,-35.192764385999965],[138.46918384000003,-35.19242041599995],[138.4691598390001,-35.19215839999998],[138.46903980800005,-35.19107441099993],[138.46895881600005,-35.19082941599993],[138.4687738240001,-35.19043740099994],[138.46841177600004,-35.18936639899994],[138.4682157750001,-35.188956401999974],[138.46809577700003,-35.188584402999936],[138.4679727360001,-35.18830240799997],[138.46783174400002,-35.18753339999995],[138.46781174400007,-35.187460398999974],[138.4677077440001,-35.18721839999995],[138.4674947200001,-35.18672441399997],[138.46737872000006,-35.186550402999956],[138.46718870400002,-35.18632140899996],[138.46702272000005,-35.18599242399995],[138.46685072000002,-35.18551142399997],[138.46674272000007,-35.18511243499995],[138.46671267200009,-35.18480542699996],[138.46670969600007,-35.184769425999946],[138.4667116810001,-35.18468843299996],[138.46686867200003,-35.18388042699996],[138.46696764800004,-35.18352241499997],[138.46697164900002,-35.18304441199996],[138.46702364700002,-35.18278441299998],[138.46714764800004,-35.182326408999984],[138.46745260800003,-35.18168440299996],[138.46751408600005,-35.18140901499993],[138.47664800000007,-35.18093100899995]]]},"properties":{"School_Name":"Moana Primary School","ENTITY_CODE":1071,"zoneType":"primary"}},{"type":"Feature","geometry":{"type":"Polygon","coordinates":[[[138.64637609400006,-34.88547019599997],[138.64655274400002,-34.88578496599996],[138.64695647300005,-34.88644875199998],[138.64787456600004,-34.886056709999934],[138.64884777800012,-34.887728797999955],[138.64914311600012,-34.88823689099996],[138.64926060200003,-34.88832314699994],[138.6497394690001,-34.88833206999993],[138.64991197900008,-34.888480785999946],[138.6499774140001,-34.88855514399995],[138.65058028600004,-34.88961766699998],[138.6511998630001,-34.89064906999994],[138.65162264900005,-34.89137623399995],[138.6564933730001,-34.88942053599993],[138.65683825300005,-34.894089830999974],[138.6571129450001,-34.89815729299994],[138.65707110900007,-34.898159256999975],[138.65617304700004,-34.89820140899997],[138.65480026600005,-34.89827012699993],[138.65480011900002,-34.898267793999935],[138.65474680900002,-34.89741816099996],[138.65473116600003,-34.89741906299997],[138.65376815700006,-34.89747462099996],[138.65376854200008,-34.89748333199998],[138.6537801500001,-34.897745276999956],[138.6537147150001,-34.89801594099998],[138.6537533710001,-34.89859870399994],[138.6525829850001,-34.89865544099996],[138.65227960200002,-34.89863162599994],[138.6515286440001,-34.89866571599998],[138.6515137130001,-34.89844424399996],[138.6504250800001,-34.89850906999993],[138.64861820700003,-34.898592959999974],[138.64818964000006,-34.89861390999994],[138.6481700160001,-34.898349002999964],[138.64658822900003,-34.89842044899996],[138.64492111900006,-34.898497780999946],[138.6433609930001,-34.89857613899994],[138.64135479100003,-34.89867089399996],[138.63945282100008,-34.89875654799994],[138.63938910500008,-34.89876373599998],[138.63933744000008,-34.89876956399996],[138.63933710300012,-34.89876619199998],[138.63916210900004,-34.89701184599994],[138.63911058500003,-34.89649532499993],[138.63958881100007,-34.89629074299995],[138.63978130200007,-34.89620839599996],[138.64011946100004,-34.89606373399994],[138.64039583200008,-34.89594550499993],[138.64078817400002,-34.89578069499993],[138.64090048600008,-34.89572961699997],[138.6410838700001,-34.89565116699998],[138.64137478100008,-34.895527561999984],[138.64159076400006,-34.89543432099998],[138.64225368400002,-34.89516108299995],[138.64259536800012,-34.89500684899997],[138.64259449200006,-34.89500493299994],[138.64258154100003,-34.894976535999945],[138.64258073300005,-34.894975314999954],[138.64242500500006,-34.89473634999996],[138.64208472200005,-34.894224141999985],[138.64173147500003,-34.893689165999945],[138.64066960500008,-34.89204698999998],[138.64010206400008,-34.891195882999966],[138.63969854800007,-34.88909215099994],[138.6395767900001,-34.88842149799996],[138.6395043650001,-34.88804396699993],[138.6394944100001,-34.88799207399995],[138.6395864860001,-34.88796830599995],[138.6396689920001,-34.88794700899996],[138.6397840950001,-34.88778624099996],[138.63988585000004,-34.88764411799997],[138.64062456600004,-34.88661233399995],[138.64070436500003,-34.886500876999946],[138.64091517600002,-34.886346309999965],[138.6413216410001,-34.88604828899997],[138.64169689000005,-34.88577315799995],[138.64179836800008,-34.88577049699995],[138.64229382300005,-34.88575750599995],[138.6424013410001,-34.885754686999974],[138.64293004600006,-34.88584454099998],[138.6429816740001,-34.88582022199995],[138.64299447000008,-34.88581419399998],[138.64367851400004,-34.885491970999965],[138.64369289100011,-34.88548519899996],[138.64372607000007,-34.88546956999994],[138.643733558,-34.88555883699996],[138.6437343030001,-34.88556773099998],[138.64403087100004,-34.885110303999966],[138.6441024510001,-34.88499989899998],[138.64419390700004,-34.88497740099996],[138.6454847550001,-34.884659847999956],[138.64596865200008,-34.88464807299994],[138.64617466800007,-34.885073089999935],[138.64637609400006,-34.88547019599997]]]},"properties":{"School_Name":"Felixstow Primary School","ENTITY_CODE":1228,"zoneType":"primary"}},{"type":"Feature","geometry":{"type":"Polygon","coordinates":[[[138.52232952500003,-35.00866610299994],[138.52233436900008,-35.00873038199995],[138.5223783680001,-35.009316388999935],[138.52242739300004,-35.00996338799996],[138.52313917800006,-35.009932411999955],[138.5233923520001,-35.009921392999956],[138.52441036800008,-35.00986237799998],[138.526326336,-35.00975835299994],[138.52790131200004,-35.00967732299995],[138.52796428800002,-35.009674306999955],[138.52965328000005,-35.00958730199994],[138.53045027200005,-35.00954528799997],[138.53045088500005,-35.00954994299997],[138.53051862400002,-35.010064546999956],[138.53074806400002,-35.01035072299993],[138.530826272,-35.01129464899998],[138.53153027200005,-35.01125620499994],[138.534753023,-35.01109390499994],[138.53723529500007,-35.010970046999944],[138.53735001600012,-35.01095722699995],[138.537756768,-35.01091451099995],[138.53852857700008,-35.010700963999966],[138.53866937600003,-35.01066679599995],[138.538825824,-35.01059845699996],[138.53927948800003,-35.01039343999997],[138.53992614300012,-35.00999620799996],[138.5400101130001,-35.01009616199997],[138.540370144,-35.01062417099996],[138.54037113700008,-35.010633161999976],[138.5404041280001,-35.01093817199995],[138.540403136,-35.01095015899995],[138.5404481280001,-35.01155216899997],[138.54047212800003,-35.01195716999996],[138.5404811530001,-35.01206916899997],[138.54052617600007,-35.01265116099995],[138.54053318400008,-35.01274515999995],[138.54060816000003,-35.01369916799996],[138.540635199,-35.014044173999935],[138.54070419200002,-35.01494416199995],[138.5407382080001,-35.015393175999975],[138.54082422400006,-35.01651316599998],[138.5408342400001,-35.01661517399998],[138.5409552640001,-35.018219160999934],[138.53990630400006,-35.01828219099997],[138.53893331100005,-35.01833621099996],[138.53887129600002,-35.01834020699994],[138.53793632000009,-35.01839122999996],[138.5378333440001,-35.018397223999955],[138.5369403200001,-35.018447228999946],[138.53591337600005,-35.01850424699995],[138.5347873600001,-35.018566257999964],[138.53368838400002,-35.018628269999965],[138.5326094080001,-35.01868728599993],[138.53278086400007,-35.021051918999945],[138.5261555520001,-35.02138837799998],[138.52612454400003,-35.02103236399995],[138.52558185600003,-35.02105347299994],[138.525526559,-35.020986335999964],[138.5251719680001,-35.02101443699996],[138.52516432000004,-35.02090513999997],[138.5232565760001,-35.02099340299998],[138.5233786240001,-35.022612411999944],[138.5237470080001,-35.026794002999964],[138.51854836500002,-35.02709360499995],[138.51793152800008,-35.02712913399995],[138.51744800000006,-35.02715699299995],[138.51724201500008,-35.02732499199993],[138.51659472000006,-35.02297750899993],[138.51594320000004,-35.02141734999998],[138.51566681600002,-35.02057593199993],[138.5153434880001,-35.01950387499994],[138.5146812160001,-35.01754341199995],[138.51380512000003,-35.01457066599994],[138.5135339520001,-35.01388300199994],[138.5133044800001,-35.01320813999996],[138.51316368000005,-35.01281520099997],[138.51286124800004,-35.011777294999945],[138.5128195200001,-35.011499664999974],[138.51248054500002,-35.00982110499996],[138.51239712000006,-35.009308562999934],[138.51223064300007,-35.008388217999936],[138.51223024,-35.00838598499996],[138.5134584960001,-35.00831649999998],[138.51447846400004,-35.00826349699997],[138.5153944640001,-35.00821548999994],[138.51565046400003,-35.00820348299993],[138.51619446300003,-35.008175456999936],[138.5185243850001,-35.00805244999998],[138.52226832000008,-35.00785638699995],[138.5222863680001,-35.00809339099993],[138.52232952500003,-35.00866610299994]]]},"properties":{"School_Name":"Brighton Primary School","ENTITY_CODE":637,"zoneType":"primary"}}]}